[container_monitor] pf-swap-1: cgroup path = /sys/fs/cgroup/system.slice/docker-88718add4b55a5ba16dd53e87c6c3aed7ff4b5e3d8529385a5a77dce0698cfcc.scope
[container_monitor] pf-swap-1: current=101.3MiB swap=0.0MiB max=256.0MiB cpu.usage_usec=133676 method=swap_current_delta_fallback detail={'delta_swap_current': 0, 'swap_saturated': False, 'workingset_refault_anon': 0} events={'low': 0, 'high': 0, 'max': 0, 'oom': 0, 'oom_kill': 0, 'oom_group_kill': 0}
[container_monitor] pf-swap-1: current=109.4MiB swap=0.0MiB max=256.0MiB cpu.usage_usec=142692 method=swap_current_delta_fallback detail={'delta_swap_current': 0, 'swap_saturated': False, 'workingset_refault_anon': 0} events={'low': 0, 'high': 0, 'max': 0, 'oom': 0, 'oom_kill': 0, 'oom_group_kill': 0}
[container_monitor] pf-swap-1: current=109.4MiB swap=0.0MiB max=256.0MiB cpu.usage_usec=143442 method=swap_current_delta_fallback detail={'delta_swap_current': 0, 'swap_saturated': False, 'workingset_refault_anon': 0} events={'low': 0, 'high': 0, 'max': 0, 'oom': 0, 'oom_kill': 0, 'oom_group_kill': 0}
[container_monitor] pf-swap-1: current=109.4MiB swap=0.0MiB max=256.0MiB cpu.usage_usec=144505 method=swap_current_delta_fallback detail={'delta_swap_current': 0, 'swap_saturated': False, 'workingset_refault_anon': 0} events={'low': 0, 'high': 0, 'max': 0, 'oom': 0, 'oom_kill': 0, 'oom_group_kill': 0}
[container_monitor] pf-swap-1: current=109.4MiB swap=0.0MiB max=256.0MiB cpu.usage_usec=145218 method=swap_current_delta_fallback detail={'delta_swap_current': 0, 'swap_saturated': False, 'workingset_refault_anon': 0} events={'low': 0, 'high': 0, 'max': 0, 'oom': 0, 'oom_kill': 0, 'oom_group_kill': 0}
[container_monitor] pf-swap-1: current=115.1MiB swap=0.0MiB max=256.0MiB cpu.usage_usec=152671 method=swap_current_delta_fallback detail={'delta_swap_current': 0, 'swap_saturated': False, 'workingset_refault_anon': 0} events={'low': 0, 'high': 0, 'max': 0, 'oom': 0, 'oom_kill': 0, 'oom_group_kill': 0}
[container_monitor] pf-swap-1: current=117.5MiB swap=0.0MiB max=256.0MiB cpu.usage_usec=170213 method=swap_current_delta_fallback detail={'delta_swap_current': 0, 'swap_saturated': False, 'workingset_refault_anon': 0} events={'low': 0, 'high': 0, 'max': 0, 'oom': 0, 'oom_kill': 0, 'oom_group_kill': 0}
[container_monitor] pf-swap-1: current=117.5MiB swap=0.0MiB max=256.0MiB cpu.usage_usec=171149 method=swap_current_delta_fallback detail={'delta_swap_current': 0, 'swap_saturated': False, 'workingset_refault_anon': 0} events={'low': 0, 'high': 0, 'max': 0, 'oom': 0, 'oom_kill': 0, 'oom_group_kill': 0}
[container_monitor] pf-swap-1: current=117.5MiB swap=0.0MiB max=256.0MiB cpu.usage_usec=172203 method=swap_current_delta_fallback detail={'delta_swap_current': 0, 'swap_saturated': False, 'workingset_refault_anon': 0} events={'low': 0, 'high': 0, 'max': 0, 'oom': 0, 'oom_kill': 0, 'oom_group_kill': 0}
[container_monitor] pf-swap-1: current=117.5MiB swap=0.0MiB max=256.0MiB cpu.usage_usec=173539 method=swap_current_delta_fallback detail={'delta_swap_current': 0, 'swap_saturated': False, 'workingset_refault_anon': 0} events={'low': 0, 'high': 0, 'max': 0, 'oom': 0, 'oom_kill': 0, 'oom_group_kill': 0}
[container_monitor] pf-swap-1: current=125.5MiB swap=0.0MiB max=256.0MiB cpu.usage_usec=182458 method=swap_current_delta_fallback detail={'delta_swap_current': 0, 'swap_saturated': False, 'workingset_refault_anon': 0} events={'low': 0, 'high': 0, 'max': 0, 'oom': 0, 'oom_kill': 0, 'oom_group_kill': 0}
[container_monitor] pf-swap-1: current=125.5MiB swap=0.0MiB max=256.0MiB cpu.usage_usec=183200 method=swap_current_delta_fallback detail={'delta_swap_current': 0, 'swap_saturated': False, 'workingset_refault_anon': 0} events={'low': 0, 'high': 0, 'max': 0, 'oom': 0, 'oom_kill': 0, 'oom_group_kill': 0}
[container_monitor] pf-swap-1: current=125.5MiB swap=0.0MiB max=256.0MiB cpu.usage_usec=184017 method=swap_current_delta_fallback detail={'delta_swap_current': 0, 'swap_saturated': False, 'workingset_refault_anon': 0} events={'low': 0, 'high': 0, 'max': 0, 'oom': 0, 'oom_kill': 0, 'oom_group_kill': 0}
[container_monitor] pf-swap-1: current=125.5MiB swap=0.0MiB max=256.0MiB cpu.usage_usec=184979 method=swap_current_delta_fallback detail={'delta_swap_current': 0, 'swap_saturated': False, 'workingset_refault_anon': 0} events={'low': 0, 'high': 0, 'max': 0, 'oom': 0, 'oom_kill': 0, 'oom_group_kill': 0}
[container_monitor] pf-swap-1: current=141.6MiB swap=0.0MiB max=256.0MiB cpu.usage_usec=207732 method=swap_current_delta_fallback detail={'delta_swap_current': 0, 'swap_saturated': False, 'workingset_refault_anon': 0} events={'low': 0, 'high': 0, 'max': 0, 'oom': 0, 'oom_kill': 0, 'oom_group_kill': 0}
[container_monitor] pf-swap-1: current=141.6MiB swap=0.0MiB max=256.0MiB cpu.usage_usec=208344 method=swap_current_delta_fallback detail={'delta_swap_current': 0, 'swap_saturated': False, 'workingset_refault_anon': 0} events={'low': 0, 'high': 0, 'max': 0, 'oom': 0, 'oom_kill': 0, 'oom_group_kill': 0}
[container_monitor] pf-swap-1: current=141.6MiB swap=0.0MiB max=256.0MiB cpu.usage_usec=209283 method=swap_current_delta_fallback detail={'delta_swap_current': 0, 'swap_saturated': False, 'workingset_refault_anon': 0} events={'low': 0, 'high': 0, 'max': 0, 'oom': 0, 'oom_kill': 0, 'oom_group_kill': 0}
[container_monitor] pf-swap-1: current=141.6MiB swap=0.0MiB max=256.0MiB cpu.usage_usec=210010 method=swap_current_delta_fallback detail={'delta_swap_current': 0, 'swap_saturated': False, 'workingset_refault_anon': 0} events={'low': 0, 'high': 0, 'max': 0, 'oom': 0, 'oom_kill': 0, 'oom_group_kill': 0}
[container_monitor] pf-swap-1: current=141.6MiB swap=0.0MiB max=256.0MiB cpu.usage_usec=214520 method=swap_current_delta_fallback detail={'delta_swap_current': 0, 'swap_saturated': False, 'workingset_refault_anon': 0} events={'low': 0, 'high': 0, 'max': 0, 'oom': 0, 'oom_kill': 0, 'oom_group_kill': 0}
[container_monitor] pf-swap-1: current=141.6MiB swap=0.0MiB max=256.0MiB cpu.usage_usec=215317 method=swap_current_delta_fallback detail={'delta_swap_current': 0, 'swap_saturated': False, 'workingset_refault_anon': 0} events={'low': 0, 'high': 0, 'max': 0, 'oom': 0, 'oom_kill': 0, 'oom_group_kill': 0}
[container_monitor] pf-swap-1: current=141.6MiB swap=0.0MiB max=256.0MiB cpu.usage_usec=216282 method=swap_current_delta_fallback detail={'delta_swap_current': 0, 'swap_saturated': False, 'workingset_refault_anon': 0} events={'low': 0, 'high': 0, 'max': 0, 'oom': 0, 'oom_kill': 0, 'oom_group_kill': 0}
[container_monitor] pf-swap-1: current=141.6MiB swap=0.0MiB max=256.0MiB cpu.usage_usec=217198 method=swap_current_delta_fallback detail={'delta_swap_current': 0, 'swap_saturated': False, 'workingset_refault_anon': 0} events={'low': 0, 'high': 0, 'max': 0, 'oom': 0, 'oom_kill': 0, 'oom_group_kill': 0}
[container_monitor] pf-swap-1: current=157.8MiB swap=0.0MiB max=256.0MiB cpu.usage_usec=241578 method=swap_current_delta_fallback detail={'delta_swap_current': 0, 'swap_saturated': False, 'workingset_refault_anon': 0} events={'low': 0, 'high': 0, 'max': 0, 'oom': 0, 'oom_kill': 0, 'oom_group_kill': 0}
[container_monitor] pf-swap-1: current=157.8MiB swap=0.0MiB max=256.0MiB cpu.usage_usec=242341 method=swap_current_delta_fallback detail={'delta_swap_current': 0, 'swap_saturated': False, 'workingset_refault_anon': 0} events={'low': 0, 'high': 0, 'max': 0, 'oom': 0, 'oom_kill': 0, 'oom_group_kill': 0}
[container_monitor] pf-swap-1: current=157.8MiB swap=0.0MiB max=256.0MiB cpu.usage_usec=243148 method=swap_current_delta_fallback detail={'delta_swap_current': 0, 'swap_saturated': False, 'workingset_refault_anon': 0} events={'low': 0, 'high': 0, 'max': 0, 'oom': 0, 'oom_kill': 0, 'oom_group_kill': 0}
[container_monitor] pf-swap-1: current=157.8MiB swap=0.0MiB max=256.0MiB cpu.usage_usec=243987 method=swap_current_delta_fallback detail={'delta_swap_current': 0, 'swap_saturated': False, 'workingset_refault_anon': 0} events={'low': 0, 'high': 0, 'max': 0, 'oom': 0, 'oom_kill': 0, 'oom_group_kill': 0}
[container_monitor] pf-swap-1: current=158.2MiB swap=0.0MiB max=256.0MiB cpu.usage_usec=248179 method=swap_current_delta_fallback detail={'delta_swap_current': 0, 'swap_saturated': False, 'workingset_refault_anon': 0} events={'low': 0, 'high': 0, 'max': 0, 'oom': 0, 'oom_kill': 0, 'oom_group_kill': 0}
[container_monitor] pf-swap-1: current=158.2MiB swap=0.0MiB max=256.0MiB cpu.usage_usec=248806 method=swap_current_delta_fallback detail={'delta_swap_current': 0, 'swap_saturated': False, 'workingset_refault_anon': 0} events={'low': 0, 'high': 0, 'max': 0, 'oom': 0, 'oom_kill': 0, 'oom_group_kill': 0}
[container_monitor] pf-swap-1: current=158.2MiB swap=0.0MiB max=256.0MiB cpu.usage_usec=249515 method=swap_current_delta_fallback detail={'delta_swap_current': 0, 'swap_saturated': False, 'workingset_refault_anon': 0} events={'low': 0, 'high': 0, 'max': 0, 'oom': 0, 'oom_kill': 0, 'oom_group_kill': 0}
[container_monitor] pf-swap-1: current=158.2MiB swap=0.0MiB max=256.0MiB cpu.usage_usec=250447 method=swap_current_delta_fallback detail={'delta_swap_current': 0, 'swap_saturated': False, 'workingset_refault_anon': 0} events={'low': 0, 'high': 0, 'max': 0, 'oom': 0, 'oom_kill': 0, 'oom_group_kill': 0}
[container_monitor] pf-swap-1: current=166.2MiB swap=0.0MiB max=256.0MiB cpu.usage_usec=258365 method=swap_current_delta_fallback detail={'delta_swap_current': 0, 'swap_saturated': False, 'workingset_refault_anon': 0} events={'low': 0, 'high': 0, 'max': 0, 'oom': 0, 'oom_kill': 0, 'oom_group_kill': 0}
[container_monitor] pf-swap-1: current=166.2MiB swap=0.0MiB max=256.0MiB cpu.usage_usec=259179 method=swap_current_delta_fallback detail={'delta_swap_current': 0, 'swap_saturated': False, 'workingset_refault_anon': 0} events={'low': 0, 'high': 0, 'max': 0, 'oom': 0, 'oom_kill': 0, 'oom_group_kill': 0}
[container_monitor] pf-swap-1: current=166.2MiB swap=0.0MiB max=256.0MiB cpu.usage_usec=260437 method=swap_current_delta_fallback detail={'delta_swap_current': 0, 'swap_saturated': False, 'workingset_refault_anon': 0} events={'low': 0, 'high': 0, 'max': 0, 'oom': 0, 'oom_kill': 0, 'oom_group_kill': 0}
[container_monitor] pf-swap-1: current=166.2MiB swap=0.0MiB max=256.0MiB cpu.usage_usec=261263 method=swap_current_delta_fallback detail={'delta_swap_current': 0, 'swap_saturated': False, 'workingset_refault_anon': 0} events={'low': 0, 'high': 0, 'max': 0, 'oom': 0, 'oom_kill': 0, 'oom_group_kill': 0}
[container_monitor] pf-swap-1: current=174.2MiB swap=0.0MiB max=256.0MiB cpu.usage_usec=272744 method=swap_current_delta_fallback detail={'delta_swap_current': 0, 'swap_saturated': False, 'workingset_refault_anon': 0} events={'low': 0, 'high': 0, 'max': 0, 'oom': 0, 'oom_kill': 0, 'oom_group_kill': 0}
[container_monitor] pf-swap-1: current=174.2MiB swap=0.0MiB max=256.0MiB cpu.usage_usec=273469 method=swap_current_delta_fallback detail={'delta_swap_current': 0, 'swap_saturated': False, 'workingset_refault_anon': 0} events={'low': 0, 'high': 0, 'max': 0, 'oom': 0, 'oom_kill': 0, 'oom_group_kill': 0}
[container_monitor] pf-swap-1: current=174.2MiB swap=0.0MiB max=256.0MiB cpu.usage_usec=274276 method=swap_current_delta_fallback detail={'delta_swap_current': 0, 'swap_saturated': False, 'workingset_refault_anon': 0} events={'low': 0, 'high': 0, 'max': 0, 'oom': 0, 'oom_kill': 0, 'oom_group_kill': 0}
[container_monitor] pf-swap-1: current=174.2MiB swap=0.0MiB max=256.0MiB cpu.usage_usec=275072 method=swap_current_delta_fallback detail={'delta_swap_current': 0, 'swap_saturated': False, 'workingset_refault_anon': 0} events={'low': 0, 'high': 0, 'max': 0, 'oom': 0, 'oom_kill': 0, 'oom_group_kill': 0}
[container_monitor] pf-swap-1: current=182.3MiB swap=0.0MiB max=256.0MiB cpu.usage_usec=284578 method=swap_current_delta_fallback detail={'delta_swap_current': 0, 'swap_saturated': False, 'workingset_refault_anon': 0} events={'low': 0, 'high': 0, 'max': 0, 'oom': 0, 'oom_kill': 0, 'oom_group_kill': 0}
[container_monitor] pf-swap-1: current=182.3MiB swap=0.0MiB max=256.0MiB cpu.usage_usec=285357 method=swap_current_delta_fallback detail={'delta_swap_current': 0, 'swap_saturated': False, 'workingset_refault_anon': 0} events={'low': 0, 'high': 0, 'max': 0, 'oom': 0, 'oom_kill': 0, 'oom_group_kill': 0}
[container_monitor] pf-swap-1: current=182.3MiB swap=0.0MiB max=256.0MiB cpu.usage_usec=286341 method=swap_current_delta_fallback detail={'delta_swap_current': 0, 'swap_saturated': False, 'workingset_refault_anon': 0} events={'low': 0, 'high': 0, 'max': 0, 'oom': 0, 'oom_kill': 0, 'oom_group_kill': 0}
[container_monitor] pf-swap-1: current=182.3MiB swap=0.0MiB max=256.0MiB cpu.usage_usec=287235 method=swap_current_delta_fallback detail={'delta_swap_current': 0, 'swap_saturated': False, 'workingset_refault_anon': 0} events={'low': 0, 'high': 0, 'max': 0, 'oom': 0, 'oom_kill': 0, 'oom_group_kill': 0}
[container_monitor] pf-swap-1: current=222.4MiB swap=0.0MiB max=256.0MiB cpu.usage_usec=322063 method=swap_current_delta_fallback detail={'delta_swap_current': 0, 'swap_saturated': False, 'workingset_refault_anon': 0} events={'low': 0, 'high': 0, 'max': 0, 'oom': 0, 'oom_kill': 0, 'oom_group_kill': 0}
[container_monitor] pf-swap-1: current=222.4MiB swap=0.0MiB max=256.0MiB cpu.usage_usec=322970 method=swap_current_delta_fallback detail={'delta_swap_current': 0, 'swap_saturated': False, 'workingset_refault_anon': 0} events={'low': 0, 'high': 0, 'max': 0, 'oom': 0, 'oom_kill': 0, 'oom_group_kill': 0}
[container_monitor] pf-swap-1: current=222.4MiB swap=0.0MiB max=256.0MiB cpu.usage_usec=323971 method=swap_current_delta_fallback detail={'delta_swap_current': 0, 'swap_saturated': False, 'workingset_refault_anon': 0} events={'low': 0, 'high': 0, 'max': 0, 'oom': 0, 'oom_kill': 0, 'oom_group_kill': 0}
[container_monitor] pf-swap-1: current=222.4MiB swap=0.0MiB max=256.0MiB cpu.usage_usec=324833 method=swap_current_delta_fallback detail={'delta_swap_current': 0, 'swap_saturated': False, 'workingset_refault_anon': 0} events={'low': 0, 'high': 0, 'max': 0, 'oom': 0, 'oom_kill': 0, 'oom_group_kill': 0}
[container_monitor] pf-swap-1: current=222.4MiB swap=0.0MiB max=256.0MiB cpu.usage_usec=332531 method=swap_current_delta_fallback detail={'delta_swap_current': 0, 'swap_saturated': False, 'workingset_refault_anon': 0} events={'low': 0, 'high': 0, 'max': 0, 'oom': 0, 'oom_kill': 0, 'oom_group_kill': 0}
[container_monitor] pf-swap-1: current=222.4MiB swap=0.0MiB max=256.0MiB cpu.usage_usec=333320 method=swap_current_delta_fallback detail={'delta_swap_current': 0, 'swap_saturated': False, 'workingset_refault_anon': 0} events={'low': 0, 'high': 0, 'max': 0, 'oom': 0, 'oom_kill': 0, 'oom_group_kill': 0}
[container_monitor] pf-swap-1: current=222.4MiB swap=0.0MiB max=256.0MiB cpu.usage_usec=334316 method=swap_current_delta_fallback detail={'delta_swap_current': 0, 'swap_saturated': False, 'workingset_refault_anon': 0} events={'low': 0, 'high': 0, 'max': 0, 'oom': 0, 'oom_kill': 0, 'oom_group_kill': 0}
[container_monitor] pf-swap-1: current=222.4MiB swap=0.0MiB max=256.0MiB cpu.usage_usec=335001 method=swap_current_delta_fallback detail={'delta_swap_current': 0, 'swap_saturated': False, 'workingset_refault_anon': 0} events={'low': 0, 'high': 0, 'max': 0, 'oom': 0, 'oom_kill': 0, 'oom_group_kill': 0}
[container_monitor] pf-swap-1: current=222.4MiB swap=0.0MiB max=256.0MiB cpu.usage_usec=337324 method=swap_current_delta_fallback detail={'delta_swap_current': 0, 'swap_saturated': False, 'workingset_refault_anon': 0} events={'low': 0, 'high': 0, 'max': 0, 'oom': 0, 'oom_kill': 0, 'oom_group_kill': 0}
[container_monitor] pf-swap-1: current=222.4MiB swap=0.0MiB max=256.0MiB cpu.usage_usec=338243 method=swap_current_delta_fallback detail={'delta_swap_current': 0, 'swap_saturated': False, 'workingset_refault_anon': 0} events={'low': 0, 'high': 0, 'max': 0, 'oom': 0, 'oom_kill': 0, 'oom_group_kill': 0}
[container_monitor] pf-swap-1: current=222.4MiB swap=0.0MiB max=256.0MiB cpu.usage_usec=338926 method=swap_current_delta_fallback detail={'delta_swap_current': 0, 'swap_saturated': False, 'workingset_refault_anon': 0} events={'low': 0, 'high': 0, 'max': 0, 'oom': 0, 'oom_kill': 0, 'oom_group_kill': 0}
[container_monitor] pf-swap-1: current=222.4MiB swap=0.0MiB max=256.0MiB cpu.usage_usec=339757 method=swap_current_delta_fallback detail={'delta_swap_current': 0, 'swap_saturated': False, 'workingset_refault_anon': 0} events={'low': 0, 'high': 0, 'max': 0, 'oom': 0, 'oom_kill': 0, 'oom_group_kill': 0}
[container_monitor] pf-swap-1: current=222.5MiB swap=0.0MiB max=256.0MiB cpu.usage_usec=343450 method=swap_current_delta_fallback detail={'delta_swap_current': 0, 'swap_saturated': False, 'workingset_refault_anon': 0} events={'low': 0, 'high': 0, 'max': 0, 'oom': 0, 'oom_kill': 0, 'oom_group_kill': 0}
[container_monitor] pf-swap-1: current=222.5MiB swap=0.0MiB max=256.0MiB cpu.usage_usec=344505 method=swap_current_delta_fallback detail={'delta_swap_current': 0, 'swap_saturated': False, 'workingset_refault_anon': 0} events={'low': 0, 'high': 0, 'max': 0, 'oom': 0, 'oom_kill': 0, 'oom_group_kill': 0}
[container_monitor] pf-swap-1: current=222.5MiB swap=0.0MiB max=256.0MiB cpu.usage_usec=346114 method=swap_current_delta_fallback detail={'delta_swap_current': 0, 'swap_saturated': False, 'workingset_refault_anon': 0} events={'low': 0, 'high': 0, 'max': 0, 'oom': 0, 'oom_kill': 0, 'oom_group_kill': 0}
[container_monitor] pf-swap-1: current=222.5MiB swap=0.0MiB max=256.0MiB cpu.usage_usec=347038 method=swap_current_delta_fallback detail={'delta_swap_current': 0, 'swap_saturated': False, 'workingset_refault_anon': 0} events={'low': 0, 'high': 0, 'max': 0, 'oom': 0, 'oom_kill': 0, 'oom_group_kill': 0}
[container_monitor] pf-swap-1: current=222.5MiB swap=0.0MiB max=256.0MiB cpu.usage_usec=351299 method=swap_current_delta_fallback detail={'delta_swap_current': 0, 'swap_saturated': False, 'workingset_refault_anon': 0} events={'low': 0, 'high': 0, 'max': 0, 'oom': 0, 'oom_kill': 0, 'oom_group_kill': 0}
[container_monitor] pf-swap-1: current=222.5MiB swap=0.0MiB max=256.0MiB cpu.usage_usec=352100 method=swap_current_delta_fallback detail={'delta_swap_current': 0, 'swap_saturated': False, 'workingset_refault_anon': 0} events={'low': 0, 'high': 0, 'max': 0, 'oom': 0, 'oom_kill': 0, 'oom_group_kill': 0}
[container_monitor] pf-swap-1: current=222.5MiB swap=0.0MiB max=256.0MiB cpu.usage_usec=354042 method=swap_current_delta_fallback detail={'delta_swap_current': 0, 'swap_saturated': False, 'workingset_refault_anon': 0} events={'low': 0, 'high': 0, 'max': 0, 'oom': 0, 'oom_kill': 0, 'oom_group_kill': 0}
[container_monitor] pf-swap-1: current=222.5MiB swap=0.0MiB max=256.0MiB cpu.usage_usec=354915 method=swap_current_delta_fallback detail={'delta_swap_current': 0, 'swap_saturated': False, 'workingset_refault_anon': 0} events={'low': 0, 'high': 0, 'max': 0, 'oom': 0, 'oom_kill': 0, 'oom_group_kill': 0}
[container_monitor] pf-swap-1: current=255.8MiB swap=0.0MiB max=256.0MiB cpu.usage_usec=403033 method=swap_current_delta_fallback detail={'delta_swap_current': 0, 'swap_saturated': False, 'workingset_refault_anon': 0} events={'low': 0, 'high': 0, 'max': 33, 'oom': 0, 'oom_kill': 0, 'oom_group_kill': 0}
[container_monitor] pf-swap-1: current=255.8MiB swap=0.0MiB max=256.0MiB cpu.usage_usec=404024 method=swap_current_delta_fallback detail={'delta_swap_current': 0, 'swap_saturated': False, 'workingset_refault_anon': 0} events={'low': 0, 'high': 0, 'max': 33, 'oom': 0, 'oom_kill': 0, 'oom_group_kill': 0}
[container_monitor] pf-swap-1: current=255.8MiB swap=0.0MiB max=256.0MiB cpu.usage_usec=404940 method=swap_current_delta_fallback detail={'delta_swap_current': 0, 'swap_saturated': False, 'workingset_refault_anon': 0} events={'low': 0, 'high': 0, 'max': 33, 'oom': 0, 'oom_kill': 0, 'oom_group_kill': 0}
[container_monitor] pf-swap-1: current=255.8MiB swap=0.0MiB max=256.0MiB cpu.usage_usec=405864 method=swap_current_delta_fallback detail={'delta_swap_current': 0, 'swap_saturated': False, 'workingset_refault_anon': 0} events={'low': 0, 'high': 0, 'max': 33, 'oom': 0, 'oom_kill': 0, 'oom_group_kill': 0}
[container_monitor] pf-swap-1: current=255.8MiB swap=0.0MiB max=256.0MiB cpu.usage_usec=409789 method=swap_current_delta_fallback detail={'delta_swap_current': 0, 'swap_saturated': False, 'workingset_refault_anon': 0} events={'low': 0, 'high': 0, 'max': 33, 'oom': 0, 'oom_kill': 0, 'oom_group_kill': 0}
[container_monitor] pf-swap-1: current=255.8MiB swap=0.0MiB max=256.0MiB cpu.usage_usec=410702 method=swap_current_delta_fallback detail={'delta_swap_current': 0, 'swap_saturated': False, 'workingset_refault_anon': 0} events={'low': 0, 'high': 0, 'max': 33, 'oom': 0, 'oom_kill': 0, 'oom_group_kill': 0}
[container_monitor] pf-swap-1: current=255.8MiB swap=0.0MiB max=256.0MiB cpu.usage_usec=411984 method=swap_current_delta_fallback detail={'delta_swap_current': 0, 'swap_saturated': False, 'workingset_refault_anon': 0} events={'low': 0, 'high': 0, 'max': 33, 'oom': 0, 'oom_kill': 0, 'oom_group_kill': 0}
[container_monitor] pf-swap-1: current=255.8MiB swap=0.0MiB max=256.0MiB cpu.usage_usec=412945 method=swap_current_delta_fallback detail={'delta_swap_current': 0, 'swap_saturated': False, 'workingset_refault_anon': 0} events={'low': 0, 'high': 0, 'max': 33, 'oom': 0, 'oom_kill': 0, 'oom_group_kill': 0}
[container_monitor] pf-swap-1: current=255.8MiB swap=0.0MiB max=256.0MiB cpu.usage_usec=419170 method=swap_current_delta_fallback detail={'delta_swap_current': 0, 'swap_saturated': False, 'workingset_refault_anon': 0} events={'low': 0, 'high': 0, 'max': 33, 'oom': 0, 'oom_kill': 0, 'oom_group_kill': 0}
[container_monitor] pf-swap-1: current=255.8MiB swap=0.0MiB max=256.0MiB cpu.usage_usec=420344 method=swap_current_delta_fallback detail={'delta_swap_current': 0, 'swap_saturated': False, 'workingset_refault_anon': 0} events={'low': 0, 'high': 0, 'max': 33, 'oom': 0, 'oom_kill': 0, 'oom_group_kill': 0}
[container_monitor] pf-swap-1: current=255.8MiB swap=0.0MiB max=256.0MiB cpu.usage_usec=421106 method=swap_current_delta_fallback detail={'delta_swap_current': 0, 'swap_saturated': False, 'workingset_refault_anon': 0} events={'low': 0, 'high': 0, 'max': 33, 'oom': 0, 'oom_kill': 0, 'oom_group_kill': 0}
[container_monitor] pf-swap-1: current=255.8MiB swap=0.0MiB max=256.0MiB cpu.usage_usec=422016 method=swap_current_delta_fallback detail={'delta_swap_current': 0, 'swap_saturated': False, 'workingset_refault_anon': 0} events={'low': 0, 'high': 0, 'max': 33, 'oom': 0, 'oom_kill': 0, 'oom_group_kill': 0}
[container_monitor] pf-swap-1: current=255.8MiB swap=0.0MiB max=256.0MiB cpu.usage_usec=430526 method=swap_current_delta_fallback detail={'delta_swap_current': 0, 'swap_saturated': False, 'workingset_refault_anon': 0} events={'low': 0, 'high': 0, 'max': 33, 'oom': 0, 'oom_kill': 0, 'oom_group_kill': 0}
[container_monitor] pf-swap-1: current=255.8MiB swap=0.0MiB max=256.0MiB cpu.usage_usec=431320 method=swap_current_delta_fallback detail={'delta_swap_current': 0, 'swap_saturated': False, 'workingset_refault_anon': 0} events={'low': 0, 'high': 0, 'max': 33, 'oom': 0, 'oom_kill': 0, 'oom_group_kill': 0}
[container_monitor] pf-swap-1: current=255.8MiB swap=0.0MiB max=256.0MiB cpu.usage_usec=431958 method=swap_current_delta_fallback detail={'delta_swap_current': 0, 'swap_saturated': False, 'workingset_refault_anon': 0} events={'low': 0, 'high': 0, 'max': 33, 'oom': 0, 'oom_kill': 0, 'oom_group_kill': 0}
[container_monitor] pf-swap-1: current=255.8MiB swap=0.0MiB max=256.0MiB cpu.usage_usec=432617 method=swap_current_delta_fallback detail={'delta_swap_current': 0, 'swap_saturated': False, 'workingset_refault_anon': 0} events={'low': 0, 'high': 0, 'max': 33, 'oom': 0, 'oom_kill': 0, 'oom_group_kill': 0}
[container_monitor] pf-swap-1: current=255.9MiB swap=0.0MiB max=256.0MiB cpu.usage_usec=437821 method=swap_current_delta_fallback detail={'delta_swap_current': 0, 'swap_saturated': False, 'workingset_refault_anon': 0} events={'low': 0, 'high': 0, 'max': 37, 'oom': 0, 'oom_kill': 0, 'oom_group_kill': 0}
[container_monitor] pf-swap-1: current=255.9MiB swap=0.0MiB max=256.0MiB cpu.usage_usec=438361 method=swap_current_delta_fallback detail={'delta_swap_current': 0, 'swap_saturated': False, 'workingset_refault_anon': 0} events={'low': 0, 'high': 0, 'max': 37, 'oom': 0, 'oom_kill': 0, 'oom_group_kill': 0}
[container_monitor] pf-swap-1: current=255.9MiB swap=0.0MiB max=256.0MiB cpu.usage_usec=439315 method=swap_current_delta_fallback detail={'delta_swap_current': 0, 'swap_saturated': False, 'workingset_refault_anon': 0} events={'low': 0, 'high': 0, 'max': 37, 'oom': 0, 'oom_kill': 0, 'oom_group_kill': 0}
[container_monitor] pf-swap-1: current=255.9MiB swap=0.0MiB max=256.0MiB cpu.usage_usec=440917 method=swap_current_delta_fallback detail={'delta_swap_current': 0, 'swap_saturated': False, 'workingset_refault_anon': 0} events={'low': 0, 'high': 0, 'max': 37, 'oom': 0, 'oom_kill': 0, 'oom_group_kill': 0}
[container_monitor] pf-swap-1: current=255.5MiB swap=0.0MiB max=256.0MiB cpu.usage_usec=458058 method=swap_current_delta_fallback detail={'delta_swap_current': 0, 'swap_saturated': False, 'workingset_refault_anon': 0} events={'low': 0, 'high': 0, 'max': 69, 'oom': 0, 'oom_kill': 0, 'oom_group_kill': 0}
[container_monitor] pf-swap-1: current=255.5MiB swap=0.0MiB max=256.0MiB cpu.usage_usec=458815 method=swap_current_delta_fallback detail={'delta_swap_current': 0, 'swap_saturated': False, 'workingset_refault_anon': 0} events={'low': 0, 'high': 0, 'max': 69, 'oom': 0, 'oom_kill': 0, 'oom_group_kill': 0}
[container_monitor] pf-swap-1: current=255.5MiB swap=0.0MiB max=256.0MiB cpu.usage_usec=460222 method=swap_current_delta_fallback detail={'delta_swap_current': 0, 'swap_saturated': False, 'workingset_refault_anon': 0} events={'low': 0, 'high': 0, 'max': 69, 'oom': 0, 'oom_kill': 0, 'oom_group_kill': 0}
[container_monitor] pf-swap-1: current=255.5MiB swap=0.0MiB max=256.0MiB cpu.usage_usec=460946 method=swap_current_delta_fallback detail={'delta_swap_current': 0, 'swap_saturated': False, 'workingset_refault_anon': 0} events={'low': 0, 'high': 0, 'max': 69, 'oom': 0, 'oom_kill': 0, 'oom_group_kill': 0}
[container_monitor] pf-swap-1: current=213.6MiB swap=44.7MiB max=256.0MiB cpu.usage_usec=528667 method=swap_current_delta_fallback detail={'delta_swap_current': 46878720, 'swap_saturated': False, 'workingset_refault_anon': 1014} events={'low': 0, 'high': 0, 'max': 77, 'oom': 0, 'oom_kill': 0, 'oom_group_kill': 0}
[container_monitor] pf-swap-1: OCM 감지 (method=swap_current_delta_fallback, detail={'delta_swap_current': 46878720, 'swap_saturated': False, 'workingset_refault_anon': 1014})
[puff_manager] pf-swap-1: 원래 메모리 한도 저장 256MiB
[puff_manager] pf-swap-1: puff 적용 256MiB -> 358MiB
[container_monitor] pf-swap-1: puff 완료, 새 메모리 한도 358MiB
[suspend_manager] pf-swap-1: 원래 CPU 설정 저장 {'cpu_max': 'max 100000', 'cpuset_cpus': '0-1'}
[suspend_manager] pf-swap-1: suspend 적용 (--cpus 0.01 --cpuset-cpus 0)
[suspend_manager] pf-swap-1: cgroup cpu.max='1000 100000' cpuset.cpus='0'
[container_monitor] pf-swap-1: current=213.7MiB swap=44.7MiB max=358.0MiB cpu.usage_usec=530663 method=swap_current_delta_fallback detail={'delta_swap_current': 0, 'swap_saturated': False, 'workingset_refault_anon': 1023} events={'low': 0, 'high': 0, 'max': 77, 'oom': 0, 'oom_kill': 0, 'oom_group_kill': 0}
[container_monitor] pf-swap-1: current=213.7MiB swap=44.7MiB max=358.0MiB cpu.usage_usec=531446 method=swap_current_delta_fallback detail={'delta_swap_current': 0, 'swap_saturated': False, 'workingset_refault_anon': 1023} events={'low': 0, 'high': 0, 'max': 77, 'oom': 0, 'oom_kill': 0, 'oom_group_kill': 0}
[container_monitor] pf-swap-1: current=213.7MiB swap=44.7MiB max=358.0MiB cpu.usage_usec=532320 method=swap_current_delta_fallback detail={'delta_swap_current': 0, 'swap_saturated': False, 'workingset_refault_anon': 1023} events={'low': 0, 'high': 0, 'max': 77, 'oom': 0, 'oom_kill': 0, 'oom_group_kill': 0}
[container_monitor] pf-swap-1: current=222.0MiB swap=44.7MiB max=358.0MiB cpu.usage_usec=538924 method=swap_current_delta_fallback detail={'delta_swap_current': 0, 'swap_saturated': False, 'workingset_refault_anon': 1036} events={'low': 0, 'high': 0, 'max': 77, 'oom': 0, 'oom_kill': 0, 'oom_group_kill': 0}
[container_monitor] pf-swap-1: current=221.8MiB swap=44.7MiB max=358.0MiB cpu.usage_usec=541909 method=swap_current_delta_fallback detail={'delta_swap_current': 0, 'swap_saturated': False, 'workingset_refault_anon': 1036} events={'low': 0, 'high': 0, 'max': 77, 'oom': 0, 'oom_kill': 0, 'oom_group_kill': 0}
[container_monitor] pf-swap-1: current=221.8MiB swap=44.7MiB max=358.0MiB cpu.usage_usec=542792 method=swap_current_delta_fallback detail={'delta_swap_current': 0, 'swap_saturated': False, 'workingset_refault_anon': 1040} events={'low': 0, 'high': 0, 'max': 77, 'oom': 0, 'oom_kill': 0, 'oom_group_kill': 0}
[container_monitor] pf-swap-1: current=221.8MiB swap=44.7MiB max=358.0MiB cpu.usage_usec=543684 method=swap_current_delta_fallback detail={'delta_swap_current': 0, 'swap_saturated': False, 'workingset_refault_anon': 1040} events={'low': 0, 'high': 0, 'max': 77, 'oom': 0, 'oom_kill': 0, 'oom_group_kill': 0}
[container_monitor] pf-swap-1: current=221.8MiB swap=44.7MiB max=358.0MiB cpu.usage_usec=544750 method=swap_current_delta_fallback detail={'delta_swap_current': 0, 'swap_saturated': False, 'workingset_refault_anon': 1040} events={'low': 0, 'high': 0, 'max': 77, 'oom': 0, 'oom_kill': 0, 'oom_group_kill': 0}
[container_monitor] pf-swap-1: current=229.8MiB swap=44.7MiB max=358.0MiB cpu.usage_usec=551510 method=swap_current_delta_fallback detail={'delta_swap_current': 0, 'swap_saturated': False, 'workingset_refault_anon': 1040} events={'low': 0, 'high': 0, 'max': 77, 'oom': 0, 'oom_kill': 0, 'oom_group_kill': 0}
[container_monitor] pf-swap-1: current=229.8MiB swap=44.7MiB max=358.0MiB cpu.usage_usec=553138 method=swap_current_delta_fallback detail={'delta_swap_current': 0, 'swap_saturated': False, 'workingset_refault_anon': 1040} events={'low': 0, 'high': 0, 'max': 77, 'oom': 0, 'oom_kill': 0, 'oom_group_kill': 0}
[container_monitor] pf-swap-1: current=229.8MiB swap=44.7MiB max=358.0MiB cpu.usage_usec=553823 method=swap_current_delta_fallback detail={'delta_swap_current': 0, 'swap_saturated': False, 'workingset_refault_anon': 1040} events={'low': 0, 'high': 0, 'max': 77, 'oom': 0, 'oom_kill': 0, 'oom_group_kill': 0}
[container_monitor] pf-swap-1: current=229.8MiB swap=44.7MiB max=358.0MiB cpu.usage_usec=554400 method=swap_current_delta_fallback detail={'delta_swap_current': 0, 'swap_saturated': False, 'workingset_refault_anon': 1040} events={'low': 0, 'high': 0, 'max': 77, 'oom': 0, 'oom_kill': 0, 'oom_group_kill': 0}
[container_monitor] pf-swap-1: current=229.8MiB swap=44.7MiB max=358.0MiB cpu.usage_usec=554962 method=swap_current_delta_fallback detail={'delta_swap_current': 0, 'swap_saturated': False, 'workingset_refault_anon': 1040} events={'low': 0, 'high': 0, 'max': 77, 'oom': 0, 'oom_kill': 0, 'oom_group_kill': 0}
[container_monitor] pf-swap-1: current=237.9MiB swap=44.7MiB max=358.0MiB cpu.usage_usec=560109 method=swap_current_delta_fallback detail={'delta_swap_current': 0, 'swap_saturated': False, 'workingset_refault_anon': 1040} events={'low': 0, 'high': 0, 'max': 77, 'oom': 0, 'oom_kill': 0, 'oom_group_kill': 0}
[container_monitor] pf-swap-1: current=238.0MiB swap=44.7MiB max=358.0MiB cpu.usage_usec=563382 method=swap_current_delta_fallback detail={'delta_swap_current': 0, 'swap_saturated': False, 'workingset_refault_anon': 1042} events={'low': 0, 'high': 0, 'max': 77, 'oom': 0, 'oom_kill': 0, 'oom_group_kill': 0}
[container_monitor] pf-swap-1: current=238.0MiB swap=44.7MiB max=358.0MiB cpu.usage_usec=564287 method=swap_current_delta_fallback detail={'delta_swap_current': 0, 'swap_saturated': False, 'workingset_refault_anon': 1046} events={'low': 0, 'high': 0, 'max': 77, 'oom': 0, 'oom_kill': 0, 'oom_group_kill': 0}
[container_monitor] pf-swap-1: current=238.0MiB swap=44.7MiB max=358.0MiB cpu.usage_usec=565128 method=swap_current_delta_fallback detail={'delta_swap_current': 0, 'swap_saturated': False, 'workingset_refault_anon': 1046} events={'low': 0, 'high': 0, 'max': 77, 'oom': 0, 'oom_kill': 0, 'oom_group_kill': 0}
[container_monitor] pf-swap-1: current=238.0MiB swap=44.5MiB max=358.0MiB cpu.usage_usec=565398 method=swap_current_delta_fallback detail={'delta_swap_current': -196608, 'swap_saturated': False, 'workingset_refault_anon': 1046} events={'low': 0, 'high': 0, 'max': 77, 'oom': 0, 'oom_kill': 0, 'oom_group_kill': 0}
[container_monitor] pf-swap-1: current=246.0MiB swap=44.5MiB max=358.0MiB cpu.usage_usec=568845 method=swap_current_delta_fallback detail={'delta_swap_current': 0, 'swap_saturated': False, 'workingset_refault_anon': 1046} events={'low': 0, 'high': 0, 'max': 77, 'oom': 0, 'oom_kill': 0, 'oom_group_kill': 0}
[container_monitor] pf-swap-1: current=246.3MiB swap=44.5MiB max=358.0MiB cpu.usage_usec=571844 method=swap_current_delta_fallback detail={'delta_swap_current': 0, 'swap_saturated': False, 'workingset_refault_anon': 1050} events={'low': 0, 'high': 0, 'max': 77, 'oom': 0, 'oom_kill': 0, 'oom_group_kill': 0}
[container_monitor] pf-swap-1: current=246.3MiB swap=44.5MiB max=358.0MiB cpu.usage_usec=572687 method=swap_current_delta_fallback detail={'delta_swap_current': 0, 'swap_saturated': False, 'workingset_refault_anon': 1050} events={'low': 0, 'high': 0, 'max': 77, 'oom': 0, 'oom_kill': 0, 'oom_group_kill': 0}
[container_monitor] pf-swap-1: current=246.3MiB swap=44.5MiB max=358.0MiB cpu.usage_usec=573577 method=swap_current_delta_fallback detail={'delta_swap_current': 0, 'swap_saturated': False, 'workingset_refault_anon': 1050} events={'low': 0, 'high': 0, 'max': 77, 'oom': 0, 'oom_kill': 0, 'oom_group_kill': 0}
[container_monitor] pf-swap-1: current=246.9MiB swap=44.5MiB max=358.0MiB cpu.usage_usec=578934 method=swap_current_delta_fallback detail={'delta_swap_current': 0, 'swap_saturated': False, 'workingset_refault_anon': 1106} events={'low': 0, 'high': 0, 'max': 77, 'oom': 0, 'oom_kill': 0, 'oom_group_kill': 0}
[container_monitor] pf-swap-1: current=247.2MiB swap=44.5MiB max=358.0MiB cpu.usage_usec=583855 method=swap_current_delta_fallback detail={'delta_swap_current': 0, 'swap_saturated': False, 'workingset_refault_anon': 1139} events={'low': 0, 'high': 0, 'max': 77, 'oom': 0, 'oom_kill': 0, 'oom_group_kill': 0}
[container_monitor] pf-swap-1: current=249.3MiB swap=44.5MiB max=358.0MiB cpu.usage_usec=588869 method=swap_current_delta_fallback detail={'delta_swap_current': 0, 'swap_saturated': False, 'workingset_refault_anon': 1408} events={'low': 0, 'high': 0, 'max': 77, 'oom': 0, 'oom_kill': 0, 'oom_group_kill': 0}
[container_monitor] pf-swap-1: current=251.6MiB swap=44.5MiB max=358.0MiB cpu.usage_usec=593886 method=swap_current_delta_fallback detail={'delta_swap_current': 0, 'swap_saturated': False, 'workingset_refault_anon': 1574} events={'low': 0, 'high': 0, 'max': 77, 'oom': 0, 'oom_kill': 0, 'oom_group_kill': 0}
[container_monitor] pf-swap-1: current=255.9MiB swap=44.5MiB max=358.0MiB cpu.usage_usec=599799 method=swap_current_delta_fallback detail={'delta_swap_current': 0, 'swap_saturated': False, 'workingset_refault_anon': 1606} events={'low': 0, 'high': 0, 'max': 77, 'oom': 0, 'oom_kill': 0, 'oom_group_kill': 0}
[container_monitor] pf-swap-1: current=258.9MiB swap=44.5MiB max=358.0MiB cpu.usage_usec=604323 method=swap_current_delta_fallback detail={'delta_swap_current': 0, 'swap_saturated': False, 'workingset_refault_anon': 1606} events={'low': 0, 'high': 0, 'max': 77, 'oom': 0, 'oom_kill': 0, 'oom_group_kill': 0}
[container_monitor] pf-swap-1: current=263.3MiB swap=44.5MiB max=358.0MiB cpu.usage_usec=609825 method=swap_current_delta_fallback detail={'delta_swap_current': 0, 'swap_saturated': False, 'workingset_refault_anon': 1606} events={'low': 0, 'high': 0, 'max': 77, 'oom': 0, 'oom_kill': 0, 'oom_group_kill': 0}
[container_monitor] pf-swap-1: current=265.6MiB swap=44.5MiB max=358.0MiB cpu.usage_usec=614485 method=swap_current_delta_fallback detail={'delta_swap_current': 0, 'swap_saturated': False, 'workingset_refault_anon': 1606} events={'low': 0, 'high': 0, 'max': 77, 'oom': 0, 'oom_kill': 0, 'oom_group_kill': 0}
[container_monitor] pf-swap-1: current=269.7MiB swap=44.5MiB max=358.0MiB cpu.usage_usec=619824 method=swap_current_delta_fallback detail={'delta_swap_current': 0, 'swap_saturated': False, 'workingset_refault_anon': 1606} events={'low': 0, 'high': 0, 'max': 77, 'oom': 0, 'oom_kill': 0, 'oom_group_kill': 0}
[container_monitor] pf-swap-1: current=272.0MiB swap=44.5MiB max=358.0MiB cpu.usage_usec=624111 method=swap_current_delta_fallback detail={'delta_swap_current': -16384, 'swap_saturated': False, 'workingset_refault_anon': 1606} events={'low': 0, 'high': 0, 'max': 77, 'oom': 0, 'oom_kill': 0, 'oom_group_kill': 0}
[container_monitor] pf-swap-1: current=275.0MiB swap=44.5MiB max=358.0MiB cpu.usage_usec=629256 method=swap_current_delta_fallback detail={'delta_swap_current': 0, 'swap_saturated': False, 'workingset_refault_anon': 1606} events={'low': 0, 'high': 0, 'max': 77, 'oom': 0, 'oom_kill': 0, 'oom_group_kill': 0}
[container_monitor] pf-swap-1: current=277.0MiB swap=44.5MiB max=358.0MiB cpu.usage_usec=634437 method=swap_current_delta_fallback detail={'delta_swap_current': 0, 'swap_saturated': False, 'workingset_refault_anon': 1606} events={'low': 0, 'high': 0, 'max': 77, 'oom': 0, 'oom_kill': 0, 'oom_group_kill': 0}
[container_monitor] pf-swap-1: current=279.4MiB swap=44.5MiB max=358.0MiB cpu.usage_usec=639197 method=swap_current_delta_fallback detail={'delta_swap_current': 0, 'swap_saturated': False, 'workingset_refault_anon': 1606} events={'low': 0, 'high': 0, 'max': 77, 'oom': 0, 'oom_kill': 0, 'oom_group_kill': 0}
[container_monitor] pf-swap-1: current=281.4MiB swap=44.5MiB max=358.0MiB cpu.usage_usec=644379 method=swap_current_delta_fallback detail={'delta_swap_current': 0, 'swap_saturated': False, 'workingset_refault_anon': 1607} events={'low': 0, 'high': 0, 'max': 77, 'oom': 0, 'oom_kill': 0, 'oom_group_kill': 0}
[container_monitor] pf-swap-1: current=283.0MiB swap=44.5MiB max=358.0MiB cpu.usage_usec=649556 method=swap_current_delta_fallback detail={'delta_swap_current': 0, 'swap_saturated': False, 'workingset_refault_anon': 1698} events={'low': 0, 'high': 0, 'max': 77, 'oom': 0, 'oom_kill': 0, 'oom_group_kill': 0}
[container_monitor] pf-swap-1: current=285.0MiB swap=44.5MiB max=358.0MiB cpu.usage_usec=654345 method=swap_current_delta_fallback detail={'delta_swap_current': 0, 'swap_saturated': False, 'workingset_refault_anon': 1698} events={'low': 0, 'high': 0, 'max': 77, 'oom': 0, 'oom_kill': 0, 'oom_group_kill': 0}
[container_monitor] pf-swap-1: current=287.0MiB swap=44.5MiB max=358.0MiB cpu.usage_usec=658837 method=swap_current_delta_fallback detail={'delta_swap_current': 0, 'swap_saturated': False, 'workingset_refault_anon': 1698} events={'low': 0, 'high': 0, 'max': 77, 'oom': 0, 'oom_kill': 0, 'oom_group_kill': 0}
[container_monitor] pf-swap-1: current=289.6MiB swap=44.5MiB max=358.0MiB cpu.usage_usec=663987 method=swap_current_delta_fallback detail={'delta_swap_current': 0, 'swap_saturated': False, 'workingset_refault_anon': 1698} events={'low': 0, 'high': 0, 'max': 77, 'oom': 0, 'oom_kill': 0, 'oom_group_kill': 0}
[container_monitor] pf-swap-1: current=293.3MiB swap=44.5MiB max=358.0MiB cpu.usage_usec=669399 method=swap_current_delta_fallback detail={'delta_swap_current': 0, 'swap_saturated': False, 'workingset_refault_anon': 1698} events={'low': 0, 'high': 0, 'max': 77, 'oom': 0, 'oom_kill': 0, 'oom_group_kill': 0}
[container_monitor] pf-swap-1: current=296.3MiB swap=44.5MiB max=358.0MiB cpu.usage_usec=675445 method=swap_current_delta_fallback detail={'delta_swap_current': 0, 'swap_saturated': False, 'workingset_refault_anon': 1698} events={'low': 0, 'high': 0, 'max': 77, 'oom': 0, 'oom_kill': 0, 'oom_group_kill': 0}
[container_monitor] pf-swap-1: current=299.7MiB swap=44.5MiB max=358.0MiB cpu.usage_usec=679116 method=swap_current_delta_fallback detail={'delta_swap_current': 0, 'swap_saturated': False, 'workingset_refault_anon': 1698} events={'low': 0, 'high': 0, 'max': 77, 'oom': 0, 'oom_kill': 0, 'oom_group_kill': 0}
[container_monitor] pf-swap-1: current=304.6MiB swap=44.5MiB max=358.0MiB cpu.usage_usec=684918 method=swap_current_delta_fallback detail={'delta_swap_current': 0, 'swap_saturated': False, 'workingset_refault_anon': 1698} events={'low': 0, 'high': 0, 'max': 77, 'oom': 0, 'oom_kill': 0, 'oom_group_kill': 0}
[container_monitor] pf-swap-1: current=308.8MiB swap=44.5MiB max=358.0MiB cpu.usage_usec=690250 method=swap_current_delta_fallback detail={'delta_swap_current': 0, 'swap_saturated': False, 'workingset_refault_anon': 1698} events={'low': 0, 'high': 0, 'max': 77, 'oom': 0, 'oom_kill': 0, 'oom_group_kill': 0}
[container_monitor] pf-swap-1: current=316.3MiB swap=44.5MiB max=358.0MiB cpu.usage_usec=695152 method=swap_current_delta_fallback detail={'delta_swap_current': 0, 'swap_saturated': False, 'workingset_refault_anon': 1698} events={'low': 0, 'high': 0, 'max': 77, 'oom': 0, 'oom_kill': 0, 'oom_group_kill': 0}
[container_monitor] pf-swap-1: current=322.0MiB swap=44.5MiB max=358.0MiB cpu.usage_usec=699836 method=swap_current_delta_fallback detail={'delta_swap_current': 0, 'swap_saturated': False, 'workingset_refault_anon': 1698} events={'low': 0, 'high': 0, 'max': 77, 'oom': 0, 'oom_kill': 0, 'oom_group_kill': 0}
[container_monitor] pf-swap-1: current=326.1MiB swap=44.5MiB max=358.0MiB cpu.usage_usec=705417 method=swap_current_delta_fallback detail={'delta_swap_current': 0, 'swap_saturated': False, 'workingset_refault_anon': 1698} events={'low': 0, 'high': 0, 'max': 77, 'oom': 0, 'oom_kill': 0, 'oom_group_kill': 0}
[container_monitor] pf-swap-1: current=329.6MiB swap=44.5MiB max=358.0MiB cpu.usage_usec=710035 method=swap_current_delta_fallback detail={'delta_swap_current': 0, 'swap_saturated': False, 'workingset_refault_anon': 1698} events={'low': 0, 'high': 0, 'max': 77, 'oom': 0, 'oom_kill': 0, 'oom_group_kill': 0}
[container_monitor] pf-swap-1: current=332.2MiB swap=44.5MiB max=358.0MiB cpu.usage_usec=715029 method=swap_current_delta_fallback detail={'delta_swap_current': 0, 'swap_saturated': False, 'workingset_refault_anon': 1698} events={'low': 0, 'high': 0, 'max': 77, 'oom': 0, 'oom_kill': 0, 'oom_group_kill': 0}
[container_monitor] pf-swap-1: current=335.3MiB swap=44.5MiB max=358.0MiB cpu.usage_usec=719880 method=swap_current_delta_fallback detail={'delta_swap_current': 0, 'swap_saturated': False, 'workingset_refault_anon': 1698} events={'low': 0, 'high': 0, 'max': 77, 'oom': 0, 'oom_kill': 0, 'oom_group_kill': 0}
[container_monitor] pf-swap-1: current=338.2MiB swap=44.5MiB max=358.0MiB cpu.usage_usec=724857 method=swap_current_delta_fallback detail={'delta_swap_current': 0, 'swap_saturated': False, 'workingset_refault_anon': 1711} events={'low': 0, 'high': 0, 'max': 77, 'oom': 0, 'oom_kill': 0, 'oom_group_kill': 0}
[container_monitor] pf-swap-1: current=338.5MiB swap=44.5MiB max=358.0MiB cpu.usage_usec=730002 method=swap_current_delta_fallback detail={'delta_swap_current': 0, 'swap_saturated': False, 'workingset_refault_anon': 1731} events={'low': 0, 'high': 0, 'max': 77, 'oom': 0, 'oom_kill': 0, 'oom_group_kill': 0}
[container_monitor] pf-swap-1: current=338.2MiB swap=44.5MiB max=358.0MiB cpu.usage_usec=731296 method=swap_current_delta_fallback detail={'delta_swap_current': 0, 'swap_saturated': False, 'workingset_refault_anon': 1731} events={'low': 0, 'high': 0, 'max': 77, 'oom': 0, 'oom_kill': 0, 'oom_group_kill': 0}
[container_monitor] pf-swap-1: current=338.2MiB swap=44.5MiB max=358.0MiB cpu.usage_usec=732575 method=swap_current_delta_fallback detail={'delta_swap_current': 0, 'swap_saturated': False, 'workingset_refault_anon': 1731} events={'low': 0, 'high': 0, 'max': 77, 'oom': 0, 'oom_kill': 0, 'oom_group_kill': 0}
[container_monitor] pf-swap-1: current=338.2MiB swap=44.5MiB max=358.0MiB cpu.usage_usec=733644 method=swap_current_delta_fallback detail={'delta_swap_current': 0, 'swap_saturated': False, 'workingset_refault_anon': 1731} events={'low': 0, 'high': 0, 'max': 77, 'oom': 0, 'oom_kill': 0, 'oom_group_kill': 0}
[container_monitor] pf-swap-1: current=338.2MiB swap=44.5MiB max=358.0MiB cpu.usage_usec=737203 method=swap_current_delta_fallback detail={'delta_swap_current': 0, 'swap_saturated': False, 'workingset_refault_anon': 1731} events={'low': 0, 'high': 0, 'max': 77, 'oom': 0, 'oom_kill': 0, 'oom_group_kill': 0}
[container_monitor] pf-swap-1: current=338.2MiB swap=44.5MiB max=358.0MiB cpu.usage_usec=738983 method=swap_current_delta_fallback detail={'delta_swap_current': 0, 'swap_saturated': False, 'workingset_refault_anon': 1731} events={'low': 0, 'high': 0, 'max': 77, 'oom': 0, 'oom_kill': 0, 'oom_group_kill': 0}
[container_monitor] pf-swap-1: current=338.2MiB swap=44.5MiB max=358.0MiB cpu.usage_usec=739988 method=swap_current_delta_fallback detail={'delta_swap_current': 0, 'swap_saturated': False, 'workingset_refault_anon': 1731} events={'low': 0, 'high': 0, 'max': 77, 'oom': 0, 'oom_kill': 0, 'oom_group_kill': 0}
[container_monitor] pf-swap-1: current=338.2MiB swap=44.5MiB max=358.0MiB cpu.usage_usec=741519 method=swap_current_delta_fallback detail={'delta_swap_current': 0, 'swap_saturated': False, 'workingset_refault_anon': 1731} events={'low': 0, 'high': 0, 'max': 77, 'oom': 0, 'oom_kill': 0, 'oom_group_kill': 0}
[container_monitor] pf-swap-1: current=338.2MiB swap=44.5MiB max=358.0MiB cpu.usage_usec=742648 method=swap_current_delta_fallback detail={'delta_swap_current': 0, 'swap_saturated': False, 'workingset_refault_anon': 1731} events={'low': 0, 'high': 0, 'max': 77, 'oom': 0, 'oom_kill': 0, 'oom_group_kill': 0}
[container_monitor] pf-swap-1: current=338.5MiB swap=44.5MiB max=358.0MiB cpu.usage_usec=747880 method=swap_current_delta_fallback detail={'delta_swap_current': 0, 'swap_saturated': False, 'workingset_refault_anon': 1733} events={'low': 0, 'high': 0, 'max': 77, 'oom': 0, 'oom_kill': 0, 'oom_group_kill': 0}
[container_monitor] pf-swap-1: current=338.6MiB swap=44.5MiB max=358.0MiB cpu.usage_usec=753042 method=swap_current_delta_fallback detail={'delta_swap_current': 0, 'swap_saturated': False, 'workingset_refault_anon': 1733} events={'low': 0, 'high': 0, 'max': 77, 'oom': 0, 'oom_kill': 0, 'oom_group_kill': 0}
[container_monitor] pf-swap-1: current=338.6MiB swap=44.5MiB max=358.0MiB cpu.usage_usec=754182 method=swap_current_delta_fallback detail={'delta_swap_current': 0, 'swap_saturated': False, 'workingset_refault_anon': 1748} events={'low': 0, 'high': 0, 'max': 77, 'oom': 0, 'oom_kill': 0, 'oom_group_kill': 0}
[container_monitor] pf-swap-1: current=338.6MiB swap=44.5MiB max=358.0MiB cpu.usage_usec=755362 method=swap_current_delta_fallback detail={'delta_swap_current': 0, 'swap_saturated': False, 'workingset_refault_anon': 1748} events={'low': 0, 'high': 0, 'max': 77, 'oom': 0, 'oom_kill': 0, 'oom_group_kill': 0}
[container_monitor] pf-swap-1: current=338.6MiB swap=44.5MiB max=358.0MiB cpu.usage_usec=756612 method=swap_current_delta_fallback detail={'delta_swap_current': 0, 'swap_saturated': False, 'workingset_refault_anon': 1748} events={'low': 0, 'high': 0, 'max': 77, 'oom': 0, 'oom_kill': 0, 'oom_group_kill': 0}
[container_monitor] pf-swap-1: current=338.6MiB swap=44.5MiB max=358.0MiB cpu.usage_usec=761838 method=swap_current_delta_fallback detail={'delta_swap_current': 0, 'swap_saturated': False, 'workingset_refault_anon': 1748} events={'low': 0, 'high': 0, 'max': 77, 'oom': 0, 'oom_kill': 0, 'oom_group_kill': 0}
[container_monitor] pf-swap-1: current=338.6MiB swap=44.5MiB max=358.0MiB cpu.usage_usec=764388 method=swap_current_delta_fallback detail={'delta_swap_current': 0, 'swap_saturated': False, 'workingset_refault_anon': 1758} events={'low': 0, 'high': 0, 'max': 77, 'oom': 0, 'oom_kill': 0, 'oom_group_kill': 0}
[container_monitor] pf-swap-1: current=338.6MiB swap=44.5MiB max=358.0MiB cpu.usage_usec=765628 method=swap_current_delta_fallback detail={'delta_swap_current': 0, 'swap_saturated': False, 'workingset_refault_anon': 1759} events={'low': 0, 'high': 0, 'max': 77, 'oom': 0, 'oom_kill': 0, 'oom_group_kill': 0}
[container_monitor] pf-swap-1: current=338.6MiB swap=44.5MiB max=358.0MiB cpu.usage_usec=766824 method=swap_current_delta_fallback detail={'delta_swap_current': 0, 'swap_saturated': False, 'workingset_refault_anon': 1759} events={'low': 0, 'high': 0, 'max': 77, 'oom': 0, 'oom_kill': 0, 'oom_group_kill': 0}
[container_monitor] pf-swap-1: current=338.6MiB swap=44.5MiB max=358.0MiB cpu.usage_usec=770002 method=swap_current_delta_fallback detail={'delta_swap_current': 0, 'swap_saturated': False, 'workingset_refault_anon': 1759} events={'low': 0, 'high': 0, 'max': 77, 'oom': 0, 'oom_kill': 0, 'oom_group_kill': 0}
[container_monitor] pf-swap-1: current=338.7MiB swap=44.5MiB max=358.0MiB cpu.usage_usec=774389 method=swap_current_delta_fallback detail={'delta_swap_current': 0, 'swap_saturated': False, 'workingset_refault_anon': 1789} events={'low': 0, 'high': 0, 'max': 77, 'oom': 0, 'oom_kill': 0, 'oom_group_kill': 0}
[container_monitor] pf-swap-1: current=338.7MiB swap=44.5MiB max=358.0MiB cpu.usage_usec=775212 method=swap_current_delta_fallback detail={'delta_swap_current': 0, 'swap_saturated': False, 'workingset_refault_anon': 1789} events={'low': 0, 'high': 0, 'max': 77, 'oom': 0, 'oom_kill': 0, 'oom_group_kill': 0}
[container_monitor] pf-swap-1: current=338.7MiB swap=44.5MiB max=358.0MiB cpu.usage_usec=776448 method=swap_current_delta_fallback detail={'delta_swap_current': 0, 'swap_saturated': False, 'workingset_refault_anon': 1789} events={'low': 0, 'high': 0, 'max': 77, 'oom': 0, 'oom_kill': 0, 'oom_group_kill': 0}
[container_monitor] pf-swap-1: current=338.7MiB swap=44.5MiB max=358.0MiB cpu.usage_usec=777535 method=swap_current_delta_fallback detail={'delta_swap_current': 0, 'swap_saturated': False, 'workingset_refault_anon': 1789} events={'low': 0, 'high': 0, 'max': 77, 'oom': 0, 'oom_kill': 0, 'oom_group_kill': 0}
[container_monitor] pf-swap-1: current=338.8MiB swap=44.5MiB max=358.0MiB cpu.usage_usec=781882 method=swap_current_delta_fallback detail={'delta_swap_current': 0, 'swap_saturated': False, 'workingset_refault_anon': 1789} events={'low': 0, 'high': 0, 'max': 77, 'oom': 0, 'oom_kill': 0, 'oom_group_kill': 0}
[container_monitor] pf-swap-1: current=338.9MiB swap=44.5MiB max=358.0MiB cpu.usage_usec=786851 method=swap_current_delta_fallback detail={'delta_swap_current': 0, 'swap_saturated': False, 'workingset_refault_anon': 1824} events={'low': 0, 'high': 0, 'max': 77, 'oom': 0, 'oom_kill': 0, 'oom_group_kill': 0}
[container_monitor] pf-swap-1: current=339.3MiB swap=44.4MiB max=358.0MiB cpu.usage_usec=792011 method=swap_current_delta_fallback detail={'delta_swap_current': -77824, 'swap_saturated': False, 'workingset_refault_anon': 1873} events={'low': 0, 'high': 0, 'max': 77, 'oom': 0, 'oom_kill': 0, 'oom_group_kill': 0}
[container_monitor] pf-swap-1: current=339.7MiB swap=44.2MiB max=358.0MiB cpu.usage_usec=796895 method=swap_current_delta_fallback detail={'delta_swap_current': -208896, 'swap_saturated': False, 'workingset_refault_anon': 1958} events={'low': 0, 'high': 0, 'max': 77, 'oom': 0, 'oom_kill': 0, 'oom_group_kill': 0}
[container_monitor] pf-swap-1: current=339.8MiB swap=44.2MiB max=358.0MiB cpu.usage_usec=799812 method=swap_current_delta_fallback detail={'delta_swap_current': 0, 'swap_saturated': False, 'workingset_refault_anon': 1977} events={'low': 0, 'high': 0, 'max': 77, 'oom': 0, 'oom_kill': 0, 'oom_group_kill': 0}
[container_monitor] pf-swap-1: current=339.8MiB swap=44.2MiB max=358.0MiB cpu.usage_usec=804560 method=swap_current_delta_fallback detail={'delta_swap_current': 0, 'swap_saturated': False, 'workingset_refault_anon': 1977} events={'low': 0, 'high': 0, 'max': 77, 'oom': 0, 'oom_kill': 0, 'oom_group_kill': 0}
[container_monitor] pf-swap-1: current=339.8MiB swap=44.2MiB max=358.0MiB cpu.usage_usec=805417 method=swap_current_delta_fallback detail={'delta_swap_current': 0, 'swap_saturated': False, 'workingset_refault_anon': 1981} events={'low': 0, 'high': 0, 'max': 77, 'oom': 0, 'oom_kill': 0, 'oom_group_kill': 0}
[container_monitor] pf-swap-1: current=339.8MiB swap=44.2MiB max=358.0MiB cpu.usage_usec=806532 method=swap_current_delta_fallback detail={'delta_swap_current': 0, 'swap_saturated': False, 'workingset_refault_anon': 1981} events={'low': 0, 'high': 0, 'max': 77, 'oom': 0, 'oom_kill': 0, 'oom_group_kill': 0}
[container_monitor] pf-swap-1: current=339.8MiB swap=44.2MiB max=358.0MiB cpu.usage_usec=807501 method=swap_current_delta_fallback detail={'delta_swap_current': 0, 'swap_saturated': False, 'workingset_refault_anon': 1981} events={'low': 0, 'high': 0, 'max': 77, 'oom': 0, 'oom_kill': 0, 'oom_group_kill': 0}
[container_monitor] pf-swap-1: current=339.8MiB swap=44.2MiB max=358.0MiB cpu.usage_usec=810433 method=swap_current_delta_fallback detail={'delta_swap_current': 0, 'swap_saturated': False, 'workingset_refault_anon': 1981} events={'low': 0, 'high': 0, 'max': 77, 'oom': 0, 'oom_kill': 0, 'oom_group_kill': 0}
[container_monitor] pf-swap-1: current=339.8MiB swap=44.2MiB max=358.0MiB cpu.usage_usec=813483 method=swap_current_delta_fallback detail={'delta_swap_current': 0, 'swap_saturated': False, 'workingset_refault_anon': 1981} events={'low': 0, 'high': 0, 'max': 77, 'oom': 0, 'oom_kill': 0, 'oom_group_kill': 0}
[container_monitor] pf-swap-1: current=339.8MiB swap=44.2MiB max=358.0MiB cpu.usage_usec=814539 method=swap_current_delta_fallback detail={'delta_swap_current': 0, 'swap_saturated': False, 'workingset_refault_anon': 1981} events={'low': 0, 'high': 0, 'max': 77, 'oom': 0, 'oom_kill': 0, 'oom_group_kill': 0}
[container_monitor] pf-swap-1: current=339.8MiB swap=44.2MiB max=358.0MiB cpu.usage_usec=815922 method=swap_current_delta_fallback detail={'delta_swap_current': 0, 'swap_saturated': False, 'workingset_refault_anon': 1981} events={'low': 0, 'high': 0, 'max': 77, 'oom': 0, 'oom_kill': 0, 'oom_group_kill': 0}
[container_monitor] pf-swap-1: current=339.8MiB swap=44.2MiB max=358.0MiB cpu.usage_usec=816908 method=swap_current_delta_fallback detail={'delta_swap_current': 0, 'swap_saturated': False, 'workingset_refault_anon': 1981} events={'low': 0, 'high': 0, 'max': 77, 'oom': 0, 'oom_kill': 0, 'oom_group_kill': 0}
[container_monitor] pf-swap-1: current=339.8MiB swap=44.2MiB max=358.0MiB cpu.usage_usec=820627 method=swap_current_delta_fallback detail={'delta_swap_current': 0, 'swap_saturated': False, 'workingset_refault_anon': 1981} events={'low': 0, 'high': 0, 'max': 77, 'oom': 0, 'oom_kill': 0, 'oom_group_kill': 0}
[container_monitor] pf-swap-1: current=339.8MiB swap=44.2MiB max=358.0MiB cpu.usage_usec=821601 method=swap_current_delta_fallback detail={'delta_swap_current': 0, 'swap_saturated': False, 'workingset_refault_anon': 1981} events={'low': 0, 'high': 0, 'max': 77, 'oom': 0, 'oom_kill': 0, 'oom_group_kill': 0}
[container_monitor] pf-swap-1: current=339.8MiB swap=44.2MiB max=358.0MiB cpu.usage_usec=822859 method=swap_current_delta_fallback detail={'delta_swap_current': 0, 'swap_saturated': False, 'workingset_refault_anon': 1981} events={'low': 0, 'high': 0, 'max': 77, 'oom': 0, 'oom_kill': 0, 'oom_group_kill': 0}
[container_monitor] pf-swap-1: current=339.8MiB swap=44.2MiB max=358.0MiB cpu.usage_usec=823766 method=swap_current_delta_fallback detail={'delta_swap_current': 0, 'swap_saturated': False, 'workingset_refault_anon': 1981} events={'low': 0, 'high': 0, 'max': 77, 'oom': 0, 'oom_kill': 0, 'oom_group_kill': 0}
[container_monitor] pf-swap-1: current=339.8MiB swap=44.2MiB max=358.0MiB cpu.usage_usec=826992 method=swap_current_delta_fallback detail={'delta_swap_current': 0, 'swap_saturated': False, 'workingset_refault_anon': 1981} events={'low': 0, 'high': 0, 'max': 77, 'oom': 0, 'oom_kill': 0, 'oom_group_kill': 0}
[container_monitor] pf-swap-1: current=339.8MiB swap=44.2MiB max=358.0MiB cpu.usage_usec=829363 method=swap_current_delta_fallback detail={'delta_swap_current': 0, 'swap_saturated': False, 'workingset_refault_anon': 1981} events={'low': 0, 'high': 0, 'max': 77, 'oom': 0, 'oom_kill': 0, 'oom_group_kill': 0}
[container_monitor] pf-swap-1: current=339.8MiB swap=44.2MiB max=358.0MiB cpu.usage_usec=830759 method=swap_current_delta_fallback detail={'delta_swap_current': 0, 'swap_saturated': False, 'workingset_refault_anon': 1981} events={'low': 0, 'high': 0, 'max': 77, 'oom': 0, 'oom_kill': 0, 'oom_group_kill': 0}
[container_monitor] pf-swap-1: current=339.8MiB swap=44.2MiB max=358.0MiB cpu.usage_usec=832096 method=swap_current_delta_fallback detail={'delta_swap_current': 0, 'swap_saturated': False, 'workingset_refault_anon': 1981} events={'low': 0, 'high': 0, 'max': 77, 'oom': 0, 'oom_kill': 0, 'oom_group_kill': 0}
[container_monitor] pf-swap-1: current=339.8MiB swap=44.2MiB max=358.0MiB cpu.usage_usec=839449 method=swap_current_delta_fallback detail={'delta_swap_current': 0, 'swap_saturated': False, 'workingset_refault_anon': 1981} events={'low': 0, 'high': 0, 'max': 77, 'oom': 0, 'oom_kill': 0, 'oom_group_kill': 0}
[container_monitor] pf-swap-1: current=341.7MiB swap=44.2MiB max=358.0MiB cpu.usage_usec=842892 method=swap_current_delta_fallback detail={'delta_swap_current': 0, 'swap_saturated': False, 'workingset_refault_anon': 1981} events={'low': 0, 'high': 0, 'max': 77, 'oom': 0, 'oom_kill': 0, 'oom_group_kill': 0}
[container_monitor] pf-swap-1: current=341.8MiB swap=44.0MiB max=358.0MiB cpu.usage_usec=846086 method=swap_current_delta_fallback detail={'delta_swap_current': -237568, 'swap_saturated': False, 'workingset_refault_anon': 1996} events={'low': 0, 'high': 0, 'max': 77, 'oom': 0, 'oom_kill': 0, 'oom_group_kill': 0}
[container_monitor] pf-swap-1: current=341.8MiB swap=44.0MiB max=358.0MiB cpu.usage_usec=847283 method=swap_current_delta_fallback detail={'delta_swap_current': 0, 'swap_saturated': False, 'workingset_refault_anon': 1996} events={'low': 0, 'high': 0, 'max': 77, 'oom': 0, 'oom_kill': 0, 'oom_group_kill': 0}
[container_monitor] pf-swap-1: current=341.8MiB swap=44.0MiB max=358.0MiB cpu.usage_usec=848369 method=swap_current_delta_fallback detail={'delta_swap_current': 0, 'swap_saturated': False, 'workingset_refault_anon': 1996} events={'low': 0, 'high': 0, 'max': 77, 'oom': 0, 'oom_kill': 0, 'oom_group_kill': 0}
[container_monitor] pf-swap-1: current=341.8MiB swap=44.0MiB max=358.0MiB cpu.usage_usec=849419 method=swap_current_delta_fallback detail={'delta_swap_current': 0, 'swap_saturated': False, 'workingset_refault_anon': 1996} events={'low': 0, 'high': 0, 'max': 77, 'oom': 0, 'oom_kill': 0, 'oom_group_kill': 0}
[container_monitor] pf-swap-1: current=346.1MiB swap=44.0MiB max=358.0MiB cpu.usage_usec=855860 method=swap_current_delta_fallback detail={'delta_swap_current': 0, 'swap_saturated': False, 'workingset_refault_anon': 1996} events={'low': 0, 'high': 0, 'max': 77, 'oom': 0, 'oom_kill': 0, 'oom_group_kill': 0}
[container_monitor] pf-swap-1: current=349.8MiB swap=44.0MiB max=358.0MiB cpu.usage_usec=860122 method=swap_current_delta_fallback detail={'delta_swap_current': 0, 'swap_saturated': False, 'workingset_refault_anon': 1996} events={'low': 0, 'high': 0, 'max': 77, 'oom': 0, 'oom_kill': 0, 'oom_group_kill': 0}
[container_monitor] pf-swap-1: current=352.3MiB swap=44.0MiB max=358.0MiB cpu.usage_usec=865737 method=swap_current_delta_fallback detail={'delta_swap_current': 0, 'swap_saturated': False, 'workingset_refault_anon': 1996} events={'low': 0, 'high': 0, 'max': 77, 'oom': 0, 'oom_kill': 0, 'oom_group_kill': 0}
[container_monitor] pf-swap-1: current=355.6MiB swap=44.0MiB max=358.0MiB cpu.usage_usec=871449 method=swap_current_delta_fallback detail={'delta_swap_current': 0, 'swap_saturated': False, 'workingset_refault_anon': 1996} events={'low': 0, 'high': 0, 'max': 77, 'oom': 0, 'oom_kill': 0, 'oom_group_kill': 0}
[container_monitor] pf-swap-1: current=357.2MiB swap=44.0MiB max=358.0MiB cpu.usage_usec=875833 method=swap_current_delta_fallback detail={'delta_swap_current': 0, 'swap_saturated': False, 'workingset_refault_anon': 1996} events={'low': 0, 'high': 0, 'max': 77, 'oom': 0, 'oom_kill': 0, 'oom_group_kill': 0}
[container_monitor] pf-swap-1: current=358.0MiB swap=44.8MiB max=358.0MiB cpu.usage_usec=881179 method=swap_current_delta_fallback detail={'delta_swap_current': 880640, 'swap_saturated': False, 'workingset_refault_anon': 1996} events={'low': 0, 'high': 0, 'max': 83, 'oom': 0, 'oom_kill': 0, 'oom_group_kill': 0}
[container_monitor] pf-swap-1: OCM 감지 (method=swap_current_delta_fallback, detail={'delta_swap_current': 880640, 'swap_saturated': False, 'workingset_refault_anon': 1996})
[puff_manager] pf-swap-1: puff 적용 358MiB -> 501MiB
[container_monitor] pf-swap-1: puff 완료, 새 메모리 한도 501MiB
[container_monitor] pf-swap-1: 이미 suspend 상태, 재적용 생략
[container_monitor] pf-swap-1: current=374.4MiB swap=45.5MiB max=501.0MiB cpu.usage_usec=887559 method=swap_current_delta_fallback detail={'delta_swap_current': 675840, 'swap_saturated': False, 'workingset_refault_anon': 1996} events={'low': 0, 'high': 0, 'max': 83, 'oom': 0, 'oom_kill': 0, 'oom_group_kill': 0}
[container_monitor] pf-swap-1: current=377.7MiB swap=45.5MiB max=501.0MiB cpu.usage_usec=892332 method=swap_current_delta_fallback detail={'delta_swap_current': 0, 'swap_saturated': False, 'workingset_refault_anon': 1996} events={'low': 0, 'high': 0, 'max': 83, 'oom': 0, 'oom_kill': 0, 'oom_group_kill': 0}
[container_monitor] pf-swap-1: current=382.3MiB swap=45.5MiB max=501.0MiB cpu.usage_usec=898100 method=swap_current_delta_fallback detail={'delta_swap_current': 0, 'swap_saturated': False, 'workingset_refault_anon': 1996} events={'low': 0, 'high': 0, 'max': 83, 'oom': 0, 'oom_kill': 0, 'oom_group_kill': 0}
[container_monitor] pf-swap-1: current=388.4MiB swap=45.5MiB max=501.0MiB cpu.usage_usec=902997 method=swap_current_delta_fallback detail={'delta_swap_current': 0, 'swap_saturated': False, 'workingset_refault_anon': 1996} events={'low': 0, 'high': 0, 'max': 83, 'oom': 0, 'oom_kill': 0, 'oom_group_kill': 0}
[container_monitor] pf-swap-1: current=394.0MiB swap=45.5MiB max=501.0MiB cpu.usage_usec=908201 method=swap_current_delta_fallback detail={'delta_swap_current': 0, 'swap_saturated': False, 'workingset_refault_anon': 1996} events={'low': 0, 'high': 0, 'max': 83, 'oom': 0, 'oom_kill': 0, 'oom_group_kill': 0}
[container_monitor] pf-swap-1: current=398.3MiB swap=45.5MiB max=501.0MiB cpu.usage_usec=912842 method=swap_current_delta_fallback detail={'delta_swap_current': 0, 'swap_saturated': False, 'workingset_refault_anon': 1996} events={'low': 0, 'high': 0, 'max': 83, 'oom': 0, 'oom_kill': 0, 'oom_group_kill': 0}
[container_monitor] pf-swap-1: current=402.8MiB swap=45.5MiB max=501.0MiB cpu.usage_usec=918226 method=swap_current_delta_fallback detail={'delta_swap_current': 0, 'swap_saturated': False, 'workingset_refault_anon': 1996} events={'low': 0, 'high': 0, 'max': 83, 'oom': 0, 'oom_kill': 0, 'oom_group_kill': 0}
[container_monitor] pf-swap-1: current=408.1MiB swap=45.5MiB max=501.0MiB cpu.usage_usec=923445 method=swap_current_delta_fallback detail={'delta_swap_current': 0, 'swap_saturated': False, 'workingset_refault_anon': 1996} events={'low': 0, 'high': 0, 'max': 83, 'oom': 0, 'oom_kill': 0, 'oom_group_kill': 0}
[container_monitor] pf-swap-1: current=413.4MiB swap=45.5MiB max=501.0MiB cpu.usage_usec=928746 method=swap_current_delta_fallback detail={'delta_swap_current': 0, 'swap_saturated': False, 'workingset_refault_anon': 1996} events={'low': 0, 'high': 0, 'max': 83, 'oom': 0, 'oom_kill': 0, 'oom_group_kill': 0}
[container_monitor] pf-swap-1: current=419.3MiB swap=45.5MiB max=501.0MiB cpu.usage_usec=934161 method=swap_current_delta_fallback detail={'delta_swap_current': 0, 'swap_saturated': False, 'workingset_refault_anon': 1996} events={'low': 0, 'high': 0, 'max': 83, 'oom': 0, 'oom_kill': 0, 'oom_group_kill': 0}
[container_monitor] pf-swap-1: current=421.6MiB swap=45.5MiB max=501.0MiB cpu.usage_usec=938243 method=swap_current_delta_fallback detail={'delta_swap_current': 0, 'swap_saturated': False, 'workingset_refault_anon': 1996} events={'low': 0, 'high': 0, 'max': 83, 'oom': 0, 'oom_kill': 0, 'oom_group_kill': 0}
[container_monitor] pf-swap-1: current=427.2MiB swap=45.5MiB max=501.0MiB cpu.usage_usec=944149 method=swap_current_delta_fallback detail={'delta_swap_current': 0, 'swap_saturated': False, 'workingset_refault_anon': 1996} events={'low': 0, 'high': 0, 'max': 83, 'oom': 0, 'oom_kill': 0, 'oom_group_kill': 0}
[container_monitor] pf-swap-1: current=430.3MiB swap=45.5MiB max=501.0MiB cpu.usage_usec=948249 method=swap_current_delta_fallback detail={'delta_swap_current': 0, 'swap_saturated': False, 'workingset_refault_anon': 1996} events={'low': 0, 'high': 0, 'max': 83, 'oom': 0, 'oom_kill': 0, 'oom_group_kill': 0}
[container_monitor] pf-swap-1: current=435.1MiB swap=45.5MiB max=501.0MiB cpu.usage_usec=953204 method=swap_current_delta_fallback detail={'delta_swap_current': 0, 'swap_saturated': False, 'workingset_refault_anon': 1996} events={'low': 0, 'high': 0, 'max': 83, 'oom': 0, 'oom_kill': 0, 'oom_group_kill': 0}
[container_monitor] pf-swap-1: current=437.3MiB swap=45.5MiB max=501.0MiB cpu.usage_usec=958183 method=swap_current_delta_fallback detail={'delta_swap_current': 0, 'swap_saturated': False, 'workingset_refault_anon': 2052} events={'low': 0, 'high': 0, 'max': 83, 'oom': 0, 'oom_kill': 0, 'oom_group_kill': 0}
[container_monitor] pf-swap-1: current=437.7MiB swap=45.5MiB max=501.0MiB cpu.usage_usec=963196 method=swap_current_delta_fallback detail={'delta_swap_current': 0, 'swap_saturated': False, 'workingset_refault_anon': 2143} events={'low': 0, 'high': 0, 'max': 83, 'oom': 0, 'oom_kill': 0, 'oom_group_kill': 0}
[container_monitor] pf-swap-1: current=438.0MiB swap=45.5MiB max=501.0MiB cpu.usage_usec=968227 method=swap_current_delta_fallback detail={'delta_swap_current': 0, 'swap_saturated': False, 'workingset_refault_anon': 2221} events={'low': 0, 'high': 0, 'max': 83, 'oom': 0, 'oom_kill': 0, 'oom_group_kill': 0}
[container_monitor] pf-swap-1: current=438.9MiB swap=45.5MiB max=501.0MiB cpu.usage_usec=973192 method=swap_current_delta_fallback detail={'delta_swap_current': 0, 'swap_saturated': False, 'workingset_refault_anon': 2445} events={'low': 0, 'high': 0, 'max': 83, 'oom': 0, 'oom_kill': 0, 'oom_group_kill': 0}
[container_monitor] pf-swap-1: current=439.5MiB swap=45.5MiB max=501.0MiB cpu.usage_usec=978265 method=swap_current_delta_fallback detail={'delta_swap_current': 0, 'swap_saturated': False, 'workingset_refault_anon': 2627} events={'low': 0, 'high': 0, 'max': 83, 'oom': 0, 'oom_kill': 0, 'oom_group_kill': 0}
[container_monitor] pf-swap-1: current=439.7MiB swap=45.5MiB max=501.0MiB cpu.usage_usec=983209 method=swap_current_delta_fallback detail={'delta_swap_current': 0, 'swap_saturated': False, 'workingset_refault_anon': 2651} events={'low': 0, 'high': 0, 'max': 83, 'oom': 0, 'oom_kill': 0, 'oom_group_kill': 0}
[container_monitor] pf-swap-1: current=440.2MiB swap=45.5MiB max=501.0MiB cpu.usage_usec=988287 method=swap_current_delta_fallback detail={'delta_swap_current': 0, 'swap_saturated': False, 'workingset_refault_anon': 2799} events={'low': 0, 'high': 0, 'max': 83, 'oom': 0, 'oom_kill': 0, 'oom_group_kill': 0}
[container_monitor] pf-swap-1: current=440.5MiB swap=45.5MiB max=501.0MiB cpu.usage_usec=993385 method=swap_current_delta_fallback detail={'delta_swap_current': 0, 'swap_saturated': False, 'workingset_refault_anon': 2854} events={'low': 0, 'high': 0, 'max': 83, 'oom': 0, 'oom_kill': 0, 'oom_group_kill': 0}
[container_monitor] pf-swap-1: current=440.9MiB swap=45.5MiB max=501.0MiB cpu.usage_usec=998367 method=swap_current_delta_fallback detail={'delta_swap_current': 0, 'swap_saturated': False, 'workingset_refault_anon': 2956} events={'low': 0, 'high': 0, 'max': 83, 'oom': 0, 'oom_kill': 0, 'oom_group_kill': 0}
[container_monitor] pf-swap-1: current=441.4MiB swap=45.5MiB max=501.0MiB cpu.usage_usec=1003289 method=swap_current_delta_fallback detail={'delta_swap_current': 0, 'swap_saturated': False, 'workingset_refault_anon': 3038} events={'low': 0, 'high': 0, 'max': 83, 'oom': 0, 'oom_kill': 0, 'oom_group_kill': 0}
[container_monitor] pf-swap-1: current=441.6MiB swap=45.5MiB max=501.0MiB cpu.usage_usec=1008979 method=swap_current_delta_fallback detail={'delta_swap_current': 0, 'swap_saturated': False, 'workingset_refault_anon': 3108} events={'low': 0, 'high': 0, 'max': 83, 'oom': 0, 'oom_kill': 0, 'oom_group_kill': 0}
[container_monitor] pf-swap-1: current=441.9MiB swap=45.3MiB max=501.0MiB cpu.usage_usec=1013209 method=swap_current_delta_fallback detail={'delta_swap_current': -208896, 'swap_saturated': False, 'workingset_refault_anon': 3187} events={'low': 0, 'high': 0, 'max': 83, 'oom': 0, 'oom_kill': 0, 'oom_group_kill': 0}
[container_monitor] pf-swap-1: current=442.0MiB swap=45.3MiB max=501.0MiB cpu.usage_usec=1018819 method=swap_current_delta_fallback detail={'delta_swap_current': 0, 'swap_saturated': False, 'workingset_refault_anon': 3215} events={'low': 0, 'high': 0, 'max': 83, 'oom': 0, 'oom_kill': 0, 'oom_group_kill': 0}
[container_monitor] pf-swap-1: current=443.1MiB swap=45.3MiB max=501.0MiB cpu.usage_usec=1024148 method=swap_current_delta_fallback detail={'delta_swap_current': 0, 'swap_saturated': False, 'workingset_refault_anon': 3215} events={'low': 0, 'high': 0, 'max': 83, 'oom': 0, 'oom_kill': 0, 'oom_group_kill': 0}
[container_monitor] pf-swap-1: current=443.1MiB swap=45.3MiB max=501.0MiB cpu.usage_usec=1028454 method=swap_current_delta_fallback detail={'delta_swap_current': 0, 'swap_saturated': False, 'workingset_refault_anon': 3215} events={'low': 0, 'high': 0, 'max': 83, 'oom': 0, 'oom_kill': 0, 'oom_group_kill': 0}
[container_monitor] pf-swap-1: current=443.1MiB swap=45.3MiB max=501.0MiB cpu.usage_usec=1031213 method=swap_current_delta_fallback detail={'delta_swap_current': 0, 'swap_saturated': False, 'workingset_refault_anon': 3216} events={'low': 0, 'high': 0, 'max': 83, 'oom': 0, 'oom_kill': 0, 'oom_group_kill': 0}
[container_monitor] pf-swap-1: current=443.1MiB swap=45.3MiB max=501.0MiB cpu.usage_usec=1032426 method=swap_current_delta_fallback detail={'delta_swap_current': 0, 'swap_saturated': False, 'workingset_refault_anon': 3216} events={'low': 0, 'high': 0, 'max': 83, 'oom': 0, 'oom_kill': 0, 'oom_group_kill': 0}
[container_monitor] pf-swap-1: current=443.1MiB swap=45.3MiB max=501.0MiB cpu.usage_usec=1033600 method=swap_current_delta_fallback detail={'delta_swap_current': 0, 'swap_saturated': False, 'workingset_refault_anon': 3216} events={'low': 0, 'high': 0, 'max': 83, 'oom': 0, 'oom_kill': 0, 'oom_group_kill': 0}
[container_monitor] pf-swap-1: current=443.1MiB swap=45.3MiB max=501.0MiB cpu.usage_usec=1034670 method=swap_current_delta_fallback detail={'delta_swap_current': 0, 'swap_saturated': False, 'workingset_refault_anon': 3216} events={'low': 0, 'high': 0, 'max': 83, 'oom': 0, 'oom_kill': 0, 'oom_group_kill': 0}
[container_monitor] pf-swap-1: current=443.1MiB swap=45.3MiB max=501.0MiB cpu.usage_usec=1039428 method=swap_current_delta_fallback detail={'delta_swap_current': 0, 'swap_saturated': False, 'workingset_refault_anon': 3216} events={'low': 0, 'high': 0, 'max': 83, 'oom': 0, 'oom_kill': 0, 'oom_group_kill': 0}
[container_monitor] pf-swap-1: current=443.1MiB swap=45.3MiB max=501.0MiB cpu.usage_usec=1042026 method=swap_current_delta_fallback detail={'delta_swap_current': 0, 'swap_saturated': False, 'workingset_refault_anon': 3216} events={'low': 0, 'high': 0, 'max': 83, 'oom': 0, 'oom_kill': 0, 'oom_group_kill': 0}
[container_monitor] pf-swap-1: current=443.1MiB swap=45.3MiB max=501.0MiB cpu.usage_usec=1043392 method=swap_current_delta_fallback detail={'delta_swap_current': 0, 'swap_saturated': False, 'workingset_refault_anon': 3216} events={'low': 0, 'high': 0, 'max': 83, 'oom': 0, 'oom_kill': 0, 'oom_group_kill': 0}
[container_monitor] pf-swap-1: current=443.1MiB swap=45.2MiB max=501.0MiB cpu.usage_usec=1044572 method=swap_current_delta_fallback detail={'delta_swap_current': -106496, 'swap_saturated': False, 'workingset_refault_anon': 3216} events={'low': 0, 'high': 0, 'max': 83, 'oom': 0, 'oom_kill': 0, 'oom_group_kill': 0}
[container_monitor] pf-swap-1: current=443.1MiB swap=45.2MiB max=501.0MiB cpu.usage_usec=1045967 method=swap_current_delta_fallback detail={'delta_swap_current': 0, 'swap_saturated': False, 'workingset_refault_anon': 3216} events={'low': 0, 'high': 0, 'max': 83, 'oom': 0, 'oom_kill': 0, 'oom_group_kill': 0}
[container_monitor] pf-swap-1: current=443.1MiB swap=45.2MiB max=501.0MiB cpu.usage_usec=1050383 method=swap_current_delta_fallback detail={'delta_swap_current': 0, 'swap_saturated': False, 'workingset_refault_anon': 3216} events={'low': 0, 'high': 0, 'max': 83, 'oom': 0, 'oom_kill': 0, 'oom_group_kill': 0}
[container_monitor] pf-swap-1: current=443.2MiB swap=45.2MiB max=501.0MiB cpu.usage_usec=1053262 method=swap_current_delta_fallback detail={'delta_swap_current': 0, 'swap_saturated': False, 'workingset_refault_anon': 3221} events={'low': 0, 'high': 0, 'max': 83, 'oom': 0, 'oom_kill': 0, 'oom_group_kill': 0}
[container_monitor] pf-swap-1: current=443.2MiB swap=45.2MiB max=501.0MiB cpu.usage_usec=1054183 method=swap_current_delta_fallback detail={'delta_swap_current': 0, 'swap_saturated': False, 'workingset_refault_anon': 3221} events={'low': 0, 'high': 0, 'max': 83, 'oom': 0, 'oom_kill': 0, 'oom_group_kill': 0}
[container_monitor] pf-swap-1: current=443.2MiB swap=45.2MiB max=501.0MiB cpu.usage_usec=1055492 method=swap_current_delta_fallback detail={'delta_swap_current': 0, 'swap_saturated': False, 'workingset_refault_anon': 3221} events={'low': 0, 'high': 0, 'max': 83, 'oom': 0, 'oom_kill': 0, 'oom_group_kill': 0}
[container_monitor] pf-swap-1: current=443.2MiB swap=45.2MiB max=501.0MiB cpu.usage_usec=1059877 method=swap_current_delta_fallback detail={'delta_swap_current': 0, 'swap_saturated': False, 'workingset_refault_anon': 3221} events={'low': 0, 'high': 0, 'max': 83, 'oom': 0, 'oom_kill': 0, 'oom_group_kill': 0}
[container_monitor] pf-swap-1: current=443.2MiB swap=45.2MiB max=501.0MiB cpu.usage_usec=1063473 method=swap_current_delta_fallback detail={'delta_swap_current': 0, 'swap_saturated': False, 'workingset_refault_anon': 3221} events={'low': 0, 'high': 0, 'max': 83, 'oom': 0, 'oom_kill': 0, 'oom_group_kill': 0}
[container_monitor] pf-swap-1: current=443.2MiB swap=45.2MiB max=501.0MiB cpu.usage_usec=1064526 method=swap_current_delta_fallback detail={'delta_swap_current': 0, 'swap_saturated': False, 'workingset_refault_anon': 3221} events={'low': 0, 'high': 0, 'max': 83, 'oom': 0, 'oom_kill': 0, 'oom_group_kill': 0}
[container_monitor] pf-swap-1: current=443.2MiB swap=45.2MiB max=501.0MiB cpu.usage_usec=1065560 method=swap_current_delta_fallback detail={'delta_swap_current': 0, 'swap_saturated': False, 'workingset_refault_anon': 3221} events={'low': 0, 'high': 0, 'max': 83, 'oom': 0, 'oom_kill': 0, 'oom_group_kill': 0}
[container_monitor] pf-swap-1: current=443.2MiB swap=45.2MiB max=501.0MiB cpu.usage_usec=1066308 method=swap_current_delta_fallback detail={'delta_swap_current': 0, 'swap_saturated': False, 'workingset_refault_anon': 3221} events={'low': 0, 'high': 0, 'max': 83, 'oom': 0, 'oom_kill': 0, 'oom_group_kill': 0}
[container_monitor] pf-swap-1: current=443.2MiB swap=45.2MiB max=501.0MiB cpu.usage_usec=1069435 method=swap_current_delta_fallback detail={'delta_swap_current': 0, 'swap_saturated': False, 'workingset_refault_anon': 3221} events={'low': 0, 'high': 0, 'max': 83, 'oom': 0, 'oom_kill': 0, 'oom_group_kill': 0}
[container_monitor] pf-swap-1: current=443.2MiB swap=45.2MiB max=501.0MiB cpu.usage_usec=1074763 method=swap_current_delta_fallback detail={'delta_swap_current': 0, 'swap_saturated': False, 'workingset_refault_anon': 3221} events={'low': 0, 'high': 0, 'max': 83, 'oom': 0, 'oom_kill': 0, 'oom_group_kill': 0}
[container_monitor] pf-swap-1: current=443.2MiB swap=45.2MiB max=501.0MiB cpu.usage_usec=1076116 method=swap_current_delta_fallback detail={'delta_swap_current': 0, 'swap_saturated': False, 'workingset_refault_anon': 3221} events={'low': 0, 'high': 0, 'max': 83, 'oom': 0, 'oom_kill': 0, 'oom_group_kill': 0}
[container_monitor] pf-swap-1: current=443.2MiB swap=45.2MiB max=501.0MiB cpu.usage_usec=1077388 method=swap_current_delta_fallback detail={'delta_swap_current': 0, 'swap_saturated': False, 'workingset_refault_anon': 3221} events={'low': 0, 'high': 0, 'max': 83, 'oom': 0, 'oom_kill': 0, 'oom_group_kill': 0}
[container_monitor] pf-swap-1: current=443.2MiB swap=45.2MiB max=501.0MiB cpu.usage_usec=1078516 method=swap_current_delta_fallback detail={'delta_swap_current': 0, 'swap_saturated': False, 'workingset_refault_anon': 3221} events={'low': 0, 'high': 0, 'max': 83, 'oom': 0, 'oom_kill': 0, 'oom_group_kill': 0}
[container_monitor] pf-swap-1: current=443.2MiB swap=45.2MiB max=501.0MiB cpu.usage_usec=1079583 method=swap_current_delta_fallback detail={'delta_swap_current': 0, 'swap_saturated': False, 'workingset_refault_anon': 3221} events={'low': 0, 'high': 0, 'max': 83, 'oom': 0, 'oom_kill': 0, 'oom_group_kill': 0}
[container_monitor] pf-swap-1: current=443.2MiB swap=45.2MiB max=501.0MiB cpu.usage_usec=1085595 method=swap_current_delta_fallback detail={'delta_swap_current': 0, 'swap_saturated': False, 'workingset_refault_anon': 3221} events={'low': 0, 'high': 0, 'max': 83, 'oom': 0, 'oom_kill': 0, 'oom_group_kill': 0}
[container_monitor] pf-swap-1: current=443.2MiB swap=45.2MiB max=501.0MiB cpu.usage_usec=1087060 method=swap_current_delta_fallback detail={'delta_swap_current': 0, 'swap_saturated': False, 'workingset_refault_anon': 3221} events={'low': 0, 'high': 0, 'max': 83, 'oom': 0, 'oom_kill': 0, 'oom_group_kill': 0}
[container_monitor] pf-swap-1: current=443.2MiB swap=45.2MiB max=501.0MiB cpu.usage_usec=1088221 method=swap_current_delta_fallback detail={'delta_swap_current': 0, 'swap_saturated': False, 'workingset_refault_anon': 3221} events={'low': 0, 'high': 0, 'max': 83, 'oom': 0, 'oom_kill': 0, 'oom_group_kill': 0}
[container_monitor] pf-swap-1: current=443.2MiB swap=45.2MiB max=501.0MiB cpu.usage_usec=1089125 method=swap_current_delta_fallback detail={'delta_swap_current': 0, 'swap_saturated': False, 'workingset_refault_anon': 3221} events={'low': 0, 'high': 0, 'max': 83, 'oom': 0, 'oom_kill': 0, 'oom_group_kill': 0}
[container_monitor] pf-swap-1: current=443.2MiB swap=45.2MiB max=501.0MiB cpu.usage_usec=1090345 method=swap_current_delta_fallback detail={'delta_swap_current': 0, 'swap_saturated': False, 'workingset_refault_anon': 3221} events={'low': 0, 'high': 0, 'max': 83, 'oom': 0, 'oom_kill': 0, 'oom_group_kill': 0}
[container_monitor] pf-swap-1: current=443.2MiB swap=45.2MiB max=501.0MiB cpu.usage_usec=1095121 method=swap_current_delta_fallback detail={'delta_swap_current': 0, 'swap_saturated': False, 'workingset_refault_anon': 3221} events={'low': 0, 'high': 0, 'max': 83, 'oom': 0, 'oom_kill': 0, 'oom_group_kill': 0}
[container_monitor] pf-swap-1: current=443.2MiB swap=45.2MiB max=501.0MiB cpu.usage_usec=1096279 method=swap_current_delta_fallback detail={'delta_swap_current': 0, 'swap_saturated': False, 'workingset_refault_anon': 3221} events={'low': 0, 'high': 0, 'max': 83, 'oom': 0, 'oom_kill': 0, 'oom_group_kill': 0}
[container_monitor] pf-swap-1: current=443.2MiB swap=45.2MiB max=501.0MiB cpu.usage_usec=1097359 method=swap_current_delta_fallback detail={'delta_swap_current': 0, 'swap_saturated': False, 'workingset_refault_anon': 3221} events={'low': 0, 'high': 0, 'max': 83, 'oom': 0, 'oom_kill': 0, 'oom_group_kill': 0}
[container_monitor] pf-swap-1: current=443.2MiB swap=45.2MiB max=501.0MiB cpu.usage_usec=1099166 method=swap_current_delta_fallback detail={'delta_swap_current': 0, 'swap_saturated': False, 'workingset_refault_anon': 3221} events={'low': 0, 'high': 0, 'max': 83, 'oom': 0, 'oom_kill': 0, 'oom_group_kill': 0}
[container_monitor] pf-swap-1: current=443.2MiB swap=45.2MiB max=501.0MiB cpu.usage_usec=1102747 method=swap_current_delta_fallback detail={'delta_swap_current': 0, 'swap_saturated': False, 'workingset_refault_anon': 3221} events={'low': 0, 'high': 0, 'max': 83, 'oom': 0, 'oom_kill': 0, 'oom_group_kill': 0}
[container_monitor] pf-swap-1: current=443.2MiB swap=45.2MiB max=501.0MiB cpu.usage_usec=1107298 method=swap_current_delta_fallback detail={'delta_swap_current': 0, 'swap_saturated': False, 'workingset_refault_anon': 3221} events={'low': 0, 'high': 0, 'max': 83, 'oom': 0, 'oom_kill': 0, 'oom_group_kill': 0}
[container_monitor] pf-swap-1: current=443.2MiB swap=45.2MiB max=501.0MiB cpu.usage_usec=1110386 method=swap_current_delta_fallback detail={'delta_swap_current': 0, 'swap_saturated': False, 'workingset_refault_anon': 3225} events={'low': 0, 'high': 0, 'max': 83, 'oom': 0, 'oom_kill': 0, 'oom_group_kill': 0}
[container_monitor] pf-swap-1: current=443.2MiB swap=45.2MiB max=501.0MiB cpu.usage_usec=1111349 method=swap_current_delta_fallback detail={'delta_swap_current': 0, 'swap_saturated': False, 'workingset_refault_anon': 3229} events={'low': 0, 'high': 0, 'max': 83, 'oom': 0, 'oom_kill': 0, 'oom_group_kill': 0}
[container_monitor] pf-swap-1: current=443.2MiB swap=45.2MiB max=501.0MiB cpu.usage_usec=1112216 method=swap_current_delta_fallback detail={'delta_swap_current': 0, 'swap_saturated': False, 'workingset_refault_anon': 3229} events={'low': 0, 'high': 0, 'max': 83, 'oom': 0, 'oom_kill': 0, 'oom_group_kill': 0}
[container_monitor] pf-swap-1: current=443.2MiB swap=45.2MiB max=501.0MiB cpu.usage_usec=1115172 method=swap_current_delta_fallback detail={'delta_swap_current': 0, 'swap_saturated': False, 'workingset_refault_anon': 3229} events={'low': 0, 'high': 0, 'max': 83, 'oom': 0, 'oom_kill': 0, 'oom_group_kill': 0}
[container_monitor] pf-swap-1: current=443.2MiB swap=45.2MiB max=501.0MiB cpu.usage_usec=1119534 method=swap_current_delta_fallback detail={'delta_swap_current': 0, 'swap_saturated': False, 'workingset_refault_anon': 3229} events={'low': 0, 'high': 0, 'max': 83, 'oom': 0, 'oom_kill': 0, 'oom_group_kill': 0}
[container_monitor] pf-swap-1: current=443.5MiB swap=45.1MiB max=501.0MiB cpu.usage_usec=1124221 method=swap_current_delta_fallback detail={'delta_swap_current': -86016, 'swap_saturated': False, 'workingset_refault_anon': 3267} events={'low': 0, 'high': 0, 'max': 83, 'oom': 0, 'oom_kill': 0, 'oom_group_kill': 0}
[container_monitor] pf-swap-1: current=443.5MiB swap=45.1MiB max=501.0MiB cpu.usage_usec=1126218 method=swap_current_delta_fallback detail={'delta_swap_current': 0, 'swap_saturated': False, 'workingset_refault_anon': 3267} events={'low': 0, 'high': 0, 'max': 83, 'oom': 0, 'oom_kill': 0, 'oom_group_kill': 0}
[container_monitor] pf-swap-1: current=443.5MiB swap=45.1MiB max=501.0MiB cpu.usage_usec=1127246 method=swap_current_delta_fallback detail={'delta_swap_current': 0, 'swap_saturated': False, 'workingset_refault_anon': 3272} events={'low': 0, 'high': 0, 'max': 83, 'oom': 0, 'oom_kill': 0, 'oom_group_kill': 0}
[container_monitor] pf-swap-1: current=443.5MiB swap=45.1MiB max=501.0MiB cpu.usage_usec=1128470 method=swap_current_delta_fallback detail={'delta_swap_current': 0, 'swap_saturated': False, 'workingset_refault_anon': 3272} events={'low': 0, 'high': 0, 'max': 83, 'oom': 0, 'oom_kill': 0, 'oom_group_kill': 0}
[container_monitor] pf-swap-1: current=445.7MiB swap=45.1MiB max=501.0MiB cpu.usage_usec=1134423 method=swap_current_delta_fallback detail={'delta_swap_current': 0, 'swap_saturated': False, 'workingset_refault_anon': 3272} events={'low': 0, 'high': 0, 'max': 83, 'oom': 0, 'oom_kill': 0, 'oom_group_kill': 0}
[container_monitor] pf-swap-1: current=445.8MiB swap=45.1MiB max=501.0MiB cpu.usage_usec=1137556 method=swap_current_delta_fallback detail={'delta_swap_current': 0, 'swap_saturated': False, 'workingset_refault_anon': 3272} events={'low': 0, 'high': 0, 'max': 83, 'oom': 0, 'oom_kill': 0, 'oom_group_kill': 0}
[container_monitor] pf-swap-1: current=445.8MiB swap=45.1MiB max=501.0MiB cpu.usage_usec=1139266 method=swap_current_delta_fallback detail={'delta_swap_current': 0, 'swap_saturated': False, 'workingset_refault_anon': 3272} events={'low': 0, 'high': 0, 'max': 83, 'oom': 0, 'oom_kill': 0, 'oom_group_kill': 0}
[container_monitor] pf-swap-1: current=445.8MiB swap=45.1MiB max=501.0MiB cpu.usage_usec=1140124 method=swap_current_delta_fallback detail={'delta_swap_current': 0, 'swap_saturated': False, 'workingset_refault_anon': 3273} events={'low': 0, 'high': 0, 'max': 83, 'oom': 0, 'oom_kill': 0, 'oom_group_kill': 0}
[container_monitor] pf-swap-1: current=445.8MiB swap=45.1MiB max=501.0MiB cpu.usage_usec=1141470 method=swap_current_delta_fallback detail={'delta_swap_current': 0, 'swap_saturated': False, 'workingset_refault_anon': 3273} events={'low': 0, 'high': 0, 'max': 83, 'oom': 0, 'oom_kill': 0, 'oom_group_kill': 0}
[container_monitor] pf-swap-1: current=448.8MiB swap=45.1MiB max=501.0MiB cpu.usage_usec=1145297 method=swap_current_delta_fallback detail={'delta_swap_current': 0, 'swap_saturated': False, 'workingset_refault_anon': 3273} events={'low': 0, 'high': 0, 'max': 83, 'oom': 0, 'oom_kill': 0, 'oom_group_kill': 0}
[container_monitor] pf-swap-1: current=448.8MiB swap=45.1MiB max=501.0MiB cpu.usage_usec=1149748 method=swap_current_delta_fallback detail={'delta_swap_current': 0, 'swap_saturated': False, 'workingset_refault_anon': 3273} events={'low': 0, 'high': 0, 'max': 83, 'oom': 0, 'oom_kill': 0, 'oom_group_kill': 0}
[container_monitor] pf-swap-1: current=448.8MiB swap=45.1MiB max=501.0MiB cpu.usage_usec=1151047 method=swap_current_delta_fallback detail={'delta_swap_current': 0, 'swap_saturated': False, 'workingset_refault_anon': 3273} events={'low': 0, 'high': 0, 'max': 83, 'oom': 0, 'oom_kill': 0, 'oom_group_kill': 0}
[container_monitor] pf-swap-1: current=448.8MiB swap=45.1MiB max=501.0MiB cpu.usage_usec=1152020 method=swap_current_delta_fallback detail={'delta_swap_current': 0, 'swap_saturated': False, 'workingset_refault_anon': 3273} events={'low': 0, 'high': 0, 'max': 83, 'oom': 0, 'oom_kill': 0, 'oom_group_kill': 0}
[container_monitor] pf-swap-1: current=448.8MiB swap=45.1MiB max=501.0MiB cpu.usage_usec=1153028 method=swap_current_delta_fallback detail={'delta_swap_current': 0, 'swap_saturated': False, 'workingset_refault_anon': 3273} events={'low': 0, 'high': 0, 'max': 83, 'oom': 0, 'oom_kill': 0, 'oom_group_kill': 0}
[container_monitor] pf-swap-1: current=450.2MiB swap=45.1MiB max=501.0MiB cpu.usage_usec=1155809 method=swap_current_delta_fallback detail={'delta_swap_current': 0, 'swap_saturated': False, 'workingset_refault_anon': 3273} events={'low': 0, 'high': 0, 'max': 83, 'oom': 0, 'oom_kill': 0, 'oom_group_kill': 0}
[container_monitor] pf-swap-1: current=453.0MiB swap=45.1MiB max=501.0MiB cpu.usage_usec=1159100 method=swap_current_delta_fallback detail={'delta_swap_current': 0, 'swap_saturated': False, 'workingset_refault_anon': 3273} events={'low': 0, 'high': 0, 'max': 83, 'oom': 0, 'oom_kill': 0, 'oom_group_kill': 0}
[container_monitor] pf-swap-1: current=453.0MiB swap=45.1MiB max=501.0MiB cpu.usage_usec=1159943 method=swap_current_delta_fallback detail={'delta_swap_current': 0, 'swap_saturated': False, 'workingset_refault_anon': 3273} events={'low': 0, 'high': 0, 'max': 83, 'oom': 0, 'oom_kill': 0, 'oom_group_kill': 0}
[container_monitor] pf-swap-1: current=453.0MiB swap=45.1MiB max=501.0MiB cpu.usage_usec=1160450 method=swap_current_delta_fallback detail={'delta_swap_current': 0, 'swap_saturated': False, 'workingset_refault_anon': 3273} events={'low': 0, 'high': 0, 'max': 83, 'oom': 0, 'oom_kill': 0, 'oom_group_kill': 0}
[container_monitor] pf-swap-1: current=453.0MiB swap=45.1MiB max=501.0MiB cpu.usage_usec=1161464 method=swap_current_delta_fallback detail={'delta_swap_current': 0, 'swap_saturated': False, 'workingset_refault_anon': 3273} events={'low': 0, 'high': 0, 'max': 83, 'oom': 0, 'oom_kill': 0, 'oom_group_kill': 0}
[container_monitor] pf-swap-1: current=453.5MiB swap=45.1MiB max=501.0MiB cpu.usage_usec=1165465 method=swap_current_delta_fallback detail={'delta_swap_current': 0, 'swap_saturated': False, 'workingset_refault_anon': 3273} events={'low': 0, 'high': 0, 'max': 83, 'oom': 0, 'oom_kill': 0, 'oom_group_kill': 0}
[container_monitor] pf-swap-1: current=453.8MiB swap=45.1MiB max=501.0MiB cpu.usage_usec=1168212 method=swap_current_delta_fallback detail={'delta_swap_current': 0, 'swap_saturated': False, 'workingset_refault_anon': 3273} events={'low': 0, 'high': 0, 'max': 83, 'oom': 0, 'oom_kill': 0, 'oom_group_kill': 0}
[container_monitor] pf-swap-1: current=453.8MiB swap=45.1MiB max=501.0MiB cpu.usage_usec=1168867 method=swap_current_delta_fallback detail={'delta_swap_current': 0, 'swap_saturated': False, 'workingset_refault_anon': 3273} events={'low': 0, 'high': 0, 'max': 83, 'oom': 0, 'oom_kill': 0, 'oom_group_kill': 0}
[container_monitor] pf-swap-1: current=453.8MiB swap=45.1MiB max=501.0MiB cpu.usage_usec=1169560 method=swap_current_delta_fallback detail={'delta_swap_current': 0, 'swap_saturated': False, 'workingset_refault_anon': 3273} events={'low': 0, 'high': 0, 'max': 83, 'oom': 0, 'oom_kill': 0, 'oom_group_kill': 0}
[container_monitor] pf-swap-1: current=453.8MiB swap=45.1MiB max=501.0MiB cpu.usage_usec=1170574 method=swap_current_delta_fallback detail={'delta_swap_current': 0, 'swap_saturated': False, 'workingset_refault_anon': 3273} events={'low': 0, 'high': 0, 'max': 83, 'oom': 0, 'oom_kill': 0, 'oom_group_kill': 0}
[container_monitor] pf-swap-1: current=456.2MiB swap=45.1MiB max=501.0MiB cpu.usage_usec=1174180 method=swap_current_delta_fallback detail={'delta_swap_current': 0, 'swap_saturated': False, 'workingset_refault_anon': 3273} events={'low': 0, 'high': 0, 'max': 83, 'oom': 0, 'oom_kill': 0, 'oom_group_kill': 0}
[container_monitor] pf-swap-1: current=461.1MiB swap=45.1MiB max=501.0MiB cpu.usage_usec=1179535 method=swap_current_delta_fallback detail={'delta_swap_current': 0, 'swap_saturated': False, 'workingset_refault_anon': 3273} events={'low': 0, 'high': 0, 'max': 83, 'oom': 0, 'oom_kill': 0, 'oom_group_kill': 0}
[container_monitor] pf-swap-1: current=461.8MiB swap=45.1MiB max=501.0MiB cpu.usage_usec=1184140 method=swap_current_delta_fallback detail={'delta_swap_current': 0, 'swap_saturated': False, 'workingset_refault_anon': 3273} events={'low': 0, 'high': 0, 'max': 83, 'oom': 0, 'oom_kill': 0, 'oom_group_kill': 0}
[container_monitor] pf-swap-1: current=461.8MiB swap=45.1MiB max=501.0MiB cpu.usage_usec=1184924 method=swap_current_delta_fallback detail={'delta_swap_current': 0, 'swap_saturated': False, 'workingset_refault_anon': 3273} events={'low': 0, 'high': 0, 'max': 83, 'oom': 0, 'oom_kill': 0, 'oom_group_kill': 0}
[container_monitor] pf-swap-1: current=461.8MiB swap=45.1MiB max=501.0MiB cpu.usage_usec=1185704 method=swap_current_delta_fallback detail={'delta_swap_current': 0, 'swap_saturated': False, 'workingset_refault_anon': 3273} events={'low': 0, 'high': 0, 'max': 83, 'oom': 0, 'oom_kill': 0, 'oom_group_kill': 0}
[container_monitor] pf-swap-1: current=461.8MiB swap=45.1MiB max=501.0MiB cpu.usage_usec=1186963 method=swap_current_delta_fallback detail={'delta_swap_current': 0, 'swap_saturated': False, 'workingset_refault_anon': 3273} events={'low': 0, 'high': 0, 'max': 83, 'oom': 0, 'oom_kill': 0, 'oom_group_kill': 0}
[container_monitor] pf-swap-1: current=462.9MiB swap=45.1MiB max=501.0MiB cpu.usage_usec=1189319 method=swap_current_delta_fallback detail={'delta_swap_current': 0, 'swap_saturated': False, 'workingset_refault_anon': 3273} events={'low': 0, 'high': 0, 'max': 83, 'oom': 0, 'oom_kill': 0, 'oom_group_kill': 0}
[container_monitor] pf-swap-1: current=467.5MiB swap=45.1MiB max=501.0MiB cpu.usage_usec=1194613 method=swap_current_delta_fallback detail={'delta_swap_current': 0, 'swap_saturated': False, 'workingset_refault_anon': 3273} events={'low': 0, 'high': 0, 'max': 83, 'oom': 0, 'oom_kill': 0, 'oom_group_kill': 0}
[container_monitor] pf-swap-1: current=469.8MiB swap=45.1MiB max=501.0MiB cpu.usage_usec=1198447 method=swap_current_delta_fallback detail={'delta_swap_current': 0, 'swap_saturated': False, 'workingset_refault_anon': 3273} events={'low': 0, 'high': 0, 'max': 83, 'oom': 0, 'oom_kill': 0, 'oom_group_kill': 0}
[container_monitor] pf-swap-1: current=469.8MiB swap=45.1MiB max=501.0MiB cpu.usage_usec=1199380 method=swap_current_delta_fallback detail={'delta_swap_current': 0, 'swap_saturated': False, 'workingset_refault_anon': 3273} events={'low': 0, 'high': 0, 'max': 83, 'oom': 0, 'oom_kill': 0, 'oom_group_kill': 0}
[container_monitor] pf-swap-1: current=469.8MiB swap=45.1MiB max=501.0MiB cpu.usage_usec=1200040 method=swap_current_delta_fallback detail={'delta_swap_current': 0, 'swap_saturated': False, 'workingset_refault_anon': 3273} events={'low': 0, 'high': 0, 'max': 83, 'oom': 0, 'oom_kill': 0, 'oom_group_kill': 0}
[container_monitor] pf-swap-1: current=469.8MiB swap=45.1MiB max=501.0MiB cpu.usage_usec=1200816 method=swap_current_delta_fallback detail={'delta_swap_current': 0, 'swap_saturated': False, 'workingset_refault_anon': 3273} events={'low': 0, 'high': 0, 'max': 83, 'oom': 0, 'oom_kill': 0, 'oom_group_kill': 0}
[container_monitor] pf-swap-1: current=472.6MiB swap=45.1MiB max=501.0MiB cpu.usage_usec=1204435 method=swap_current_delta_fallback detail={'delta_swap_current': 0, 'swap_saturated': False, 'workingset_refault_anon': 3273} events={'low': 0, 'high': 0, 'max': 83, 'oom': 0, 'oom_kill': 0, 'oom_group_kill': 0}
[container_monitor] pf-swap-1: current=477.9MiB swap=45.1MiB max=501.0MiB cpu.usage_usec=1209844 method=swap_current_delta_fallback detail={'delta_swap_current': 0, 'swap_saturated': False, 'workingset_refault_anon': 3273} events={'low': 0, 'high': 0, 'max': 83, 'oom': 0, 'oom_kill': 0, 'oom_group_kill': 0}
[container_monitor] pf-swap-1: current=478.0MiB swap=45.1MiB max=501.0MiB cpu.usage_usec=1214272 method=swap_current_delta_fallback detail={'delta_swap_current': 0, 'swap_saturated': False, 'workingset_refault_anon': 3273} events={'low': 0, 'high': 0, 'max': 83, 'oom': 0, 'oom_kill': 0, 'oom_group_kill': 0}
[container_monitor] pf-swap-1: current=478.0MiB swap=45.1MiB max=501.0MiB cpu.usage_usec=1215152 method=swap_current_delta_fallback detail={'delta_swap_current': 0, 'swap_saturated': False, 'workingset_refault_anon': 3281} events={'low': 0, 'high': 0, 'max': 83, 'oom': 0, 'oom_kill': 0, 'oom_group_kill': 0}
[container_monitor] pf-swap-1: current=478.0MiB swap=45.1MiB max=501.0MiB cpu.usage_usec=1216126 method=swap_current_delta_fallback detail={'delta_swap_current': 0, 'swap_saturated': False, 'workingset_refault_anon': 3281} events={'low': 0, 'high': 0, 'max': 83, 'oom': 0, 'oom_kill': 0, 'oom_group_kill': 0}
[container_monitor] pf-swap-1: current=478.0MiB swap=45.1MiB max=501.0MiB cpu.usage_usec=1216995 method=swap_current_delta_fallback detail={'delta_swap_current': 0, 'swap_saturated': False, 'workingset_refault_anon': 3281} events={'low': 0, 'high': 0, 'max': 83, 'oom': 0, 'oom_kill': 0, 'oom_group_kill': 0}
[container_monitor] pf-swap-1: current=482.1MiB swap=45.1MiB max=501.0MiB cpu.usage_usec=1221602 method=swap_current_delta_fallback detail={'delta_swap_current': 0, 'swap_saturated': False, 'workingset_refault_anon': 3281} events={'low': 0, 'high': 0, 'max': 83, 'oom': 0, 'oom_kill': 0, 'oom_group_kill': 0}
[container_monitor] pf-swap-1: current=486.0MiB swap=45.1MiB max=501.0MiB cpu.usage_usec=1226196 method=swap_current_delta_fallback detail={'delta_swap_current': 0, 'swap_saturated': False, 'workingset_refault_anon': 3281} events={'low': 0, 'high': 0, 'max': 83, 'oom': 0, 'oom_kill': 0, 'oom_group_kill': 0}
[container_monitor] pf-swap-1: current=486.1MiB swap=45.1MiB max=501.0MiB cpu.usage_usec=1230007 method=swap_current_delta_fallback detail={'delta_swap_current': 0, 'swap_saturated': False, 'workingset_refault_anon': 3284} events={'low': 0, 'high': 0, 'max': 83, 'oom': 0, 'oom_kill': 0, 'oom_group_kill': 0}
[container_monitor] pf-swap-1: current=486.1MiB swap=45.1MiB max=501.0MiB cpu.usage_usec=1230997 method=swap_current_delta_fallback detail={'delta_swap_current': 0, 'swap_saturated': False, 'workingset_refault_anon': 3284} events={'low': 0, 'high': 0, 'max': 83, 'oom': 0, 'oom_kill': 0, 'oom_group_kill': 0}
[container_monitor] pf-swap-1: current=486.1MiB swap=45.1MiB max=501.0MiB cpu.usage_usec=1232095 method=swap_current_delta_fallback detail={'delta_swap_current': 0, 'swap_saturated': False, 'workingset_refault_anon': 3284} events={'low': 0, 'high': 0, 'max': 83, 'oom': 0, 'oom_kill': 0, 'oom_group_kill': 0}
[container_monitor] pf-swap-1: current=486.1MiB swap=45.1MiB max=501.0MiB cpu.usage_usec=1233038 method=swap_current_delta_fallback detail={'delta_swap_current': 0, 'swap_saturated': False, 'workingset_refault_anon': 3284} events={'low': 0, 'high': 0, 'max': 83, 'oom': 0, 'oom_kill': 0, 'oom_group_kill': 0}
[container_monitor] pf-swap-1: current=490.4MiB swap=45.1MiB max=501.0MiB cpu.usage_usec=1237208 method=swap_current_delta_fallback detail={'delta_swap_current': 0, 'swap_saturated': False, 'workingset_refault_anon': 3284} events={'low': 0, 'high': 0, 'max': 83, 'oom': 0, 'oom_kill': 0, 'oom_group_kill': 0}
[container_monitor] pf-swap-1: current=494.1MiB swap=45.1MiB max=501.0MiB cpu.usage_usec=1242605 method=swap_current_delta_fallback detail={'delta_swap_current': 0, 'swap_saturated': False, 'workingset_refault_anon': 3284} events={'low': 0, 'high': 0, 'max': 83, 'oom': 0, 'oom_kill': 0, 'oom_group_kill': 0}
[container_monitor] pf-swap-1: current=494.1MiB swap=45.1MiB max=501.0MiB cpu.usage_usec=1243949 method=swap_current_delta_fallback detail={'delta_swap_current': 0, 'swap_saturated': False, 'workingset_refault_anon': 3284} events={'low': 0, 'high': 0, 'max': 83, 'oom': 0, 'oom_kill': 0, 'oom_group_kill': 0}
[container_monitor] pf-swap-1: current=494.1MiB swap=45.1MiB max=501.0MiB cpu.usage_usec=1244800 method=swap_current_delta_fallback detail={'delta_swap_current': 0, 'swap_saturated': False, 'workingset_refault_anon': 3284} events={'low': 0, 'high': 0, 'max': 83, 'oom': 0, 'oom_kill': 0, 'oom_group_kill': 0}
[container_monitor] pf-swap-1: current=494.1MiB swap=45.1MiB max=501.0MiB cpu.usage_usec=1245640 method=swap_current_delta_fallback detail={'delta_swap_current': 0, 'swap_saturated': False, 'workingset_refault_anon': 3284} events={'low': 0, 'high': 0, 'max': 83, 'oom': 0, 'oom_kill': 0, 'oom_group_kill': 0}
[container_monitor] pf-swap-1: current=494.1MiB swap=45.1MiB max=501.0MiB cpu.usage_usec=1246689 method=swap_current_delta_fallback detail={'delta_swap_current': 0, 'swap_saturated': False, 'workingset_refault_anon': 3284} events={'low': 0, 'high': 0, 'max': 83, 'oom': 0, 'oom_kill': 0, 'oom_group_kill': 0}
[container_monitor] pf-swap-1: current=501.0MiB swap=45.6MiB max=501.0MiB cpu.usage_usec=1252369 method=swap_current_delta_fallback detail={'delta_swap_current': 499712, 'swap_saturated': False, 'workingset_refault_anon': 3284} events={'low': 0, 'high': 0, 'max': 86, 'oom': 0, 'oom_kill': 0, 'oom_group_kill': 0}
[container_monitor] pf-swap-1: OCM 감지 (method=swap_current_delta_fallback, detail={'delta_swap_current': 499712, 'swap_saturated': False, 'workingset_refault_anon': 3284})
[puff_manager] pf-swap-1: puff 적용 501MiB -> 701MiB
[container_monitor] pf-swap-1: puff 완료, 새 메모리 한도 701MiB
[container_monitor] pf-swap-1: 이미 suspend 상태, 재적용 생략
[container_monitor] pf-swap-1: current=501.2MiB swap=45.9MiB max=701.0MiB cpu.usage_usec=1254694 method=swap_current_delta_fallback detail={'delta_swap_current': 303104, 'swap_saturated': False, 'workingset_refault_anon': 3284} events={'low': 0, 'high': 0, 'max': 87, 'oom': 0, 'oom_kill': 0, 'oom_group_kill': 0}
[container_monitor] pf-swap-1: current=501.2MiB swap=45.9MiB max=701.0MiB cpu.usage_usec=1255909 method=swap_current_delta_fallback detail={'delta_swap_current': 0, 'swap_saturated': False, 'workingset_refault_anon': 3284} events={'low': 0, 'high': 0, 'max': 87, 'oom': 0, 'oom_kill': 0, 'oom_group_kill': 0}
[container_monitor] pf-swap-1: current=501.2MiB swap=45.9MiB max=701.0MiB cpu.usage_usec=1256779 method=swap_current_delta_fallback detail={'delta_swap_current': 0, 'swap_saturated': False, 'workingset_refault_anon': 3284} events={'low': 0, 'high': 0, 'max': 87, 'oom': 0, 'oom_kill': 0, 'oom_group_kill': 0}
[container_monitor] pf-swap-1: current=504.7MiB swap=45.9MiB max=701.0MiB cpu.usage_usec=1259500 method=swap_current_delta_fallback detail={'delta_swap_current': 0, 'swap_saturated': False, 'workingset_refault_anon': 3284} events={'low': 0, 'high': 0, 'max': 87, 'oom': 0, 'oom_kill': 0, 'oom_group_kill': 0}
[container_monitor] pf-swap-1: current=509.2MiB swap=45.9MiB max=701.0MiB cpu.usage_usec=1264487 method=swap_current_delta_fallback detail={'delta_swap_current': 0, 'swap_saturated': False, 'workingset_refault_anon': 3284} events={'low': 0, 'high': 0, 'max': 87, 'oom': 0, 'oom_kill': 0, 'oom_group_kill': 0}
[container_monitor] pf-swap-1: current=509.2MiB swap=45.9MiB max=701.0MiB cpu.usage_usec=1265800 method=swap_current_delta_fallback detail={'delta_swap_current': 0, 'swap_saturated': False, 'workingset_refault_anon': 3284} events={'low': 0, 'high': 0, 'max': 87, 'oom': 0, 'oom_kill': 0, 'oom_group_kill': 0}
[container_monitor] pf-swap-1: current=509.2MiB swap=45.9MiB max=701.0MiB cpu.usage_usec=1266886 method=swap_current_delta_fallback detail={'delta_swap_current': 0, 'swap_saturated': False, 'workingset_refault_anon': 3284} events={'low': 0, 'high': 0, 'max': 87, 'oom': 0, 'oom_kill': 0, 'oom_group_kill': 0}
[container_monitor] pf-swap-1: current=509.2MiB swap=45.9MiB max=701.0MiB cpu.usage_usec=1267974 method=swap_current_delta_fallback detail={'delta_swap_current': 0, 'swap_saturated': False, 'workingset_refault_anon': 3284} events={'low': 0, 'high': 0, 'max': 87, 'oom': 0, 'oom_kill': 0, 'oom_group_kill': 0}
[container_monitor] pf-swap-1: current=509.2MiB swap=45.9MiB max=701.0MiB cpu.usage_usec=1269175 method=swap_current_delta_fallback detail={'delta_swap_current': 0, 'swap_saturated': False, 'workingset_refault_anon': 3284} events={'low': 0, 'high': 0, 'max': 87, 'oom': 0, 'oom_kill': 0, 'oom_group_kill': 0}
[container_monitor] pf-swap-1: current=514.9MiB swap=45.9MiB max=701.0MiB cpu.usage_usec=1275011 method=swap_current_delta_fallback detail={'delta_swap_current': 0, 'swap_saturated': False, 'workingset_refault_anon': 3284} events={'low': 0, 'high': 0, 'max': 87, 'oom': 0, 'oom_kill': 0, 'oom_group_kill': 0}
[container_monitor] pf-swap-1: current=517.2MiB swap=45.9MiB max=701.0MiB cpu.usage_usec=1278965 method=swap_current_delta_fallback detail={'delta_swap_current': 0, 'swap_saturated': False, 'workingset_refault_anon': 3284} events={'low': 0, 'high': 0, 'max': 87, 'oom': 0, 'oom_kill': 0, 'oom_group_kill': 0}
[container_monitor] pf-swap-1: current=517.2MiB swap=45.9MiB max=701.0MiB cpu.usage_usec=1279731 method=swap_current_delta_fallback detail={'delta_swap_current': 0, 'swap_saturated': False, 'workingset_refault_anon': 3284} events={'low': 0, 'high': 0, 'max': 87, 'oom': 0, 'oom_kill': 0, 'oom_group_kill': 0}
[container_monitor] pf-swap-1: current=517.2MiB swap=45.9MiB max=701.0MiB cpu.usage_usec=1280439 method=swap_current_delta_fallback detail={'delta_swap_current': 0, 'swap_saturated': False, 'workingset_refault_anon': 3284} events={'low': 0, 'high': 0, 'max': 87, 'oom': 0, 'oom_kill': 0, 'oom_group_kill': 0}
[container_monitor] pf-swap-1: current=517.2MiB swap=45.9MiB max=701.0MiB cpu.usage_usec=1281380 method=swap_current_delta_fallback detail={'delta_swap_current': 0, 'swap_saturated': False, 'workingset_refault_anon': 3284} events={'low': 0, 'high': 0, 'max': 87, 'oom': 0, 'oom_kill': 0, 'oom_group_kill': 0}
[container_monitor] pf-swap-1: current=518.3MiB swap=45.9MiB max=701.0MiB cpu.usage_usec=1283405 method=swap_current_delta_fallback detail={'delta_swap_current': 0, 'swap_saturated': False, 'workingset_refault_anon': 3284} events={'low': 0, 'high': 0, 'max': 87, 'oom': 0, 'oom_kill': 0, 'oom_group_kill': 0}
[container_monitor] pf-swap-1: current=523.9MiB swap=45.9MiB max=701.0MiB cpu.usage_usec=1288759 method=swap_current_delta_fallback detail={'delta_swap_current': 0, 'swap_saturated': False, 'workingset_refault_anon': 3284} events={'low': 0, 'high': 0, 'max': 87, 'oom': 0, 'oom_kill': 0, 'oom_group_kill': 0}
[container_monitor] pf-swap-1: current=525.2MiB swap=45.9MiB max=701.0MiB cpu.usage_usec=1292670 method=swap_current_delta_fallback detail={'delta_swap_current': 0, 'swap_saturated': False, 'workingset_refault_anon': 3284} events={'low': 0, 'high': 0, 'max': 87, 'oom': 0, 'oom_kill': 0, 'oom_group_kill': 0}
[container_monitor] pf-swap-1: current=525.2MiB swap=45.9MiB max=701.0MiB cpu.usage_usec=1293469 method=swap_current_delta_fallback detail={'delta_swap_current': 0, 'swap_saturated': False, 'workingset_refault_anon': 3284} events={'low': 0, 'high': 0, 'max': 87, 'oom': 0, 'oom_kill': 0, 'oom_group_kill': 0}
[container_monitor] pf-swap-1: current=525.2MiB swap=45.9MiB max=701.0MiB cpu.usage_usec=1294062 method=swap_current_delta_fallback detail={'delta_swap_current': 0, 'swap_saturated': False, 'workingset_refault_anon': 3284} events={'low': 0, 'high': 0, 'max': 87, 'oom': 0, 'oom_kill': 0, 'oom_group_kill': 0}
[container_monitor] pf-swap-1: current=525.2MiB swap=45.9MiB max=701.0MiB cpu.usage_usec=1295029 method=swap_current_delta_fallback detail={'delta_swap_current': 0, 'swap_saturated': False, 'workingset_refault_anon': 3284} events={'low': 0, 'high': 0, 'max': 87, 'oom': 0, 'oom_kill': 0, 'oom_group_kill': 0}
[container_monitor] pf-swap-1: current=526.7MiB swap=45.9MiB max=701.0MiB cpu.usage_usec=1298359 method=swap_current_delta_fallback detail={'delta_swap_current': 0, 'swap_saturated': False, 'workingset_refault_anon': 3284} events={'low': 0, 'high': 0, 'max': 87, 'oom': 0, 'oom_kill': 0, 'oom_group_kill': 0}
[container_monitor] pf-swap-1: current=532.1MiB swap=45.9MiB max=701.0MiB cpu.usage_usec=1303541 method=swap_current_delta_fallback detail={'delta_swap_current': 0, 'swap_saturated': False, 'workingset_refault_anon': 3284} events={'low': 0, 'high': 0, 'max': 87, 'oom': 0, 'oom_kill': 0, 'oom_group_kill': 0}
[container_monitor] pf-swap-1: current=533.2MiB swap=45.9MiB max=701.0MiB cpu.usage_usec=1307083 method=swap_current_delta_fallback detail={'delta_swap_current': 0, 'swap_saturated': False, 'workingset_refault_anon': 3284} events={'low': 0, 'high': 0, 'max': 87, 'oom': 0, 'oom_kill': 0, 'oom_group_kill': 0}
[container_monitor] pf-swap-1: current=533.2MiB swap=45.9MiB max=701.0MiB cpu.usage_usec=1307792 method=swap_current_delta_fallback detail={'delta_swap_current': 0, 'swap_saturated': False, 'workingset_refault_anon': 3284} events={'low': 0, 'high': 0, 'max': 87, 'oom': 0, 'oom_kill': 0, 'oom_group_kill': 0}
[container_monitor] pf-swap-1: current=533.2MiB swap=45.9MiB max=701.0MiB cpu.usage_usec=1308450 method=swap_current_delta_fallback detail={'delta_swap_current': 0, 'swap_saturated': False, 'workingset_refault_anon': 3284} events={'low': 0, 'high': 0, 'max': 87, 'oom': 0, 'oom_kill': 0, 'oom_group_kill': 0}
[container_monitor] pf-swap-1: current=533.2MiB swap=45.9MiB max=701.0MiB cpu.usage_usec=1309523 method=swap_current_delta_fallback detail={'delta_swap_current': 0, 'swap_saturated': False, 'workingset_refault_anon': 3284} events={'low': 0, 'high': 0, 'max': 87, 'oom': 0, 'oom_kill': 0, 'oom_group_kill': 0}
[container_monitor] pf-swap-1: current=536.1MiB swap=45.9MiB max=701.0MiB cpu.usage_usec=1313476 method=swap_current_delta_fallback detail={'delta_swap_current': 0, 'swap_saturated': False, 'workingset_refault_anon': 3284} events={'low': 0, 'high': 0, 'max': 87, 'oom': 0, 'oom_kill': 0, 'oom_group_kill': 0}
[container_monitor] pf-swap-1: current=541.2MiB swap=45.9MiB max=701.0MiB cpu.usage_usec=1318889 method=swap_current_delta_fallback detail={'delta_swap_current': 0, 'swap_saturated': False, 'workingset_refault_anon': 3284} events={'low': 0, 'high': 0, 'max': 87, 'oom': 0, 'oom_kill': 0, 'oom_group_kill': 0}
[container_monitor] pf-swap-1: current=541.2MiB swap=45.9MiB max=701.0MiB cpu.usage_usec=1323465 method=swap_current_delta_fallback detail={'delta_swap_current': 0, 'swap_saturated': False, 'workingset_refault_anon': 3284} events={'low': 0, 'high': 0, 'max': 87, 'oom': 0, 'oom_kill': 0, 'oom_group_kill': 0}
[container_monitor] pf-swap-1: current=541.3MiB swap=45.9MiB max=701.0MiB cpu.usage_usec=1328673 method=swap_current_delta_fallback detail={'delta_swap_current': 0, 'swap_saturated': False, 'workingset_refault_anon': 3284} events={'low': 0, 'high': 0, 'max': 87, 'oom': 0, 'oom_kill': 0, 'oom_group_kill': 0}
[container_monitor] pf-swap-1: current=541.4MiB swap=45.9MiB max=701.0MiB cpu.usage_usec=1331188 method=swap_current_delta_fallback detail={'delta_swap_current': 0, 'swap_saturated': False, 'workingset_refault_anon': 3284} events={'low': 0, 'high': 0, 'max': 87, 'oom': 0, 'oom_kill': 0, 'oom_group_kill': 0}
[container_monitor] pf-swap-1: current=541.4MiB swap=45.9MiB max=701.0MiB cpu.usage_usec=1332435 method=swap_current_delta_fallback detail={'delta_swap_current': 0, 'swap_saturated': False, 'workingset_refault_anon': 3291} events={'low': 0, 'high': 0, 'max': 87, 'oom': 0, 'oom_kill': 0, 'oom_group_kill': 0}
[container_monitor] pf-swap-1: current=541.4MiB swap=45.9MiB max=701.0MiB cpu.usage_usec=1333657 method=swap_current_delta_fallback detail={'delta_swap_current': 0, 'swap_saturated': False, 'workingset_refault_anon': 3291} events={'low': 0, 'high': 0, 'max': 87, 'oom': 0, 'oom_kill': 0, 'oom_group_kill': 0}
[container_monitor] pf-swap-1: current=541.4MiB swap=45.9MiB max=701.0MiB cpu.usage_usec=1334729 method=swap_current_delta_fallback detail={'delta_swap_current': 0, 'swap_saturated': False, 'workingset_refault_anon': 3291} events={'low': 0, 'high': 0, 'max': 87, 'oom': 0, 'oom_kill': 0, 'oom_group_kill': 0}
[container_monitor] pf-swap-1: current=541.9MiB swap=45.9MiB max=701.0MiB cpu.usage_usec=1340341 method=swap_current_delta_fallback detail={'delta_swap_current': 0, 'swap_saturated': False, 'workingset_refault_anon': 3291} events={'low': 0, 'high': 0, 'max': 87, 'oom': 0, 'oom_kill': 0, 'oom_group_kill': 0}
[container_monitor] pf-swap-1: current=545.6MiB swap=45.9MiB max=701.0MiB cpu.usage_usec=1345656 method=swap_current_delta_fallback detail={'delta_swap_current': 0, 'swap_saturated': False, 'workingset_refault_anon': 3291} events={'low': 0, 'high': 0, 'max': 87, 'oom': 0, 'oom_kill': 0, 'oom_group_kill': 0}
[container_monitor] pf-swap-1: current=551.6MiB swap=45.9MiB max=701.0MiB cpu.usage_usec=1351025 method=swap_current_delta_fallback detail={'delta_swap_current': 0, 'swap_saturated': False, 'workingset_refault_anon': 3291} events={'low': 0, 'high': 0, 'max': 87, 'oom': 0, 'oom_kill': 0, 'oom_group_kill': 0}
[container_monitor] pf-swap-1: current=560.1MiB swap=45.9MiB max=701.0MiB cpu.usage_usec=1355374 method=swap_current_delta_fallback detail={'delta_swap_current': 0, 'swap_saturated': False, 'workingset_refault_anon': 3291} events={'low': 0, 'high': 0, 'max': 87, 'oom': 0, 'oom_kill': 0, 'oom_group_kill': 0}
[container_monitor] pf-swap-1: current=568.0MiB swap=45.9MiB max=701.0MiB cpu.usage_usec=1360626 method=swap_current_delta_fallback detail={'delta_swap_current': 0, 'swap_saturated': False, 'workingset_refault_anon': 3291} events={'low': 0, 'high': 0, 'max': 87, 'oom': 0, 'oom_kill': 0, 'oom_group_kill': 0}
[container_monitor] pf-swap-1: current=571.4MiB swap=45.9MiB max=701.0MiB cpu.usage_usec=1365339 method=swap_current_delta_fallback detail={'delta_swap_current': 0, 'swap_saturated': False, 'workingset_refault_anon': 3291} events={'low': 0, 'high': 0, 'max': 87, 'oom': 0, 'oom_kill': 0, 'oom_group_kill': 0}
[container_monitor] pf-swap-1: current=574.9MiB swap=45.9MiB max=701.0MiB cpu.usage_usec=1370877 method=swap_current_delta_fallback detail={'delta_swap_current': 0, 'swap_saturated': False, 'workingset_refault_anon': 3291} events={'low': 0, 'high': 0, 'max': 87, 'oom': 0, 'oom_kill': 0, 'oom_group_kill': 0}
[container_monitor] pf-swap-1: current=577.2MiB swap=45.9MiB max=701.0MiB cpu.usage_usec=1375938 method=swap_current_delta_fallback detail={'delta_swap_current': 0, 'swap_saturated': False, 'workingset_refault_anon': 3291} events={'low': 0, 'high': 0, 'max': 87, 'oom': 0, 'oom_kill': 0, 'oom_group_kill': 0}
[container_monitor] pf-swap-1: current=581.3MiB swap=45.9MiB max=701.0MiB cpu.usage_usec=1380976 method=swap_current_delta_fallback detail={'delta_swap_current': 0, 'swap_saturated': False, 'workingset_refault_anon': 3291} events={'low': 0, 'high': 0, 'max': 87, 'oom': 0, 'oom_kill': 0, 'oom_group_kill': 0}
[container_monitor] pf-swap-1: current=585.5MiB swap=45.9MiB max=701.0MiB cpu.usage_usec=1386288 method=swap_current_delta_fallback detail={'delta_swap_current': 0, 'swap_saturated': False, 'workingset_refault_anon': 3291} events={'low': 0, 'high': 0, 'max': 87, 'oom': 0, 'oom_kill': 0, 'oom_group_kill': 0}
[container_monitor] pf-swap-1: current=589.0MiB swap=45.9MiB max=701.0MiB cpu.usage_usec=1390690 method=swap_current_delta_fallback detail={'delta_swap_current': 0, 'swap_saturated': False, 'workingset_refault_anon': 3291} events={'low': 0, 'high': 0, 'max': 87, 'oom': 0, 'oom_kill': 0, 'oom_group_kill': 0}
[container_monitor] pf-swap-1: current=592.5MiB swap=45.9MiB max=701.0MiB cpu.usage_usec=1395856 method=swap_current_delta_fallback detail={'delta_swap_current': 0, 'swap_saturated': False, 'workingset_refault_anon': 3291} events={'low': 0, 'high': 0, 'max': 87, 'oom': 0, 'oom_kill': 0, 'oom_group_kill': 0}
[container_monitor] pf-swap-1: current=595.4MiB swap=45.9MiB max=701.0MiB cpu.usage_usec=1400650 method=swap_current_delta_fallback detail={'delta_swap_current': 0, 'swap_saturated': False, 'workingset_refault_anon': 3291} events={'low': 0, 'high': 0, 'max': 87, 'oom': 0, 'oom_kill': 0, 'oom_group_kill': 0}
[container_monitor] pf-swap-1: current=599.2MiB swap=45.9MiB max=701.0MiB cpu.usage_usec=1405800 method=swap_current_delta_fallback detail={'delta_swap_current': 0, 'swap_saturated': False, 'workingset_refault_anon': 3291} events={'low': 0, 'high': 0, 'max': 87, 'oom': 0, 'oom_kill': 0, 'oom_group_kill': 0}
[container_monitor] pf-swap-1: current=602.7MiB swap=45.9MiB max=701.0MiB cpu.usage_usec=1410562 method=swap_current_delta_fallback detail={'delta_swap_current': 0, 'swap_saturated': False, 'workingset_refault_anon': 3291} events={'low': 0, 'high': 0, 'max': 87, 'oom': 0, 'oom_kill': 0, 'oom_group_kill': 0}
[container_monitor] pf-swap-1: current=607.1MiB swap=45.9MiB max=701.0MiB cpu.usage_usec=1415804 method=swap_current_delta_fallback detail={'delta_swap_current': 0, 'swap_saturated': False, 'workingset_refault_anon': 3291} events={'low': 0, 'high': 0, 'max': 87, 'oom': 0, 'oom_kill': 0, 'oom_group_kill': 0}
[container_monitor] pf-swap-1: current=610.9MiB swap=45.9MiB max=701.0MiB cpu.usage_usec=1420710 method=swap_current_delta_fallback detail={'delta_swap_current': 0, 'swap_saturated': False, 'workingset_refault_anon': 3291} events={'low': 0, 'high': 0, 'max': 87, 'oom': 0, 'oom_kill': 0, 'oom_group_kill': 0}
[container_monitor] pf-swap-1: current=614.8MiB swap=45.9MiB max=701.0MiB cpu.usage_usec=1425782 method=swap_current_delta_fallback detail={'delta_swap_current': 0, 'swap_saturated': False, 'workingset_refault_anon': 3291} events={'low': 0, 'high': 0, 'max': 87, 'oom': 0, 'oom_kill': 0, 'oom_group_kill': 0}
[container_monitor] pf-swap-1: current=618.8MiB swap=45.9MiB max=701.0MiB cpu.usage_usec=1430978 method=swap_current_delta_fallback detail={'delta_swap_current': 0, 'swap_saturated': False, 'workingset_refault_anon': 3291} events={'low': 0, 'high': 0, 'max': 87, 'oom': 0, 'oom_kill': 0, 'oom_group_kill': 0}
[container_monitor] pf-swap-1: current=622.7MiB swap=45.9MiB max=701.0MiB cpu.usage_usec=1435628 method=swap_current_delta_fallback detail={'delta_swap_current': 0, 'swap_saturated': False, 'workingset_refault_anon': 3291} events={'low': 0, 'high': 0, 'max': 87, 'oom': 0, 'oom_kill': 0, 'oom_group_kill': 0}
[container_monitor] pf-swap-1: current=625.9MiB swap=45.9MiB max=701.0MiB cpu.usage_usec=1440276 method=swap_current_delta_fallback detail={'delta_swap_current': 0, 'swap_saturated': False, 'workingset_refault_anon': 3291} events={'low': 0, 'high': 0, 'max': 87, 'oom': 0, 'oom_kill': 0, 'oom_group_kill': 0}
[container_monitor] pf-swap-1: current=628.3MiB swap=45.9MiB max=701.0MiB cpu.usage_usec=1445759 method=swap_current_delta_fallback detail={'delta_swap_current': 0, 'swap_saturated': False, 'workingset_refault_anon': 3291} events={'low': 0, 'high': 0, 'max': 87, 'oom': 0, 'oom_kill': 0, 'oom_group_kill': 0}
[container_monitor] pf-swap-1: current=629.1MiB swap=45.9MiB max=701.0MiB cpu.usage_usec=1450749 method=swap_current_delta_fallback detail={'delta_swap_current': 0, 'swap_saturated': False, 'workingset_refault_anon': 3291} events={'low': 0, 'high': 0, 'max': 87, 'oom': 0, 'oom_kill': 0, 'oom_group_kill': 0}
[container_monitor] pf-swap-1: current=631.0MiB swap=45.9MiB max=701.0MiB cpu.usage_usec=1456182 method=swap_current_delta_fallback detail={'delta_swap_current': 0, 'swap_saturated': False, 'workingset_refault_anon': 3291} events={'low': 0, 'high': 0, 'max': 87, 'oom': 0, 'oom_kill': 0, 'oom_group_kill': 0}
[container_monitor] pf-swap-1: current=633.3MiB swap=45.9MiB max=701.0MiB cpu.usage_usec=1460795 method=swap_current_delta_fallback detail={'delta_swap_current': 0, 'swap_saturated': False, 'workingset_refault_anon': 3291} events={'low': 0, 'high': 0, 'max': 87, 'oom': 0, 'oom_kill': 0, 'oom_group_kill': 0}
[container_monitor] pf-swap-1: current=636.5MiB swap=45.9MiB max=701.0MiB cpu.usage_usec=1465745 method=swap_current_delta_fallback detail={'delta_swap_current': 0, 'swap_saturated': False, 'workingset_refault_anon': 3291} events={'low': 0, 'high': 0, 'max': 87, 'oom': 0, 'oom_kill': 0, 'oom_group_kill': 0}
[container_monitor] pf-swap-1: current=638.4MiB swap=45.9MiB max=701.0MiB cpu.usage_usec=1470692 method=swap_current_delta_fallback detail={'delta_swap_current': 0, 'swap_saturated': False, 'workingset_refault_anon': 3291} events={'low': 0, 'high': 0, 'max': 87, 'oom': 0, 'oom_kill': 0, 'oom_group_kill': 0}
[container_monitor] pf-swap-1: current=641.1MiB swap=45.9MiB max=701.0MiB cpu.usage_usec=1475697 method=swap_current_delta_fallback detail={'delta_swap_current': 0, 'swap_saturated': False, 'workingset_refault_anon': 3291} events={'low': 0, 'high': 0, 'max': 87, 'oom': 0, 'oom_kill': 0, 'oom_group_kill': 0}
[container_monitor] pf-swap-1: current=644.2MiB swap=45.9MiB max=701.0MiB cpu.usage_usec=1480893 method=swap_current_delta_fallback detail={'delta_swap_current': 0, 'swap_saturated': False, 'workingset_refault_anon': 3291} events={'low': 0, 'high': 0, 'max': 87, 'oom': 0, 'oom_kill': 0, 'oom_group_kill': 0}
[container_monitor] pf-swap-1: current=648.5MiB swap=45.9MiB max=701.0MiB cpu.usage_usec=1486147 method=swap_current_delta_fallback detail={'delta_swap_current': 0, 'swap_saturated': False, 'workingset_refault_anon': 3291} events={'low': 0, 'high': 0, 'max': 87, 'oom': 0, 'oom_kill': 0, 'oom_group_kill': 0}
[container_monitor] pf-swap-1: current=652.1MiB swap=45.9MiB max=701.0MiB cpu.usage_usec=1491014 method=swap_current_delta_fallback detail={'delta_swap_current': 0, 'swap_saturated': False, 'workingset_refault_anon': 3291} events={'low': 0, 'high': 0, 'max': 87, 'oom': 0, 'oom_kill': 0, 'oom_group_kill': 0}
[container_monitor] pf-swap-1: current=655.0MiB swap=45.9MiB max=701.0MiB cpu.usage_usec=1495321 method=swap_current_delta_fallback detail={'delta_swap_current': 0, 'swap_saturated': False, 'workingset_refault_anon': 3291} events={'low': 0, 'high': 0, 'max': 87, 'oom': 0, 'oom_kill': 0, 'oom_group_kill': 0}
[container_monitor] pf-swap-1: current=658.7MiB swap=45.9MiB max=701.0MiB cpu.usage_usec=1501872 method=swap_current_delta_fallback detail={'delta_swap_current': 0, 'swap_saturated': False, 'workingset_refault_anon': 3291} events={'low': 0, 'high': 0, 'max': 87, 'oom': 0, 'oom_kill': 0, 'oom_group_kill': 0}
[container_monitor] pf-swap-1: current=662.6MiB swap=45.9MiB max=701.0MiB cpu.usage_usec=1506551 method=swap_current_delta_fallback detail={'delta_swap_current': 0, 'swap_saturated': False, 'workingset_refault_anon': 3291} events={'low': 0, 'high': 0, 'max': 87, 'oom': 0, 'oom_kill': 0, 'oom_group_kill': 0}
[container_monitor] pf-swap-1: current=666.5MiB swap=45.9MiB max=701.0MiB cpu.usage_usec=1512246 method=swap_current_delta_fallback detail={'delta_swap_current': 0, 'swap_saturated': False, 'workingset_refault_anon': 3291} events={'low': 0, 'high': 0, 'max': 87, 'oom': 0, 'oom_kill': 0, 'oom_group_kill': 0}
[container_monitor] pf-swap-1: current=669.0MiB swap=45.9MiB max=701.0MiB cpu.usage_usec=1516511 method=swap_current_delta_fallback detail={'delta_swap_current': 0, 'swap_saturated': False, 'workingset_refault_anon': 3291} events={'low': 0, 'high': 0, 'max': 87, 'oom': 0, 'oom_kill': 0, 'oom_group_kill': 0}
[container_monitor] pf-swap-1: current=672.4MiB swap=45.9MiB max=701.0MiB cpu.usage_usec=1522069 method=swap_current_delta_fallback detail={'delta_swap_current': 0, 'swap_saturated': False, 'workingset_refault_anon': 3291} events={'low': 0, 'high': 0, 'max': 87, 'oom': 0, 'oom_kill': 0, 'oom_group_kill': 0}
[container_monitor] pf-swap-1: current=675.2MiB swap=45.9MiB max=701.0MiB cpu.usage_usec=1527130 method=swap_current_delta_fallback detail={'delta_swap_current': 0, 'swap_saturated': False, 'workingset_refault_anon': 3291} events={'low': 0, 'high': 0, 'max': 87, 'oom': 0, 'oom_kill': 0, 'oom_group_kill': 0}
[container_monitor] pf-swap-1: current=677.4MiB swap=45.9MiB max=701.0MiB cpu.usage_usec=1531513 method=swap_current_delta_fallback detail={'delta_swap_current': 0, 'swap_saturated': False, 'workingset_refault_anon': 3291} events={'low': 0, 'high': 0, 'max': 87, 'oom': 0, 'oom_kill': 0, 'oom_group_kill': 0}
[container_monitor] pf-swap-1: current=680.0MiB swap=45.9MiB max=701.0MiB cpu.usage_usec=1536267 method=swap_current_delta_fallback detail={'delta_swap_current': 0, 'swap_saturated': False, 'workingset_refault_anon': 3291} events={'low': 0, 'high': 0, 'max': 87, 'oom': 0, 'oom_kill': 0, 'oom_group_kill': 0}
[container_monitor] pf-swap-1: current=683.9MiB swap=45.9MiB max=701.0MiB cpu.usage_usec=1542073 method=swap_current_delta_fallback detail={'delta_swap_current': 0, 'swap_saturated': False, 'workingset_refault_anon': 3291} events={'low': 0, 'high': 0, 'max': 87, 'oom': 0, 'oom_kill': 0, 'oom_group_kill': 0}
[container_monitor] pf-swap-1: current=688.4MiB swap=45.9MiB max=701.0MiB cpu.usage_usec=1546619 method=swap_current_delta_fallback detail={'delta_swap_current': 0, 'swap_saturated': False, 'workingset_refault_anon': 3291} events={'low': 0, 'high': 0, 'max': 87, 'oom': 0, 'oom_kill': 0, 'oom_group_kill': 0}
[container_monitor] pf-swap-1: current=691.0MiB swap=45.9MiB max=701.0MiB cpu.usage_usec=1551571 method=swap_current_delta_fallback detail={'delta_swap_current': 0, 'swap_saturated': False, 'workingset_refault_anon': 3291} events={'low': 0, 'high': 0, 'max': 87, 'oom': 0, 'oom_kill': 0, 'oom_group_kill': 0}
[container_monitor] pf-swap-1: current=694.4MiB swap=45.9MiB max=701.0MiB cpu.usage_usec=1557306 method=swap_current_delta_fallback detail={'delta_swap_current': 0, 'swap_saturated': False, 'workingset_refault_anon': 3291} events={'low': 0, 'high': 0, 'max': 87, 'oom': 0, 'oom_kill': 0, 'oom_group_kill': 0}
[container_monitor] pf-swap-1: current=697.7MiB swap=45.9MiB max=701.0MiB cpu.usage_usec=1561553 method=swap_current_delta_fallback detail={'delta_swap_current': 0, 'swap_saturated': False, 'workingset_refault_anon': 3291} events={'low': 0, 'high': 0, 'max': 87, 'oom': 0, 'oom_kill': 0, 'oom_group_kill': 0}
[container_monitor] pf-swap-1: current=700.8MiB swap=46.9MiB max=701.0MiB cpu.usage_usec=1566824 method=swap_current_delta_fallback detail={'delta_swap_current': 1048576, 'swap_saturated': False, 'workingset_refault_anon': 3291} events={'low': 0, 'high': 0, 'max': 89, 'oom': 0, 'oom_kill': 0, 'oom_group_kill': 0}
[container_monitor] pf-swap-1: OCM 감지 (method=swap_current_delta_fallback, detail={'delta_swap_current': 1048576, 'swap_saturated': False, 'workingset_refault_anon': 3291})
[puff_manager] pf-swap-1: puff 적용 701MiB -> 981MiB
[container_monitor] pf-swap-1: puff 완료, 새 메모리 한도 981MiB
[container_monitor] pf-swap-1: 이미 suspend 상태, 재적용 생략
[container_monitor] pf-swap-1: current=713.9MiB swap=47.1MiB max=981.0MiB cpu.usage_usec=1574152 method=swap_current_delta_fallback detail={'delta_swap_current': 262144, 'swap_saturated': False, 'workingset_refault_anon': 3291} events={'low': 0, 'high': 0, 'max': 92, 'oom': 0, 'oom_kill': 0, 'oom_group_kill': 0}
[container_monitor] pf-swap-1: current=707.4MiB swap=56.0MiB max=981.0MiB cpu.usage_usec=1578825 method=swap_current_delta_fallback detail={'delta_swap_current': 9318400, 'swap_saturated': False, 'workingset_refault_anon': 3291} events={'low': 0, 'high': 0, 'max': 92, 'oom': 0, 'oom_kill': 0, 'oom_group_kill': 0}
[container_monitor] pf-swap-1: current=710.2MiB swap=56.0MiB max=981.0MiB cpu.usage_usec=1583905 method=swap_current_delta_fallback detail={'delta_swap_current': 0, 'swap_saturated': False, 'workingset_refault_anon': 3291} events={'low': 0, 'high': 0, 'max': 92, 'oom': 0, 'oom_kill': 0, 'oom_group_kill': 0}
[container_monitor] pf-swap-1: current=712.9MiB swap=56.0MiB max=981.0MiB cpu.usage_usec=1589029 method=swap_current_delta_fallback detail={'delta_swap_current': 0, 'swap_saturated': False, 'workingset_refault_anon': 3291} events={'low': 0, 'high': 0, 'max': 92, 'oom': 0, 'oom_kill': 0, 'oom_group_kill': 0}
[container_monitor] pf-swap-1: current=713.8MiB swap=56.0MiB max=981.0MiB cpu.usage_usec=1593732 method=swap_current_delta_fallback detail={'delta_swap_current': 0, 'swap_saturated': False, 'workingset_refault_anon': 3291} events={'low': 0, 'high': 0, 'max': 92, 'oom': 0, 'oom_kill': 0, 'oom_group_kill': 0}
[container_monitor] pf-swap-1: current=715.6MiB swap=56.0MiB max=981.0MiB cpu.usage_usec=1598783 method=swap_current_delta_fallback detail={'delta_swap_current': 0, 'swap_saturated': False, 'workingset_refault_anon': 3291} events={'low': 0, 'high': 0, 'max': 92, 'oom': 0, 'oom_kill': 0, 'oom_group_kill': 0}
[container_monitor] pf-swap-1: current=718.0MiB swap=56.0MiB max=981.0MiB cpu.usage_usec=1603595 method=swap_current_delta_fallback detail={'delta_swap_current': 0, 'swap_saturated': False, 'workingset_refault_anon': 3291} events={'low': 0, 'high': 0, 'max': 92, 'oom': 0, 'oom_kill': 0, 'oom_group_kill': 0}
[container_monitor] pf-swap-1: current=721.5MiB swap=56.0MiB max=981.0MiB cpu.usage_usec=1609315 method=swap_current_delta_fallback detail={'delta_swap_current': 0, 'swap_saturated': False, 'workingset_refault_anon': 3291} events={'low': 0, 'high': 0, 'max': 92, 'oom': 0, 'oom_kill': 0, 'oom_group_kill': 0}
[container_monitor] pf-swap-1: current=724.8MiB swap=56.0MiB max=981.0MiB cpu.usage_usec=1613902 method=swap_current_delta_fallback detail={'delta_swap_current': 0, 'swap_saturated': False, 'workingset_refault_anon': 3291} events={'low': 0, 'high': 0, 'max': 92, 'oom': 0, 'oom_kill': 0, 'oom_group_kill': 0}
[container_monitor] pf-swap-1: current=729.8MiB swap=56.0MiB max=981.0MiB cpu.usage_usec=1618957 method=swap_current_delta_fallback detail={'delta_swap_current': 0, 'swap_saturated': False, 'workingset_refault_anon': 3291} events={'low': 0, 'high': 0, 'max': 92, 'oom': 0, 'oom_kill': 0, 'oom_group_kill': 0}
[container_monitor] pf-swap-1: current=731.6MiB swap=56.0MiB max=981.0MiB cpu.usage_usec=1623937 method=swap_current_delta_fallback detail={'delta_swap_current': 0, 'swap_saturated': False, 'workingset_refault_anon': 3291} events={'low': 0, 'high': 0, 'max': 92, 'oom': 0, 'oom_kill': 0, 'oom_group_kill': 0}
[container_monitor] pf-swap-1: current=731.6MiB swap=56.0MiB max=981.0MiB cpu.usage_usec=1629037 method=swap_current_delta_fallback detail={'delta_swap_current': 0, 'swap_saturated': False, 'workingset_refault_anon': 3291} events={'low': 0, 'high': 0, 'max': 92, 'oom': 0, 'oom_kill': 0, 'oom_group_kill': 0}
[container_monitor] pf-swap-1: current=731.6MiB swap=56.0MiB max=981.0MiB cpu.usage_usec=1633663 method=swap_current_delta_fallback detail={'delta_swap_current': 0, 'swap_saturated': False, 'workingset_refault_anon': 3291} events={'low': 0, 'high': 0, 'max': 92, 'oom': 0, 'oom_kill': 0, 'oom_group_kill': 0}
[container_monitor] pf-swap-1: current=731.6MiB swap=56.0MiB max=981.0MiB cpu.usage_usec=1638361 method=swap_current_delta_fallback detail={'delta_swap_current': 0, 'swap_saturated': False, 'workingset_refault_anon': 3291} events={'low': 0, 'high': 0, 'max': 92, 'oom': 0, 'oom_kill': 0, 'oom_group_kill': 0}
[container_monitor] pf-swap-1: current=731.6MiB swap=56.0MiB max=981.0MiB cpu.usage_usec=1639213 method=swap_current_delta_fallback detail={'delta_swap_current': 0, 'swap_saturated': False, 'workingset_refault_anon': 3291} events={'low': 0, 'high': 0, 'max': 92, 'oom': 0, 'oom_kill': 0, 'oom_group_kill': 0}
[container_monitor] pf-swap-1: current=731.6MiB swap=56.0MiB max=981.0MiB cpu.usage_usec=1640100 method=swap_current_delta_fallback detail={'delta_swap_current': 0, 'swap_saturated': False, 'workingset_refault_anon': 3291} events={'low': 0, 'high': 0, 'max': 92, 'oom': 0, 'oom_kill': 0, 'oom_group_kill': 0}
[container_monitor] pf-swap-1: current=731.6MiB swap=56.0MiB max=981.0MiB cpu.usage_usec=1640939 method=swap_current_delta_fallback detail={'delta_swap_current': 0, 'swap_saturated': False, 'workingset_refault_anon': 3291} events={'low': 0, 'high': 0, 'max': 92, 'oom': 0, 'oom_kill': 0, 'oom_group_kill': 0}
[container_monitor] pf-swap-1: current=731.6MiB swap=56.0MiB max=981.0MiB cpu.usage_usec=1641676 method=swap_current_delta_fallback detail={'delta_swap_current': 0, 'swap_saturated': False, 'workingset_refault_anon': 3291} events={'low': 0, 'high': 0, 'max': 92, 'oom': 0, 'oom_kill': 0, 'oom_group_kill': 0}
[container_monitor] pf-swap-1: current=731.6MiB swap=56.0MiB max=981.0MiB cpu.usage_usec=1648111 method=swap_current_delta_fallback detail={'delta_swap_current': 0, 'swap_saturated': False, 'workingset_refault_anon': 3291} events={'low': 0, 'high': 0, 'max': 92, 'oom': 0, 'oom_kill': 0, 'oom_group_kill': 0}
[container_monitor] pf-swap-1: current=731.6MiB swap=56.0MiB max=981.0MiB cpu.usage_usec=1649592 method=swap_current_delta_fallback detail={'delta_swap_current': 0, 'swap_saturated': False, 'workingset_refault_anon': 3291} events={'low': 0, 'high': 0, 'max': 92, 'oom': 0, 'oom_kill': 0, 'oom_group_kill': 0}
[container_monitor] pf-swap-1: current=731.6MiB swap=56.0MiB max=981.0MiB cpu.usage_usec=1650312 method=swap_current_delta_fallback detail={'delta_swap_current': 0, 'swap_saturated': False, 'workingset_refault_anon': 3291} events={'low': 0, 'high': 0, 'max': 92, 'oom': 0, 'oom_kill': 0, 'oom_group_kill': 0}
[container_monitor] pf-swap-1: current=731.6MiB swap=56.0MiB max=981.0MiB cpu.usage_usec=1650982 method=swap_current_delta_fallback detail={'delta_swap_current': 0, 'swap_saturated': False, 'workingset_refault_anon': 3291} events={'low': 0, 'high': 0, 'max': 92, 'oom': 0, 'oom_kill': 0, 'oom_group_kill': 0}
[container_monitor] pf-swap-1: current=731.6MiB swap=56.0MiB max=981.0MiB cpu.usage_usec=1651670 method=swap_current_delta_fallback detail={'delta_swap_current': 0, 'swap_saturated': False, 'workingset_refault_anon': 3291} events={'low': 0, 'high': 0, 'max': 92, 'oom': 0, 'oom_kill': 0, 'oom_group_kill': 0}
[container_monitor] pf-swap-1: current=731.6MiB swap=56.0MiB max=981.0MiB cpu.usage_usec=1655628 method=swap_current_delta_fallback detail={'delta_swap_current': 0, 'swap_saturated': False, 'workingset_refault_anon': 3291} events={'low': 0, 'high': 0, 'max': 92, 'oom': 0, 'oom_kill': 0, 'oom_group_kill': 0}
[container_monitor] pf-swap-1: current=731.6MiB swap=56.0MiB max=981.0MiB cpu.usage_usec=1658563 method=swap_current_delta_fallback detail={'delta_swap_current': 0, 'swap_saturated': False, 'workingset_refault_anon': 3291} events={'low': 0, 'high': 0, 'max': 92, 'oom': 0, 'oom_kill': 0, 'oom_group_kill': 0}
[container_monitor] pf-swap-1: current=731.6MiB swap=56.0MiB max=981.0MiB cpu.usage_usec=1659234 method=swap_current_delta_fallback detail={'delta_swap_current': 0, 'swap_saturated': False, 'workingset_refault_anon': 3291} events={'low': 0, 'high': 0, 'max': 92, 'oom': 0, 'oom_kill': 0, 'oom_group_kill': 0}
[container_monitor] pf-swap-1: current=731.6MiB swap=56.0MiB max=981.0MiB cpu.usage_usec=1660153 method=swap_current_delta_fallback detail={'delta_swap_current': 0, 'swap_saturated': False, 'workingset_refault_anon': 3291} events={'low': 0, 'high': 0, 'max': 92, 'oom': 0, 'oom_kill': 0, 'oom_group_kill': 0}
[container_monitor] pf-swap-1: current=731.6MiB swap=56.0MiB max=981.0MiB cpu.usage_usec=1661106 method=swap_current_delta_fallback detail={'delta_swap_current': 0, 'swap_saturated': False, 'workingset_refault_anon': 3291} events={'low': 0, 'high': 0, 'max': 92, 'oom': 0, 'oom_kill': 0, 'oom_group_kill': 0}
[container_monitor] pf-swap-1: current=731.6MiB swap=56.0MiB max=981.0MiB cpu.usage_usec=1665518 method=swap_current_delta_fallback detail={'delta_swap_current': 0, 'swap_saturated': False, 'workingset_refault_anon': 3291} events={'low': 0, 'high': 0, 'max': 92, 'oom': 0, 'oom_kill': 0, 'oom_group_kill': 0}
[container_monitor] pf-swap-1: current=731.6MiB swap=56.0MiB max=981.0MiB cpu.usage_usec=1668188 method=swap_current_delta_fallback detail={'delta_swap_current': 0, 'swap_saturated': False, 'workingset_refault_anon': 3291} events={'low': 0, 'high': 0, 'max': 92, 'oom': 0, 'oom_kill': 0, 'oom_group_kill': 0}
[container_monitor] pf-swap-1: current=731.6MiB swap=56.0MiB max=981.0MiB cpu.usage_usec=1669095 method=swap_current_delta_fallback detail={'delta_swap_current': 0, 'swap_saturated': False, 'workingset_refault_anon': 3291} events={'low': 0, 'high': 0, 'max': 92, 'oom': 0, 'oom_kill': 0, 'oom_group_kill': 0}
[container_monitor] pf-swap-1: current=731.6MiB swap=56.0MiB max=981.0MiB cpu.usage_usec=1670064 method=swap_current_delta_fallback detail={'delta_swap_current': 0, 'swap_saturated': False, 'workingset_refault_anon': 3291} events={'low': 0, 'high': 0, 'max': 92, 'oom': 0, 'oom_kill': 0, 'oom_group_kill': 0}
[container_monitor] pf-swap-1: current=731.6MiB swap=56.0MiB max=981.0MiB cpu.usage_usec=1670967 method=swap_current_delta_fallback detail={'delta_swap_current': 0, 'swap_saturated': False, 'workingset_refault_anon': 3291} events={'low': 0, 'high': 0, 'max': 92, 'oom': 0, 'oom_kill': 0, 'oom_group_kill': 0}
[container_monitor] pf-swap-1: current=731.6MiB swap=56.0MiB max=981.0MiB cpu.usage_usec=1676321 method=swap_current_delta_fallback detail={'delta_swap_current': 0, 'swap_saturated': False, 'workingset_refault_anon': 3291} events={'low': 0, 'high': 0, 'max': 92, 'oom': 0, 'oom_kill': 0, 'oom_group_kill': 0}
[container_monitor] pf-swap-1: current=731.6MiB swap=56.0MiB max=981.0MiB cpu.usage_usec=1677546 method=swap_current_delta_fallback detail={'delta_swap_current': 0, 'swap_saturated': False, 'workingset_refault_anon': 3291} events={'low': 0, 'high': 0, 'max': 92, 'oom': 0, 'oom_kill': 0, 'oom_group_kill': 0}
[container_monitor] pf-swap-1: current=731.6MiB swap=56.0MiB max=981.0MiB cpu.usage_usec=1678241 method=swap_current_delta_fallback detail={'delta_swap_current': 0, 'swap_saturated': False, 'workingset_refault_anon': 3291} events={'low': 0, 'high': 0, 'max': 92, 'oom': 0, 'oom_kill': 0, 'oom_group_kill': 0}
[container_monitor] pf-swap-1: current=731.6MiB swap=56.0MiB max=981.0MiB cpu.usage_usec=1679009 method=swap_current_delta_fallback detail={'delta_swap_current': 0, 'swap_saturated': False, 'workingset_refault_anon': 3291} events={'low': 0, 'high': 0, 'max': 92, 'oom': 0, 'oom_kill': 0, 'oom_group_kill': 0}
[container_monitor] pf-swap-1: current=731.6MiB swap=56.0MiB max=981.0MiB cpu.usage_usec=1679739 method=swap_current_delta_fallback detail={'delta_swap_current': 0, 'swap_saturated': False, 'workingset_refault_anon': 3291} events={'low': 0, 'high': 0, 'max': 92, 'oom': 0, 'oom_kill': 0, 'oom_group_kill': 0}
[container_monitor] pf-swap-1: current=731.6MiB swap=56.0MiB max=981.0MiB cpu.usage_usec=1684853 method=swap_current_delta_fallback detail={'delta_swap_current': 0, 'swap_saturated': False, 'workingset_refault_anon': 3291} events={'low': 0, 'high': 0, 'max': 92, 'oom': 0, 'oom_kill': 0, 'oom_group_kill': 0}
[container_monitor] pf-swap-1: current=731.6MiB swap=56.0MiB max=981.0MiB cpu.usage_usec=1690079 method=swap_current_delta_fallback detail={'delta_swap_current': 0, 'swap_saturated': False, 'workingset_refault_anon': 3293} events={'low': 0, 'high': 0, 'max': 92, 'oom': 0, 'oom_kill': 0, 'oom_group_kill': 0}
[container_monitor] pf-swap-1: current=731.7MiB swap=56.0MiB max=981.0MiB cpu.usage_usec=1692032 method=swap_current_delta_fallback detail={'delta_swap_current': 0, 'swap_saturated': False, 'workingset_refault_anon': 3297} events={'low': 0, 'high': 0, 'max': 92, 'oom': 0, 'oom_kill': 0, 'oom_group_kill': 0}
[container_monitor] pf-swap-1: current=731.7MiB swap=56.0MiB max=981.0MiB cpu.usage_usec=1692833 method=swap_current_delta_fallback detail={'delta_swap_current': 0, 'swap_saturated': False, 'workingset_refault_anon': 3308} events={'low': 0, 'high': 0, 'max': 92, 'oom': 0, 'oom_kill': 0, 'oom_group_kill': 0}
[container_monitor] pf-swap-1: current=731.7MiB swap=56.0MiB max=981.0MiB cpu.usage_usec=1693567 method=swap_current_delta_fallback detail={'delta_swap_current': 0, 'swap_saturated': False, 'workingset_refault_anon': 3308} events={'low': 0, 'high': 0, 'max': 92, 'oom': 0, 'oom_kill': 0, 'oom_group_kill': 0}
[container_monitor] pf-swap-1: current=731.7MiB swap=56.0MiB max=981.0MiB cpu.usage_usec=1697569 method=swap_current_delta_fallback detail={'delta_swap_current': 0, 'swap_saturated': False, 'workingset_refault_anon': 3308} events={'low': 0, 'high': 0, 'max': 92, 'oom': 0, 'oom_kill': 0, 'oom_group_kill': 0}
[container_monitor] pf-swap-1: current=731.7MiB swap=56.0MiB max=981.0MiB cpu.usage_usec=1698965 method=swap_current_delta_fallback detail={'delta_swap_current': 0, 'swap_saturated': False, 'workingset_refault_anon': 3308} events={'low': 0, 'high': 0, 'max': 92, 'oom': 0, 'oom_kill': 0, 'oom_group_kill': 0}
[container_monitor] pf-swap-1: current=731.7MiB swap=56.0MiB max=981.0MiB cpu.usage_usec=1699814 method=swap_current_delta_fallback detail={'delta_swap_current': 0, 'swap_saturated': False, 'workingset_refault_anon': 3308} events={'low': 0, 'high': 0, 'max': 92, 'oom': 0, 'oom_kill': 0, 'oom_group_kill': 0}
[container_monitor] pf-swap-1: current=731.7MiB swap=56.0MiB max=981.0MiB cpu.usage_usec=1700790 method=swap_current_delta_fallback detail={'delta_swap_current': 0, 'swap_saturated': False, 'workingset_refault_anon': 3308} events={'low': 0, 'high': 0, 'max': 92, 'oom': 0, 'oom_kill': 0, 'oom_group_kill': 0}
[container_monitor] pf-swap-1: current=731.7MiB swap=56.0MiB max=981.0MiB cpu.usage_usec=1701771 method=swap_current_delta_fallback detail={'delta_swap_current': 0, 'swap_saturated': False, 'workingset_refault_anon': 3308} events={'low': 0, 'high': 0, 'max': 92, 'oom': 0, 'oom_kill': 0, 'oom_group_kill': 0}
[container_monitor] pf-swap-1: current=731.7MiB swap=56.0MiB max=981.0MiB cpu.usage_usec=1707380 method=swap_current_delta_fallback detail={'delta_swap_current': 0, 'swap_saturated': False, 'workingset_refault_anon': 3308} events={'low': 0, 'high': 0, 'max': 92, 'oom': 0, 'oom_kill': 0, 'oom_group_kill': 0}
[container_monitor] pf-swap-1: current=731.7MiB swap=56.0MiB max=981.0MiB cpu.usage_usec=1712588 method=swap_current_delta_fallback detail={'delta_swap_current': 0, 'swap_saturated': False, 'workingset_refault_anon': 3308} events={'low': 0, 'high': 0, 'max': 92, 'oom': 0, 'oom_kill': 0, 'oom_group_kill': 0}
[container_monitor] pf-swap-1: current=731.7MiB swap=56.0MiB max=981.0MiB cpu.usage_usec=1713710 method=swap_current_delta_fallback detail={'delta_swap_current': 0, 'swap_saturated': False, 'workingset_refault_anon': 3315} events={'low': 0, 'high': 0, 'max': 92, 'oom': 0, 'oom_kill': 0, 'oom_group_kill': 0}
[container_monitor] pf-swap-1: current=731.7MiB swap=56.0MiB max=981.0MiB cpu.usage_usec=1714465 method=swap_current_delta_fallback detail={'delta_swap_current': 0, 'swap_saturated': False, 'workingset_refault_anon': 3315} events={'low': 0, 'high': 0, 'max': 92, 'oom': 0, 'oom_kill': 0, 'oom_group_kill': 0}
[container_monitor] pf-swap-1: current=731.7MiB swap=56.0MiB max=981.0MiB cpu.usage_usec=1715516 method=swap_current_delta_fallback detail={'delta_swap_current': 0, 'swap_saturated': False, 'workingset_refault_anon': 3315} events={'low': 0, 'high': 0, 'max': 92, 'oom': 0, 'oom_kill': 0, 'oom_group_kill': 0}
[container_monitor] pf-swap-1: current=731.7MiB swap=56.0MiB max=981.0MiB cpu.usage_usec=1719286 method=swap_current_delta_fallback detail={'delta_swap_current': 0, 'swap_saturated': False, 'workingset_refault_anon': 3315} events={'low': 0, 'high': 0, 'max': 92, 'oom': 0, 'oom_kill': 0, 'oom_group_kill': 0}
[container_monitor] pf-swap-1: current=731.7MiB swap=56.0MiB max=981.0MiB cpu.usage_usec=1723439 method=swap_current_delta_fallback detail={'delta_swap_current': 0, 'swap_saturated': False, 'workingset_refault_anon': 3315} events={'low': 0, 'high': 0, 'max': 92, 'oom': 0, 'oom_kill': 0, 'oom_group_kill': 0}
[container_monitor] pf-swap-1: current=731.7MiB swap=56.0MiB max=981.0MiB cpu.usage_usec=1724557 method=swap_current_delta_fallback detail={'delta_swap_current': 0, 'swap_saturated': False, 'workingset_refault_anon': 3315} events={'low': 0, 'high': 0, 'max': 92, 'oom': 0, 'oom_kill': 0, 'oom_group_kill': 0}
[container_monitor] pf-swap-1: current=731.7MiB swap=56.0MiB max=981.0MiB cpu.usage_usec=1725522 method=swap_current_delta_fallback detail={'delta_swap_current': 0, 'swap_saturated': False, 'workingset_refault_anon': 3315} events={'low': 0, 'high': 0, 'max': 92, 'oom': 0, 'oom_kill': 0, 'oom_group_kill': 0}
[container_monitor] pf-swap-1: current=731.7MiB swap=56.0MiB max=981.0MiB cpu.usage_usec=1726377 method=swap_current_delta_fallback detail={'delta_swap_current': 0, 'swap_saturated': False, 'workingset_refault_anon': 3315} events={'low': 0, 'high': 0, 'max': 92, 'oom': 0, 'oom_kill': 0, 'oom_group_kill': 0}
[container_monitor] pf-swap-1: current=731.7MiB swap=56.0MiB max=981.0MiB cpu.usage_usec=1727380 method=swap_current_delta_fallback detail={'delta_swap_current': 0, 'swap_saturated': False, 'workingset_refault_anon': 3315} events={'low': 0, 'high': 0, 'max': 92, 'oom': 0, 'oom_kill': 0, 'oom_group_kill': 0}
[container_monitor] pf-swap-1: current=731.7MiB swap=56.0MiB max=981.0MiB cpu.usage_usec=1733969 method=swap_current_delta_fallback detail={'delta_swap_current': 0, 'swap_saturated': False, 'workingset_refault_anon': 3315} events={'low': 0, 'high': 0, 'max': 92, 'oom': 0, 'oom_kill': 0, 'oom_group_kill': 0}
[container_monitor] pf-swap-1: current=731.7MiB swap=56.0MiB max=981.0MiB cpu.usage_usec=1734959 method=swap_current_delta_fallback detail={'delta_swap_current': 0, 'swap_saturated': False, 'workingset_refault_anon': 3315} events={'low': 0, 'high': 0, 'max': 92, 'oom': 0, 'oom_kill': 0, 'oom_group_kill': 0}
[container_monitor] pf-swap-1: current=731.7MiB swap=56.0MiB max=981.0MiB cpu.usage_usec=1736366 method=swap_current_delta_fallback detail={'delta_swap_current': 0, 'swap_saturated': False, 'workingset_refault_anon': 3315} events={'low': 0, 'high': 0, 'max': 92, 'oom': 0, 'oom_kill': 0, 'oom_group_kill': 0}
[container_monitor] pf-swap-1: current=731.7MiB swap=56.0MiB max=981.0MiB cpu.usage_usec=1737569 method=swap_current_delta_fallback detail={'delta_swap_current': 0, 'swap_saturated': False, 'workingset_refault_anon': 3315} events={'low': 0, 'high': 0, 'max': 92, 'oom': 0, 'oom_kill': 0, 'oom_group_kill': 0}
[container_monitor] pf-swap-1: current=731.7MiB swap=56.0MiB max=981.0MiB cpu.usage_usec=1740361 method=swap_current_delta_fallback detail={'delta_swap_current': 0, 'swap_saturated': False, 'workingset_refault_anon': 3315} events={'low': 0, 'high': 0, 'max': 92, 'oom': 0, 'oom_kill': 0, 'oom_group_kill': 0}
[container_monitor] pf-swap-1: current=731.7MiB swap=56.0MiB max=981.0MiB cpu.usage_usec=1743593 method=swap_current_delta_fallback detail={'delta_swap_current': 0, 'swap_saturated': False, 'workingset_refault_anon': 3315} events={'low': 0, 'high': 0, 'max': 92, 'oom': 0, 'oom_kill': 0, 'oom_group_kill': 0}
[container_monitor] pf-swap-1: current=731.7MiB swap=56.0MiB max=981.0MiB cpu.usage_usec=1744153 method=swap_current_delta_fallback detail={'delta_swap_current': 0, 'swap_saturated': False, 'workingset_refault_anon': 3315} events={'low': 0, 'high': 0, 'max': 92, 'oom': 0, 'oom_kill': 0, 'oom_group_kill': 0}
[container_monitor] pf-swap-1: current=731.7MiB swap=56.0MiB max=981.0MiB cpu.usage_usec=1744801 method=swap_current_delta_fallback detail={'delta_swap_current': 0, 'swap_saturated': False, 'workingset_refault_anon': 3315} events={'low': 0, 'high': 0, 'max': 92, 'oom': 0, 'oom_kill': 0, 'oom_group_kill': 0}
[container_monitor] pf-swap-1: current=731.7MiB swap=56.0MiB max=981.0MiB cpu.usage_usec=1745597 method=swap_current_delta_fallback detail={'delta_swap_current': 0, 'swap_saturated': False, 'workingset_refault_anon': 3315} events={'low': 0, 'high': 0, 'max': 92, 'oom': 0, 'oom_kill': 0, 'oom_group_kill': 0}
[container_monitor] pf-swap-1: current=731.7MiB swap=56.0MiB max=981.0MiB cpu.usage_usec=1749382 method=swap_current_delta_fallback detail={'delta_swap_current': 0, 'swap_saturated': False, 'workingset_refault_anon': 3315} events={'low': 0, 'high': 0, 'max': 92, 'oom': 0, 'oom_kill': 0, 'oom_group_kill': 0}
[container_monitor] pf-swap-1: current=731.7MiB swap=56.0MiB max=981.0MiB cpu.usage_usec=1750557 method=swap_current_delta_fallback detail={'delta_swap_current': 0, 'swap_saturated': False, 'workingset_refault_anon': 3315} events={'low': 0, 'high': 0, 'max': 92, 'oom': 0, 'oom_kill': 0, 'oom_group_kill': 0}
[container_monitor] pf-swap-1: current=731.7MiB swap=56.0MiB max=981.0MiB cpu.usage_usec=1751209 method=swap_current_delta_fallback detail={'delta_swap_current': 0, 'swap_saturated': False, 'workingset_refault_anon': 3315} events={'low': 0, 'high': 0, 'max': 92, 'oom': 0, 'oom_kill': 0, 'oom_group_kill': 0}
[container_monitor] pf-swap-1: current=731.7MiB swap=56.0MiB max=981.0MiB cpu.usage_usec=1752094 method=swap_current_delta_fallback detail={'delta_swap_current': 0, 'swap_saturated': False, 'workingset_refault_anon': 3315} events={'low': 0, 'high': 0, 'max': 92, 'oom': 0, 'oom_kill': 0, 'oom_group_kill': 0}
[container_monitor] pf-swap-1: current=731.7MiB swap=56.0MiB max=981.0MiB cpu.usage_usec=1752960 method=swap_current_delta_fallback detail={'delta_swap_current': 0, 'swap_saturated': False, 'workingset_refault_anon': 3315} events={'low': 0, 'high': 0, 'max': 92, 'oom': 0, 'oom_kill': 0, 'oom_group_kill': 0}
[container_monitor] pf-swap-1: current=731.7MiB swap=56.0MiB max=981.0MiB cpu.usage_usec=1758474 method=swap_current_delta_fallback detail={'delta_swap_current': 0, 'swap_saturated': False, 'workingset_refault_anon': 3315} events={'low': 0, 'high': 0, 'max': 92, 'oom': 0, 'oom_kill': 0, 'oom_group_kill': 0}
[container_monitor] pf-swap-1: current=731.7MiB swap=56.0MiB max=981.0MiB cpu.usage_usec=1759389 method=swap_current_delta_fallback detail={'delta_swap_current': 0, 'swap_saturated': False, 'workingset_refault_anon': 3315} events={'low': 0, 'high': 0, 'max': 92, 'oom': 0, 'oom_kill': 0, 'oom_group_kill': 0}
[container_monitor] pf-swap-1: current=731.7MiB swap=56.0MiB max=981.0MiB cpu.usage_usec=1760133 method=swap_current_delta_fallback detail={'delta_swap_current': 0, 'swap_saturated': False, 'workingset_refault_anon': 3315} events={'low': 0, 'high': 0, 'max': 92, 'oom': 0, 'oom_kill': 0, 'oom_group_kill': 0}
[container_monitor] pf-swap-1: current=731.7MiB swap=56.0MiB max=981.0MiB cpu.usage_usec=1760996 method=swap_current_delta_fallback detail={'delta_swap_current': 0, 'swap_saturated': False, 'workingset_refault_anon': 3315} events={'low': 0, 'high': 0, 'max': 92, 'oom': 0, 'oom_kill': 0, 'oom_group_kill': 0}
[container_monitor] pf-swap-1: current=731.7MiB swap=56.0MiB max=981.0MiB cpu.usage_usec=1763560 method=swap_current_delta_fallback detail={'delta_swap_current': 0, 'swap_saturated': False, 'workingset_refault_anon': 3315} events={'low': 0, 'high': 0, 'max': 92, 'oom': 0, 'oom_kill': 0, 'oom_group_kill': 0}
[container_monitor] pf-swap-1: current=731.7MiB swap=56.0MiB max=981.0MiB cpu.usage_usec=1768424 method=swap_current_delta_fallback detail={'delta_swap_current': 0, 'swap_saturated': False, 'workingset_refault_anon': 3315} events={'low': 0, 'high': 0, 'max': 92, 'oom': 0, 'oom_kill': 0, 'oom_group_kill': 0}
[container_monitor] pf-swap-1: current=731.7MiB swap=56.0MiB max=981.0MiB cpu.usage_usec=1769175 method=swap_current_delta_fallback detail={'delta_swap_current': 0, 'swap_saturated': False, 'workingset_refault_anon': 3315} events={'low': 0, 'high': 0, 'max': 92, 'oom': 0, 'oom_kill': 0, 'oom_group_kill': 0}
[container_monitor] pf-swap-1: current=731.7MiB swap=56.0MiB max=981.0MiB cpu.usage_usec=1769811 method=swap_current_delta_fallback detail={'delta_swap_current': 0, 'swap_saturated': False, 'workingset_refault_anon': 3315} events={'low': 0, 'high': 0, 'max': 92, 'oom': 0, 'oom_kill': 0, 'oom_group_kill': 0}
[container_monitor] pf-swap-1: current=731.7MiB swap=56.0MiB max=981.0MiB cpu.usage_usec=1770546 method=swap_current_delta_fallback detail={'delta_swap_current': 0, 'swap_saturated': False, 'workingset_refault_anon': 3315} events={'low': 0, 'high': 0, 'max': 92, 'oom': 0, 'oom_kill': 0, 'oom_group_kill': 0}
[container_monitor] pf-swap-1: current=731.7MiB swap=56.0MiB max=981.0MiB cpu.usage_usec=1774302 method=swap_current_delta_fallback detail={'delta_swap_current': 0, 'swap_saturated': False, 'workingset_refault_anon': 3315} events={'low': 0, 'high': 0, 'max': 92, 'oom': 0, 'oom_kill': 0, 'oom_group_kill': 0}
[container_monitor] pf-swap-1: current=731.7MiB swap=56.0MiB max=981.0MiB cpu.usage_usec=1777346 method=swap_current_delta_fallback detail={'delta_swap_current': 0, 'swap_saturated': False, 'workingset_refault_anon': 3315} events={'low': 0, 'high': 0, 'max': 92, 'oom': 0, 'oom_kill': 0, 'oom_group_kill': 0}
[container_monitor] pf-swap-1: current=731.7MiB swap=56.0MiB max=981.0MiB cpu.usage_usec=1778329 method=swap_current_delta_fallback detail={'delta_swap_current': 0, 'swap_saturated': False, 'workingset_refault_anon': 3315} events={'low': 0, 'high': 0, 'max': 92, 'oom': 0, 'oom_kill': 0, 'oom_group_kill': 0}
[container_monitor] pf-swap-1: current=731.7MiB swap=55.9MiB max=981.0MiB cpu.usage_usec=1779585 method=swap_current_delta_fallback detail={'delta_swap_current': -77824, 'swap_saturated': False, 'workingset_refault_anon': 3315} events={'low': 0, 'high': 0, 'max': 92, 'oom': 0, 'oom_kill': 0, 'oom_group_kill': 0}
[container_monitor] pf-swap-1: current=731.7MiB swap=55.9MiB max=981.0MiB cpu.usage_usec=1780506 method=swap_current_delta_fallback detail={'delta_swap_current': 0, 'swap_saturated': False, 'workingset_refault_anon': 3315} events={'low': 0, 'high': 0, 'max': 92, 'oom': 0, 'oom_kill': 0, 'oom_group_kill': 0}
[container_monitor] pf-swap-1: current=731.7MiB swap=55.9MiB max=981.0MiB cpu.usage_usec=1783375 method=swap_current_delta_fallback detail={'delta_swap_current': 0, 'swap_saturated': False, 'workingset_refault_anon': 3315} events={'low': 0, 'high': 0, 'max': 92, 'oom': 0, 'oom_kill': 0, 'oom_group_kill': 0}
[container_monitor] pf-swap-1: current=731.7MiB swap=55.9MiB max=981.0MiB cpu.usage_usec=1788186 method=swap_current_delta_fallback detail={'delta_swap_current': 0, 'swap_saturated': False, 'workingset_refault_anon': 3315} events={'low': 0, 'high': 0, 'max': 92, 'oom': 0, 'oom_kill': 0, 'oom_group_kill': 0}
[container_monitor] pf-swap-1: current=731.7MiB swap=55.9MiB max=981.0MiB cpu.usage_usec=1788869 method=swap_current_delta_fallback detail={'delta_swap_current': 0, 'swap_saturated': False, 'workingset_refault_anon': 3315} events={'low': 0, 'high': 0, 'max': 92, 'oom': 0, 'oom_kill': 0, 'oom_group_kill': 0}
[container_monitor] pf-swap-1: current=731.7MiB swap=55.9MiB max=981.0MiB cpu.usage_usec=1789535 method=swap_current_delta_fallback detail={'delta_swap_current': 0, 'swap_saturated': False, 'workingset_refault_anon': 3315} events={'low': 0, 'high': 0, 'max': 92, 'oom': 0, 'oom_kill': 0, 'oom_group_kill': 0}
[container_monitor] pf-swap-1: current=731.7MiB swap=55.9MiB max=981.0MiB cpu.usage_usec=1790225 method=swap_current_delta_fallback detail={'delta_swap_current': 0, 'swap_saturated': False, 'workingset_refault_anon': 3315} events={'low': 0, 'high': 0, 'max': 92, 'oom': 0, 'oom_kill': 0, 'oom_group_kill': 0}
[container_monitor] pf-swap-1: current=731.7MiB swap=55.9MiB max=981.0MiB cpu.usage_usec=1793229 method=swap_current_delta_fallback detail={'delta_swap_current': 0, 'swap_saturated': False, 'workingset_refault_anon': 3315} events={'low': 0, 'high': 0, 'max': 92, 'oom': 0, 'oom_kill': 0, 'oom_group_kill': 0}
[container_monitor] pf-swap-1: current=731.7MiB swap=55.9MiB max=981.0MiB cpu.usage_usec=1797188 method=swap_current_delta_fallback detail={'delta_swap_current': 0, 'swap_saturated': False, 'workingset_refault_anon': 3315} events={'low': 0, 'high': 0, 'max': 92, 'oom': 0, 'oom_kill': 0, 'oom_group_kill': 0}
[container_monitor] pf-swap-1: current=731.7MiB swap=55.9MiB max=981.0MiB cpu.usage_usec=1797908 method=swap_current_delta_fallback detail={'delta_swap_current': 0, 'swap_saturated': False, 'workingset_refault_anon': 3315} events={'low': 0, 'high': 0, 'max': 92, 'oom': 0, 'oom_kill': 0, 'oom_group_kill': 0}
[container_monitor] pf-swap-1: current=731.7MiB swap=55.9MiB max=981.0MiB cpu.usage_usec=1798720 method=swap_current_delta_fallback detail={'delta_swap_current': 0, 'swap_saturated': False, 'workingset_refault_anon': 3315} events={'low': 0, 'high': 0, 'max': 92, 'oom': 0, 'oom_kill': 0, 'oom_group_kill': 0}
[container_monitor] pf-swap-1: current=731.7MiB swap=55.9MiB max=981.0MiB cpu.usage_usec=1799613 method=swap_current_delta_fallback detail={'delta_swap_current': 0, 'swap_saturated': False, 'workingset_refault_anon': 3315} events={'low': 0, 'high': 0, 'max': 92, 'oom': 0, 'oom_kill': 0, 'oom_group_kill': 0}
[container_monitor] pf-swap-1: current=731.7MiB swap=55.9MiB max=981.0MiB cpu.usage_usec=1802008 method=swap_current_delta_fallback detail={'delta_swap_current': 0, 'swap_saturated': False, 'workingset_refault_anon': 3315} events={'low': 0, 'high': 0, 'max': 92, 'oom': 0, 'oom_kill': 0, 'oom_group_kill': 0}
[container_monitor] pf-swap-1: current=731.7MiB swap=55.9MiB max=981.0MiB cpu.usage_usec=1805689 method=swap_current_delta_fallback detail={'delta_swap_current': 0, 'swap_saturated': False, 'workingset_refault_anon': 3315} events={'low': 0, 'high': 0, 'max': 92, 'oom': 0, 'oom_kill': 0, 'oom_group_kill': 0}
[container_monitor] pf-swap-1: current=731.7MiB swap=55.9MiB max=981.0MiB cpu.usage_usec=1806411 method=swap_current_delta_fallback detail={'delta_swap_current': 0, 'swap_saturated': False, 'workingset_refault_anon': 3315} events={'low': 0, 'high': 0, 'max': 92, 'oom': 0, 'oom_kill': 0, 'oom_group_kill': 0}
[container_monitor] pf-swap-1: current=731.7MiB swap=55.9MiB max=981.0MiB cpu.usage_usec=1807089 method=swap_current_delta_fallback detail={'delta_swap_current': 0, 'swap_saturated': False, 'workingset_refault_anon': 3315} events={'low': 0, 'high': 0, 'max': 92, 'oom': 0, 'oom_kill': 0, 'oom_group_kill': 0}
[container_monitor] pf-swap-1: current=731.7MiB swap=55.9MiB max=981.0MiB cpu.usage_usec=1807705 method=swap_current_delta_fallback detail={'delta_swap_current': 0, 'swap_saturated': False, 'workingset_refault_anon': 3315} events={'low': 0, 'high': 0, 'max': 92, 'oom': 0, 'oom_kill': 0, 'oom_group_kill': 0}
[container_monitor] pf-swap-1: current=731.7MiB swap=55.9MiB max=981.0MiB cpu.usage_usec=1811037 method=swap_current_delta_fallback detail={'delta_swap_current': 0, 'swap_saturated': False, 'workingset_refault_anon': 3315} events={'low': 0, 'high': 0, 'max': 92, 'oom': 0, 'oom_kill': 0, 'oom_group_kill': 0}
[container_monitor] pf-swap-1: current=731.7MiB swap=55.9MiB max=981.0MiB cpu.usage_usec=1812040 method=swap_current_delta_fallback detail={'delta_swap_current': 0, 'swap_saturated': False, 'workingset_refault_anon': 3315} events={'low': 0, 'high': 0, 'max': 92, 'oom': 0, 'oom_kill': 0, 'oom_group_kill': 0}
[container_monitor] pf-swap-1: current=731.7MiB swap=55.9MiB max=981.0MiB cpu.usage_usec=1812977 method=swap_current_delta_fallback detail={'delta_swap_current': 0, 'swap_saturated': False, 'workingset_refault_anon': 3315} events={'low': 0, 'high': 0, 'max': 92, 'oom': 0, 'oom_kill': 0, 'oom_group_kill': 0}
[container_monitor] pf-swap-1: current=731.7MiB swap=55.9MiB max=981.0MiB cpu.usage_usec=1814100 method=swap_current_delta_fallback detail={'delta_swap_current': 0, 'swap_saturated': False, 'workingset_refault_anon': 3315} events={'low': 0, 'high': 0, 'max': 92, 'oom': 0, 'oom_kill': 0, 'oom_group_kill': 0}
[container_monitor] pf-swap-1: current=731.7MiB swap=55.9MiB max=981.0MiB cpu.usage_usec=1815000 method=swap_current_delta_fallback detail={'delta_swap_current': 0, 'swap_saturated': False, 'workingset_refault_anon': 3315} events={'low': 0, 'high': 0, 'max': 92, 'oom': 0, 'oom_kill': 0, 'oom_group_kill': 0}
[container_monitor] pf-swap-1: current=731.7MiB swap=55.9MiB max=981.0MiB cpu.usage_usec=1819648 method=swap_current_delta_fallback detail={'delta_swap_current': 0, 'swap_saturated': False, 'workingset_refault_anon': 3315} events={'low': 0, 'high': 0, 'max': 92, 'oom': 0, 'oom_kill': 0, 'oom_group_kill': 0}
[container_monitor] pf-swap-1: current=731.7MiB swap=55.9MiB max=981.0MiB cpu.usage_usec=1820355 method=swap_current_delta_fallback detail={'delta_swap_current': 0, 'swap_saturated': False, 'workingset_refault_anon': 3315} events={'low': 0, 'high': 0, 'max': 92, 'oom': 0, 'oom_kill': 0, 'oom_group_kill': 0}
[container_monitor] pf-swap-1: current=731.7MiB swap=55.9MiB max=981.0MiB cpu.usage_usec=1821081 method=swap_current_delta_fallback detail={'delta_swap_current': 0, 'swap_saturated': False, 'workingset_refault_anon': 3315} events={'low': 0, 'high': 0, 'max': 92, 'oom': 0, 'oom_kill': 0, 'oom_group_kill': 0}
[container_monitor] pf-swap-1: current=731.7MiB swap=55.9MiB max=981.0MiB cpu.usage_usec=1821910 method=swap_current_delta_fallback detail={'delta_swap_current': 0, 'swap_saturated': False, 'workingset_refault_anon': 3315} events={'low': 0, 'high': 0, 'max': 92, 'oom': 0, 'oom_kill': 0, 'oom_group_kill': 0}
[container_monitor] pf-swap-1: current=731.7MiB swap=55.9MiB max=981.0MiB cpu.usage_usec=1825850 method=swap_current_delta_fallback detail={'delta_swap_current': 0, 'swap_saturated': False, 'workingset_refault_anon': 3315} events={'low': 0, 'high': 0, 'max': 92, 'oom': 0, 'oom_kill': 0, 'oom_group_kill': 0}
[container_monitor] pf-swap-1: current=731.7MiB swap=55.9MiB max=981.0MiB cpu.usage_usec=1830563 method=swap_current_delta_fallback detail={'delta_swap_current': 0, 'swap_saturated': False, 'workingset_refault_anon': 3315} events={'low': 0, 'high': 0, 'max': 92, 'oom': 0, 'oom_kill': 0, 'oom_group_kill': 0}
[container_monitor] pf-swap-1: current=732.0MiB swap=55.7MiB max=981.0MiB cpu.usage_usec=1835757 method=swap_current_delta_fallback detail={'delta_swap_current': -262144, 'swap_saturated': False, 'workingset_refault_anon': 3390} events={'low': 0, 'high': 0, 'max': 92, 'oom': 0, 'oom_kill': 0, 'oom_group_kill': 0}
[container_monitor] pf-swap-1: current=732.1MiB swap=55.6MiB max=981.0MiB cpu.usage_usec=1838048 method=swap_current_delta_fallback detail={'delta_swap_current': -57344, 'swap_saturated': False, 'workingset_refault_anon': 3390} events={'low': 0, 'high': 0, 'max': 92, 'oom': 0, 'oom_kill': 0, 'oom_group_kill': 0}
[container_monitor] pf-swap-1: current=732.1MiB swap=55.6MiB max=981.0MiB cpu.usage_usec=1838842 method=swap_current_delta_fallback detail={'delta_swap_current': 0, 'swap_saturated': False, 'workingset_refault_anon': 3394} events={'low': 0, 'high': 0, 'max': 92, 'oom': 0, 'oom_kill': 0, 'oom_group_kill': 0}
[container_monitor] pf-swap-1: current=732.1MiB swap=55.6MiB max=981.0MiB cpu.usage_usec=1841875 method=swap_current_delta_fallback detail={'delta_swap_current': 0, 'swap_saturated': False, 'workingset_refault_anon': 3394} events={'low': 0, 'high': 0, 'max': 92, 'oom': 0, 'oom_kill': 0, 'oom_group_kill': 0}
[container_monitor] pf-swap-1: current=732.1MiB swap=55.6MiB max=981.0MiB cpu.usage_usec=1846930 method=swap_current_delta_fallback detail={'delta_swap_current': 0, 'swap_saturated': False, 'workingset_refault_anon': 3394} events={'low': 0, 'high': 0, 'max': 92, 'oom': 0, 'oom_kill': 0, 'oom_group_kill': 0}
[container_monitor] pf-swap-1: current=732.1MiB swap=55.6MiB max=981.0MiB cpu.usage_usec=1851416 method=swap_current_delta_fallback detail={'delta_swap_current': 0, 'swap_saturated': False, 'workingset_refault_anon': 3398} events={'low': 0, 'high': 0, 'max': 92, 'oom': 0, 'oom_kill': 0, 'oom_group_kill': 0}
[container_monitor] pf-swap-1: current=732.2MiB swap=55.6MiB max=981.0MiB cpu.usage_usec=1854742 method=swap_current_delta_fallback detail={'delta_swap_current': 0, 'swap_saturated': False, 'workingset_refault_anon': 3408} events={'low': 0, 'high': 0, 'max': 92, 'oom': 0, 'oom_kill': 0, 'oom_group_kill': 0}
[container_monitor] pf-swap-1: current=732.2MiB swap=55.6MiB max=981.0MiB cpu.usage_usec=1855415 method=swap_current_delta_fallback detail={'delta_swap_current': 0, 'swap_saturated': False, 'workingset_refault_anon': 3415} events={'low': 0, 'high': 0, 'max': 92, 'oom': 0, 'oom_kill': 0, 'oom_group_kill': 0}
[container_monitor] pf-swap-1: current=732.2MiB swap=55.6MiB max=981.0MiB cpu.usage_usec=1856102 method=swap_current_delta_fallback detail={'delta_swap_current': 0, 'swap_saturated': False, 'workingset_refault_anon': 3415} events={'low': 0, 'high': 0, 'max': 92, 'oom': 0, 'oom_kill': 0, 'oom_group_kill': 0}
[container_monitor] pf-swap-1: current=732.2MiB swap=55.6MiB max=981.0MiB cpu.usage_usec=1861096 method=swap_current_delta_fallback detail={'delta_swap_current': 0, 'swap_saturated': False, 'workingset_refault_anon': 3415} events={'low': 0, 'high': 0, 'max': 92, 'oom': 0, 'oom_kill': 0, 'oom_group_kill': 0}
[container_monitor] pf-swap-1: current=732.2MiB swap=55.6MiB max=981.0MiB cpu.usage_usec=1862663 method=swap_current_delta_fallback detail={'delta_swap_current': 0, 'swap_saturated': False, 'workingset_refault_anon': 3415} events={'low': 0, 'high': 0, 'max': 92, 'oom': 0, 'oom_kill': 0, 'oom_group_kill': 0}
[container_monitor] pf-swap-1: current=732.2MiB swap=55.6MiB max=981.0MiB cpu.usage_usec=1863364 method=swap_current_delta_fallback detail={'delta_swap_current': 0, 'swap_saturated': False, 'workingset_refault_anon': 3415} events={'low': 0, 'high': 0, 'max': 92, 'oom': 0, 'oom_kill': 0, 'oom_group_kill': 0}
[container_monitor] pf-swap-1: current=732.2MiB swap=55.6MiB max=981.0MiB cpu.usage_usec=1864159 method=swap_current_delta_fallback detail={'delta_swap_current': 0, 'swap_saturated': False, 'workingset_refault_anon': 3415} events={'low': 0, 'high': 0, 'max': 92, 'oom': 0, 'oom_kill': 0, 'oom_group_kill': 0}
[container_monitor] pf-swap-1: current=732.2MiB swap=55.6MiB max=981.0MiB cpu.usage_usec=1865129 method=swap_current_delta_fallback detail={'delta_swap_current': 0, 'swap_saturated': False, 'workingset_refault_anon': 3415} events={'low': 0, 'high': 0, 'max': 92, 'oom': 0, 'oom_kill': 0, 'oom_group_kill': 0}
[container_monitor] pf-swap-1: current=732.2MiB swap=55.6MiB max=981.0MiB cpu.usage_usec=1870400 method=swap_current_delta_fallback detail={'delta_swap_current': 0, 'swap_saturated': False, 'workingset_refault_anon': 3415} events={'low': 0, 'high': 0, 'max': 92, 'oom': 0, 'oom_kill': 0, 'oom_group_kill': 0}
[container_monitor] pf-swap-1: current=732.2MiB swap=55.6MiB max=981.0MiB cpu.usage_usec=1876133 method=swap_current_delta_fallback detail={'delta_swap_current': 0, 'swap_saturated': False, 'workingset_refault_anon': 3415} events={'low': 0, 'high': 0, 'max': 92, 'oom': 0, 'oom_kill': 0, 'oom_group_kill': 0}
[container_monitor] pf-swap-1: current=732.2MiB swap=55.6MiB max=981.0MiB cpu.usage_usec=1878482 method=swap_current_delta_fallback detail={'delta_swap_current': 0, 'swap_saturated': False, 'workingset_refault_anon': 3421} events={'low': 0, 'high': 0, 'max': 92, 'oom': 0, 'oom_kill': 0, 'oom_group_kill': 0}
[container_monitor] pf-swap-1: current=732.2MiB swap=55.6MiB max=981.0MiB cpu.usage_usec=1879125 method=swap_current_delta_fallback detail={'delta_swap_current': 0, 'swap_saturated': False, 'workingset_refault_anon': 3421} events={'low': 0, 'high': 0, 'max': 92, 'oom': 0, 'oom_kill': 0, 'oom_group_kill': 0}
[container_monitor] pf-swap-1: current=732.2MiB swap=55.6MiB max=981.0MiB cpu.usage_usec=1880202 method=swap_current_delta_fallback detail={'delta_swap_current': 0, 'swap_saturated': False, 'workingset_refault_anon': 3421} events={'low': 0, 'high': 0, 'max': 92, 'oom': 0, 'oom_kill': 0, 'oom_group_kill': 0}
[container_monitor] pf-swap-1: current=732.2MiB swap=55.6MiB max=981.0MiB cpu.usage_usec=1884460 method=swap_current_delta_fallback detail={'delta_swap_current': 0, 'swap_saturated': False, 'workingset_refault_anon': 3421} events={'low': 0, 'high': 0, 'max': 92, 'oom': 0, 'oom_kill': 0, 'oom_group_kill': 0}
[container_monitor] pf-swap-1: current=732.2MiB swap=55.6MiB max=981.0MiB cpu.usage_usec=1885581 method=swap_current_delta_fallback detail={'delta_swap_current': 0, 'swap_saturated': False, 'workingset_refault_anon': 3421} events={'low': 0, 'high': 0, 'max': 92, 'oom': 0, 'oom_kill': 0, 'oom_group_kill': 0}
[container_monitor] pf-swap-1: current=732.2MiB swap=55.6MiB max=981.0MiB cpu.usage_usec=1886333 method=swap_current_delta_fallback detail={'delta_swap_current': 0, 'swap_saturated': False, 'workingset_refault_anon': 3421} events={'low': 0, 'high': 0, 'max': 92, 'oom': 0, 'oom_kill': 0, 'oom_group_kill': 0}
[container_monitor] pf-swap-1: current=732.2MiB swap=55.6MiB max=981.0MiB cpu.usage_usec=1887289 method=swap_current_delta_fallback detail={'delta_swap_current': 0, 'swap_saturated': False, 'workingset_refault_anon': 3421} events={'low': 0, 'high': 0, 'max': 92, 'oom': 0, 'oom_kill': 0, 'oom_group_kill': 0}
[container_monitor] pf-swap-1: current=728.9MiB swap=60.7MiB max=981.0MiB cpu.usage_usec=1888160 method=swap_current_delta_fallback detail={'delta_swap_current': 5287936, 'swap_saturated': False, 'workingset_refault_anon': 3421} events={'low': 0, 'high': 0, 'max': 92, 'oom': 0, 'oom_kill': 0, 'oom_group_kill': 0}
[container_monitor] pf-swap-1: current=731.2MiB swap=60.7MiB max=981.0MiB cpu.usage_usec=1894259 method=swap_current_delta_fallback detail={'delta_swap_current': 0, 'swap_saturated': False, 'workingset_refault_anon': 3421} events={'low': 0, 'high': 0, 'max': 92, 'oom': 0, 'oom_kill': 0, 'oom_group_kill': 0}
[container_monitor] pf-swap-1: current=733.0MiB swap=60.7MiB max=981.0MiB cpu.usage_usec=1899296 method=swap_current_delta_fallback detail={'delta_swap_current': 0, 'swap_saturated': False, 'workingset_refault_anon': 3421} events={'low': 0, 'high': 0, 'max': 92, 'oom': 0, 'oom_kill': 0, 'oom_group_kill': 0}
[container_monitor] pf-swap-1: current=736.5MiB swap=60.7MiB max=981.0MiB cpu.usage_usec=1904129 method=swap_current_delta_fallback detail={'delta_swap_current': 0, 'swap_saturated': False, 'workingset_refault_anon': 3421} events={'low': 0, 'high': 0, 'max': 92, 'oom': 0, 'oom_kill': 0, 'oom_group_kill': 0}
[container_monitor] pf-swap-1: current=739.0MiB swap=60.7MiB max=981.0MiB cpu.usage_usec=1908808 method=swap_current_delta_fallback detail={'delta_swap_current': 0, 'swap_saturated': False, 'workingset_refault_anon': 3421} events={'low': 0, 'high': 0, 'max': 92, 'oom': 0, 'oom_kill': 0, 'oom_group_kill': 0}
[container_monitor] pf-swap-1: current=741.7MiB swap=60.7MiB max=981.0MiB cpu.usage_usec=1914289 method=swap_current_delta_fallback detail={'delta_swap_current': 0, 'swap_saturated': False, 'workingset_refault_anon': 3421} events={'low': 0, 'high': 0, 'max': 92, 'oom': 0, 'oom_kill': 0, 'oom_group_kill': 0}
[container_monitor] pf-swap-1: current=743.1MiB swap=60.7MiB max=981.0MiB cpu.usage_usec=1918505 method=swap_current_delta_fallback detail={'delta_swap_current': 0, 'swap_saturated': False, 'workingset_refault_anon': 3421} events={'low': 0, 'high': 0, 'max': 92, 'oom': 0, 'oom_kill': 0, 'oom_group_kill': 0}
[container_monitor] pf-swap-1: current=744.9MiB swap=60.7MiB max=981.0MiB cpu.usage_usec=1923651 method=swap_current_delta_fallback detail={'delta_swap_current': 0, 'swap_saturated': False, 'workingset_refault_anon': 3421} events={'low': 0, 'high': 0, 'max': 92, 'oom': 0, 'oom_kill': 0, 'oom_group_kill': 0}
[container_monitor] pf-swap-1: current=747.0MiB swap=60.7MiB max=981.0MiB cpu.usage_usec=1928967 method=swap_current_delta_fallback detail={'delta_swap_current': 0, 'swap_saturated': False, 'workingset_refault_anon': 3421} events={'low': 0, 'high': 0, 'max': 92, 'oom': 0, 'oom_kill': 0, 'oom_group_kill': 0}
[container_monitor] pf-swap-1: current=749.3MiB swap=60.7MiB max=981.0MiB cpu.usage_usec=1934086 method=swap_current_delta_fallback detail={'delta_swap_current': 0, 'swap_saturated': False, 'workingset_refault_anon': 3421} events={'low': 0, 'high': 0, 'max': 92, 'oom': 0, 'oom_kill': 0, 'oom_group_kill': 0}
[container_monitor] pf-swap-1: current=752.6MiB swap=60.7MiB max=981.0MiB cpu.usage_usec=1939295 method=swap_current_delta_fallback detail={'delta_swap_current': 0, 'swap_saturated': False, 'workingset_refault_anon': 3421} events={'low': 0, 'high': 0, 'max': 92, 'oom': 0, 'oom_kill': 0, 'oom_group_kill': 0}
[container_monitor] pf-swap-1: current=754.8MiB swap=60.7MiB max=981.0MiB cpu.usage_usec=1943914 method=swap_current_delta_fallback detail={'delta_swap_current': 0, 'swap_saturated': False, 'workingset_refault_anon': 3421} events={'low': 0, 'high': 0, 'max': 92, 'oom': 0, 'oom_kill': 0, 'oom_group_kill': 0}
[container_monitor] pf-swap-1: current=758.2MiB swap=60.7MiB max=981.0MiB cpu.usage_usec=1949348 method=swap_current_delta_fallback detail={'delta_swap_current': 0, 'swap_saturated': False, 'workingset_refault_anon': 3421} events={'low': 0, 'high': 0, 'max': 92, 'oom': 0, 'oom_kill': 0, 'oom_group_kill': 0}
[container_monitor] pf-swap-1: current=760.5MiB swap=60.7MiB max=981.0MiB cpu.usage_usec=1953678 method=swap_current_delta_fallback detail={'delta_swap_current': 0, 'swap_saturated': False, 'workingset_refault_anon': 3421} events={'low': 0, 'high': 0, 'max': 92, 'oom': 0, 'oom_kill': 0, 'oom_group_kill': 0}
[container_monitor] pf-swap-1: current=763.0MiB swap=60.7MiB max=981.0MiB cpu.usage_usec=1958411 method=swap_current_delta_fallback detail={'delta_swap_current': 0, 'swap_saturated': False, 'workingset_refault_anon': 3421} events={'low': 0, 'high': 0, 'max': 92, 'oom': 0, 'oom_kill': 0, 'oom_group_kill': 0}
[container_monitor] pf-swap-1: current=761.5MiB swap=66.2MiB max=981.0MiB cpu.usage_usec=1963622 method=swap_current_delta_fallback detail={'delta_swap_current': 5808128, 'swap_saturated': False, 'workingset_refault_anon': 3421} events={'low': 0, 'high': 0, 'max': 92, 'oom': 0, 'oom_kill': 0, 'oom_group_kill': 0}
[container_monitor] pf-swap-1: current=765.0MiB swap=66.2MiB max=981.0MiB cpu.usage_usec=1968397 method=swap_current_delta_fallback detail={'delta_swap_current': 0, 'swap_saturated': False, 'workingset_refault_anon': 3421} events={'low': 0, 'high': 0, 'max': 92, 'oom': 0, 'oom_kill': 0, 'oom_group_kill': 0}
[container_monitor] pf-swap-1: current=767.2MiB swap=66.2MiB max=981.0MiB cpu.usage_usec=1973476 method=swap_current_delta_fallback detail={'delta_swap_current': 0, 'swap_saturated': False, 'workingset_refault_anon': 3421} events={'low': 0, 'high': 0, 'max': 92, 'oom': 0, 'oom_kill': 0, 'oom_group_kill': 0}
[container_monitor] pf-swap-1: current=769.4MiB swap=66.2MiB max=981.0MiB cpu.usage_usec=1978943 method=swap_current_delta_fallback detail={'delta_swap_current': 0, 'swap_saturated': False, 'workingset_refault_anon': 3421} events={'low': 0, 'high': 0, 'max': 92, 'oom': 0, 'oom_kill': 0, 'oom_group_kill': 0}
[container_monitor] pf-swap-1: current=771.1MiB swap=66.2MiB max=981.0MiB cpu.usage_usec=1984158 method=swap_current_delta_fallback detail={'delta_swap_current': 0, 'swap_saturated': False, 'workingset_refault_anon': 3421} events={'low': 0, 'high': 0, 'max': 92, 'oom': 0, 'oom_kill': 0, 'oom_group_kill': 0}
[container_monitor] pf-swap-1: current=772.7MiB swap=66.2MiB max=981.0MiB cpu.usage_usec=1988551 method=swap_current_delta_fallback detail={'delta_swap_current': 0, 'swap_saturated': False, 'workingset_refault_anon': 3421} events={'low': 0, 'high': 0, 'max': 92, 'oom': 0, 'oom_kill': 0, 'oom_group_kill': 0}
[container_monitor] pf-swap-1: current=774.9MiB swap=66.2MiB max=981.0MiB cpu.usage_usec=1993992 method=swap_current_delta_fallback detail={'delta_swap_current': 0, 'swap_saturated': False, 'workingset_refault_anon': 3421} events={'low': 0, 'high': 0, 'max': 92, 'oom': 0, 'oom_kill': 0, 'oom_group_kill': 0}
[container_monitor] pf-swap-1: current=777.0MiB swap=66.2MiB max=981.0MiB cpu.usage_usec=1999020 method=swap_current_delta_fallback detail={'delta_swap_current': 0, 'swap_saturated': False, 'workingset_refault_anon': 3421} events={'low': 0, 'high': 0, 'max': 92, 'oom': 0, 'oom_kill': 0, 'oom_group_kill': 0}
[container_monitor] pf-swap-1: current=779.0MiB swap=66.2MiB max=981.0MiB cpu.usage_usec=2004224 method=swap_current_delta_fallback detail={'delta_swap_current': 0, 'swap_saturated': False, 'workingset_refault_anon': 3421} events={'low': 0, 'high': 0, 'max': 92, 'oom': 0, 'oom_kill': 0, 'oom_group_kill': 0}
[container_monitor] pf-swap-1: current=780.6MiB swap=66.2MiB max=981.0MiB cpu.usage_usec=2008795 method=swap_current_delta_fallback detail={'delta_swap_current': 0, 'swap_saturated': False, 'workingset_refault_anon': 3421} events={'low': 0, 'high': 0, 'max': 92, 'oom': 0, 'oom_kill': 0, 'oom_group_kill': 0}
[container_monitor] pf-swap-1: current=782.6MiB swap=66.2MiB max=981.0MiB cpu.usage_usec=2014242 method=swap_current_delta_fallback detail={'delta_swap_current': 0, 'swap_saturated': False, 'workingset_refault_anon': 3421} events={'low': 0, 'high': 0, 'max': 92, 'oom': 0, 'oom_kill': 0, 'oom_group_kill': 0}
[container_monitor] pf-swap-1: current=783.0MiB swap=71.4MiB max=981.0MiB cpu.usage_usec=2018365 method=swap_current_delta_fallback detail={'delta_swap_current': 5459968, 'swap_saturated': False, 'workingset_refault_anon': 3421} events={'low': 0, 'high': 0, 'max': 92, 'oom': 0, 'oom_kill': 0, 'oom_group_kill': 0}
[container_monitor] pf-swap-1: current=786.1MiB swap=71.4MiB max=981.0MiB cpu.usage_usec=2023435 method=swap_current_delta_fallback detail={'delta_swap_current': 0, 'swap_saturated': False, 'workingset_refault_anon': 3421} events={'low': 0, 'high': 0, 'max': 92, 'oom': 0, 'oom_kill': 0, 'oom_group_kill': 0}
[container_monitor] pf-swap-1: current=789.0MiB swap=74.5MiB max=981.0MiB cpu.usage_usec=2029215 method=swap_current_delta_fallback detail={'delta_swap_current': 3219456, 'swap_saturated': False, 'workingset_refault_anon': 3421} events={'low': 0, 'high': 0, 'max': 92, 'oom': 0, 'oom_kill': 0, 'oom_group_kill': 0}
[container_monitor] pf-swap-1: current=790.4MiB swap=74.5MiB max=981.0MiB cpu.usage_usec=2034121 method=swap_current_delta_fallback detail={'delta_swap_current': 0, 'swap_saturated': False, 'workingset_refault_anon': 3421} events={'low': 0, 'high': 0, 'max': 92, 'oom': 0, 'oom_kill': 0, 'oom_group_kill': 0}
[container_monitor] pf-swap-1: current=789.3MiB swap=77.1MiB max=981.0MiB cpu.usage_usec=2038848 method=swap_current_delta_fallback detail={'delta_swap_current': 2752512, 'swap_saturated': False, 'workingset_refault_anon': 3421} events={'low': 0, 'high': 0, 'max': 92, 'oom': 0, 'oom_kill': 0, 'oom_group_kill': 0}
[container_monitor] pf-swap-1: current=794.3MiB swap=77.1MiB max=981.0MiB cpu.usage_usec=2043860 method=swap_current_delta_fallback detail={'delta_swap_current': 0, 'swap_saturated': False, 'workingset_refault_anon': 3421} events={'low': 0, 'high': 0, 'max': 92, 'oom': 0, 'oom_kill': 0, 'oom_group_kill': 0}
[container_monitor] pf-swap-1: current=727.2MiB swap=150.5MiB max=981.0MiB cpu.usage_usec=2049314 method=swap_current_delta_fallback detail={'delta_swap_current': 76902400, 'swap_saturated': False, 'workingset_refault_anon': 3421} events={'low': 0, 'high': 0, 'max': 92, 'oom': 0, 'oom_kill': 0, 'oom_group_kill': 0}
[container_monitor] pf-swap-1: current=730.5MiB swap=150.5MiB max=981.0MiB cpu.usage_usec=2053572 method=swap_current_delta_fallback detail={'delta_swap_current': 0, 'swap_saturated': False, 'workingset_refault_anon': 3421} events={'low': 0, 'high': 0, 'max': 92, 'oom': 0, 'oom_kill': 0, 'oom_group_kill': 0}
[container_monitor] pf-swap-1: current=733.9MiB swap=150.5MiB max=981.0MiB cpu.usage_usec=2058973 method=swap_current_delta_fallback detail={'delta_swap_current': 0, 'swap_saturated': False, 'workingset_refault_anon': 3421} events={'low': 0, 'high': 0, 'max': 92, 'oom': 0, 'oom_kill': 0, 'oom_group_kill': 0}
[container_monitor] pf-swap-1: current=738.1MiB swap=150.5MiB max=981.0MiB cpu.usage_usec=2063831 method=swap_current_delta_fallback detail={'delta_swap_current': 0, 'swap_saturated': False, 'workingset_refault_anon': 3421} events={'low': 0, 'high': 0, 'max': 92, 'oom': 0, 'oom_kill': 0, 'oom_group_kill': 0}
[container_monitor] pf-swap-1: current=742.2MiB swap=150.5MiB max=981.0MiB cpu.usage_usec=2069028 method=swap_current_delta_fallback detail={'delta_swap_current': 0, 'swap_saturated': False, 'workingset_refault_anon': 3421} events={'low': 0, 'high': 0, 'max': 92, 'oom': 0, 'oom_kill': 0, 'oom_group_kill': 0}
[container_monitor] pf-swap-1: current=745.3MiB swap=150.5MiB max=981.0MiB cpu.usage_usec=2073419 method=swap_current_delta_fallback detail={'delta_swap_current': 0, 'swap_saturated': False, 'workingset_refault_anon': 3421} events={'low': 0, 'high': 0, 'max': 92, 'oom': 0, 'oom_kill': 0, 'oom_group_kill': 0}
[container_monitor] pf-swap-1: current=748.6MiB swap=150.5MiB max=981.0MiB cpu.usage_usec=2079242 method=swap_current_delta_fallback detail={'delta_swap_current': 0, 'swap_saturated': False, 'workingset_refault_anon': 3421} events={'low': 0, 'high': 0, 'max': 92, 'oom': 0, 'oom_kill': 0, 'oom_group_kill': 0}
[container_monitor] pf-swap-1: current=750.4MiB swap=150.5MiB max=981.0MiB cpu.usage_usec=2083798 method=swap_current_delta_fallback detail={'delta_swap_current': 0, 'swap_saturated': False, 'workingset_refault_anon': 3421} events={'low': 0, 'high': 0, 'max': 92, 'oom': 0, 'oom_kill': 0, 'oom_group_kill': 0}
[container_monitor] pf-swap-1: current=752.2MiB swap=150.5MiB max=981.0MiB cpu.usage_usec=2088655 method=swap_current_delta_fallback detail={'delta_swap_current': 0, 'swap_saturated': False, 'workingset_refault_anon': 3421} events={'low': 0, 'high': 0, 'max': 92, 'oom': 0, 'oom_kill': 0, 'oom_group_kill': 0}
[container_monitor] pf-swap-1: current=754.7MiB swap=150.5MiB max=981.0MiB cpu.usage_usec=2093382 method=swap_current_delta_fallback detail={'delta_swap_current': 0, 'swap_saturated': False, 'workingset_refault_anon': 3421} events={'low': 0, 'high': 0, 'max': 92, 'oom': 0, 'oom_kill': 0, 'oom_group_kill': 0}
[container_monitor] pf-swap-1: current=757.1MiB swap=150.5MiB max=981.0MiB cpu.usage_usec=2098831 method=swap_current_delta_fallback detail={'delta_swap_current': 0, 'swap_saturated': False, 'workingset_refault_anon': 3421} events={'low': 0, 'high': 0, 'max': 92, 'oom': 0, 'oom_kill': 0, 'oom_group_kill': 0}
[container_monitor] pf-swap-1: current=760.9MiB swap=150.5MiB max=981.0MiB cpu.usage_usec=2104337 method=swap_current_delta_fallback detail={'delta_swap_current': 0, 'swap_saturated': False, 'workingset_refault_anon': 3421} events={'low': 0, 'high': 0, 'max': 92, 'oom': 0, 'oom_kill': 0, 'oom_group_kill': 0}
[container_monitor] pf-swap-1: current=762.3MiB swap=150.5MiB max=981.0MiB cpu.usage_usec=2110148 method=swap_current_delta_fallback detail={'delta_swap_current': 0, 'swap_saturated': False, 'workingset_refault_anon': 3421} events={'low': 0, 'high': 0, 'max': 92, 'oom': 0, 'oom_kill': 0, 'oom_group_kill': 0}
[container_monitor] pf-swap-1: current=758.0MiB swap=155.7MiB max=981.0MiB cpu.usage_usec=2114592 method=swap_current_delta_fallback detail={'delta_swap_current': 5505024, 'swap_saturated': False, 'workingset_refault_anon': 3421} events={'low': 0, 'high': 0, 'max': 92, 'oom': 0, 'oom_kill': 0, 'oom_group_kill': 0}
[container_monitor] pf-swap-1: current=759.9MiB swap=155.7MiB max=981.0MiB cpu.usage_usec=2119421 method=swap_current_delta_fallback detail={'delta_swap_current': 0, 'swap_saturated': False, 'workingset_refault_anon': 3421} events={'low': 0, 'high': 0, 'max': 92, 'oom': 0, 'oom_kill': 0, 'oom_group_kill': 0}
[container_monitor] pf-swap-1: current=761.6MiB swap=155.7MiB max=981.0MiB cpu.usage_usec=2124677 method=swap_current_delta_fallback detail={'delta_swap_current': 0, 'swap_saturated': False, 'workingset_refault_anon': 3421} events={'low': 0, 'high': 0, 'max': 92, 'oom': 0, 'oom_kill': 0, 'oom_group_kill': 0}
[container_monitor] pf-swap-1: current=764.0MiB swap=155.7MiB max=981.0MiB cpu.usage_usec=2129540 method=swap_current_delta_fallback detail={'delta_swap_current': 0, 'swap_saturated': False, 'workingset_refault_anon': 3421} events={'low': 0, 'high': 0, 'max': 92, 'oom': 0, 'oom_kill': 0, 'oom_group_kill': 0}
[container_monitor] pf-swap-1: current=767.1MiB swap=155.7MiB max=981.0MiB cpu.usage_usec=2135284 method=swap_current_delta_fallback detail={'delta_swap_current': 0, 'swap_saturated': False, 'workingset_refault_anon': 3421} events={'low': 0, 'high': 0, 'max': 92, 'oom': 0, 'oom_kill': 0, 'oom_group_kill': 0}
[container_monitor] pf-swap-1: current=768.9MiB swap=155.7MiB max=981.0MiB cpu.usage_usec=2139403 method=swap_current_delta_fallback detail={'delta_swap_current': 0, 'swap_saturated': False, 'workingset_refault_anon': 3421} events={'low': 0, 'high': 0, 'max': 92, 'oom': 0, 'oom_kill': 0, 'oom_group_kill': 0}
[container_monitor] pf-swap-1: current=770.5MiB swap=155.7MiB max=981.0MiB cpu.usage_usec=2144530 method=swap_current_delta_fallback detail={'delta_swap_current': 0, 'swap_saturated': False, 'workingset_refault_anon': 3421} events={'low': 0, 'high': 0, 'max': 92, 'oom': 0, 'oom_kill': 0, 'oom_group_kill': 0}
[container_monitor] pf-swap-1: current=773.8MiB swap=155.7MiB max=981.0MiB cpu.usage_usec=2150200 method=swap_current_delta_fallback detail={'delta_swap_current': 0, 'swap_saturated': False, 'workingset_refault_anon': 3421} events={'low': 0, 'high': 0, 'max': 92, 'oom': 0, 'oom_kill': 0, 'oom_group_kill': 0}
[container_monitor] pf-swap-1: current=776.9MiB swap=155.7MiB max=981.0MiB cpu.usage_usec=2154923 method=swap_current_delta_fallback detail={'delta_swap_current': 0, 'swap_saturated': False, 'workingset_refault_anon': 3421} events={'low': 0, 'high': 0, 'max': 92, 'oom': 0, 'oom_kill': 0, 'oom_group_kill': 0}
[container_monitor] pf-swap-1: current=782.1MiB swap=155.7MiB max=981.0MiB cpu.usage_usec=2159814 method=swap_current_delta_fallback detail={'delta_swap_current': 0, 'swap_saturated': False, 'workingset_refault_anon': 3421} events={'low': 0, 'high': 0, 'max': 92, 'oom': 0, 'oom_kill': 0, 'oom_group_kill': 0}
[container_monitor] pf-swap-1: current=776.8MiB swap=165.6MiB max=981.0MiB cpu.usage_usec=2164990 method=swap_current_delta_fallback detail={'delta_swap_current': 10366976, 'swap_saturated': False, 'workingset_refault_anon': 3421} events={'low': 0, 'high': 0, 'max': 92, 'oom': 0, 'oom_kill': 0, 'oom_group_kill': 0}
[container_monitor] pf-swap-1: current=779.6MiB swap=171.8MiB max=981.0MiB cpu.usage_usec=2169648 method=swap_current_delta_fallback detail={'delta_swap_current': 6463488, 'swap_saturated': False, 'workingset_refault_anon': 3421} events={'low': 0, 'high': 0, 'max': 92, 'oom': 0, 'oom_kill': 0, 'oom_group_kill': 0}
[container_monitor] pf-swap-1: current=785.2MiB swap=171.8MiB max=981.0MiB cpu.usage_usec=2174592 method=swap_current_delta_fallback detail={'delta_swap_current': 0, 'swap_saturated': False, 'workingset_refault_anon': 3421} events={'low': 0, 'high': 0, 'max': 92, 'oom': 0, 'oom_kill': 0, 'oom_group_kill': 0}
[container_monitor] pf-swap-1: current=789.5MiB swap=171.8MiB max=981.0MiB cpu.usage_usec=2180255 method=swap_current_delta_fallback detail={'delta_swap_current': 0, 'swap_saturated': False, 'workingset_refault_anon': 3421} events={'low': 0, 'high': 0, 'max': 92, 'oom': 0, 'oom_kill': 0, 'oom_group_kill': 0}
[container_monitor] pf-swap-1: current=796.8MiB swap=171.8MiB max=981.0MiB cpu.usage_usec=2184630 method=swap_current_delta_fallback detail={'delta_swap_current': 0, 'swap_saturated': False, 'workingset_refault_anon': 3421} events={'low': 0, 'high': 0, 'max': 92, 'oom': 0, 'oom_kill': 0, 'oom_group_kill': 0}
[container_monitor] pf-swap-1: current=794.5MiB swap=177.7MiB max=981.0MiB cpu.usage_usec=2189563 method=swap_current_delta_fallback detail={'delta_swap_current': 6283264, 'swap_saturated': False, 'workingset_refault_anon': 3421} events={'low': 0, 'high': 0, 'max': 92, 'oom': 0, 'oom_kill': 0, 'oom_group_kill': 0}
[container_monitor] pf-swap-1: current=796.8MiB swap=177.7MiB max=981.0MiB cpu.usage_usec=2195305 method=swap_current_delta_fallback detail={'delta_swap_current': 0, 'swap_saturated': False, 'workingset_refault_anon': 3421} events={'low': 0, 'high': 0, 'max': 92, 'oom': 0, 'oom_kill': 0, 'oom_group_kill': 0}
[container_monitor] pf-swap-1: current=798.4MiB swap=177.7MiB max=981.0MiB cpu.usage_usec=2200137 method=swap_current_delta_fallback detail={'delta_swap_current': 0, 'swap_saturated': False, 'workingset_refault_anon': 3421} events={'low': 0, 'high': 0, 'max': 92, 'oom': 0, 'oom_kill': 0, 'oom_group_kill': 0}
[container_monitor] pf-swap-1: current=800.4MiB swap=177.7MiB max=981.0MiB cpu.usage_usec=2205250 method=swap_current_delta_fallback detail={'delta_swap_current': 0, 'swap_saturated': False, 'workingset_refault_anon': 3421} events={'low': 0, 'high': 0, 'max': 92, 'oom': 0, 'oom_kill': 0, 'oom_group_kill': 0}
[container_monitor] pf-swap-1: current=803.2MiB swap=177.7MiB max=981.0MiB cpu.usage_usec=2209407 method=swap_current_delta_fallback detail={'delta_swap_current': 0, 'swap_saturated': False, 'workingset_refault_anon': 3421} events={'low': 0, 'high': 0, 'max': 92, 'oom': 0, 'oom_kill': 0, 'oom_group_kill': 0}
[container_monitor] pf-swap-1: current=806.7MiB swap=177.7MiB max=981.0MiB cpu.usage_usec=2214751 method=swap_current_delta_fallback detail={'delta_swap_current': 0, 'swap_saturated': False, 'workingset_refault_anon': 3421} events={'low': 0, 'high': 0, 'max': 92, 'oom': 0, 'oom_kill': 0, 'oom_group_kill': 0}
[container_monitor] pf-swap-1: current=811.7MiB swap=177.7MiB max=981.0MiB cpu.usage_usec=2220223 method=swap_current_delta_fallback detail={'delta_swap_current': 0, 'swap_saturated': False, 'workingset_refault_anon': 3421} events={'low': 0, 'high': 0, 'max': 92, 'oom': 0, 'oom_kill': 0, 'oom_group_kill': 0}
[container_monitor] pf-swap-1: current=814.2MiB swap=179.0MiB max=981.0MiB cpu.usage_usec=2224792 method=swap_current_delta_fallback detail={'delta_swap_current': 1359872, 'swap_saturated': False, 'workingset_refault_anon': 3421} events={'low': 0, 'high': 0, 'max': 92, 'oom': 0, 'oom_kill': 0, 'oom_group_kill': 0}
[container_monitor] pf-swap-1: OCM 감지 (method=swap_current_delta_fallback, detail={'delta_swap_current': 1359872, 'swap_saturated': False, 'workingset_refault_anon': 3421})
[puff_manager] pf-swap-1: puff 적용 981MiB -> 1373MiB
[container_monitor] pf-swap-1: puff 완료, 새 메모리 한도 1373MiB
[container_monitor] pf-swap-1: 이미 suspend 상태, 재적용 생략
[container_monitor] pf-swap-1: current=832.1MiB swap=179.0MiB max=1373.0MiB cpu.usage_usec=2231811 method=swap_current_delta_fallback detail={'delta_swap_current': 0, 'swap_saturated': False, 'workingset_refault_anon': 3421} events={'low': 0, 'high': 0, 'max': 92, 'oom': 0, 'oom_kill': 0, 'oom_group_kill': 0}
[container_monitor] pf-swap-1: current=833.7MiB swap=179.0MiB max=1373.0MiB cpu.usage_usec=2237517 method=swap_current_delta_fallback detail={'delta_swap_current': 0, 'swap_saturated': False, 'workingset_refault_anon': 3421} events={'low': 0, 'high': 0, 'max': 92, 'oom': 0, 'oom_kill': 0, 'oom_group_kill': 0}
[container_monitor] pf-swap-1: current=833.7MiB swap=179.0MiB max=1373.0MiB cpu.usage_usec=2242381 method=swap_current_delta_fallback detail={'delta_swap_current': 0, 'swap_saturated': False, 'workingset_refault_anon': 3421} events={'low': 0, 'high': 0, 'max': 92, 'oom': 0, 'oom_kill': 0, 'oom_group_kill': 0}
[container_monitor] pf-swap-1: current=833.7MiB swap=179.0MiB max=1373.0MiB cpu.usage_usec=2247563 method=swap_current_delta_fallback detail={'delta_swap_current': 0, 'swap_saturated': False, 'workingset_refault_anon': 3421} events={'low': 0, 'high': 0, 'max': 92, 'oom': 0, 'oom_kill': 0, 'oom_group_kill': 0}
[container_monitor] pf-swap-1: current=833.7MiB swap=179.0MiB max=1373.0MiB cpu.usage_usec=2252652 method=swap_current_delta_fallback detail={'delta_swap_current': 0, 'swap_saturated': False, 'workingset_refault_anon': 3421} events={'low': 0, 'high': 0, 'max': 92, 'oom': 0, 'oom_kill': 0, 'oom_group_kill': 0}
[container_monitor] pf-swap-1: current=834.0MiB swap=179.0MiB max=1373.0MiB cpu.usage_usec=2256875 method=swap_current_delta_fallback detail={'delta_swap_current': 0, 'swap_saturated': False, 'workingset_refault_anon': 3459} events={'low': 0, 'high': 0, 'max': 92, 'oom': 0, 'oom_kill': 0, 'oom_group_kill': 0}
[container_monitor] pf-swap-1: current=835.4MiB swap=179.0MiB max=1373.0MiB cpu.usage_usec=2261841 method=swap_current_delta_fallback detail={'delta_swap_current': 0, 'swap_saturated': False, 'workingset_refault_anon': 3459} events={'low': 0, 'high': 0, 'max': 92, 'oom': 0, 'oom_kill': 0, 'oom_group_kill': 0}
[container_monitor] pf-swap-1: current=836.5MiB swap=179.0MiB max=1373.0MiB cpu.usage_usec=2266813 method=swap_current_delta_fallback detail={'delta_swap_current': 0, 'swap_saturated': False, 'workingset_refault_anon': 3459} events={'low': 0, 'high': 0, 'max': 92, 'oom': 0, 'oom_kill': 0, 'oom_group_kill': 0}
[container_monitor] pf-swap-1: current=837.8MiB swap=179.0MiB max=1373.0MiB cpu.usage_usec=2271886 method=swap_current_delta_fallback detail={'delta_swap_current': 0, 'swap_saturated': False, 'workingset_refault_anon': 3558} events={'low': 0, 'high': 0, 'max': 92, 'oom': 0, 'oom_kill': 0, 'oom_group_kill': 0}
[container_monitor] pf-swap-1: current=839.2MiB swap=179.0MiB max=1373.0MiB cpu.usage_usec=2276820 method=swap_current_delta_fallback detail={'delta_swap_current': 0, 'swap_saturated': False, 'workingset_refault_anon': 3558} events={'low': 0, 'high': 0, 'max': 92, 'oom': 0, 'oom_kill': 0, 'oom_group_kill': 0}
[container_monitor] pf-swap-1: current=840.8MiB swap=179.0MiB max=1373.0MiB cpu.usage_usec=2281808 method=swap_current_delta_fallback detail={'delta_swap_current': 0, 'swap_saturated': False, 'workingset_refault_anon': 3613} events={'low': 0, 'high': 0, 'max': 92, 'oom': 0, 'oom_kill': 0, 'oom_group_kill': 0}
[container_monitor] pf-swap-1: current=842.0MiB swap=179.0MiB max=1373.0MiB cpu.usage_usec=2286856 method=swap_current_delta_fallback detail={'delta_swap_current': 0, 'swap_saturated': False, 'workingset_refault_anon': 3687} events={'low': 0, 'high': 0, 'max': 92, 'oom': 0, 'oom_kill': 0, 'oom_group_kill': 0}
[container_monitor] pf-swap-1: current=842.9MiB swap=179.0MiB max=1373.0MiB cpu.usage_usec=2291829 method=swap_current_delta_fallback detail={'delta_swap_current': 0, 'swap_saturated': False, 'workingset_refault_anon': 3687} events={'low': 0, 'high': 0, 'max': 92, 'oom': 0, 'oom_kill': 0, 'oom_group_kill': 0}
[container_monitor] pf-swap-1: current=844.1MiB swap=179.0MiB max=1373.0MiB cpu.usage_usec=2296856 method=swap_current_delta_fallback detail={'delta_swap_current': 0, 'swap_saturated': False, 'workingset_refault_anon': 3687} events={'low': 0, 'high': 0, 'max': 92, 'oom': 0, 'oom_kill': 0, 'oom_group_kill': 0}
[container_monitor] pf-swap-1: current=845.3MiB swap=179.0MiB max=1373.0MiB cpu.usage_usec=2301838 method=swap_current_delta_fallback detail={'delta_swap_current': 0, 'swap_saturated': False, 'workingset_refault_anon': 3688} events={'low': 0, 'high': 0, 'max': 92, 'oom': 0, 'oom_kill': 0, 'oom_group_kill': 0}
[container_monitor] pf-swap-1: current=846.3MiB swap=179.0MiB max=1373.0MiB cpu.usage_usec=2306871 method=swap_current_delta_fallback detail={'delta_swap_current': 0, 'swap_saturated': False, 'workingset_refault_anon': 3688} events={'low': 0, 'high': 0, 'max': 92, 'oom': 0, 'oom_kill': 0, 'oom_group_kill': 0}
[container_monitor] pf-swap-1: current=847.3MiB swap=179.0MiB max=1373.0MiB cpu.usage_usec=2311899 method=swap_current_delta_fallback detail={'delta_swap_current': 0, 'swap_saturated': False, 'workingset_refault_anon': 3688} events={'low': 0, 'high': 0, 'max': 92, 'oom': 0, 'oom_kill': 0, 'oom_group_kill': 0}
[container_monitor] pf-swap-1: current=848.4MiB swap=179.0MiB max=1373.0MiB cpu.usage_usec=2316853 method=swap_current_delta_fallback detail={'delta_swap_current': 0, 'swap_saturated': False, 'workingset_refault_anon': 3688} events={'low': 0, 'high': 0, 'max': 92, 'oom': 0, 'oom_kill': 0, 'oom_group_kill': 0}
[container_monitor] pf-swap-1: current=849.6MiB swap=179.0MiB max=1373.0MiB cpu.usage_usec=2321859 method=swap_current_delta_fallback detail={'delta_swap_current': 0, 'swap_saturated': False, 'workingset_refault_anon': 3688} events={'low': 0, 'high': 0, 'max': 92, 'oom': 0, 'oom_kill': 0, 'oom_group_kill': 0}
[container_monitor] pf-swap-1: current=851.0MiB swap=179.0MiB max=1373.0MiB cpu.usage_usec=2326909 method=swap_current_delta_fallback detail={'delta_swap_current': 0, 'swap_saturated': False, 'workingset_refault_anon': 3710} events={'low': 0, 'high': 0, 'max': 92, 'oom': 0, 'oom_kill': 0, 'oom_group_kill': 0}
[container_monitor] pf-swap-1: current=851.9MiB swap=179.0MiB max=1373.0MiB cpu.usage_usec=2331922 method=swap_current_delta_fallback detail={'delta_swap_current': 0, 'swap_saturated': False, 'workingset_refault_anon': 3712} events={'low': 0, 'high': 0, 'max': 92, 'oom': 0, 'oom_kill': 0, 'oom_group_kill': 0}
[container_monitor] pf-swap-1: current=852.6MiB swap=179.0MiB max=1373.0MiB cpu.usage_usec=2336814 method=swap_current_delta_fallback detail={'delta_swap_current': 0, 'swap_saturated': False, 'workingset_refault_anon': 3712} events={'low': 0, 'high': 0, 'max': 92, 'oom': 0, 'oom_kill': 0, 'oom_group_kill': 0}
[container_monitor] pf-swap-1: current=852.6MiB swap=179.0MiB max=1373.0MiB cpu.usage_usec=2347313 method=swap_current_delta_fallback detail={'delta_swap_current': 0, 'swap_saturated': False, 'workingset_refault_anon': 3712} events={'low': 0, 'high': 0, 'max': 92, 'oom': 0, 'oom_kill': 0, 'oom_group_kill': 0}
[container_monitor] pf-swap-1: current=852.6MiB swap=179.0MiB max=1373.0MiB cpu.usage_usec=2347313 method=swap_current_delta_fallback detail={'delta_swap_current': 0, 'swap_saturated': False, 'workingset_refault_anon': 3712} events={'low': 0, 'high': 0, 'max': 92, 'oom': 0, 'oom_kill': 0, 'oom_group_kill': 0}
[container_monitor] pf-swap-1: current=854.1MiB swap=179.0MiB max=1373.0MiB cpu.usage_usec=2351864 method=swap_current_delta_fallback detail={'delta_swap_current': 0, 'swap_saturated': False, 'workingset_refault_anon': 3712} events={'low': 0, 'high': 0, 'max': 92, 'oom': 0, 'oom_kill': 0, 'oom_group_kill': 0}
[container_monitor] pf-swap-1: current=855.4MiB swap=179.0MiB max=1373.0MiB cpu.usage_usec=2356852 method=swap_current_delta_fallback detail={'delta_swap_current': 0, 'swap_saturated': False, 'workingset_refault_anon': 3734} events={'low': 0, 'high': 0, 'max': 92, 'oom': 0, 'oom_kill': 0, 'oom_group_kill': 0}
[container_monitor] pf-swap-1: current=856.8MiB swap=179.0MiB max=1373.0MiB cpu.usage_usec=2361854 method=swap_current_delta_fallback detail={'delta_swap_current': 0, 'swap_saturated': False, 'workingset_refault_anon': 3734} events={'low': 0, 'high': 0, 'max': 92, 'oom': 0, 'oom_kill': 0, 'oom_group_kill': 0}
[container_monitor] pf-swap-1: current=857.9MiB swap=179.0MiB max=1373.0MiB cpu.usage_usec=2366907 method=swap_current_delta_fallback detail={'delta_swap_current': 0, 'swap_saturated': False, 'workingset_refault_anon': 3734} events={'low': 0, 'high': 0, 'max': 92, 'oom': 0, 'oom_kill': 0, 'oom_group_kill': 0}
[container_monitor] pf-swap-1: current=858.9MiB swap=179.0MiB max=1373.0MiB cpu.usage_usec=2371852 method=swap_current_delta_fallback detail={'delta_swap_current': 0, 'swap_saturated': False, 'workingset_refault_anon': 3734} events={'low': 0, 'high': 0, 'max': 92, 'oom': 0, 'oom_kill': 0, 'oom_group_kill': 0}
[container_monitor] pf-swap-1: current=859.6MiB swap=179.0MiB max=1373.0MiB cpu.usage_usec=2376907 method=swap_current_delta_fallback detail={'delta_swap_current': 0, 'swap_saturated': False, 'workingset_refault_anon': 3734} events={'low': 0, 'high': 0, 'max': 92, 'oom': 0, 'oom_kill': 0, 'oom_group_kill': 0}
[container_monitor] pf-swap-1: current=860.7MiB swap=179.0MiB max=1373.0MiB cpu.usage_usec=2381830 method=swap_current_delta_fallback detail={'delta_swap_current': 0, 'swap_saturated': False, 'workingset_refault_anon': 3766} events={'low': 0, 'high': 0, 'max': 92, 'oom': 0, 'oom_kill': 0, 'oom_group_kill': 0}
[container_monitor] pf-swap-1: current=862.1MiB swap=179.0MiB max=1373.0MiB cpu.usage_usec=2386839 method=swap_current_delta_fallback detail={'delta_swap_current': 0, 'swap_saturated': False, 'workingset_refault_anon': 3766} events={'low': 0, 'high': 0, 'max': 92, 'oom': 0, 'oom_kill': 0, 'oom_group_kill': 0}
[container_monitor] pf-swap-1: current=863.1MiB swap=179.0MiB max=1373.0MiB cpu.usage_usec=2391834 method=swap_current_delta_fallback detail={'delta_swap_current': 0, 'swap_saturated': False, 'workingset_refault_anon': 3766} events={'low': 0, 'high': 0, 'max': 92, 'oom': 0, 'oom_kill': 0, 'oom_group_kill': 0}
[container_monitor] pf-swap-1: current=864.2MiB swap=179.0MiB max=1373.0MiB cpu.usage_usec=2396817 method=swap_current_delta_fallback detail={'delta_swap_current': 0, 'swap_saturated': False, 'workingset_refault_anon': 3766} events={'low': 0, 'high': 0, 'max': 92, 'oom': 0, 'oom_kill': 0, 'oom_group_kill': 0}
[container_monitor] pf-swap-1: current=865.3MiB swap=179.0MiB max=1373.0MiB cpu.usage_usec=2401934 method=swap_current_delta_fallback detail={'delta_swap_current': 0, 'swap_saturated': False, 'workingset_refault_anon': 3766} events={'low': 0, 'high': 0, 'max': 92, 'oom': 0, 'oom_kill': 0, 'oom_group_kill': 0}
[container_monitor] pf-swap-1: current=866.1MiB swap=179.0MiB max=1373.0MiB cpu.usage_usec=2406862 method=swap_current_delta_fallback detail={'delta_swap_current': 0, 'swap_saturated': False, 'workingset_refault_anon': 3855} events={'low': 0, 'high': 0, 'max': 92, 'oom': 0, 'oom_kill': 0, 'oom_group_kill': 0}
[container_monitor] pf-swap-1: current=867.1MiB swap=179.0MiB max=1373.0MiB cpu.usage_usec=2411902 method=swap_current_delta_fallback detail={'delta_swap_current': 0, 'swap_saturated': False, 'workingset_refault_anon': 3855} events={'low': 0, 'high': 0, 'max': 92, 'oom': 0, 'oom_kill': 0, 'oom_group_kill': 0}
[container_monitor] pf-swap-1: current=868.1MiB swap=179.0MiB max=1373.0MiB cpu.usage_usec=2416905 method=swap_current_delta_fallback detail={'delta_swap_current': 0, 'swap_saturated': False, 'workingset_refault_anon': 3859} events={'low': 0, 'high': 0, 'max': 92, 'oom': 0, 'oom_kill': 0, 'oom_group_kill': 0}
[container_monitor] pf-swap-1: current=869.3MiB swap=179.0MiB max=1373.0MiB cpu.usage_usec=2422495 method=swap_current_delta_fallback detail={'delta_swap_current': 0, 'swap_saturated': False, 'workingset_refault_anon': 3863} events={'low': 0, 'high': 0, 'max': 92, 'oom': 0, 'oom_kill': 0, 'oom_group_kill': 0}
[container_monitor] pf-swap-1: current=870.3MiB swap=179.0MiB max=1373.0MiB cpu.usage_usec=2427810 method=swap_current_delta_fallback detail={'delta_swap_current': 0, 'swap_saturated': False, 'workingset_refault_anon': 3863} events={'low': 0, 'high': 0, 'max': 92, 'oom': 0, 'oom_kill': 0, 'oom_group_kill': 0}
[container_monitor] pf-swap-1: current=871.2MiB swap=179.0MiB max=1373.0MiB cpu.usage_usec=2433001 method=swap_current_delta_fallback detail={'delta_swap_current': 0, 'swap_saturated': False, 'workingset_refault_anon': 3863} events={'low': 0, 'high': 0, 'max': 92, 'oom': 0, 'oom_kill': 0, 'oom_group_kill': 0}
[container_monitor] pf-swap-1: current=872.1MiB swap=179.0MiB max=1373.0MiB cpu.usage_usec=2437837 method=swap_current_delta_fallback detail={'delta_swap_current': 0, 'swap_saturated': False, 'workingset_refault_anon': 3914} events={'low': 0, 'high': 0, 'max': 92, 'oom': 0, 'oom_kill': 0, 'oom_group_kill': 0}
[container_monitor] pf-swap-1: current=873.3MiB swap=179.0MiB max=1373.0MiB cpu.usage_usec=2442817 method=swap_current_delta_fallback detail={'delta_swap_current': 0, 'swap_saturated': False, 'workingset_refault_anon': 3914} events={'low': 0, 'high': 0, 'max': 92, 'oom': 0, 'oom_kill': 0, 'oom_group_kill': 0}
[container_monitor] pf-swap-1: current=874.8MiB swap=179.0MiB max=1373.0MiB cpu.usage_usec=2447824 method=swap_current_delta_fallback detail={'delta_swap_current': 0, 'swap_saturated': False, 'workingset_refault_anon': 3914} events={'low': 0, 'high': 0, 'max': 92, 'oom': 0, 'oom_kill': 0, 'oom_group_kill': 0}
[container_monitor] pf-swap-1: current=876.2MiB swap=179.0MiB max=1373.0MiB cpu.usage_usec=2452804 method=swap_current_delta_fallback detail={'delta_swap_current': 0, 'swap_saturated': False, 'workingset_refault_anon': 3914} events={'low': 0, 'high': 0, 'max': 92, 'oom': 0, 'oom_kill': 0, 'oom_group_kill': 0}
[container_monitor] pf-swap-1: current=877.9MiB swap=179.0MiB max=1373.0MiB cpu.usage_usec=2457839 method=swap_current_delta_fallback detail={'delta_swap_current': 0, 'swap_saturated': False, 'workingset_refault_anon': 3914} events={'low': 0, 'high': 0, 'max': 92, 'oom': 0, 'oom_kill': 0, 'oom_group_kill': 0}
[container_monitor] pf-swap-1: current=879.1MiB swap=179.0MiB max=1373.0MiB cpu.usage_usec=2462913 method=swap_current_delta_fallback detail={'delta_swap_current': 0, 'swap_saturated': False, 'workingset_refault_anon': 3986} events={'low': 0, 'high': 0, 'max': 92, 'oom': 0, 'oom_kill': 0, 'oom_group_kill': 0}
[container_monitor] pf-swap-1: current=879.8MiB swap=179.0MiB max=1373.0MiB cpu.usage_usec=2467846 method=swap_current_delta_fallback detail={'delta_swap_current': 0, 'swap_saturated': False, 'workingset_refault_anon': 4102} events={'low': 0, 'high': 0, 'max': 92, 'oom': 0, 'oom_kill': 0, 'oom_group_kill': 0}
[container_monitor] pf-swap-1: current=880.8MiB swap=179.0MiB max=1373.0MiB cpu.usage_usec=2472886 method=swap_current_delta_fallback detail={'delta_swap_current': 0, 'swap_saturated': False, 'workingset_refault_anon': 4378} events={'low': 0, 'high': 0, 'max': 92, 'oom': 0, 'oom_kill': 0, 'oom_group_kill': 0}
[container_monitor] pf-swap-1: current=881.9MiB swap=179.0MiB max=1373.0MiB cpu.usage_usec=2477912 method=swap_current_delta_fallback detail={'delta_swap_current': 0, 'swap_saturated': False, 'workingset_refault_anon': 4658} events={'low': 0, 'high': 0, 'max': 92, 'oom': 0, 'oom_kill': 0, 'oom_group_kill': 0}
[container_monitor] pf-swap-1: current=883.1MiB swap=179.0MiB max=1373.0MiB cpu.usage_usec=2482842 method=swap_current_delta_fallback detail={'delta_swap_current': 0, 'swap_saturated': False, 'workingset_refault_anon': 4962} events={'low': 0, 'high': 0, 'max': 92, 'oom': 0, 'oom_kill': 0, 'oom_group_kill': 0}
[container_monitor] pf-swap-1: current=884.0MiB swap=179.0MiB max=1373.0MiB cpu.usage_usec=2487856 method=swap_current_delta_fallback detail={'delta_swap_current': 0, 'swap_saturated': False, 'workingset_refault_anon': 5194} events={'low': 0, 'high': 0, 'max': 92, 'oom': 0, 'oom_kill': 0, 'oom_group_kill': 0}
[container_monitor] pf-swap-1: current=885.1MiB swap=179.0MiB max=1373.0MiB cpu.usage_usec=2492843 method=swap_current_delta_fallback detail={'delta_swap_current': 0, 'swap_saturated': False, 'workingset_refault_anon': 5458} events={'low': 0, 'high': 0, 'max': 92, 'oom': 0, 'oom_kill': 0, 'oom_group_kill': 0}
[container_monitor] pf-swap-1: current=882.6MiB swap=182.9MiB max=1373.0MiB cpu.usage_usec=2497819 method=swap_current_delta_fallback detail={'delta_swap_current': 3997696, 'swap_saturated': False, 'workingset_refault_anon': 5722} events={'low': 0, 'high': 0, 'max': 92, 'oom': 0, 'oom_kill': 0, 'oom_group_kill': 0}
[container_monitor] pf-swap-1: current=883.5MiB swap=182.9MiB max=1373.0MiB cpu.usage_usec=2502807 method=swap_current_delta_fallback detail={'delta_swap_current': 0, 'swap_saturated': False, 'workingset_refault_anon': 5946} events={'low': 0, 'high': 0, 'max': 92, 'oom': 0, 'oom_kill': 0, 'oom_group_kill': 0}
[container_monitor] pf-swap-1: current=884.8MiB swap=182.9MiB max=1373.0MiB cpu.usage_usec=2507827 method=swap_current_delta_fallback detail={'delta_swap_current': 0, 'swap_saturated': False, 'workingset_refault_anon': 6274} events={'low': 0, 'high': 0, 'max': 92, 'oom': 0, 'oom_kill': 0, 'oom_group_kill': 0}
[container_monitor] pf-swap-1: current=885.8MiB swap=182.9MiB max=1373.0MiB cpu.usage_usec=2512883 method=swap_current_delta_fallback detail={'delta_swap_current': 0, 'swap_saturated': False, 'workingset_refault_anon': 6538} events={'low': 0, 'high': 0, 'max': 92, 'oom': 0, 'oom_kill': 0, 'oom_group_kill': 0}
[container_monitor] pf-swap-1: current=886.7MiB swap=182.9MiB max=1373.0MiB cpu.usage_usec=2517903 method=swap_current_delta_fallback detail={'delta_swap_current': 0, 'swap_saturated': False, 'workingset_refault_anon': 6778} events={'low': 0, 'high': 0, 'max': 92, 'oom': 0, 'oom_kill': 0, 'oom_group_kill': 0}
[container_monitor] pf-swap-1: current=887.7MiB swap=182.9MiB max=1373.0MiB cpu.usage_usec=2522817 method=swap_current_delta_fallback detail={'delta_swap_current': 0, 'swap_saturated': False, 'workingset_refault_anon': 7034} events={'low': 0, 'high': 0, 'max': 92, 'oom': 0, 'oom_kill': 0, 'oom_group_kill': 0}
[container_monitor] pf-swap-1: current=888.0MiB swap=183.2MiB max=1373.0MiB cpu.usage_usec=2527814 method=swap_current_delta_fallback detail={'delta_swap_current': 372736, 'swap_saturated': False, 'workingset_refault_anon': 7442} events={'low': 0, 'high': 0, 'max': 92, 'oom': 0, 'oom_kill': 0, 'oom_group_kill': 0}
[container_monitor] pf-swap-1: current=889.3MiB swap=183.2MiB max=1373.0MiB cpu.usage_usec=2532834 method=swap_current_delta_fallback detail={'delta_swap_current': 0, 'swap_saturated': False, 'workingset_refault_anon': 7754} events={'low': 0, 'high': 0, 'max': 92, 'oom': 0, 'oom_kill': 0, 'oom_group_kill': 0}
[container_monitor] pf-swap-1: current=890.5MiB swap=183.2MiB max=1373.0MiB cpu.usage_usec=2537814 method=swap_current_delta_fallback detail={'delta_swap_current': 0, 'swap_saturated': False, 'workingset_refault_anon': 8082} events={'low': 0, 'high': 0, 'max': 92, 'oom': 0, 'oom_kill': 0, 'oom_group_kill': 0}
[container_monitor] pf-swap-1: current=891.6MiB swap=183.2MiB max=1373.0MiB cpu.usage_usec=2542878 method=swap_current_delta_fallback detail={'delta_swap_current': 0, 'swap_saturated': False, 'workingset_refault_anon': 8356} events={'low': 0, 'high': 0, 'max': 92, 'oom': 0, 'oom_kill': 0, 'oom_group_kill': 0}
[container_monitor] pf-swap-1: current=894.1MiB swap=183.2MiB max=1373.0MiB cpu.usage_usec=2547833 method=swap_current_delta_fallback detail={'delta_swap_current': 0, 'swap_saturated': False, 'workingset_refault_anon': 8985} events={'low': 0, 'high': 0, 'max': 92, 'oom': 0, 'oom_kill': 0, 'oom_group_kill': 0}
[container_monitor] pf-swap-1: current=895.7MiB swap=183.2MiB max=1373.0MiB cpu.usage_usec=2552856 method=swap_current_delta_fallback detail={'delta_swap_current': 0, 'swap_saturated': False, 'workingset_refault_anon': 9335} events={'low': 0, 'high': 0, 'max': 92, 'oom': 0, 'oom_kill': 0, 'oom_group_kill': 0}
[container_monitor] pf-swap-1: current=896.7MiB swap=183.2MiB max=1373.0MiB cpu.usage_usec=2557850 method=swap_current_delta_fallback detail={'delta_swap_current': 0, 'swap_saturated': False, 'workingset_refault_anon': 9655} events={'low': 0, 'high': 0, 'max': 92, 'oom': 0, 'oom_kill': 0, 'oom_group_kill': 0}
[container_monitor] pf-swap-1: current=897.8MiB swap=183.2MiB max=1373.0MiB cpu.usage_usec=2562886 method=swap_current_delta_fallback detail={'delta_swap_current': 0, 'swap_saturated': False, 'workingset_refault_anon': 9911} events={'low': 0, 'high': 0, 'max': 92, 'oom': 0, 'oom_kill': 0, 'oom_group_kill': 0}
[container_monitor] pf-swap-1: current=898.7MiB swap=183.2MiB max=1373.0MiB cpu.usage_usec=2567799 method=swap_current_delta_fallback detail={'delta_swap_current': 0, 'swap_saturated': False, 'workingset_refault_anon': 10175} events={'low': 0, 'high': 0, 'max': 92, 'oom': 0, 'oom_kill': 0, 'oom_group_kill': 0}
[container_monitor] pf-swap-1: current=899.9MiB swap=183.2MiB max=1373.0MiB cpu.usage_usec=2572858 method=swap_current_delta_fallback detail={'delta_swap_current': 0, 'swap_saturated': False, 'workingset_refault_anon': 10471} events={'low': 0, 'high': 0, 'max': 92, 'oom': 0, 'oom_kill': 0, 'oom_group_kill': 0}
[container_monitor] pf-swap-1: current=900.9MiB swap=183.2MiB max=1373.0MiB cpu.usage_usec=2577871 method=swap_current_delta_fallback detail={'delta_swap_current': 0, 'swap_saturated': False, 'workingset_refault_anon': 10722} events={'low': 0, 'high': 0, 'max': 92, 'oom': 0, 'oom_kill': 0, 'oom_group_kill': 0}
[container_monitor] pf-swap-1: current=901.7MiB swap=183.2MiB max=1373.0MiB cpu.usage_usec=2582836 method=swap_current_delta_fallback detail={'delta_swap_current': 0, 'swap_saturated': False, 'workingset_refault_anon': 10938} events={'low': 0, 'high': 0, 'max': 92, 'oom': 0, 'oom_kill': 0, 'oom_group_kill': 0}
[container_monitor] pf-swap-1: current=902.8MiB swap=183.2MiB max=1373.0MiB cpu.usage_usec=2587805 method=swap_current_delta_fallback detail={'delta_swap_current': 0, 'swap_saturated': False, 'workingset_refault_anon': 11210} events={'low': 0, 'high': 0, 'max': 92, 'oom': 0, 'oom_kill': 0, 'oom_group_kill': 0}
[container_monitor] pf-swap-1: current=903.9MiB swap=183.2MiB max=1373.0MiB cpu.usage_usec=2592864 method=swap_current_delta_fallback detail={'delta_swap_current': 0, 'swap_saturated': False, 'workingset_refault_anon': 11490} events={'low': 0, 'high': 0, 'max': 92, 'oom': 0, 'oom_kill': 0, 'oom_group_kill': 0}
[container_monitor] pf-swap-1: current=904.9MiB swap=183.2MiB max=1373.0MiB cpu.usage_usec=2597819 method=swap_current_delta_fallback detail={'delta_swap_current': 0, 'swap_saturated': False, 'workingset_refault_anon': 11754} events={'low': 0, 'high': 0, 'max': 92, 'oom': 0, 'oom_kill': 0, 'oom_group_kill': 0}
[container_monitor] pf-swap-1: current=905.9MiB swap=183.2MiB max=1373.0MiB cpu.usage_usec=2602849 method=swap_current_delta_fallback detail={'delta_swap_current': 0, 'swap_saturated': False, 'workingset_refault_anon': 12018} events={'low': 0, 'high': 0, 'max': 92, 'oom': 0, 'oom_kill': 0, 'oom_group_kill': 0}
[container_monitor] pf-swap-1: current=907.0MiB swap=183.2MiB max=1373.0MiB cpu.usage_usec=2607826 method=swap_current_delta_fallback detail={'delta_swap_current': 0, 'swap_saturated': False, 'workingset_refault_anon': 12301} events={'low': 0, 'high': 0, 'max': 92, 'oom': 0, 'oom_kill': 0, 'oom_group_kill': 0}
[container_monitor] pf-swap-1: current=908.0MiB swap=183.2MiB max=1373.0MiB cpu.usage_usec=2612914 method=swap_current_delta_fallback detail={'delta_swap_current': 0, 'swap_saturated': False, 'workingset_refault_anon': 12549} events={'low': 0, 'high': 0, 'max': 92, 'oom': 0, 'oom_kill': 0, 'oom_group_kill': 0}
[container_monitor] pf-swap-1: current=908.9MiB swap=183.2MiB max=1373.0MiB cpu.usage_usec=2617874 method=swap_current_delta_fallback detail={'delta_swap_current': 0, 'swap_saturated': False, 'workingset_refault_anon': 12781} events={'low': 0, 'high': 0, 'max': 92, 'oom': 0, 'oom_kill': 0, 'oom_group_kill': 0}
[container_monitor] pf-swap-1: current=909.8MiB swap=183.2MiB max=1373.0MiB cpu.usage_usec=2622851 method=swap_current_delta_fallback detail={'delta_swap_current': 0, 'swap_saturated': False, 'workingset_refault_anon': 13021} events={'low': 0, 'high': 0, 'max': 92, 'oom': 0, 'oom_kill': 0, 'oom_group_kill': 0}
[container_monitor] pf-swap-1: current=910.8MiB swap=183.2MiB max=1373.0MiB cpu.usage_usec=2627915 method=swap_current_delta_fallback detail={'delta_swap_current': 0, 'swap_saturated': False, 'workingset_refault_anon': 13277} events={'low': 0, 'high': 0, 'max': 92, 'oom': 0, 'oom_kill': 0, 'oom_group_kill': 0}
[container_monitor] pf-swap-1: current=910.9MiB swap=183.2MiB max=1373.0MiB cpu.usage_usec=2662507 method=swap_current_delta_fallback detail={'delta_swap_current': 0, 'swap_saturated': False, 'workingset_refault_anon': 13282} events={'low': 0, 'high': 0, 'max': 92, 'oom': 0, 'oom_kill': 0, 'oom_group_kill': 0}
[container_monitor] pf-swap-1: current=910.9MiB swap=183.2MiB max=1373.0MiB cpu.usage_usec=2662507 method=swap_current_delta_fallback detail={'delta_swap_current': 0, 'swap_saturated': False, 'workingset_refault_anon': 13282} events={'low': 0, 'high': 0, 'max': 92, 'oom': 0, 'oom_kill': 0, 'oom_group_kill': 0}
[container_monitor] pf-swap-1: current=910.9MiB swap=183.2MiB max=1373.0MiB cpu.usage_usec=2662507 method=swap_current_delta_fallback detail={'delta_swap_current': 0, 'swap_saturated': False, 'workingset_refault_anon': 13282} events={'low': 0, 'high': 0, 'max': 92, 'oom': 0, 'oom_kill': 0, 'oom_group_kill': 0}
[container_monitor] pf-swap-1: current=910.9MiB swap=183.2MiB max=1373.0MiB cpu.usage_usec=2662507 method=swap_current_delta_fallback detail={'delta_swap_current': 0, 'swap_saturated': False, 'workingset_refault_anon': 13285} events={'low': 0, 'high': 0, 'max': 92, 'oom': 0, 'oom_kill': 0, 'oom_group_kill': 0}
[container_monitor] pf-swap-1: current=910.9MiB swap=183.2MiB max=1373.0MiB cpu.usage_usec=2662507 method=swap_current_delta_fallback detail={'delta_swap_current': 0, 'swap_saturated': False, 'workingset_refault_anon': 13285} events={'low': 0, 'high': 0, 'max': 92, 'oom': 0, 'oom_kill': 0, 'oom_group_kill': 0}
[container_monitor] pf-swap-1: current=910.9MiB swap=183.2MiB max=1373.0MiB cpu.usage_usec=2662507 method=swap_current_delta_fallback detail={'delta_swap_current': 0, 'swap_saturated': False, 'workingset_refault_anon': 13285} events={'low': 0, 'high': 0, 'max': 92, 'oom': 0, 'oom_kill': 0, 'oom_group_kill': 0}
[container_monitor] pf-swap-1: current=910.9MiB swap=183.2MiB max=1373.0MiB cpu.usage_usec=2662887 method=swap_current_delta_fallback detail={'delta_swap_current': 0, 'swap_saturated': False, 'workingset_refault_anon': 13285} events={'low': 0, 'high': 0, 'max': 92, 'oom': 0, 'oom_kill': 0, 'oom_group_kill': 0}
[container_monitor] pf-swap-1: current=912.4MiB swap=183.2MiB max=1373.0MiB cpu.usage_usec=2667827 method=swap_current_delta_fallback detail={'delta_swap_current': 0, 'swap_saturated': False, 'workingset_refault_anon': 13688} events={'low': 0, 'high': 0, 'max': 92, 'oom': 0, 'oom_kill': 0, 'oom_group_kill': 0}
[container_monitor] pf-swap-1: current=914.1MiB swap=183.2MiB max=1373.0MiB cpu.usage_usec=2672817 method=swap_current_delta_fallback detail={'delta_swap_current': 0, 'swap_saturated': False, 'workingset_refault_anon': 14105} events={'low': 0, 'high': 0, 'max': 92, 'oom': 0, 'oom_kill': 0, 'oom_group_kill': 0}
[container_monitor] pf-swap-1: current=915.4MiB swap=183.2MiB max=1373.0MiB cpu.usage_usec=2677924 method=swap_current_delta_fallback detail={'delta_swap_current': 0, 'swap_saturated': False, 'workingset_refault_anon': 14433} events={'low': 0, 'high': 0, 'max': 92, 'oom': 0, 'oom_kill': 0, 'oom_group_kill': 0}
[container_monitor] pf-swap-1: current=916.2MiB swap=183.2MiB max=1373.0MiB cpu.usage_usec=2682821 method=swap_current_delta_fallback detail={'delta_swap_current': 0, 'swap_saturated': False, 'workingset_refault_anon': 14649} events={'low': 0, 'high': 0, 'max': 92, 'oom': 0, 'oom_kill': 0, 'oom_group_kill': 0}
[container_monitor] pf-swap-1: current=917.3MiB swap=183.2MiB max=1373.0MiB cpu.usage_usec=2687957 method=swap_current_delta_fallback detail={'delta_swap_current': 0, 'swap_saturated': False, 'workingset_refault_anon': 14929} events={'low': 0, 'high': 0, 'max': 92, 'oom': 0, 'oom_kill': 0, 'oom_group_kill': 0}
[container_monitor] pf-swap-1: current=918.1MiB swap=183.2MiB max=1373.0MiB cpu.usage_usec=2692906 method=swap_current_delta_fallback detail={'delta_swap_current': 0, 'swap_saturated': False, 'workingset_refault_anon': 15129} events={'low': 0, 'high': 0, 'max': 92, 'oom': 0, 'oom_kill': 0, 'oom_group_kill': 0}
[container_monitor] pf-swap-1: current=919.0MiB swap=183.2MiB max=1373.0MiB cpu.usage_usec=2697851 method=swap_current_delta_fallback detail={'delta_swap_current': 0, 'swap_saturated': False, 'workingset_refault_anon': 15377} events={'low': 0, 'high': 0, 'max': 92, 'oom': 0, 'oom_kill': 0, 'oom_group_kill': 0}
[container_monitor] pf-swap-1: current=920.0MiB swap=183.2MiB max=1373.0MiB cpu.usage_usec=2702800 method=swap_current_delta_fallback detail={'delta_swap_current': 0, 'swap_saturated': False, 'workingset_refault_anon': 15625} events={'low': 0, 'high': 0, 'max': 92, 'oom': 0, 'oom_kill': 0, 'oom_group_kill': 0}
[container_monitor] pf-swap-1: current=921.0MiB swap=183.2MiB max=1373.0MiB cpu.usage_usec=2707865 method=swap_current_delta_fallback detail={'delta_swap_current': 0, 'swap_saturated': False, 'workingset_refault_anon': 15889} events={'low': 0, 'high': 0, 'max': 92, 'oom': 0, 'oom_kill': 0, 'oom_group_kill': 0}
[container_monitor] pf-swap-1: current=921.7MiB swap=183.2MiB max=1373.0MiB cpu.usage_usec=2712921 method=swap_current_delta_fallback detail={'delta_swap_current': 0, 'swap_saturated': False, 'workingset_refault_anon': 16039} events={'low': 0, 'high': 0, 'max': 92, 'oom': 0, 'oom_kill': 0, 'oom_group_kill': 0}
[container_monitor] pf-swap-1: current=922.6MiB swap=183.2MiB max=1373.0MiB cpu.usage_usec=2717871 method=swap_current_delta_fallback detail={'delta_swap_current': 0, 'swap_saturated': False, 'workingset_refault_anon': 16297} events={'low': 0, 'high': 0, 'max': 92, 'oom': 0, 'oom_kill': 0, 'oom_group_kill': 0}
[container_monitor] pf-swap-1: current=923.5MiB swap=183.2MiB max=1373.0MiB cpu.usage_usec=2722909 method=swap_current_delta_fallback detail={'delta_swap_current': 0, 'swap_saturated': False, 'workingset_refault_anon': 16529} events={'low': 0, 'high': 0, 'max': 92, 'oom': 0, 'oom_kill': 0, 'oom_group_kill': 0}
[container_monitor] pf-swap-1: current=924.3MiB swap=183.2MiB max=1373.0MiB cpu.usage_usec=2727839 method=swap_current_delta_fallback detail={'delta_swap_current': 0, 'swap_saturated': False, 'workingset_refault_anon': 16729} events={'low': 0, 'high': 0, 'max': 92, 'oom': 0, 'oom_kill': 0, 'oom_group_kill': 0}
[container_monitor] pf-swap-1: current=925.2MiB swap=183.2MiB max=1373.0MiB cpu.usage_usec=2732915 method=swap_current_delta_fallback detail={'delta_swap_current': 0, 'swap_saturated': False, 'workingset_refault_anon': 16969} events={'low': 0, 'high': 0, 'max': 92, 'oom': 0, 'oom_kill': 0, 'oom_group_kill': 0}
[container_monitor] pf-swap-1: current=925.9MiB swap=183.2MiB max=1373.0MiB cpu.usage_usec=2738013 method=swap_current_delta_fallback detail={'delta_swap_current': 0, 'swap_saturated': False, 'workingset_refault_anon': 17146} events={'low': 0, 'high': 0, 'max': 92, 'oom': 0, 'oom_kill': 0, 'oom_group_kill': 0}
[container_monitor] pf-swap-1: current=926.9MiB swap=183.2MiB max=1373.0MiB cpu.usage_usec=2743258 method=swap_current_delta_fallback detail={'delta_swap_current': 0, 'swap_saturated': False, 'workingset_refault_anon': 17401} events={'low': 0, 'high': 0, 'max': 92, 'oom': 0, 'oom_kill': 0, 'oom_group_kill': 0}
[container_monitor] pf-swap-1: current=929.7MiB swap=183.2MiB max=1373.0MiB cpu.usage_usec=2748336 method=swap_current_delta_fallback detail={'delta_swap_current': 0, 'swap_saturated': False, 'workingset_refault_anon': 18113} events={'low': 0, 'high': 0, 'max': 92, 'oom': 0, 'oom_kill': 0, 'oom_group_kill': 0}
[container_monitor] pf-swap-1: current=930.9MiB swap=183.2MiB max=1373.0MiB cpu.usage_usec=2753830 method=swap_current_delta_fallback detail={'delta_swap_current': 0, 'swap_saturated': False, 'workingset_refault_anon': 18433} events={'low': 0, 'high': 0, 'max': 92, 'oom': 0, 'oom_kill': 0, 'oom_group_kill': 0}
[container_monitor] pf-swap-1: current=932.1MiB swap=183.2MiB max=1373.0MiB cpu.usage_usec=2758850 method=swap_current_delta_fallback detail={'delta_swap_current': 0, 'swap_saturated': False, 'workingset_refault_anon': 18721} events={'low': 0, 'high': 0, 'max': 92, 'oom': 0, 'oom_kill': 0, 'oom_group_kill': 0}
[container_monitor] pf-swap-1: current=933.0MiB swap=183.2MiB max=1373.0MiB cpu.usage_usec=2763897 method=swap_current_delta_fallback detail={'delta_swap_current': 0, 'swap_saturated': False, 'workingset_refault_anon': 18969} events={'low': 0, 'high': 0, 'max': 92, 'oom': 0, 'oom_kill': 0, 'oom_group_kill': 0}
[container_monitor] pf-swap-1: current=934.0MiB swap=183.2MiB max=1373.0MiB cpu.usage_usec=2768839 method=swap_current_delta_fallback detail={'delta_swap_current': 0, 'swap_saturated': False, 'workingset_refault_anon': 19209} events={'low': 0, 'high': 0, 'max': 92, 'oom': 0, 'oom_kill': 0, 'oom_group_kill': 0}
[container_monitor] pf-swap-1: current=935.5MiB swap=183.2MiB max=1373.0MiB cpu.usage_usec=2773833 method=swap_current_delta_fallback detail={'delta_swap_current': 0, 'swap_saturated': False, 'workingset_refault_anon': 19609} events={'low': 0, 'high': 0, 'max': 92, 'oom': 0, 'oom_kill': 0, 'oom_group_kill': 0}
[container_monitor] pf-swap-1: current=937.6MiB swap=183.2MiB max=1373.0MiB cpu.usage_usec=2778843 method=swap_current_delta_fallback detail={'delta_swap_current': 0, 'swap_saturated': False, 'workingset_refault_anon': 20108} events={'low': 0, 'high': 0, 'max': 92, 'oom': 0, 'oom_kill': 0, 'oom_group_kill': 0}
[container_monitor] pf-swap-1: current=938.2MiB swap=183.2MiB max=1373.0MiB cpu.usage_usec=2783832 method=swap_current_delta_fallback detail={'delta_swap_current': 0, 'swap_saturated': False, 'workingset_refault_anon': 20265} events={'low': 0, 'high': 0, 'max': 92, 'oom': 0, 'oom_kill': 0, 'oom_group_kill': 0}
[container_monitor] pf-swap-1: current=938.9MiB swap=183.2MiB max=1373.0MiB cpu.usage_usec=2788830 method=swap_current_delta_fallback detail={'delta_swap_current': 0, 'swap_saturated': False, 'workingset_refault_anon': 20441} events={'low': 0, 'high': 0, 'max': 92, 'oom': 0, 'oom_kill': 0, 'oom_group_kill': 0}
[container_monitor] pf-swap-1: current=939.8MiB swap=183.2MiB max=1373.0MiB cpu.usage_usec=2793846 method=swap_current_delta_fallback detail={'delta_swap_current': 0, 'swap_saturated': False, 'workingset_refault_anon': 20681} events={'low': 0, 'high': 0, 'max': 92, 'oom': 0, 'oom_kill': 0, 'oom_group_kill': 0}
[container_monitor] pf-swap-1: current=940.9MiB swap=183.2MiB max=1373.0MiB cpu.usage_usec=2798812 method=swap_current_delta_fallback detail={'delta_swap_current': 0, 'swap_saturated': False, 'workingset_refault_anon': 20944} events={'low': 0, 'high': 0, 'max': 92, 'oom': 0, 'oom_kill': 0, 'oom_group_kill': 0}
[container_monitor] pf-swap-1: current=942.1MiB swap=183.2MiB max=1373.0MiB cpu.usage_usec=2803851 method=swap_current_delta_fallback detail={'delta_swap_current': 0, 'swap_saturated': False, 'workingset_refault_anon': 21248} events={'low': 0, 'high': 0, 'max': 92, 'oom': 0, 'oom_kill': 0, 'oom_group_kill': 0}
[container_monitor] pf-swap-1: current=943.1MiB swap=183.2MiB max=1373.0MiB cpu.usage_usec=2808807 method=swap_current_delta_fallback detail={'delta_swap_current': 0, 'swap_saturated': False, 'workingset_refault_anon': 21520} events={'low': 0, 'high': 0, 'max': 92, 'oom': 0, 'oom_kill': 0, 'oom_group_kill': 0}
[container_monitor] pf-swap-1: current=944.3MiB swap=183.2MiB max=1373.0MiB cpu.usage_usec=2813800 method=swap_current_delta_fallback detail={'delta_swap_current': 0, 'swap_saturated': False, 'workingset_refault_anon': 21816} events={'low': 0, 'high': 0, 'max': 92, 'oom': 0, 'oom_kill': 0, 'oom_group_kill': 0}
[container_monitor] pf-swap-1: current=945.3MiB swap=183.2MiB max=1373.0MiB cpu.usage_usec=2818867 method=swap_current_delta_fallback detail={'delta_swap_current': 0, 'swap_saturated': False, 'workingset_refault_anon': 22088} events={'low': 0, 'high': 0, 'max': 92, 'oom': 0, 'oom_kill': 0, 'oom_group_kill': 0}
[container_monitor] pf-swap-1: current=946.2MiB swap=183.2MiB max=1373.0MiB cpu.usage_usec=2823801 method=swap_current_delta_fallback detail={'delta_swap_current': 0, 'swap_saturated': False, 'workingset_refault_anon': 22320} events={'low': 0, 'high': 0, 'max': 92, 'oom': 0, 'oom_kill': 0, 'oom_group_kill': 0}
[container_monitor] pf-swap-1: current=947.0MiB swap=183.2MiB max=1373.0MiB cpu.usage_usec=2828861 method=swap_current_delta_fallback detail={'delta_swap_current': 0, 'swap_saturated': False, 'workingset_refault_anon': 22520} events={'low': 0, 'high': 0, 'max': 92, 'oom': 0, 'oom_kill': 0, 'oom_group_kill': 0}
[container_monitor] pf-swap-1: current=947.8MiB swap=183.2MiB max=1373.0MiB cpu.usage_usec=2833819 method=swap_current_delta_fallback detail={'delta_swap_current': 0, 'swap_saturated': False, 'workingset_refault_anon': 22728} events={'low': 0, 'high': 0, 'max': 92, 'oom': 0, 'oom_kill': 0, 'oom_group_kill': 0}
[container_monitor] pf-swap-1: current=949.1MiB swap=183.2MiB max=1373.0MiB cpu.usage_usec=2838860 method=swap_current_delta_fallback detail={'delta_swap_current': 0, 'swap_saturated': False, 'workingset_refault_anon': 23040} events={'low': 0, 'high': 0, 'max': 92, 'oom': 0, 'oom_kill': 0, 'oom_group_kill': 0}
[container_monitor] pf-swap-1: current=949.5MiB swap=183.2MiB max=1373.0MiB cpu.usage_usec=2843799 method=swap_current_delta_fallback detail={'delta_swap_current': 0, 'swap_saturated': False, 'workingset_refault_anon': 23154} events={'low': 0, 'high': 0, 'max': 92, 'oom': 0, 'oom_kill': 0, 'oom_group_kill': 0}
[container_monitor] pf-swap-1: current=950.8MiB swap=183.2MiB max=1373.0MiB cpu.usage_usec=2848834 method=swap_current_delta_fallback detail={'delta_swap_current': 0, 'swap_saturated': False, 'workingset_refault_anon': 23498} events={'low': 0, 'high': 0, 'max': 92, 'oom': 0, 'oom_kill': 0, 'oom_group_kill': 0}
[container_monitor] pf-swap-1: current=951.7MiB swap=183.2MiB max=1373.0MiB cpu.usage_usec=2853952 method=swap_current_delta_fallback detail={'delta_swap_current': 0, 'swap_saturated': False, 'workingset_refault_anon': 23730} events={'low': 0, 'high': 0, 'max': 92, 'oom': 0, 'oom_kill': 0, 'oom_group_kill': 0}
[container_monitor] pf-swap-1: current=952.6MiB swap=183.2MiB max=1373.0MiB cpu.usage_usec=2858845 method=swap_current_delta_fallback detail={'delta_swap_current': 0, 'swap_saturated': False, 'workingset_refault_anon': 23938} events={'low': 0, 'high': 0, 'max': 92, 'oom': 0, 'oom_kill': 0, 'oom_group_kill': 0}
[container_monitor] pf-swap-1: current=953.8MiB swap=183.2MiB max=1373.0MiB cpu.usage_usec=2863969 method=swap_current_delta_fallback detail={'delta_swap_current': 0, 'swap_saturated': False, 'workingset_refault_anon': 24250} events={'low': 0, 'high': 0, 'max': 92, 'oom': 0, 'oom_kill': 0, 'oom_group_kill': 0}
[container_monitor] pf-swap-1: current=954.6MiB swap=183.2MiB max=1373.0MiB cpu.usage_usec=2868937 method=swap_current_delta_fallback detail={'delta_swap_current': 0, 'swap_saturated': False, 'workingset_refault_anon': 24458} events={'low': 0, 'high': 0, 'max': 92, 'oom': 0, 'oom_kill': 0, 'oom_group_kill': 0}
[container_monitor] pf-swap-1: current=955.4MiB swap=183.2MiB max=1373.0MiB cpu.usage_usec=2873954 method=swap_current_delta_fallback detail={'delta_swap_current': 0, 'swap_saturated': False, 'workingset_refault_anon': 24666} events={'low': 0, 'high': 0, 'max': 92, 'oom': 0, 'oom_kill': 0, 'oom_group_kill': 0}
[container_monitor] pf-swap-1: current=956.2MiB swap=183.2MiB max=1373.0MiB cpu.usage_usec=2878868 method=swap_current_delta_fallback detail={'delta_swap_current': 0, 'swap_saturated': False, 'workingset_refault_anon': 24859} events={'low': 0, 'high': 0, 'max': 92, 'oom': 0, 'oom_kill': 0, 'oom_group_kill': 0}
[container_monitor] pf-swap-1: current=956.9MiB swap=183.2MiB max=1373.0MiB cpu.usage_usec=2883806 method=swap_current_delta_fallback detail={'delta_swap_current': 0, 'swap_saturated': False, 'workingset_refault_anon': 25059} events={'low': 0, 'high': 0, 'max': 92, 'oom': 0, 'oom_kill': 0, 'oom_group_kill': 0}
[container_monitor] pf-swap-1: current=958.0MiB swap=183.2MiB max=1373.0MiB cpu.usage_usec=2888885 method=swap_current_delta_fallback detail={'delta_swap_current': 0, 'swap_saturated': False, 'workingset_refault_anon': 25323} events={'low': 0, 'high': 0, 'max': 92, 'oom': 0, 'oom_kill': 0, 'oom_group_kill': 0}
[container_monitor] pf-swap-1: current=959.0MiB swap=183.2MiB max=1373.0MiB cpu.usage_usec=2893850 method=swap_current_delta_fallback detail={'delta_swap_current': 0, 'swap_saturated': False, 'workingset_refault_anon': 25595} events={'low': 0, 'high': 0, 'max': 92, 'oom': 0, 'oom_kill': 0, 'oom_group_kill': 0}
[container_monitor] pf-swap-1: current=959.8MiB swap=183.2MiB max=1373.0MiB cpu.usage_usec=2898939 method=swap_current_delta_fallback detail={'delta_swap_current': 0, 'swap_saturated': False, 'workingset_refault_anon': 25795} events={'low': 0, 'high': 0, 'max': 92, 'oom': 0, 'oom_kill': 0, 'oom_group_kill': 0}
[container_monitor] pf-swap-1: current=960.9MiB swap=183.2MiB max=1373.0MiB cpu.usage_usec=2903828 method=swap_current_delta_fallback detail={'delta_swap_current': 0, 'swap_saturated': False, 'workingset_refault_anon': 26083} events={'low': 0, 'high': 0, 'max': 92, 'oom': 0, 'oom_kill': 0, 'oom_group_kill': 0}
[container_monitor] pf-swap-1: current=962.2MiB swap=183.2MiB max=1373.0MiB cpu.usage_usec=2908870 method=swap_current_delta_fallback detail={'delta_swap_current': 0, 'swap_saturated': False, 'workingset_refault_anon': 26406} events={'low': 0, 'high': 0, 'max': 92, 'oom': 0, 'oom_kill': 0, 'oom_group_kill': 0}
[container_monitor] pf-swap-1: current=963.1MiB swap=183.2MiB max=1373.0MiB cpu.usage_usec=2913846 method=swap_current_delta_fallback detail={'delta_swap_current': 0, 'swap_saturated': False, 'workingset_refault_anon': 26646} events={'low': 0, 'high': 0, 'max': 92, 'oom': 0, 'oom_kill': 0, 'oom_group_kill': 0}
[container_monitor] pf-swap-1: current=963.9MiB swap=183.2MiB max=1373.0MiB cpu.usage_usec=2918853 method=swap_current_delta_fallback detail={'delta_swap_current': 0, 'swap_saturated': False, 'workingset_refault_anon': 26854} events={'low': 0, 'high': 0, 'max': 92, 'oom': 0, 'oom_kill': 0, 'oom_group_kill': 0}
[container_monitor] pf-swap-1: current=964.8MiB swap=183.2MiB max=1373.0MiB cpu.usage_usec=2923866 method=swap_current_delta_fallback detail={'delta_swap_current': 0, 'swap_saturated': False, 'workingset_refault_anon': 27062} events={'low': 0, 'high': 0, 'max': 92, 'oom': 0, 'oom_kill': 0, 'oom_group_kill': 0}
[container_monitor] pf-swap-1: current=965.6MiB swap=183.2MiB max=1373.0MiB cpu.usage_usec=2928913 method=swap_current_delta_fallback detail={'delta_swap_current': 0, 'swap_saturated': False, 'workingset_refault_anon': 27276} events={'low': 0, 'high': 0, 'max': 92, 'oom': 0, 'oom_kill': 0, 'oom_group_kill': 0}
[container_monitor] pf-swap-1: current=966.6MiB swap=183.2MiB max=1373.0MiB cpu.usage_usec=2933928 method=swap_current_delta_fallback detail={'delta_swap_current': 0, 'swap_saturated': False, 'workingset_refault_anon': 27524} events={'low': 0, 'high': 0, 'max': 92, 'oom': 0, 'oom_kill': 0, 'oom_group_kill': 0}
[container_monitor] pf-swap-1: current=967.2MiB swap=183.2MiB max=1373.0MiB cpu.usage_usec=2938802 method=swap_current_delta_fallback detail={'delta_swap_current': 0, 'swap_saturated': False, 'workingset_refault_anon': 27684} events={'low': 0, 'high': 0, 'max': 92, 'oom': 0, 'oom_kill': 0, 'oom_group_kill': 0}
[container_monitor] pf-swap-1: current=967.7MiB swap=183.2MiB max=1373.0MiB cpu.usage_usec=2943815 method=swap_current_delta_fallback detail={'delta_swap_current': 0, 'swap_saturated': False, 'workingset_refault_anon': 27820} events={'low': 0, 'high': 0, 'max': 92, 'oom': 0, 'oom_kill': 0, 'oom_group_kill': 0}
[container_monitor] pf-swap-1: current=969.5MiB swap=183.2MiB max=1373.0MiB cpu.usage_usec=2948849 method=swap_current_delta_fallback detail={'delta_swap_current': 0, 'swap_saturated': False, 'workingset_refault_anon': 28287} events={'low': 0, 'high': 0, 'max': 92, 'oom': 0, 'oom_kill': 0, 'oom_group_kill': 0}
[container_monitor] pf-swap-1: current=970.6MiB swap=183.2MiB max=1373.0MiB cpu.usage_usec=2953803 method=swap_current_delta_fallback detail={'delta_swap_current': 0, 'swap_saturated': False, 'workingset_refault_anon': 28559} events={'low': 0, 'high': 0, 'max': 92, 'oom': 0, 'oom_kill': 0, 'oom_group_kill': 0}
[container_monitor] pf-swap-1: current=971.9MiB swap=183.2MiB max=1373.0MiB cpu.usage_usec=2958801 method=swap_current_delta_fallback detail={'delta_swap_current': 0, 'swap_saturated': False, 'workingset_refault_anon': 28877} events={'low': 0, 'high': 0, 'max': 92, 'oom': 0, 'oom_kill': 0, 'oom_group_kill': 0}
[container_monitor] pf-swap-1: current=972.9MiB swap=183.2MiB max=1373.0MiB cpu.usage_usec=2964250 method=swap_current_delta_fallback detail={'delta_swap_current': 0, 'swap_saturated': False, 'workingset_refault_anon': 29156} events={'low': 0, 'high': 0, 'max': 92, 'oom': 0, 'oom_kill': 0, 'oom_group_kill': 0}
[container_monitor] pf-swap-1: current=972.9MiB swap=183.2MiB max=1373.0MiB cpu.usage_usec=2969745 method=swap_current_delta_fallback detail={'delta_swap_current': 0, 'swap_saturated': False, 'workingset_refault_anon': 29156} events={'low': 0, 'high': 0, 'max': 92, 'oom': 0, 'oom_kill': 0, 'oom_group_kill': 0}
[container_monitor] pf-swap-1: current=972.9MiB swap=183.2MiB max=1373.0MiB cpu.usage_usec=2973935 method=swap_current_delta_fallback detail={'delta_swap_current': 0, 'swap_saturated': False, 'workingset_refault_anon': 29156} events={'low': 0, 'high': 0, 'max': 92, 'oom': 0, 'oom_kill': 0, 'oom_group_kill': 0}
[container_monitor] pf-swap-1: current=972.9MiB swap=183.2MiB max=1373.0MiB cpu.usage_usec=2979148 method=swap_current_delta_fallback detail={'delta_swap_current': 0, 'swap_saturated': False, 'workingset_refault_anon': 29156} events={'low': 0, 'high': 0, 'max': 92, 'oom': 0, 'oom_kill': 0, 'oom_group_kill': 0}
[container_monitor] pf-swap-1: current=972.9MiB swap=183.2MiB max=1373.0MiB cpu.usage_usec=2983987 method=swap_current_delta_fallback detail={'delta_swap_current': 0, 'swap_saturated': False, 'workingset_refault_anon': 29156} events={'low': 0, 'high': 0, 'max': 92, 'oom': 0, 'oom_kill': 0, 'oom_group_kill': 0}
[container_monitor] pf-swap-1: current=972.9MiB swap=183.2MiB max=1373.0MiB cpu.usage_usec=2992552 method=swap_current_delta_fallback detail={'delta_swap_current': 0, 'swap_saturated': False, 'workingset_refault_anon': 29156} events={'low': 0, 'high': 0, 'max': 92, 'oom': 0, 'oom_kill': 0, 'oom_group_kill': 0}
[container_monitor] pf-swap-1: current=972.9MiB swap=183.2MiB max=1373.0MiB cpu.usage_usec=2994279 method=swap_current_delta_fallback detail={'delta_swap_current': 0, 'swap_saturated': False, 'workingset_refault_anon': 29156} events={'low': 0, 'high': 0, 'max': 92, 'oom': 0, 'oom_kill': 0, 'oom_group_kill': 0}
[container_monitor] pf-swap-1: current=972.9MiB swap=183.2MiB max=1373.0MiB cpu.usage_usec=2999041 method=swap_current_delta_fallback detail={'delta_swap_current': 0, 'swap_saturated': False, 'workingset_refault_anon': 29156} events={'low': 0, 'high': 0, 'max': 92, 'oom': 0, 'oom_kill': 0, 'oom_group_kill': 0}
[container_monitor] pf-swap-1: current=972.9MiB swap=183.2MiB max=1373.0MiB cpu.usage_usec=3003854 method=swap_current_delta_fallback detail={'delta_swap_current': 0, 'swap_saturated': False, 'workingset_refault_anon': 29156} events={'low': 0, 'high': 0, 'max': 92, 'oom': 0, 'oom_kill': 0, 'oom_group_kill': 0}
[container_monitor] pf-swap-1: current=972.9MiB swap=183.2MiB max=1373.0MiB cpu.usage_usec=3009480 method=swap_current_delta_fallback detail={'delta_swap_current': 0, 'swap_saturated': False, 'workingset_refault_anon': 29156} events={'low': 0, 'high': 0, 'max': 92, 'oom': 0, 'oom_kill': 0, 'oom_group_kill': 0}
[container_monitor] pf-swap-1: current=972.9MiB swap=183.2MiB max=1373.0MiB cpu.usage_usec=3015058 method=swap_current_delta_fallback detail={'delta_swap_current': 0, 'swap_saturated': False, 'workingset_refault_anon': 29156} events={'low': 0, 'high': 0, 'max': 92, 'oom': 0, 'oom_kill': 0, 'oom_group_kill': 0}
[container_monitor] pf-swap-1: current=972.9MiB swap=183.2MiB max=1373.0MiB cpu.usage_usec=3020737 method=swap_current_delta_fallback detail={'delta_swap_current': 0, 'swap_saturated': False, 'workingset_refault_anon': 29156} events={'low': 0, 'high': 0, 'max': 92, 'oom': 0, 'oom_kill': 0, 'oom_group_kill': 0}
[container_monitor] pf-swap-1: current=972.9MiB swap=183.2MiB max=1373.0MiB cpu.usage_usec=3025741 method=swap_current_delta_fallback detail={'delta_swap_current': 0, 'swap_saturated': False, 'workingset_refault_anon': 29156} events={'low': 0, 'high': 0, 'max': 92, 'oom': 0, 'oom_kill': 0, 'oom_group_kill': 0}
[container_monitor] pf-swap-1: current=972.9MiB swap=183.2MiB max=1373.0MiB cpu.usage_usec=3030709 method=swap_current_delta_fallback detail={'delta_swap_current': 0, 'swap_saturated': False, 'workingset_refault_anon': 29156} events={'low': 0, 'high': 0, 'max': 92, 'oom': 0, 'oom_kill': 0, 'oom_group_kill': 0}
[container_monitor] pf-swap-1: current=972.9MiB swap=183.2MiB max=1373.0MiB cpu.usage_usec=3035457 method=swap_current_delta_fallback detail={'delta_swap_current': 0, 'swap_saturated': False, 'workingset_refault_anon': 29156} events={'low': 0, 'high': 0, 'max': 92, 'oom': 0, 'oom_kill': 0, 'oom_group_kill': 0}
[container_monitor] pf-swap-1: current=972.9MiB swap=183.2MiB max=1373.0MiB cpu.usage_usec=3040721 method=swap_current_delta_fallback detail={'delta_swap_current': 0, 'swap_saturated': False, 'workingset_refault_anon': 29156} events={'low': 0, 'high': 0, 'max': 92, 'oom': 0, 'oom_kill': 0, 'oom_group_kill': 0}
[container_monitor] pf-swap-1: current=972.9MiB swap=183.2MiB max=1373.0MiB cpu.usage_usec=3045029 method=swap_current_delta_fallback detail={'delta_swap_current': 0, 'swap_saturated': False, 'workingset_refault_anon': 29156} events={'low': 0, 'high': 0, 'max': 92, 'oom': 0, 'oom_kill': 0, 'oom_group_kill': 0}
[container_monitor] pf-swap-1: current=972.9MiB swap=183.2MiB max=1373.0MiB cpu.usage_usec=3049932 method=swap_current_delta_fallback detail={'delta_swap_current': 0, 'swap_saturated': False, 'workingset_refault_anon': 29156} events={'low': 0, 'high': 0, 'max': 92, 'oom': 0, 'oom_kill': 0, 'oom_group_kill': 0}
[container_monitor] pf-swap-1: current=972.9MiB swap=183.2MiB max=1373.0MiB cpu.usage_usec=3055270 method=swap_current_delta_fallback detail={'delta_swap_current': 0, 'swap_saturated': False, 'workingset_refault_anon': 29156} events={'low': 0, 'high': 0, 'max': 92, 'oom': 0, 'oom_kill': 0, 'oom_group_kill': 0}
[container_monitor] pf-swap-1: current=972.9MiB swap=183.2MiB max=1373.0MiB cpu.usage_usec=3059877 method=swap_current_delta_fallback detail={'delta_swap_current': 0, 'swap_saturated': False, 'workingset_refault_anon': 29156} events={'low': 0, 'high': 0, 'max': 92, 'oom': 0, 'oom_kill': 0, 'oom_group_kill': 0}
[container_monitor] pf-swap-1: current=972.9MiB swap=183.2MiB max=1373.0MiB cpu.usage_usec=3065722 method=swap_current_delta_fallback detail={'delta_swap_current': 0, 'swap_saturated': False, 'workingset_refault_anon': 29156} events={'low': 0, 'high': 0, 'max': 92, 'oom': 0, 'oom_kill': 0, 'oom_group_kill': 0}
[container_monitor] pf-swap-1: current=972.9MiB swap=183.2MiB max=1373.0MiB cpu.usage_usec=3070310 method=swap_current_delta_fallback detail={'delta_swap_current': 0, 'swap_saturated': False, 'workingset_refault_anon': 29156} events={'low': 0, 'high': 0, 'max': 92, 'oom': 0, 'oom_kill': 0, 'oom_group_kill': 0}
[container_monitor] pf-swap-1: current=972.9MiB swap=183.2MiB max=1373.0MiB cpu.usage_usec=3075750 method=swap_current_delta_fallback detail={'delta_swap_current': 0, 'swap_saturated': False, 'workingset_refault_anon': 29156} events={'low': 0, 'high': 0, 'max': 92, 'oom': 0, 'oom_kill': 0, 'oom_group_kill': 0}
[container_monitor] pf-swap-1: current=972.9MiB swap=183.2MiB max=1373.0MiB cpu.usage_usec=3080700 method=swap_current_delta_fallback detail={'delta_swap_current': 0, 'swap_saturated': False, 'workingset_refault_anon': 29156} events={'low': 0, 'high': 0, 'max': 92, 'oom': 0, 'oom_kill': 0, 'oom_group_kill': 0}
[container_monitor] pf-swap-1: current=972.9MiB swap=183.2MiB max=1373.0MiB cpu.usage_usec=3085563 method=swap_current_delta_fallback detail={'delta_swap_current': 0, 'swap_saturated': False, 'workingset_refault_anon': 29156} events={'low': 0, 'high': 0, 'max': 92, 'oom': 0, 'oom_kill': 0, 'oom_group_kill': 0}
[container_monitor] pf-swap-1: current=972.9MiB swap=183.2MiB max=1373.0MiB cpu.usage_usec=3090434 method=swap_current_delta_fallback detail={'delta_swap_current': 0, 'swap_saturated': False, 'workingset_refault_anon': 29156} events={'low': 0, 'high': 0, 'max': 92, 'oom': 0, 'oom_kill': 0, 'oom_group_kill': 0}
[container_monitor] pf-swap-1: current=972.9MiB swap=183.2MiB max=1373.0MiB cpu.usage_usec=3095200 method=swap_current_delta_fallback detail={'delta_swap_current': 0, 'swap_saturated': False, 'workingset_refault_anon': 29156} events={'low': 0, 'high': 0, 'max': 92, 'oom': 0, 'oom_kill': 0, 'oom_group_kill': 0}
[container_monitor] pf-swap-1: current=972.9MiB swap=183.2MiB max=1373.0MiB cpu.usage_usec=3100510 method=swap_current_delta_fallback detail={'delta_swap_current': 0, 'swap_saturated': False, 'workingset_refault_anon': 29156} events={'low': 0, 'high': 0, 'max': 92, 'oom': 0, 'oom_kill': 0, 'oom_group_kill': 0}
[container_monitor] pf-swap-1: current=972.9MiB swap=183.2MiB max=1373.0MiB cpu.usage_usec=3105711 method=swap_current_delta_fallback detail={'delta_swap_current': 0, 'swap_saturated': False, 'workingset_refault_anon': 29156} events={'low': 0, 'high': 0, 'max': 92, 'oom': 0, 'oom_kill': 0, 'oom_group_kill': 0}
[container_monitor] pf-swap-1: current=972.9MiB swap=183.2MiB max=1373.0MiB cpu.usage_usec=3110157 method=swap_current_delta_fallback detail={'delta_swap_current': 0, 'swap_saturated': False, 'workingset_refault_anon': 29156} events={'low': 0, 'high': 0, 'max': 92, 'oom': 0, 'oom_kill': 0, 'oom_group_kill': 0}
[container_monitor] pf-swap-1: current=972.9MiB swap=183.2MiB max=1373.0MiB cpu.usage_usec=3115724 method=swap_current_delta_fallback detail={'delta_swap_current': 0, 'swap_saturated': False, 'workingset_refault_anon': 29156} events={'low': 0, 'high': 0, 'max': 92, 'oom': 0, 'oom_kill': 0, 'oom_group_kill': 0}
[container_monitor] pf-swap-1: current=972.9MiB swap=183.2MiB max=1373.0MiB cpu.usage_usec=3120627 method=swap_current_delta_fallback detail={'delta_swap_current': 0, 'swap_saturated': False, 'workingset_refault_anon': 29156} events={'low': 0, 'high': 0, 'max': 92, 'oom': 0, 'oom_kill': 0, 'oom_group_kill': 0}
[container_monitor] pf-swap-1: current=972.9MiB swap=183.2MiB max=1373.0MiB cpu.usage_usec=3124980 method=swap_current_delta_fallback detail={'delta_swap_current': 0, 'swap_saturated': False, 'workingset_refault_anon': 29156} events={'low': 0, 'high': 0, 'max': 92, 'oom': 0, 'oom_kill': 0, 'oom_group_kill': 0}
[container_monitor] pf-swap-1: current=972.9MiB swap=183.2MiB max=1373.0MiB cpu.usage_usec=3130292 method=swap_current_delta_fallback detail={'delta_swap_current': 0, 'swap_saturated': False, 'workingset_refault_anon': 29156} events={'low': 0, 'high': 0, 'max': 92, 'oom': 0, 'oom_kill': 0, 'oom_group_kill': 0}
[container_monitor] pf-swap-1: current=972.9MiB swap=183.2MiB max=1373.0MiB cpu.usage_usec=3135312 method=swap_current_delta_fallback detail={'delta_swap_current': 0, 'swap_saturated': False, 'workingset_refault_anon': 29156} events={'low': 0, 'high': 0, 'max': 92, 'oom': 0, 'oom_kill': 0, 'oom_group_kill': 0}
[container_monitor] pf-swap-1: current=972.9MiB swap=183.2MiB max=1373.0MiB cpu.usage_usec=3140027 method=swap_current_delta_fallback detail={'delta_swap_current': 0, 'swap_saturated': False, 'workingset_refault_anon': 29156} events={'low': 0, 'high': 0, 'max': 92, 'oom': 0, 'oom_kill': 0, 'oom_group_kill': 0}
[container_monitor] pf-swap-1: current=972.9MiB swap=183.2MiB max=1373.0MiB cpu.usage_usec=3145308 method=swap_current_delta_fallback detail={'delta_swap_current': 0, 'swap_saturated': False, 'workingset_refault_anon': 29156} events={'low': 0, 'high': 0, 'max': 92, 'oom': 0, 'oom_kill': 0, 'oom_group_kill': 0}
[container_monitor] pf-swap-1: current=972.9MiB swap=183.2MiB max=1373.0MiB cpu.usage_usec=3150744 method=swap_current_delta_fallback detail={'delta_swap_current': 0, 'swap_saturated': False, 'workingset_refault_anon': 29156} events={'low': 0, 'high': 0, 'max': 92, 'oom': 0, 'oom_kill': 0, 'oom_group_kill': 0}
[container_monitor] pf-swap-1: current=972.9MiB swap=183.2MiB max=1373.0MiB cpu.usage_usec=3155634 method=swap_current_delta_fallback detail={'delta_swap_current': 0, 'swap_saturated': False, 'workingset_refault_anon': 29156} events={'low': 0, 'high': 0, 'max': 92, 'oom': 0, 'oom_kill': 0, 'oom_group_kill': 0}
[container_monitor] pf-swap-1: current=972.9MiB swap=183.2MiB max=1373.0MiB cpu.usage_usec=3160452 method=swap_current_delta_fallback detail={'delta_swap_current': 0, 'swap_saturated': False, 'workingset_refault_anon': 29156} events={'low': 0, 'high': 0, 'max': 92, 'oom': 0, 'oom_kill': 0, 'oom_group_kill': 0}
[container_monitor] pf-swap-1: current=972.9MiB swap=183.2MiB max=1373.0MiB cpu.usage_usec=3165086 method=swap_current_delta_fallback detail={'delta_swap_current': 0, 'swap_saturated': False, 'workingset_refault_anon': 29156} events={'low': 0, 'high': 0, 'max': 92, 'oom': 0, 'oom_kill': 0, 'oom_group_kill': 0}
[container_monitor] pf-swap-1: current=972.9MiB swap=183.2MiB max=1373.0MiB cpu.usage_usec=3169846 method=swap_current_delta_fallback detail={'delta_swap_current': 0, 'swap_saturated': False, 'workingset_refault_anon': 29156} events={'low': 0, 'high': 0, 'max': 92, 'oom': 0, 'oom_kill': 0, 'oom_group_kill': 0}
[container_monitor] pf-swap-1: current=972.9MiB swap=183.2MiB max=1373.0MiB cpu.usage_usec=3175106 method=swap_current_delta_fallback detail={'delta_swap_current': 0, 'swap_saturated': False, 'workingset_refault_anon': 29156} events={'low': 0, 'high': 0, 'max': 92, 'oom': 0, 'oom_kill': 0, 'oom_group_kill': 0}
[container_monitor] pf-swap-1: current=972.9MiB swap=183.2MiB max=1373.0MiB cpu.usage_usec=3180030 method=swap_current_delta_fallback detail={'delta_swap_current': 0, 'swap_saturated': False, 'workingset_refault_anon': 29156} events={'low': 0, 'high': 0, 'max': 92, 'oom': 0, 'oom_kill': 0, 'oom_group_kill': 0}
[container_monitor] pf-swap-1: current=972.9MiB swap=183.2MiB max=1373.0MiB cpu.usage_usec=3184924 method=swap_current_delta_fallback detail={'delta_swap_current': 0, 'swap_saturated': False, 'workingset_refault_anon': 29156} events={'low': 0, 'high': 0, 'max': 92, 'oom': 0, 'oom_kill': 0, 'oom_group_kill': 0}
[container_monitor] pf-swap-1: current=972.9MiB swap=183.2MiB max=1373.0MiB cpu.usage_usec=3190064 method=swap_current_delta_fallback detail={'delta_swap_current': 0, 'swap_saturated': False, 'workingset_refault_anon': 29156} events={'low': 0, 'high': 0, 'max': 92, 'oom': 0, 'oom_kill': 0, 'oom_group_kill': 0}
[container_monitor] pf-swap-1: current=972.9MiB swap=183.2MiB max=1373.0MiB cpu.usage_usec=3195740 method=swap_current_delta_fallback detail={'delta_swap_current': 0, 'swap_saturated': False, 'workingset_refault_anon': 29156} events={'low': 0, 'high': 0, 'max': 92, 'oom': 0, 'oom_kill': 0, 'oom_group_kill': 0}
[container_monitor] pf-swap-1: current=972.9MiB swap=183.2MiB max=1373.0MiB cpu.usage_usec=3200661 method=swap_current_delta_fallback detail={'delta_swap_current': 0, 'swap_saturated': False, 'workingset_refault_anon': 29156} events={'low': 0, 'high': 0, 'max': 92, 'oom': 0, 'oom_kill': 0, 'oom_group_kill': 0}
[container_monitor] pf-swap-1: current=972.9MiB swap=183.2MiB max=1373.0MiB cpu.usage_usec=3205365 method=swap_current_delta_fallback detail={'delta_swap_current': 0, 'swap_saturated': False, 'workingset_refault_anon': 29156} events={'low': 0, 'high': 0, 'max': 92, 'oom': 0, 'oom_kill': 0, 'oom_group_kill': 0}
[container_monitor] pf-swap-1: current=972.9MiB swap=183.2MiB max=1373.0MiB cpu.usage_usec=3210837 method=swap_current_delta_fallback detail={'delta_swap_current': 0, 'swap_saturated': False, 'workingset_refault_anon': 29156} events={'low': 0, 'high': 0, 'max': 92, 'oom': 0, 'oom_kill': 0, 'oom_group_kill': 0}
[container_monitor] pf-swap-1: current=972.9MiB swap=183.2MiB max=1373.0MiB cpu.usage_usec=3215545 method=swap_current_delta_fallback detail={'delta_swap_current': 0, 'swap_saturated': False, 'workingset_refault_anon': 29156} events={'low': 0, 'high': 0, 'max': 92, 'oom': 0, 'oom_kill': 0, 'oom_group_kill': 0}
[container_monitor] pf-swap-1: current=972.9MiB swap=183.2MiB max=1373.0MiB cpu.usage_usec=3220001 method=swap_current_delta_fallback detail={'delta_swap_current': 0, 'swap_saturated': False, 'workingset_refault_anon': 29156} events={'low': 0, 'high': 0, 'max': 92, 'oom': 0, 'oom_kill': 0, 'oom_group_kill': 0}
[container_monitor] pf-swap-1: current=972.9MiB swap=183.2MiB max=1373.0MiB cpu.usage_usec=3226352 method=swap_current_delta_fallback detail={'delta_swap_current': 0, 'swap_saturated': False, 'workingset_refault_anon': 29156} events={'low': 0, 'high': 0, 'max': 92, 'oom': 0, 'oom_kill': 0, 'oom_group_kill': 0}
[container_monitor] pf-swap-1: current=972.9MiB swap=183.2MiB max=1373.0MiB cpu.usage_usec=3229931 method=swap_current_delta_fallback detail={'delta_swap_current': 0, 'swap_saturated': False, 'workingset_refault_anon': 29156} events={'low': 0, 'high': 0, 'max': 92, 'oom': 0, 'oom_kill': 0, 'oom_group_kill': 0}
[container_monitor] pf-swap-1: current=972.9MiB swap=183.2MiB max=1373.0MiB cpu.usage_usec=3235810 method=swap_current_delta_fallback detail={'delta_swap_current': 0, 'swap_saturated': False, 'workingset_refault_anon': 29156} events={'low': 0, 'high': 0, 'max': 92, 'oom': 0, 'oom_kill': 0, 'oom_group_kill': 0}
[container_monitor] pf-swap-1: current=972.9MiB swap=183.2MiB max=1373.0MiB cpu.usage_usec=3240892 method=swap_current_delta_fallback detail={'delta_swap_current': 0, 'swap_saturated': False, 'workingset_refault_anon': 29156} events={'low': 0, 'high': 0, 'max': 92, 'oom': 0, 'oom_kill': 0, 'oom_group_kill': 0}
[container_monitor] pf-swap-1: current=972.9MiB swap=183.2MiB max=1373.0MiB cpu.usage_usec=3245857 method=swap_current_delta_fallback detail={'delta_swap_current': 0, 'swap_saturated': False, 'workingset_refault_anon': 29156} events={'low': 0, 'high': 0, 'max': 92, 'oom': 0, 'oom_kill': 0, 'oom_group_kill': 0}
[container_monitor] pf-swap-1: current=972.9MiB swap=183.2MiB max=1373.0MiB cpu.usage_usec=3251356 method=swap_current_delta_fallback detail={'delta_swap_current': 0, 'swap_saturated': False, 'workingset_refault_anon': 29156} events={'low': 0, 'high': 0, 'max': 92, 'oom': 0, 'oom_kill': 0, 'oom_group_kill': 0}
[container_monitor] pf-swap-1: current=972.9MiB swap=183.2MiB max=1373.0MiB cpu.usage_usec=3256390 method=swap_current_delta_fallback detail={'delta_swap_current': 0, 'swap_saturated': False, 'workingset_refault_anon': 29156} events={'low': 0, 'high': 0, 'max': 92, 'oom': 0, 'oom_kill': 0, 'oom_group_kill': 0}
[container_monitor] pf-swap-1: current=972.9MiB swap=183.2MiB max=1373.0MiB cpu.usage_usec=3260810 method=swap_current_delta_fallback detail={'delta_swap_current': 0, 'swap_saturated': False, 'workingset_refault_anon': 29156} events={'low': 0, 'high': 0, 'max': 92, 'oom': 0, 'oom_kill': 0, 'oom_group_kill': 0}
[container_monitor] pf-swap-1: current=972.9MiB swap=183.2MiB max=1373.0MiB cpu.usage_usec=3266006 method=swap_current_delta_fallback detail={'delta_swap_current': 0, 'swap_saturated': False, 'workingset_refault_anon': 29156} events={'low': 0, 'high': 0, 'max': 92, 'oom': 0, 'oom_kill': 0, 'oom_group_kill': 0}
[container_monitor] pf-swap-1: current=972.9MiB swap=183.2MiB max=1373.0MiB cpu.usage_usec=3271595 method=swap_current_delta_fallback detail={'delta_swap_current': 0, 'swap_saturated': False, 'workingset_refault_anon': 29156} events={'low': 0, 'high': 0, 'max': 92, 'oom': 0, 'oom_kill': 0, 'oom_group_kill': 0}
[container_monitor] pf-swap-1: current=972.9MiB swap=183.2MiB max=1373.0MiB cpu.usage_usec=3276281 method=swap_current_delta_fallback detail={'delta_swap_current': 0, 'swap_saturated': False, 'workingset_refault_anon': 29156} events={'low': 0, 'high': 0, 'max': 92, 'oom': 0, 'oom_kill': 0, 'oom_group_kill': 0}
[container_monitor] pf-swap-1: current=972.9MiB swap=183.2MiB max=1373.0MiB cpu.usage_usec=3281594 method=swap_current_delta_fallback detail={'delta_swap_current': 0, 'swap_saturated': False, 'workingset_refault_anon': 29156} events={'low': 0, 'high': 0, 'max': 92, 'oom': 0, 'oom_kill': 0, 'oom_group_kill': 0}
[container_monitor] pf-swap-1: current=972.9MiB swap=183.2MiB max=1373.0MiB cpu.usage_usec=3286641 method=swap_current_delta_fallback detail={'delta_swap_current': 0, 'swap_saturated': False, 'workingset_refault_anon': 29156} events={'low': 0, 'high': 0, 'max': 92, 'oom': 0, 'oom_kill': 0, 'oom_group_kill': 0}
[container_monitor] pf-swap-1: current=972.9MiB swap=183.2MiB max=1373.0MiB cpu.usage_usec=3291745 method=swap_current_delta_fallback detail={'delta_swap_current': 0, 'swap_saturated': False, 'workingset_refault_anon': 29156} events={'low': 0, 'high': 0, 'max': 92, 'oom': 0, 'oom_kill': 0, 'oom_group_kill': 0}
[container_monitor] pf-swap-1: current=972.9MiB swap=183.2MiB max=1373.0MiB cpu.usage_usec=3297254 method=swap_current_delta_fallback detail={'delta_swap_current': 0, 'swap_saturated': False, 'workingset_refault_anon': 29156} events={'low': 0, 'high': 0, 'max': 92, 'oom': 0, 'oom_kill': 0, 'oom_group_kill': 0}
[container_monitor] pf-swap-1: current=972.9MiB swap=183.2MiB max=1373.0MiB cpu.usage_usec=3301666 method=swap_current_delta_fallback detail={'delta_swap_current': 0, 'swap_saturated': False, 'workingset_refault_anon': 29156} events={'low': 0, 'high': 0, 'max': 92, 'oom': 0, 'oom_kill': 0, 'oom_group_kill': 0}
[container_monitor] pf-swap-1: current=972.9MiB swap=183.2MiB max=1373.0MiB cpu.usage_usec=3306581 method=swap_current_delta_fallback detail={'delta_swap_current': 0, 'swap_saturated': False, 'workingset_refault_anon': 29156} events={'low': 0, 'high': 0, 'max': 92, 'oom': 0, 'oom_kill': 0, 'oom_group_kill': 0}
[container_monitor] pf-swap-1: current=972.9MiB swap=183.2MiB max=1373.0MiB cpu.usage_usec=3311274 method=swap_current_delta_fallback detail={'delta_swap_current': 0, 'swap_saturated': False, 'workingset_refault_anon': 29156} events={'low': 0, 'high': 0, 'max': 92, 'oom': 0, 'oom_kill': 0, 'oom_group_kill': 0}
[container_monitor] pf-swap-1: current=972.9MiB swap=183.2MiB max=1373.0MiB cpu.usage_usec=3315856 method=swap_current_delta_fallback detail={'delta_swap_current': 0, 'swap_saturated': False, 'workingset_refault_anon': 29156} events={'low': 0, 'high': 0, 'max': 92, 'oom': 0, 'oom_kill': 0, 'oom_group_kill': 0}
[container_monitor] pf-swap-1: current=973.0MiB swap=183.2MiB max=1373.0MiB cpu.usage_usec=3321220 method=swap_current_delta_fallback detail={'delta_swap_current': 0, 'swap_saturated': False, 'workingset_refault_anon': 29156} events={'low': 0, 'high': 0, 'max': 92, 'oom': 0, 'oom_kill': 0, 'oom_group_kill': 0}
[container_monitor] pf-swap-1: current=973.0MiB swap=183.2MiB max=1373.0MiB cpu.usage_usec=3326564 method=swap_current_delta_fallback detail={'delta_swap_current': 0, 'swap_saturated': False, 'workingset_refault_anon': 29160} events={'low': 0, 'high': 0, 'max': 92, 'oom': 0, 'oom_kill': 0, 'oom_group_kill': 0}
[container_monitor] pf-swap-1: current=973.0MiB swap=183.2MiB max=1373.0MiB cpu.usage_usec=3331546 method=swap_current_delta_fallback detail={'delta_swap_current': 0, 'swap_saturated': False, 'workingset_refault_anon': 29160} events={'low': 0, 'high': 0, 'max': 92, 'oom': 0, 'oom_kill': 0, 'oom_group_kill': 0}
[container_monitor] pf-swap-1: current=973.0MiB swap=183.2MiB max=1373.0MiB cpu.usage_usec=3336412 method=swap_current_delta_fallback detail={'delta_swap_current': 0, 'swap_saturated': False, 'workingset_refault_anon': 29160} events={'low': 0, 'high': 0, 'max': 92, 'oom': 0, 'oom_kill': 0, 'oom_group_kill': 0}
[container_monitor] pf-swap-1: current=973.0MiB swap=183.2MiB max=1373.0MiB cpu.usage_usec=3341585 method=swap_current_delta_fallback detail={'delta_swap_current': 0, 'swap_saturated': False, 'workingset_refault_anon': 29160} events={'low': 0, 'high': 0, 'max': 92, 'oom': 0, 'oom_kill': 0, 'oom_group_kill': 0}
[container_monitor] pf-swap-1: current=973.0MiB swap=183.2MiB max=1373.0MiB cpu.usage_usec=3346518 method=swap_current_delta_fallback detail={'delta_swap_current': 0, 'swap_saturated': False, 'workingset_refault_anon': 29160} events={'low': 0, 'high': 0, 'max': 92, 'oom': 0, 'oom_kill': 0, 'oom_group_kill': 0}
[container_monitor] pf-swap-1: current=973.0MiB swap=183.2MiB max=1373.0MiB cpu.usage_usec=3350842 method=swap_current_delta_fallback detail={'delta_swap_current': 0, 'swap_saturated': False, 'workingset_refault_anon': 29160} events={'low': 0, 'high': 0, 'max': 92, 'oom': 0, 'oom_kill': 0, 'oom_group_kill': 0}
[container_monitor] pf-swap-1: current=973.0MiB swap=183.2MiB max=1373.0MiB cpu.usage_usec=3356412 method=swap_current_delta_fallback detail={'delta_swap_current': 0, 'swap_saturated': False, 'workingset_refault_anon': 29160} events={'low': 0, 'high': 0, 'max': 92, 'oom': 0, 'oom_kill': 0, 'oom_group_kill': 0}
[container_monitor] pf-swap-1: current=973.0MiB swap=183.2MiB max=1373.0MiB cpu.usage_usec=3361089 method=swap_current_delta_fallback detail={'delta_swap_current': 0, 'swap_saturated': False, 'workingset_refault_anon': 29160} events={'low': 0, 'high': 0, 'max': 92, 'oom': 0, 'oom_kill': 0, 'oom_group_kill': 0}
[container_monitor] pf-swap-1: current=973.0MiB swap=183.2MiB max=1373.0MiB cpu.usage_usec=3366442 method=swap_current_delta_fallback detail={'delta_swap_current': 0, 'swap_saturated': False, 'workingset_refault_anon': 29160} events={'low': 0, 'high': 0, 'max': 92, 'oom': 0, 'oom_kill': 0, 'oom_group_kill': 0}
[container_monitor] pf-swap-1: current=973.0MiB swap=183.2MiB max=1373.0MiB cpu.usage_usec=3371478 method=swap_current_delta_fallback detail={'delta_swap_current': 0, 'swap_saturated': False, 'workingset_refault_anon': 29160} events={'low': 0, 'high': 0, 'max': 92, 'oom': 0, 'oom_kill': 0, 'oom_group_kill': 0}
[container_monitor] pf-swap-1: current=973.0MiB swap=183.2MiB max=1373.0MiB cpu.usage_usec=3376694 method=swap_current_delta_fallback detail={'delta_swap_current': 0, 'swap_saturated': False, 'workingset_refault_anon': 29160} events={'low': 0, 'high': 0, 'max': 92, 'oom': 0, 'oom_kill': 0, 'oom_group_kill': 0}
[container_monitor] pf-swap-1: current=973.0MiB swap=183.2MiB max=1373.0MiB cpu.usage_usec=3380897 method=swap_current_delta_fallback detail={'delta_swap_current': 0, 'swap_saturated': False, 'workingset_refault_anon': 29160} events={'low': 0, 'high': 0, 'max': 92, 'oom': 0, 'oom_kill': 0, 'oom_group_kill': 0}
[container_monitor] pf-swap-1: current=973.0MiB swap=183.2MiB max=1373.0MiB cpu.usage_usec=3386601 method=swap_current_delta_fallback detail={'delta_swap_current': 0, 'swap_saturated': False, 'workingset_refault_anon': 29160} events={'low': 0, 'high': 0, 'max': 92, 'oom': 0, 'oom_kill': 0, 'oom_group_kill': 0}
[container_monitor] pf-swap-1: current=973.0MiB swap=183.2MiB max=1373.0MiB cpu.usage_usec=3391031 method=swap_current_delta_fallback detail={'delta_swap_current': 0, 'swap_saturated': False, 'workingset_refault_anon': 29160} events={'low': 0, 'high': 0, 'max': 92, 'oom': 0, 'oom_kill': 0, 'oom_group_kill': 0}
[container_monitor] pf-swap-1: current=973.0MiB swap=183.2MiB max=1373.0MiB cpu.usage_usec=3396606 method=swap_current_delta_fallback detail={'delta_swap_current': 0, 'swap_saturated': False, 'workingset_refault_anon': 29160} events={'low': 0, 'high': 0, 'max': 92, 'oom': 0, 'oom_kill': 0, 'oom_group_kill': 0}
[container_monitor] pf-swap-1: current=973.0MiB swap=183.2MiB max=1373.0MiB cpu.usage_usec=3401675 method=swap_current_delta_fallback detail={'delta_swap_current': 0, 'swap_saturated': False, 'workingset_refault_anon': 29160} events={'low': 0, 'high': 0, 'max': 92, 'oom': 0, 'oom_kill': 0, 'oom_group_kill': 0}
[container_monitor] pf-swap-1: current=973.0MiB swap=183.2MiB max=1373.0MiB cpu.usage_usec=3406390 method=swap_current_delta_fallback detail={'delta_swap_current': 0, 'swap_saturated': False, 'workingset_refault_anon': 29160} events={'low': 0, 'high': 0, 'max': 92, 'oom': 0, 'oom_kill': 0, 'oom_group_kill': 0}
[container_monitor] pf-swap-1: current=973.0MiB swap=183.2MiB max=1373.0MiB cpu.usage_usec=3410885 method=swap_current_delta_fallback detail={'delta_swap_current': 0, 'swap_saturated': False, 'workingset_refault_anon': 29160} events={'low': 0, 'high': 0, 'max': 92, 'oom': 0, 'oom_kill': 0, 'oom_group_kill': 0}
[container_monitor] pf-swap-1: current=973.0MiB swap=183.2MiB max=1373.0MiB cpu.usage_usec=3416738 method=swap_current_delta_fallback detail={'delta_swap_current': 0, 'swap_saturated': False, 'workingset_refault_anon': 29160} events={'low': 0, 'high': 0, 'max': 92, 'oom': 0, 'oom_kill': 0, 'oom_group_kill': 0}
[container_monitor] pf-swap-1: current=973.0MiB swap=183.2MiB max=1373.0MiB cpu.usage_usec=3421708 method=swap_current_delta_fallback detail={'delta_swap_current': 0, 'swap_saturated': False, 'workingset_refault_anon': 29160} events={'low': 0, 'high': 0, 'max': 92, 'oom': 0, 'oom_kill': 0, 'oom_group_kill': 0}
[container_monitor] pf-swap-1: current=973.0MiB swap=183.2MiB max=1373.0MiB cpu.usage_usec=3426132 method=swap_current_delta_fallback detail={'delta_swap_current': 0, 'swap_saturated': False, 'workingset_refault_anon': 29160} events={'low': 0, 'high': 0, 'max': 92, 'oom': 0, 'oom_kill': 0, 'oom_group_kill': 0}
[container_monitor] pf-swap-1: current=973.0MiB swap=183.2MiB max=1373.0MiB cpu.usage_usec=3431562 method=swap_current_delta_fallback detail={'delta_swap_current': 0, 'swap_saturated': False, 'workingset_refault_anon': 29160} events={'low': 0, 'high': 0, 'max': 92, 'oom': 0, 'oom_kill': 0, 'oom_group_kill': 0}
[container_monitor] pf-swap-1: current=973.0MiB swap=183.2MiB max=1373.0MiB cpu.usage_usec=3435807 method=swap_current_delta_fallback detail={'delta_swap_current': 0, 'swap_saturated': False, 'workingset_refault_anon': 29160} events={'low': 0, 'high': 0, 'max': 92, 'oom': 0, 'oom_kill': 0, 'oom_group_kill': 0}
[container_monitor] pf-swap-1: current=973.0MiB swap=183.2MiB max=1373.0MiB cpu.usage_usec=3441636 method=swap_current_delta_fallback detail={'delta_swap_current': 0, 'swap_saturated': False, 'workingset_refault_anon': 29160} events={'low': 0, 'high': 0, 'max': 92, 'oom': 0, 'oom_kill': 0, 'oom_group_kill': 0}
[container_monitor] pf-swap-1: current=973.0MiB swap=183.2MiB max=1373.0MiB cpu.usage_usec=3445903 method=swap_current_delta_fallback detail={'delta_swap_current': 0, 'swap_saturated': False, 'workingset_refault_anon': 29160} events={'low': 0, 'high': 0, 'max': 92, 'oom': 0, 'oom_kill': 0, 'oom_group_kill': 0}
[container_monitor] pf-swap-1: current=973.0MiB swap=183.2MiB max=1373.0MiB cpu.usage_usec=3451509 method=swap_current_delta_fallback detail={'delta_swap_current': 0, 'swap_saturated': False, 'workingset_refault_anon': 29160} events={'low': 0, 'high': 0, 'max': 92, 'oom': 0, 'oom_kill': 0, 'oom_group_kill': 0}
[container_monitor] pf-swap-1: current=973.0MiB swap=183.2MiB max=1373.0MiB cpu.usage_usec=3457111 method=swap_current_delta_fallback detail={'delta_swap_current': 0, 'swap_saturated': False, 'workingset_refault_anon': 29160} events={'low': 0, 'high': 0, 'max': 92, 'oom': 0, 'oom_kill': 0, 'oom_group_kill': 0}
[container_monitor] pf-swap-1: current=973.0MiB swap=183.2MiB max=1373.0MiB cpu.usage_usec=3461560 method=swap_current_delta_fallback detail={'delta_swap_current': 0, 'swap_saturated': False, 'workingset_refault_anon': 29160} events={'low': 0, 'high': 0, 'max': 92, 'oom': 0, 'oom_kill': 0, 'oom_group_kill': 0}
[container_monitor] pf-swap-1: current=973.0MiB swap=183.2MiB max=1373.0MiB cpu.usage_usec=3466525 method=swap_current_delta_fallback detail={'delta_swap_current': 0, 'swap_saturated': False, 'workingset_refault_anon': 29160} events={'low': 0, 'high': 0, 'max': 92, 'oom': 0, 'oom_kill': 0, 'oom_group_kill': 0}
[container_monitor] pf-swap-1: current=973.0MiB swap=183.2MiB max=1373.0MiB cpu.usage_usec=3471723 method=swap_current_delta_fallback detail={'delta_swap_current': 0, 'swap_saturated': False, 'workingset_refault_anon': 29160} events={'low': 0, 'high': 0, 'max': 92, 'oom': 0, 'oom_kill': 0, 'oom_group_kill': 0}
[container_monitor] pf-swap-1: current=973.0MiB swap=183.2MiB max=1373.0MiB cpu.usage_usec=3476474 method=swap_current_delta_fallback detail={'delta_swap_current': 0, 'swap_saturated': False, 'workingset_refault_anon': 29160} events={'low': 0, 'high': 0, 'max': 92, 'oom': 0, 'oom_kill': 0, 'oom_group_kill': 0}
[container_monitor] pf-swap-1: current=973.0MiB swap=183.2MiB max=1373.0MiB cpu.usage_usec=3481682 method=swap_current_delta_fallback detail={'delta_swap_current': 0, 'swap_saturated': False, 'workingset_refault_anon': 29160} events={'low': 0, 'high': 0, 'max': 92, 'oom': 0, 'oom_kill': 0, 'oom_group_kill': 0}
[container_monitor] pf-swap-1: current=973.0MiB swap=183.2MiB max=1373.0MiB cpu.usage_usec=3486790 method=swap_current_delta_fallback detail={'delta_swap_current': 0, 'swap_saturated': False, 'workingset_refault_anon': 29160} events={'low': 0, 'high': 0, 'max': 92, 'oom': 0, 'oom_kill': 0, 'oom_group_kill': 0}
[container_monitor] pf-swap-1: current=973.0MiB swap=183.2MiB max=1373.0MiB cpu.usage_usec=3491310 method=swap_current_delta_fallback detail={'delta_swap_current': 0, 'swap_saturated': False, 'workingset_refault_anon': 29160} events={'low': 0, 'high': 0, 'max': 92, 'oom': 0, 'oom_kill': 0, 'oom_group_kill': 0}
[container_monitor] pf-swap-1: current=973.0MiB swap=183.2MiB max=1373.0MiB cpu.usage_usec=3496234 method=swap_current_delta_fallback detail={'delta_swap_current': 0, 'swap_saturated': False, 'workingset_refault_anon': 29160} events={'low': 0, 'high': 0, 'max': 92, 'oom': 0, 'oom_kill': 0, 'oom_group_kill': 0}
[container_monitor] pf-swap-1: current=973.0MiB swap=183.2MiB max=1373.0MiB cpu.usage_usec=3500941 method=swap_current_delta_fallback detail={'delta_swap_current': 0, 'swap_saturated': False, 'workingset_refault_anon': 29160} events={'low': 0, 'high': 0, 'max': 92, 'oom': 0, 'oom_kill': 0, 'oom_group_kill': 0}
[container_monitor] pf-swap-1: current=973.0MiB swap=183.2MiB max=1373.0MiB cpu.usage_usec=3505962 method=swap_current_delta_fallback detail={'delta_swap_current': 0, 'swap_saturated': False, 'workingset_refault_anon': 29160} events={'low': 0, 'high': 0, 'max': 92, 'oom': 0, 'oom_kill': 0, 'oom_group_kill': 0}