[container_monitor] pf-swap-2: cgroup path = /sys/fs/cgroup/system.slice/docker-305f04be379b999c32cd913042d59853b6b11dcb101c1bc3e7d42a7210cbed91.scope
[container_monitor] pf-swap-2: current=49.1MiB swap=0.0MiB max=256.0MiB cpu.usage_usec=57592 method=swap_current_delta_fallback detail={'delta_swap_current': 0, 'swap_saturated': False, 'workingset_refault_anon': 0} events={'low': 0, 'high': 0, 'max': 0, 'oom': 0, 'oom_kill': 0, 'oom_group_kill': 0}
[container_monitor] pf-swap-2: current=49.1MiB swap=0.0MiB max=256.0MiB cpu.usage_usec=58485 method=swap_current_delta_fallback detail={'delta_swap_current': 0, 'swap_saturated': False, 'workingset_refault_anon': 0} events={'low': 0, 'high': 0, 'max': 0, 'oom': 0, 'oom_kill': 0, 'oom_group_kill': 0}
[container_monitor] pf-swap-2: current=49.1MiB swap=0.0MiB max=256.0MiB cpu.usage_usec=59529 method=swap_current_delta_fallback detail={'delta_swap_current': 0, 'swap_saturated': False, 'workingset_refault_anon': 0} events={'low': 0, 'high': 0, 'max': 0, 'oom': 0, 'oom_kill': 0, 'oom_group_kill': 0}
[container_monitor] pf-swap-2: current=49.1MiB swap=0.0MiB max=256.0MiB cpu.usage_usec=60640 method=swap_current_delta_fallback detail={'delta_swap_current': 0, 'swap_saturated': False, 'workingset_refault_anon': 0} events={'low': 0, 'high': 0, 'max': 0, 'oom': 0, 'oom_kill': 0, 'oom_group_kill': 0}
[container_monitor] pf-swap-2: current=57.6MiB swap=0.0MiB max=256.0MiB cpu.usage_usec=71808 method=swap_current_delta_fallback detail={'delta_swap_current': 0, 'swap_saturated': False, 'workingset_refault_anon': 0} events={'low': 0, 'high': 0, 'max': 0, 'oom': 0, 'oom_kill': 0, 'oom_group_kill': 0}
[container_monitor] pf-swap-2: current=57.6MiB swap=0.0MiB max=256.0MiB cpu.usage_usec=72858 method=swap_current_delta_fallback detail={'delta_swap_current': 0, 'swap_saturated': False, 'workingset_refault_anon': 0} events={'low': 0, 'high': 0, 'max': 0, 'oom': 0, 'oom_kill': 0, 'oom_group_kill': 0}
[container_monitor] pf-swap-2: current=57.6MiB swap=0.0MiB max=256.0MiB cpu.usage_usec=73758 method=swap_current_delta_fallback detail={'delta_swap_current': 0, 'swap_saturated': False, 'workingset_refault_anon': 0} events={'low': 0, 'high': 0, 'max': 0, 'oom': 0, 'oom_kill': 0, 'oom_group_kill': 0}
[container_monitor] pf-swap-2: current=57.6MiB swap=0.0MiB max=256.0MiB cpu.usage_usec=74749 method=swap_current_delta_fallback detail={'delta_swap_current': 0, 'swap_saturated': False, 'workingset_refault_anon': 0} events={'low': 0, 'high': 0, 'max': 0, 'oom': 0, 'oom_kill': 0, 'oom_group_kill': 0}
[container_monitor] pf-swap-2: current=64.4MiB swap=0.0MiB max=256.0MiB cpu.usage_usec=88507 method=swap_current_delta_fallback detail={'delta_swap_current': 0, 'swap_saturated': False, 'workingset_refault_anon': 0} events={'low': 0, 'high': 0, 'max': 0, 'oom': 0, 'oom_kill': 0, 'oom_group_kill': 0}
[container_monitor] pf-swap-2: current=64.4MiB swap=0.0MiB max=256.0MiB cpu.usage_usec=89322 method=swap_current_delta_fallback detail={'delta_swap_current': 0, 'swap_saturated': False, 'workingset_refault_anon': 0} events={'low': 0, 'high': 0, 'max': 0, 'oom': 0, 'oom_kill': 0, 'oom_group_kill': 0}
[container_monitor] pf-swap-2: current=64.4MiB swap=0.0MiB max=256.0MiB cpu.usage_usec=90213 method=swap_current_delta_fallback detail={'delta_swap_current': 0, 'swap_saturated': False, 'workingset_refault_anon': 0} events={'low': 0, 'high': 0, 'max': 0, 'oom': 0, 'oom_kill': 0, 'oom_group_kill': 0}
[container_monitor] pf-swap-2: current=64.4MiB swap=0.0MiB max=256.0MiB cpu.usage_usec=91182 method=swap_current_delta_fallback detail={'delta_swap_current': 0, 'swap_saturated': False, 'workingset_refault_anon': 0} events={'low': 0, 'high': 0, 'max': 0, 'oom': 0, 'oom_kill': 0, 'oom_group_kill': 0}
[container_monitor] pf-swap-2: current=72.4MiB swap=0.0MiB max=256.0MiB cpu.usage_usec=107871 method=swap_current_delta_fallback detail={'delta_swap_current': 0, 'swap_saturated': False, 'workingset_refault_anon': 0} events={'low': 0, 'high': 0, 'max': 0, 'oom': 0, 'oom_kill': 0, 'oom_group_kill': 0}
[container_monitor] pf-swap-2: current=72.4MiB swap=0.0MiB max=256.0MiB cpu.usage_usec=108824 method=swap_current_delta_fallback detail={'delta_swap_current': 0, 'swap_saturated': False, 'workingset_refault_anon': 0} events={'low': 0, 'high': 0, 'max': 0, 'oom': 0, 'oom_kill': 0, 'oom_group_kill': 0}
[container_monitor] pf-swap-2: current=72.4MiB swap=0.0MiB max=256.0MiB cpu.usage_usec=109730 method=swap_current_delta_fallback detail={'delta_swap_current': 0, 'swap_saturated': False, 'workingset_refault_anon': 0} events={'low': 0, 'high': 0, 'max': 0, 'oom': 0, 'oom_kill': 0, 'oom_group_kill': 0}
[container_monitor] pf-swap-2: current=72.4MiB swap=0.0MiB max=256.0MiB cpu.usage_usec=110602 method=swap_current_delta_fallback detail={'delta_swap_current': 0, 'swap_saturated': False, 'workingset_refault_anon': 0} events={'low': 0, 'high': 0, 'max': 0, 'oom': 0, 'oom_kill': 0, 'oom_group_kill': 0}
[container_monitor] pf-swap-2: current=80.6MiB swap=0.0MiB max=256.0MiB cpu.usage_usec=133307 method=swap_current_delta_fallback detail={'delta_swap_current': 0, 'swap_saturated': False, 'workingset_refault_anon': 0} events={'low': 0, 'high': 0, 'max': 0, 'oom': 0, 'oom_kill': 0, 'oom_group_kill': 0}
[container_monitor] pf-swap-2: current=80.6MiB swap=0.0MiB max=256.0MiB cpu.usage_usec=134161 method=swap_current_delta_fallback detail={'delta_swap_current': 0, 'swap_saturated': False, 'workingset_refault_anon': 0} events={'low': 0, 'high': 0, 'max': 0, 'oom': 0, 'oom_kill': 0, 'oom_group_kill': 0}
[container_monitor] pf-swap-2: current=80.6MiB swap=0.0MiB max=256.0MiB cpu.usage_usec=135014 method=swap_current_delta_fallback detail={'delta_swap_current': 0, 'swap_saturated': False, 'workingset_refault_anon': 0} events={'low': 0, 'high': 0, 'max': 0, 'oom': 0, 'oom_kill': 0, 'oom_group_kill': 0}
[container_monitor] pf-swap-2: current=80.6MiB swap=0.0MiB max=256.0MiB cpu.usage_usec=135851 method=swap_current_delta_fallback detail={'delta_swap_current': 0, 'swap_saturated': False, 'workingset_refault_anon': 0} events={'low': 0, 'high': 0, 'max': 0, 'oom': 0, 'oom_kill': 0, 'oom_group_kill': 0}
[container_monitor] pf-swap-2: current=88.6MiB swap=0.0MiB max=256.0MiB cpu.usage_usec=142572 method=swap_current_delta_fallback detail={'delta_swap_current': 0, 'swap_saturated': False, 'workingset_refault_anon': 0} events={'low': 0, 'high': 0, 'max': 0, 'oom': 0, 'oom_kill': 0, 'oom_group_kill': 0}
[container_monitor] pf-swap-2: current=88.6MiB swap=0.0MiB max=256.0MiB cpu.usage_usec=143499 method=swap_current_delta_fallback detail={'delta_swap_current': 0, 'swap_saturated': False, 'workingset_refault_anon': 0} events={'low': 0, 'high': 0, 'max': 0, 'oom': 0, 'oom_kill': 0, 'oom_group_kill': 0}
[container_monitor] pf-swap-2: current=88.6MiB swap=0.0MiB max=256.0MiB cpu.usage_usec=144652 method=swap_current_delta_fallback detail={'delta_swap_current': 0, 'swap_saturated': False, 'workingset_refault_anon': 0} events={'low': 0, 'high': 0, 'max': 0, 'oom': 0, 'oom_kill': 0, 'oom_group_kill': 0}
[container_monitor] pf-swap-2: current=88.6MiB swap=0.0MiB max=256.0MiB cpu.usage_usec=145655 method=swap_current_delta_fallback detail={'delta_swap_current': 0, 'swap_saturated': False, 'workingset_refault_anon': 0} events={'low': 0, 'high': 0, 'max': 0, 'oom': 0, 'oom_kill': 0, 'oom_group_kill': 0}
[container_monitor] pf-swap-2: current=104.6MiB swap=0.0MiB max=256.0MiB cpu.usage_usec=169777 method=swap_current_delta_fallback detail={'delta_swap_current': 0, 'swap_saturated': False, 'workingset_refault_anon': 0} events={'low': 0, 'high': 0, 'max': 0, 'oom': 0, 'oom_kill': 0, 'oom_group_kill': 0}
[container_monitor] pf-swap-2: current=104.6MiB swap=0.0MiB max=256.0MiB cpu.usage_usec=170520 method=swap_current_delta_fallback detail={'delta_swap_current': 0, 'swap_saturated': False, 'workingset_refault_anon': 0} events={'low': 0, 'high': 0, 'max': 0, 'oom': 0, 'oom_kill': 0, 'oom_group_kill': 0}
[container_monitor] pf-swap-2: current=104.6MiB swap=0.0MiB max=256.0MiB cpu.usage_usec=171391 method=swap_current_delta_fallback detail={'delta_swap_current': 0, 'swap_saturated': False, 'workingset_refault_anon': 0} events={'low': 0, 'high': 0, 'max': 0, 'oom': 0, 'oom_kill': 0, 'oom_group_kill': 0}
[container_monitor] pf-swap-2: current=104.6MiB swap=0.0MiB max=256.0MiB cpu.usage_usec=172220 method=swap_current_delta_fallback detail={'delta_swap_current': 0, 'swap_saturated': False, 'workingset_refault_anon': 0} events={'low': 0, 'high': 0, 'max': 0, 'oom': 0, 'oom_kill': 0, 'oom_group_kill': 0}
[container_monitor] pf-swap-2: current=104.6MiB swap=0.0MiB max=256.0MiB cpu.usage_usec=176092 method=swap_current_delta_fallback detail={'delta_swap_current': 0, 'swap_saturated': False, 'workingset_refault_anon': 0} events={'low': 0, 'high': 0, 'max': 0, 'oom': 0, 'oom_kill': 0, 'oom_group_kill': 0}
[container_monitor] pf-swap-2: current=104.6MiB swap=0.0MiB max=256.0MiB cpu.usage_usec=176653 method=swap_current_delta_fallback detail={'delta_swap_current': 0, 'swap_saturated': False, 'workingset_refault_anon': 0} events={'low': 0, 'high': 0, 'max': 0, 'oom': 0, 'oom_kill': 0, 'oom_group_kill': 0}
[container_monitor] pf-swap-2: current=104.6MiB swap=0.0MiB max=256.0MiB cpu.usage_usec=177636 method=swap_current_delta_fallback detail={'delta_swap_current': 0, 'swap_saturated': False, 'workingset_refault_anon': 0} events={'low': 0, 'high': 0, 'max': 0, 'oom': 0, 'oom_kill': 0, 'oom_group_kill': 0}
[container_monitor] pf-swap-2: current=104.6MiB swap=0.0MiB max=256.0MiB cpu.usage_usec=178274 method=swap_current_delta_fallback detail={'delta_swap_current': 0, 'swap_saturated': False, 'workingset_refault_anon': 0} events={'low': 0, 'high': 0, 'max': 0, 'oom': 0, 'oom_kill': 0, 'oom_group_kill': 0}
[container_monitor] pf-swap-2: current=120.8MiB swap=0.0MiB max=256.0MiB cpu.usage_usec=194923 method=swap_current_delta_fallback detail={'delta_swap_current': 0, 'swap_saturated': False, 'workingset_refault_anon': 0} events={'low': 0, 'high': 0, 'max': 0, 'oom': 0, 'oom_kill': 0, 'oom_group_kill': 0}
[container_monitor] pf-swap-2: current=120.8MiB swap=0.0MiB max=256.0MiB cpu.usage_usec=195670 method=swap_current_delta_fallback detail={'delta_swap_current': 0, 'swap_saturated': False, 'workingset_refault_anon': 0} events={'low': 0, 'high': 0, 'max': 0, 'oom': 0, 'oom_kill': 0, 'oom_group_kill': 0}
[container_monitor] pf-swap-2: current=120.8MiB swap=0.0MiB max=256.0MiB cpu.usage_usec=196682 method=swap_current_delta_fallback detail={'delta_swap_current': 0, 'swap_saturated': False, 'workingset_refault_anon': 0} events={'low': 0, 'high': 0, 'max': 0, 'oom': 0, 'oom_kill': 0, 'oom_group_kill': 0}
[container_monitor] pf-swap-2: current=120.8MiB swap=0.0MiB max=256.0MiB cpu.usage_usec=197604 method=swap_current_delta_fallback detail={'delta_swap_current': 0, 'swap_saturated': False, 'workingset_refault_anon': 0} events={'low': 0, 'high': 0, 'max': 0, 'oom': 0, 'oom_kill': 0, 'oom_group_kill': 0}
[container_monitor] pf-swap-2: current=121.3MiB swap=0.0MiB max=256.0MiB cpu.usage_usec=203743 method=swap_current_delta_fallback detail={'delta_swap_current': 0, 'swap_saturated': False, 'workingset_refault_anon': 0} events={'low': 0, 'high': 0, 'max': 0, 'oom': 0, 'oom_kill': 0, 'oom_group_kill': 0}
[container_monitor] pf-swap-2: current=121.3MiB swap=0.0MiB max=256.0MiB cpu.usage_usec=204521 method=swap_current_delta_fallback detail={'delta_swap_current': 0, 'swap_saturated': False, 'workingset_refault_anon': 0} events={'low': 0, 'high': 0, 'max': 0, 'oom': 0, 'oom_kill': 0, 'oom_group_kill': 0}
[container_monitor] pf-swap-2: current=121.3MiB swap=0.0MiB max=256.0MiB cpu.usage_usec=205384 method=swap_current_delta_fallback detail={'delta_swap_current': 0, 'swap_saturated': False, 'workingset_refault_anon': 0} events={'low': 0, 'high': 0, 'max': 0, 'oom': 0, 'oom_kill': 0, 'oom_group_kill': 0}
[container_monitor] pf-swap-2: current=121.3MiB swap=0.0MiB max=256.0MiB cpu.usage_usec=205866 method=swap_current_delta_fallback detail={'delta_swap_current': 0, 'swap_saturated': False, 'workingset_refault_anon': 0} events={'low': 0, 'high': 0, 'max': 0, 'oom': 0, 'oom_kill': 0, 'oom_group_kill': 0}
[container_monitor] pf-swap-2: current=129.3MiB swap=0.0MiB max=256.0MiB cpu.usage_usec=219008 method=swap_current_delta_fallback detail={'delta_swap_current': 0, 'swap_saturated': False, 'workingset_refault_anon': 0} events={'low': 0, 'high': 0, 'max': 0, 'oom': 0, 'oom_kill': 0, 'oom_group_kill': 0}
[container_monitor] pf-swap-2: current=129.3MiB swap=0.0MiB max=256.0MiB cpu.usage_usec=219878 method=swap_current_delta_fallback detail={'delta_swap_current': 0, 'swap_saturated': False, 'workingset_refault_anon': 0} events={'low': 0, 'high': 0, 'max': 0, 'oom': 0, 'oom_kill': 0, 'oom_group_kill': 0}
[container_monitor] pf-swap-2: current=129.3MiB swap=0.0MiB max=256.0MiB cpu.usage_usec=220649 method=swap_current_delta_fallback detail={'delta_swap_current': 0, 'swap_saturated': False, 'workingset_refault_anon': 0} events={'low': 0, 'high': 0, 'max': 0, 'oom': 0, 'oom_kill': 0, 'oom_group_kill': 0}
[container_monitor] pf-swap-2: current=129.3MiB swap=0.0MiB max=256.0MiB cpu.usage_usec=221403 method=swap_current_delta_fallback detail={'delta_swap_current': 0, 'swap_saturated': False, 'workingset_refault_anon': 0} events={'low': 0, 'high': 0, 'max': 0, 'oom': 0, 'oom_kill': 0, 'oom_group_kill': 0}
[container_monitor] pf-swap-2: current=137.3MiB swap=0.0MiB max=256.0MiB cpu.usage_usec=230670 method=swap_current_delta_fallback detail={'delta_swap_current': 0, 'swap_saturated': False, 'workingset_refault_anon': 0} events={'low': 0, 'high': 0, 'max': 0, 'oom': 0, 'oom_kill': 0, 'oom_group_kill': 0}
[container_monitor] pf-swap-2: current=137.3MiB swap=0.0MiB max=256.0MiB cpu.usage_usec=231337 method=swap_current_delta_fallback detail={'delta_swap_current': 0, 'swap_saturated': False, 'workingset_refault_anon': 0} events={'low': 0, 'high': 0, 'max': 0, 'oom': 0, 'oom_kill': 0, 'oom_group_kill': 0}
[container_monitor] pf-swap-2: current=137.3MiB swap=0.0MiB max=256.0MiB cpu.usage_usec=232279 method=swap_current_delta_fallback detail={'delta_swap_current': 0, 'swap_saturated': False, 'workingset_refault_anon': 0} events={'low': 0, 'high': 0, 'max': 0, 'oom': 0, 'oom_kill': 0, 'oom_group_kill': 0}
[container_monitor] pf-swap-2: current=137.3MiB swap=0.0MiB max=256.0MiB cpu.usage_usec=232965 method=swap_current_delta_fallback detail={'delta_swap_current': 0, 'swap_saturated': False, 'workingset_refault_anon': 0} events={'low': 0, 'high': 0, 'max': 0, 'oom': 0, 'oom_kill': 0, 'oom_group_kill': 0}
[container_monitor] pf-swap-2: current=145.3MiB swap=0.0MiB max=256.0MiB cpu.usage_usec=242765 method=swap_current_delta_fallback detail={'delta_swap_current': 0, 'swap_saturated': False, 'workingset_refault_anon': 0} events={'low': 0, 'high': 0, 'max': 0, 'oom': 0, 'oom_kill': 0, 'oom_group_kill': 0}
[container_monitor] pf-swap-2: current=145.3MiB swap=0.0MiB max=256.0MiB cpu.usage_usec=243462 method=swap_current_delta_fallback detail={'delta_swap_current': 0, 'swap_saturated': False, 'workingset_refault_anon': 0} events={'low': 0, 'high': 0, 'max': 0, 'oom': 0, 'oom_kill': 0, 'oom_group_kill': 0}
[container_monitor] pf-swap-2: current=145.3MiB swap=0.0MiB max=256.0MiB cpu.usage_usec=244310 method=swap_current_delta_fallback detail={'delta_swap_current': 0, 'swap_saturated': False, 'workingset_refault_anon': 0} events={'low': 0, 'high': 0, 'max': 0, 'oom': 0, 'oom_kill': 0, 'oom_group_kill': 0}
[container_monitor] pf-swap-2: current=145.3MiB swap=0.0MiB max=256.0MiB cpu.usage_usec=244954 method=swap_current_delta_fallback detail={'delta_swap_current': 0, 'swap_saturated': False, 'workingset_refault_anon': 0} events={'low': 0, 'high': 0, 'max': 0, 'oom': 0, 'oom_kill': 0, 'oom_group_kill': 0}
[container_monitor] pf-swap-2: current=185.5MiB swap=0.0MiB max=256.0MiB cpu.usage_usec=272113 method=swap_current_delta_fallback detail={'delta_swap_current': 0, 'swap_saturated': False, 'workingset_refault_anon': 0} events={'low': 0, 'high': 0, 'max': 0, 'oom': 0, 'oom_kill': 0, 'oom_group_kill': 0}
[container_monitor] pf-swap-2: current=185.5MiB swap=0.0MiB max=256.0MiB cpu.usage_usec=272779 method=swap_current_delta_fallback detail={'delta_swap_current': 0, 'swap_saturated': False, 'workingset_refault_anon': 0} events={'low': 0, 'high': 0, 'max': 0, 'oom': 0, 'oom_kill': 0, 'oom_group_kill': 0}
[container_monitor] pf-swap-2: current=185.5MiB swap=0.0MiB max=256.0MiB cpu.usage_usec=273938 method=swap_current_delta_fallback detail={'delta_swap_current': 0, 'swap_saturated': False, 'workingset_refault_anon': 0} events={'low': 0, 'high': 0, 'max': 0, 'oom': 0, 'oom_kill': 0, 'oom_group_kill': 0}
[container_monitor] pf-swap-2: current=185.5MiB swap=0.0MiB max=256.0MiB cpu.usage_usec=274508 method=swap_current_delta_fallback detail={'delta_swap_current': 0, 'swap_saturated': False, 'workingset_refault_anon': 0} events={'low': 0, 'high': 0, 'max': 0, 'oom': 0, 'oom_kill': 0, 'oom_group_kill': 0}
[container_monitor] pf-swap-2: current=185.5MiB swap=0.0MiB max=256.0MiB cpu.usage_usec=279286 method=swap_current_delta_fallback detail={'delta_swap_current': 0, 'swap_saturated': False, 'workingset_refault_anon': 0} events={'low': 0, 'high': 0, 'max': 0, 'oom': 0, 'oom_kill': 0, 'oom_group_kill': 0}
[container_monitor] pf-swap-2: current=185.5MiB swap=0.0MiB max=256.0MiB cpu.usage_usec=280021 method=swap_current_delta_fallback detail={'delta_swap_current': 0, 'swap_saturated': False, 'workingset_refault_anon': 0} events={'low': 0, 'high': 0, 'max': 0, 'oom': 0, 'oom_kill': 0, 'oom_group_kill': 0}
[container_monitor] pf-swap-2: current=185.5MiB swap=0.0MiB max=256.0MiB cpu.usage_usec=280898 method=swap_current_delta_fallback detail={'delta_swap_current': 0, 'swap_saturated': False, 'workingset_refault_anon': 0} events={'low': 0, 'high': 0, 'max': 0, 'oom': 0, 'oom_kill': 0, 'oom_group_kill': 0}
[container_monitor] pf-swap-2: current=185.5MiB swap=0.0MiB max=256.0MiB cpu.usage_usec=281714 method=swap_current_delta_fallback detail={'delta_swap_current': 0, 'swap_saturated': False, 'workingset_refault_anon': 0} events={'low': 0, 'high': 0, 'max': 0, 'oom': 0, 'oom_kill': 0, 'oom_group_kill': 0}
[container_monitor] pf-swap-2: current=185.5MiB swap=0.0MiB max=256.0MiB cpu.usage_usec=288462 method=swap_current_delta_fallback detail={'delta_swap_current': 0, 'swap_saturated': False, 'workingset_refault_anon': 0} events={'low': 0, 'high': 0, 'max': 0, 'oom': 0, 'oom_kill': 0, 'oom_group_kill': 0}
[container_monitor] pf-swap-2: current=185.5MiB swap=0.0MiB max=256.0MiB cpu.usage_usec=289440 method=swap_current_delta_fallback detail={'delta_swap_current': 0, 'swap_saturated': False, 'workingset_refault_anon': 0} events={'low': 0, 'high': 0, 'max': 0, 'oom': 0, 'oom_kill': 0, 'oom_group_kill': 0}
[container_monitor] pf-swap-2: current=185.5MiB swap=0.0MiB max=256.0MiB cpu.usage_usec=290275 method=swap_current_delta_fallback detail={'delta_swap_current': 0, 'swap_saturated': False, 'workingset_refault_anon': 0} events={'low': 0, 'high': 0, 'max': 0, 'oom': 0, 'oom_kill': 0, 'oom_group_kill': 0}
[container_monitor] pf-swap-2: current=185.5MiB swap=0.0MiB max=256.0MiB cpu.usage_usec=291016 method=swap_current_delta_fallback detail={'delta_swap_current': 0, 'swap_saturated': False, 'workingset_refault_anon': 0} events={'low': 0, 'high': 0, 'max': 0, 'oom': 0, 'oom_kill': 0, 'oom_group_kill': 0}
[container_monitor] pf-swap-2: current=185.5MiB swap=0.0MiB max=256.0MiB cpu.usage_usec=298641 method=swap_current_delta_fallback detail={'delta_swap_current': 0, 'swap_saturated': False, 'workingset_refault_anon': 0} events={'low': 0, 'high': 0, 'max': 0, 'oom': 0, 'oom_kill': 0, 'oom_group_kill': 0}
[container_monitor] pf-swap-2: current=185.5MiB swap=0.0MiB max=256.0MiB cpu.usage_usec=299703 method=swap_current_delta_fallback detail={'delta_swap_current': 0, 'swap_saturated': False, 'workingset_refault_anon': 0} events={'low': 0, 'high': 0, 'max': 0, 'oom': 0, 'oom_kill': 0, 'oom_group_kill': 0}
[container_monitor] pf-swap-2: current=185.5MiB swap=0.0MiB max=256.0MiB cpu.usage_usec=300378 method=swap_current_delta_fallback detail={'delta_swap_current': 0, 'swap_saturated': False, 'workingset_refault_anon': 0} events={'low': 0, 'high': 0, 'max': 0, 'oom': 0, 'oom_kill': 0, 'oom_group_kill': 0}
[container_monitor] pf-swap-2: current=185.5MiB swap=0.0MiB max=256.0MiB cpu.usage_usec=301164 method=swap_current_delta_fallback detail={'delta_swap_current': 0, 'swap_saturated': False, 'workingset_refault_anon': 0} events={'low': 0, 'high': 0, 'max': 0, 'oom': 0, 'oom_kill': 0, 'oom_group_kill': 0}
[container_monitor] pf-swap-2: current=185.5MiB swap=0.0MiB max=256.0MiB cpu.usage_usec=305609 method=swap_current_delta_fallback detail={'delta_swap_current': 0, 'swap_saturated': False, 'workingset_refault_anon': 0} events={'low': 0, 'high': 0, 'max': 0, 'oom': 0, 'oom_kill': 0, 'oom_group_kill': 0}
[container_monitor] pf-swap-2: current=185.5MiB swap=0.0MiB max=256.0MiB cpu.usage_usec=306534 method=swap_current_delta_fallback detail={'delta_swap_current': 0, 'swap_saturated': False, 'workingset_refault_anon': 0} events={'low': 0, 'high': 0, 'max': 0, 'oom': 0, 'oom_kill': 0, 'oom_group_kill': 0}
[container_monitor] pf-swap-2: current=185.5MiB swap=0.0MiB max=256.0MiB cpu.usage_usec=307737 method=swap_current_delta_fallback detail={'delta_swap_current': 0, 'swap_saturated': False, 'workingset_refault_anon': 0} events={'low': 0, 'high': 0, 'max': 0, 'oom': 0, 'oom_kill': 0, 'oom_group_kill': 0}
[container_monitor] pf-swap-2: current=185.5MiB swap=0.0MiB max=256.0MiB cpu.usage_usec=308516 method=swap_current_delta_fallback detail={'delta_swap_current': 0, 'swap_saturated': False, 'workingset_refault_anon': 0} events={'low': 0, 'high': 0, 'max': 0, 'oom': 0, 'oom_kill': 0, 'oom_group_kill': 0}
[container_monitor] pf-swap-2: current=226.1MiB swap=0.0MiB max=256.0MiB cpu.usage_usec=353261 method=swap_current_delta_fallback detail={'delta_swap_current': 0, 'swap_saturated': False, 'workingset_refault_anon': 0} events={'low': 0, 'high': 0, 'max': 0, 'oom': 0, 'oom_kill': 0, 'oom_group_kill': 0}
[container_monitor] pf-swap-2: current=226.1MiB swap=0.0MiB max=256.0MiB cpu.usage_usec=354286 method=swap_current_delta_fallback detail={'delta_swap_current': 0, 'swap_saturated': False, 'workingset_refault_anon': 0} events={'low': 0, 'high': 0, 'max': 0, 'oom': 0, 'oom_kill': 0, 'oom_group_kill': 0}
[container_monitor] pf-swap-2: current=226.1MiB swap=0.0MiB max=256.0MiB cpu.usage_usec=355347 method=swap_current_delta_fallback detail={'delta_swap_current': 0, 'swap_saturated': False, 'workingset_refault_anon': 0} events={'low': 0, 'high': 0, 'max': 0, 'oom': 0, 'oom_kill': 0, 'oom_group_kill': 0}
[container_monitor] pf-swap-2: current=226.1MiB swap=0.0MiB max=256.0MiB cpu.usage_usec=356061 method=swap_current_delta_fallback detail={'delta_swap_current': 0, 'swap_saturated': False, 'workingset_refault_anon': 0} events={'low': 0, 'high': 0, 'max': 0, 'oom': 0, 'oom_kill': 0, 'oom_group_kill': 0}
[container_monitor] pf-swap-2: current=226.1MiB swap=0.0MiB max=256.0MiB cpu.usage_usec=359619 method=swap_current_delta_fallback detail={'delta_swap_current': 0, 'swap_saturated': False, 'workingset_refault_anon': 0} events={'low': 0, 'high': 0, 'max': 0, 'oom': 0, 'oom_kill': 0, 'oom_group_kill': 0}
[container_monitor] pf-swap-2: current=226.1MiB swap=0.0MiB max=256.0MiB cpu.usage_usec=360499 method=swap_current_delta_fallback detail={'delta_swap_current': 0, 'swap_saturated': False, 'workingset_refault_anon': 0} events={'low': 0, 'high': 0, 'max': 0, 'oom': 0, 'oom_kill': 0, 'oom_group_kill': 0}
[container_monitor] pf-swap-2: current=226.1MiB swap=0.0MiB max=256.0MiB cpu.usage_usec=361710 method=swap_current_delta_fallback detail={'delta_swap_current': 0, 'swap_saturated': False, 'workingset_refault_anon': 0} events={'low': 0, 'high': 0, 'max': 0, 'oom': 0, 'oom_kill': 0, 'oom_group_kill': 0}
[container_monitor] pf-swap-2: current=226.1MiB swap=0.0MiB max=256.0MiB cpu.usage_usec=362358 method=swap_current_delta_fallback detail={'delta_swap_current': 0, 'swap_saturated': False, 'workingset_refault_anon': 0} events={'low': 0, 'high': 0, 'max': 0, 'oom': 0, 'oom_kill': 0, 'oom_group_kill': 0}
[container_monitor] pf-swap-2: current=226.1MiB swap=0.0MiB max=256.0MiB cpu.usage_usec=366571 method=swap_current_delta_fallback detail={'delta_swap_current': 0, 'swap_saturated': False, 'workingset_refault_anon': 0} events={'low': 0, 'high': 0, 'max': 0, 'oom': 0, 'oom_kill': 0, 'oom_group_kill': 0}
[container_monitor] pf-swap-2: current=226.1MiB swap=0.0MiB max=256.0MiB cpu.usage_usec=367364 method=swap_current_delta_fallback detail={'delta_swap_current': 0, 'swap_saturated': False, 'workingset_refault_anon': 0} events={'low': 0, 'high': 0, 'max': 0, 'oom': 0, 'oom_kill': 0, 'oom_group_kill': 0}
[container_monitor] pf-swap-2: current=226.1MiB swap=0.0MiB max=256.0MiB cpu.usage_usec=368239 method=swap_current_delta_fallback detail={'delta_swap_current': 0, 'swap_saturated': False, 'workingset_refault_anon': 0} events={'low': 0, 'high': 0, 'max': 0, 'oom': 0, 'oom_kill': 0, 'oom_group_kill': 0}
[container_monitor] pf-swap-2: current=226.1MiB swap=0.0MiB max=256.0MiB cpu.usage_usec=368911 method=swap_current_delta_fallback detail={'delta_swap_current': 0, 'swap_saturated': False, 'workingset_refault_anon': 0} events={'low': 0, 'high': 0, 'max': 0, 'oom': 0, 'oom_kill': 0, 'oom_group_kill': 0}
[container_monitor] pf-swap-2: current=226.1MiB swap=0.0MiB max=256.0MiB cpu.usage_usec=374367 method=swap_current_delta_fallback detail={'delta_swap_current': 0, 'swap_saturated': False, 'workingset_refault_anon': 0} events={'low': 0, 'high': 0, 'max': 0, 'oom': 0, 'oom_kill': 0, 'oom_group_kill': 0}
[container_monitor] pf-swap-2: current=226.1MiB swap=0.0MiB max=256.0MiB cpu.usage_usec=375268 method=swap_current_delta_fallback detail={'delta_swap_current': 0, 'swap_saturated': False, 'workingset_refault_anon': 0} events={'low': 0, 'high': 0, 'max': 0, 'oom': 0, 'oom_kill': 0, 'oom_group_kill': 0}
[container_monitor] pf-swap-2: current=226.4MiB swap=0.0MiB max=256.0MiB cpu.usage_usec=376507 method=swap_current_delta_fallback detail={'delta_swap_current': 0, 'swap_saturated': False, 'workingset_refault_anon': 0} events={'low': 0, 'high': 0, 'max': 0, 'oom': 0, 'oom_kill': 0, 'oom_group_kill': 0}
[container_monitor] pf-swap-2: current=226.4MiB swap=0.0MiB max=256.0MiB cpu.usage_usec=377110 method=swap_current_delta_fallback detail={'delta_swap_current': 0, 'swap_saturated': False, 'workingset_refault_anon': 0} events={'low': 0, 'high': 0, 'max': 0, 'oom': 0, 'oom_kill': 0, 'oom_group_kill': 0}
[container_monitor] pf-swap-2: current=227.7MiB swap=0.0MiB max=256.0MiB cpu.usage_usec=384677 method=swap_current_delta_fallback detail={'delta_swap_current': 0, 'swap_saturated': False, 'workingset_refault_anon': 0} events={'low': 0, 'high': 0, 'max': 0, 'oom': 0, 'oom_kill': 0, 'oom_group_kill': 0}
[container_monitor] pf-swap-2: current=227.7MiB swap=0.0MiB max=256.0MiB cpu.usage_usec=385604 method=swap_current_delta_fallback detail={'delta_swap_current': 0, 'swap_saturated': False, 'workingset_refault_anon': 0} events={'low': 0, 'high': 0, 'max': 0, 'oom': 0, 'oom_kill': 0, 'oom_group_kill': 0}
[container_monitor] pf-swap-2: current=227.7MiB swap=0.0MiB max=256.0MiB cpu.usage_usec=386551 method=swap_current_delta_fallback detail={'delta_swap_current': 0, 'swap_saturated': False, 'workingset_refault_anon': 0} events={'low': 0, 'high': 0, 'max': 0, 'oom': 0, 'oom_kill': 0, 'oom_group_kill': 0}
[container_monitor] pf-swap-2: current=227.7MiB swap=0.0MiB max=256.0MiB cpu.usage_usec=387681 method=swap_current_delta_fallback detail={'delta_swap_current': 0, 'swap_saturated': False, 'workingset_refault_anon': 0} events={'low': 0, 'high': 0, 'max': 0, 'oom': 0, 'oom_kill': 0, 'oom_group_kill': 0}
[container_monitor] pf-swap-2: current=235.9MiB swap=0.0MiB max=256.0MiB cpu.usage_usec=397043 method=swap_current_delta_fallback detail={'delta_swap_current': 0, 'swap_saturated': False, 'workingset_refault_anon': 0} events={'low': 0, 'high': 0, 'max': 0, 'oom': 0, 'oom_kill': 0, 'oom_group_kill': 0}
[container_monitor] pf-swap-2: current=235.9MiB swap=0.0MiB max=256.0MiB cpu.usage_usec=397971 method=swap_current_delta_fallback detail={'delta_swap_current': 0, 'swap_saturated': False, 'workingset_refault_anon': 0} events={'low': 0, 'high': 0, 'max': 0, 'oom': 0, 'oom_kill': 0, 'oom_group_kill': 0}
[container_monitor] pf-swap-2: current=235.9MiB swap=0.0MiB max=256.0MiB cpu.usage_usec=399191 method=swap_current_delta_fallback detail={'delta_swap_current': 0, 'swap_saturated': False, 'workingset_refault_anon': 0} events={'low': 0, 'high': 0, 'max': 0, 'oom': 0, 'oom_kill': 0, 'oom_group_kill': 0}
[container_monitor] pf-swap-2: current=235.9MiB swap=0.0MiB max=256.0MiB cpu.usage_usec=400292 method=swap_current_delta_fallback detail={'delta_swap_current': 0, 'swap_saturated': False, 'workingset_refault_anon': 0} events={'low': 0, 'high': 0, 'max': 0, 'oom': 0, 'oom_kill': 0, 'oom_group_kill': 0}
[container_monitor] pf-swap-2: current=243.9MiB swap=0.0MiB max=256.0MiB cpu.usage_usec=410365 method=swap_current_delta_fallback detail={'delta_swap_current': 0, 'swap_saturated': False, 'workingset_refault_anon': 0} events={'low': 0, 'high': 0, 'max': 0, 'oom': 0, 'oom_kill': 0, 'oom_group_kill': 0}
[container_monitor] pf-swap-2: current=243.9MiB swap=0.0MiB max=256.0MiB cpu.usage_usec=411285 method=swap_current_delta_fallback detail={'delta_swap_current': 0, 'swap_saturated': False, 'workingset_refault_anon': 0} events={'low': 0, 'high': 0, 'max': 0, 'oom': 0, 'oom_kill': 0, 'oom_group_kill': 0}
[container_monitor] pf-swap-2: current=243.9MiB swap=0.0MiB max=256.0MiB cpu.usage_usec=412397 method=swap_current_delta_fallback detail={'delta_swap_current': 0, 'swap_saturated': False, 'workingset_refault_anon': 0} events={'low': 0, 'high': 0, 'max': 0, 'oom': 0, 'oom_kill': 0, 'oom_group_kill': 0}
[container_monitor] pf-swap-2: current=243.9MiB swap=0.0MiB max=256.0MiB cpu.usage_usec=413177 method=swap_current_delta_fallback detail={'delta_swap_current': 0, 'swap_saturated': False, 'workingset_refault_anon': 0} events={'low': 0, 'high': 0, 'max': 0, 'oom': 0, 'oom_kill': 0, 'oom_group_kill': 0}
[container_monitor] pf-swap-2: current=251.9MiB swap=0.0MiB max=256.0MiB cpu.usage_usec=422527 method=swap_current_delta_fallback detail={'delta_swap_current': 0, 'swap_saturated': False, 'workingset_refault_anon': 0} events={'low': 0, 'high': 0, 'max': 0, 'oom': 0, 'oom_kill': 0, 'oom_group_kill': 0}
[container_monitor] pf-swap-2: current=251.9MiB swap=0.0MiB max=256.0MiB cpu.usage_usec=423486 method=swap_current_delta_fallback detail={'delta_swap_current': 0, 'swap_saturated': False, 'workingset_refault_anon': 0} events={'low': 0, 'high': 0, 'max': 0, 'oom': 0, 'oom_kill': 0, 'oom_group_kill': 0}
[container_monitor] pf-swap-2: current=251.9MiB swap=0.0MiB max=256.0MiB cpu.usage_usec=424579 method=swap_current_delta_fallback detail={'delta_swap_current': 0, 'swap_saturated': False, 'workingset_refault_anon': 0} events={'low': 0, 'high': 0, 'max': 0, 'oom': 0, 'oom_kill': 0, 'oom_group_kill': 0}
[container_monitor] pf-swap-2: current=251.9MiB swap=0.0MiB max=256.0MiB cpu.usage_usec=425566 method=swap_current_delta_fallback detail={'delta_swap_current': 0, 'swap_saturated': False, 'workingset_refault_anon': 0} events={'low': 0, 'high': 0, 'max': 0, 'oom': 0, 'oom_kill': 0, 'oom_group_kill': 0}
[container_monitor] pf-swap-2: current=181.2MiB swap=82.1MiB max=256.0MiB cpu.usage_usec=508430 method=swap_current_delta_fallback detail={'delta_swap_current': 86036480, 'swap_saturated': False, 'workingset_refault_anon': 616} events={'low': 0, 'high': 0, 'max': 3, 'oom': 0, 'oom_kill': 0, 'oom_group_kill': 0}
[container_monitor] pf-swap-2: OCM 감지 (method=swap_current_delta_fallback, detail={'delta_swap_current': 86036480, 'swap_saturated': False, 'workingset_refault_anon': 616})
[puff_manager] pf-swap-2: 원래 메모리 한도 저장 256MiB
[puff_manager] pf-swap-2: puff 적용 256MiB -> 358MiB
[container_monitor] pf-swap-2: puff 완료, 새 메모리 한도 358MiB
[suspend_manager] pf-swap-2: 원래 CPU 설정 저장 {'cpu_max': 'max 100000', 'cpuset_cpus': '0-1'}
[suspend_manager] pf-swap-2: suspend 적용 (--cpus 0.01 --cpuset-cpus 0)
[suspend_manager] pf-swap-2: cgroup cpu.max='1000 100000' cpuset.cpus='0'
[container_monitor] pf-swap-2: current=181.2MiB swap=82.1MiB max=358.0MiB cpu.usage_usec=508918 method=swap_current_delta_fallback detail={'delta_swap_current': 0, 'swap_saturated': False, 'workingset_refault_anon': 616} events={'low': 0, 'high': 0, 'max': 3, 'oom': 0, 'oom_kill': 0, 'oom_group_kill': 0}
[container_monitor] pf-swap-2: current=181.3MiB swap=82.1MiB max=358.0MiB cpu.usage_usec=510208 method=swap_current_delta_fallback detail={'delta_swap_current': 0, 'swap_saturated': False, 'workingset_refault_anon': 616} events={'low': 0, 'high': 0, 'max': 3, 'oom': 0, 'oom_kill': 0, 'oom_group_kill': 0}
[container_monitor] pf-swap-2: current=181.3MiB swap=82.1MiB max=358.0MiB cpu.usage_usec=510824 method=swap_current_delta_fallback detail={'delta_swap_current': 0, 'swap_saturated': False, 'workingset_refault_anon': 621} events={'low': 0, 'high': 0, 'max': 3, 'oom': 0, 'oom_kill': 0, 'oom_group_kill': 0}
[container_monitor] pf-swap-2: current=188.7MiB swap=82.1MiB max=358.0MiB cpu.usage_usec=515775 method=swap_current_delta_fallback detail={'delta_swap_current': 0, 'swap_saturated': False, 'workingset_refault_anon': 622} events={'low': 0, 'high': 0, 'max': 3, 'oom': 0, 'oom_kill': 0, 'oom_group_kill': 0}
[container_monitor] pf-swap-2: current=189.4MiB swap=82.1MiB max=358.0MiB cpu.usage_usec=520532 method=swap_current_delta_fallback detail={'delta_swap_current': 0, 'swap_saturated': False, 'workingset_refault_anon': 622} events={'low': 0, 'high': 0, 'max': 3, 'oom': 0, 'oom_kill': 0, 'oom_group_kill': 0}
[container_monitor] pf-swap-2: current=189.7MiB swap=82.1MiB max=358.0MiB cpu.usage_usec=525567 method=swap_current_delta_fallback detail={'delta_swap_current': 0, 'swap_saturated': False, 'workingset_refault_anon': 718} events={'low': 0, 'high': 0, 'max': 3, 'oom': 0, 'oom_kill': 0, 'oom_group_kill': 0}
[container_monitor] pf-swap-2: current=189.8MiB swap=82.1MiB max=358.0MiB cpu.usage_usec=539299 method=swap_current_delta_fallback detail={'delta_swap_current': 0, 'swap_saturated': False, 'workingset_refault_anon': 718} events={'low': 0, 'high': 0, 'max': 3, 'oom': 0, 'oom_kill': 0, 'oom_group_kill': 0}
[container_monitor] pf-swap-2: current=189.8MiB swap=82.1MiB max=358.0MiB cpu.usage_usec=539299 method=swap_current_delta_fallback detail={'delta_swap_current': 0, 'swap_saturated': False, 'workingset_refault_anon': 737} events={'low': 0, 'high': 0, 'max': 3, 'oom': 0, 'oom_kill': 0, 'oom_group_kill': 0}
[container_monitor] pf-swap-2: current=191.1MiB swap=82.1MiB max=358.0MiB cpu.usage_usec=540877 method=swap_current_delta_fallback detail={'delta_swap_current': 0, 'swap_saturated': False, 'workingset_refault_anon': 747} events={'low': 0, 'high': 0, 'max': 3, 'oom': 0, 'oom_kill': 0, 'oom_group_kill': 0}
[container_monitor] pf-swap-2: current=194.6MiB swap=82.1MiB max=358.0MiB cpu.usage_usec=545508 method=swap_current_delta_fallback detail={'delta_swap_current': 0, 'swap_saturated': False, 'workingset_refault_anon': 756} events={'low': 0, 'high': 0, 'max': 3, 'oom': 0, 'oom_kill': 0, 'oom_group_kill': 0}
[container_monitor] pf-swap-2: current=197.9MiB swap=82.1MiB max=358.0MiB cpu.usage_usec=551236 method=swap_current_delta_fallback detail={'delta_swap_current': 0, 'swap_saturated': False, 'workingset_refault_anon': 774} events={'low': 0, 'high': 0, 'max': 3, 'oom': 0, 'oom_kill': 0, 'oom_group_kill': 0}
[container_monitor] pf-swap-2: current=198.1MiB swap=82.1MiB max=358.0MiB cpu.usage_usec=555508 method=swap_current_delta_fallback detail={'delta_swap_current': 0, 'swap_saturated': False, 'workingset_refault_anon': 800} events={'low': 0, 'high': 0, 'max': 3, 'oom': 0, 'oom_kill': 0, 'oom_group_kill': 0}
[container_monitor] pf-swap-2: current=198.4MiB swap=82.1MiB max=358.0MiB cpu.usage_usec=560529 method=swap_current_delta_fallback detail={'delta_swap_current': 0, 'swap_saturated': False, 'workingset_refault_anon': 867} events={'low': 0, 'high': 0, 'max': 3, 'oom': 0, 'oom_kill': 0, 'oom_group_kill': 0}
[container_monitor] pf-swap-2: current=198.7MiB swap=81.8MiB max=358.0MiB cpu.usage_usec=565510 method=swap_current_delta_fallback detail={'delta_swap_current': -245760, 'swap_saturated': False, 'workingset_refault_anon': 929} events={'low': 0, 'high': 0, 'max': 3, 'oom': 0, 'oom_kill': 0, 'oom_group_kill': 0}
[container_monitor] pf-swap-2: current=199.1MiB swap=81.8MiB max=358.0MiB cpu.usage_usec=570508 method=swap_current_delta_fallback detail={'delta_swap_current': 0, 'swap_saturated': False, 'workingset_refault_anon': 1005} events={'low': 0, 'high': 0, 'max': 3, 'oom': 0, 'oom_kill': 0, 'oom_group_kill': 0}
[container_monitor] pf-swap-2: current=199.4MiB swap=81.8MiB max=358.0MiB cpu.usage_usec=575489 method=swap_current_delta_fallback detail={'delta_swap_current': 0, 'swap_saturated': False, 'workingset_refault_anon': 1060} events={'low': 0, 'high': 0, 'max': 3, 'oom': 0, 'oom_kill': 0, 'oom_group_kill': 0}
[container_monitor] pf-swap-2: current=200.2MiB swap=81.8MiB max=358.0MiB cpu.usage_usec=580488 method=swap_current_delta_fallback detail={'delta_swap_current': 0, 'swap_saturated': False, 'workingset_refault_anon': 1182} events={'low': 0, 'high': 0, 'max': 3, 'oom': 0, 'oom_kill': 0, 'oom_group_kill': 0}
[container_monitor] pf-swap-2: current=201.4MiB swap=81.8MiB max=358.0MiB cpu.usage_usec=585550 method=swap_current_delta_fallback detail={'delta_swap_current': 0, 'swap_saturated': False, 'workingset_refault_anon': 1352} events={'low': 0, 'high': 0, 'max': 3, 'oom': 0, 'oom_kill': 0, 'oom_group_kill': 0}
[container_monitor] pf-swap-2: current=202.7MiB swap=81.8MiB max=358.0MiB cpu.usage_usec=590490 method=swap_current_delta_fallback detail={'delta_swap_current': 0, 'swap_saturated': False, 'workingset_refault_anon': 1527} events={'low': 0, 'high': 0, 'max': 3, 'oom': 0, 'oom_kill': 0, 'oom_group_kill': 0}
[container_monitor] pf-swap-2: current=204.0MiB swap=81.8MiB max=358.0MiB cpu.usage_usec=595621 method=swap_current_delta_fallback detail={'delta_swap_current': 0, 'swap_saturated': False, 'workingset_refault_anon': 1695} events={'low': 0, 'high': 0, 'max': 3, 'oom': 0, 'oom_kill': 0, 'oom_group_kill': 0}
[container_monitor] pf-swap-2: current=205.2MiB swap=81.8MiB max=358.0MiB cpu.usage_usec=600898 method=swap_current_delta_fallback detail={'delta_swap_current': 0, 'swap_saturated': False, 'workingset_refault_anon': 1857} events={'low': 0, 'high': 0, 'max': 3, 'oom': 0, 'oom_kill': 0, 'oom_group_kill': 0}
[container_monitor] pf-swap-2: current=207.0MiB swap=81.8MiB max=358.0MiB cpu.usage_usec=605556 method=swap_current_delta_fallback detail={'delta_swap_current': 0, 'swap_saturated': False, 'workingset_refault_anon': 2081} events={'low': 0, 'high': 0, 'max': 3, 'oom': 0, 'oom_kill': 0, 'oom_group_kill': 0}
[container_monitor] pf-swap-2: current=208.6MiB swap=81.8MiB max=358.0MiB cpu.usage_usec=610598 method=swap_current_delta_fallback detail={'delta_swap_current': 0, 'swap_saturated': False, 'workingset_refault_anon': 2289} events={'low': 0, 'high': 0, 'max': 3, 'oom': 0, 'oom_kill': 0, 'oom_group_kill': 0}
[container_monitor] pf-swap-2: current=210.8MiB swap=81.8MiB max=358.0MiB cpu.usage_usec=615503 method=swap_current_delta_fallback detail={'delta_swap_current': 0, 'swap_saturated': False, 'workingset_refault_anon': 2569} events={'low': 0, 'high': 0, 'max': 3, 'oom': 0, 'oom_kill': 0, 'oom_group_kill': 0}
[container_monitor] pf-swap-2: current=212.2MiB swap=81.8MiB max=358.0MiB cpu.usage_usec=620549 method=swap_current_delta_fallback detail={'delta_swap_current': 0, 'swap_saturated': False, 'workingset_refault_anon': 2745} events={'low': 0, 'high': 0, 'max': 3, 'oom': 0, 'oom_kill': 0, 'oom_group_kill': 0}
[container_monitor] pf-swap-2: current=214.4MiB swap=81.8MiB max=358.0MiB cpu.usage_usec=626260 method=swap_current_delta_fallback detail={'delta_swap_current': 0, 'swap_saturated': False, 'workingset_refault_anon': 3026} events={'low': 0, 'high': 0, 'max': 3, 'oom': 0, 'oom_kill': 0, 'oom_group_kill': 0}
[container_monitor] pf-swap-2: current=215.9MiB swap=81.8MiB max=358.0MiB cpu.usage_usec=631176 method=swap_current_delta_fallback detail={'delta_swap_current': 0, 'swap_saturated': False, 'workingset_refault_anon': 3204} events={'low': 0, 'high': 0, 'max': 3, 'oom': 0, 'oom_kill': 0, 'oom_group_kill': 0}
[container_monitor] pf-swap-2: current=219.9MiB swap=81.8MiB max=358.0MiB cpu.usage_usec=636887 method=swap_current_delta_fallback detail={'delta_swap_current': 0, 'swap_saturated': False, 'workingset_refault_anon': 3364} events={'low': 0, 'high': 0, 'max': 3, 'oom': 0, 'oom_kill': 0, 'oom_group_kill': 0}
[container_monitor] pf-swap-2: current=222.7MiB swap=81.8MiB max=358.0MiB cpu.usage_usec=642514 method=swap_current_delta_fallback detail={'delta_swap_current': 0, 'swap_saturated': False, 'workingset_refault_anon': 3436} events={'low': 0, 'high': 0, 'max': 3, 'oom': 0, 'oom_kill': 0, 'oom_group_kill': 0}
[container_monitor] pf-swap-2: current=224.8MiB swap=81.8MiB max=358.0MiB cpu.usage_usec=647313 method=swap_current_delta_fallback detail={'delta_swap_current': 0, 'swap_saturated': False, 'workingset_refault_anon': 3500} events={'low': 0, 'high': 0, 'max': 3, 'oom': 0, 'oom_kill': 0, 'oom_group_kill': 0}
[container_monitor] pf-swap-2: current=226.9MiB swap=81.8MiB max=358.0MiB cpu.usage_usec=651584 method=swap_current_delta_fallback detail={'delta_swap_current': 0, 'swap_saturated': False, 'workingset_refault_anon': 3500} events={'low': 0, 'high': 0, 'max': 3, 'oom': 0, 'oom_kill': 0, 'oom_group_kill': 0}
[container_monitor] pf-swap-2: current=229.2MiB swap=81.8MiB max=358.0MiB cpu.usage_usec=656504 method=swap_current_delta_fallback detail={'delta_swap_current': 0, 'swap_saturated': False, 'workingset_refault_anon': 3500} events={'low': 0, 'high': 0, 'max': 3, 'oom': 0, 'oom_kill': 0, 'oom_group_kill': 0}
[container_monitor] pf-swap-2: current=232.5MiB swap=81.8MiB max=358.0MiB cpu.usage_usec=662325 method=swap_current_delta_fallback detail={'delta_swap_current': 0, 'swap_saturated': False, 'workingset_refault_anon': 3500} events={'low': 0, 'high': 0, 'max': 3, 'oom': 0, 'oom_kill': 0, 'oom_group_kill': 0}
[container_monitor] pf-swap-2: current=234.1MiB swap=81.8MiB max=358.0MiB cpu.usage_usec=666814 method=swap_current_delta_fallback detail={'delta_swap_current': 0, 'swap_saturated': False, 'workingset_refault_anon': 3500} events={'low': 0, 'high': 0, 'max': 3, 'oom': 0, 'oom_kill': 0, 'oom_group_kill': 0}
[container_monitor] pf-swap-2: current=239.3MiB swap=81.8MiB max=358.0MiB cpu.usage_usec=672224 method=swap_current_delta_fallback detail={'delta_swap_current': 0, 'swap_saturated': False, 'workingset_refault_anon': 3500} events={'low': 0, 'high': 0, 'max': 3, 'oom': 0, 'oom_kill': 0, 'oom_group_kill': 0}
[container_monitor] pf-swap-2: current=241.6MiB swap=81.8MiB max=358.0MiB cpu.usage_usec=676518 method=swap_current_delta_fallback detail={'delta_swap_current': 0, 'swap_saturated': False, 'workingset_refault_anon': 3582} events={'low': 0, 'high': 0, 'max': 3, 'oom': 0, 'oom_kill': 0, 'oom_group_kill': 0}
[container_monitor] pf-swap-2: current=244.7MiB swap=81.8MiB max=358.0MiB cpu.usage_usec=681678 method=swap_current_delta_fallback detail={'delta_swap_current': 0, 'swap_saturated': False, 'workingset_refault_anon': 3590} events={'low': 0, 'high': 0, 'max': 3, 'oom': 0, 'oom_kill': 0, 'oom_group_kill': 0}
[container_monitor] pf-swap-2: current=249.0MiB swap=81.8MiB max=358.0MiB cpu.usage_usec=687204 method=swap_current_delta_fallback detail={'delta_swap_current': 0, 'swap_saturated': False, 'workingset_refault_anon': 3590} events={'low': 0, 'high': 0, 'max': 3, 'oom': 0, 'oom_kill': 0, 'oom_group_kill': 0}
[container_monitor] pf-swap-2: current=253.1MiB swap=81.8MiB max=358.0MiB cpu.usage_usec=691996 method=swap_current_delta_fallback detail={'delta_swap_current': 0, 'swap_saturated': False, 'workingset_refault_anon': 3590} events={'low': 0, 'high': 0, 'max': 3, 'oom': 0, 'oom_kill': 0, 'oom_group_kill': 0}
[container_monitor] pf-swap-2: current=257.2MiB swap=81.8MiB max=358.0MiB cpu.usage_usec=696979 method=swap_current_delta_fallback detail={'delta_swap_current': 0, 'swap_saturated': False, 'workingset_refault_anon': 3590} events={'low': 0, 'high': 0, 'max': 3, 'oom': 0, 'oom_kill': 0, 'oom_group_kill': 0}
[container_monitor] pf-swap-2: current=260.8MiB swap=81.8MiB max=358.0MiB cpu.usage_usec=702186 method=swap_current_delta_fallback detail={'delta_swap_current': 0, 'swap_saturated': False, 'workingset_refault_anon': 3590} events={'low': 0, 'high': 0, 'max': 3, 'oom': 0, 'oom_kill': 0, 'oom_group_kill': 0}
[container_monitor] pf-swap-2: current=265.6MiB swap=81.8MiB max=358.0MiB cpu.usage_usec=707369 method=swap_current_delta_fallback detail={'delta_swap_current': 0, 'swap_saturated': False, 'workingset_refault_anon': 3590} events={'low': 0, 'high': 0, 'max': 3, 'oom': 0, 'oom_kill': 0, 'oom_group_kill': 0}
[container_monitor] pf-swap-2: current=269.9MiB swap=81.8MiB max=358.0MiB cpu.usage_usec=712121 method=swap_current_delta_fallback detail={'delta_swap_current': 0, 'swap_saturated': False, 'workingset_refault_anon': 3590} events={'low': 0, 'high': 0, 'max': 3, 'oom': 0, 'oom_kill': 0, 'oom_group_kill': 0}
[container_monitor] pf-swap-2: current=273.5MiB swap=81.8MiB max=358.0MiB cpu.usage_usec=716636 method=swap_current_delta_fallback detail={'delta_swap_current': 0, 'swap_saturated': False, 'workingset_refault_anon': 3590} events={'low': 0, 'high': 0, 'max': 3, 'oom': 0, 'oom_kill': 0, 'oom_group_kill': 0}
[container_monitor] pf-swap-2: current=279.7MiB swap=81.8MiB max=358.0MiB cpu.usage_usec=722401 method=swap_current_delta_fallback detail={'delta_swap_current': 0, 'swap_saturated': False, 'workingset_refault_anon': 3590} events={'low': 0, 'high': 0, 'max': 3, 'oom': 0, 'oom_kill': 0, 'oom_group_kill': 0}
[container_monitor] pf-swap-2: current=285.4MiB swap=81.8MiB max=358.0MiB cpu.usage_usec=727404 method=swap_current_delta_fallback detail={'delta_swap_current': 0, 'swap_saturated': False, 'workingset_refault_anon': 3590} events={'low': 0, 'high': 0, 'max': 3, 'oom': 0, 'oom_kill': 0, 'oom_group_kill': 0}
[container_monitor] pf-swap-2: current=290.4MiB swap=81.8MiB max=358.0MiB cpu.usage_usec=731527 method=swap_current_delta_fallback detail={'delta_swap_current': 0, 'swap_saturated': False, 'workingset_refault_anon': 3590} events={'low': 0, 'high': 0, 'max': 3, 'oom': 0, 'oom_kill': 0, 'oom_group_kill': 0}
[container_monitor] pf-swap-2: current=297.2MiB swap=81.8MiB max=358.0MiB cpu.usage_usec=736971 method=swap_current_delta_fallback detail={'delta_swap_current': 0, 'swap_saturated': False, 'workingset_refault_anon': 3590} events={'low': 0, 'high': 0, 'max': 3, 'oom': 0, 'oom_kill': 0, 'oom_group_kill': 0}
[container_monitor] pf-swap-2: current=298.2MiB swap=81.8MiB max=358.0MiB cpu.usage_usec=741608 method=swap_current_delta_fallback detail={'delta_swap_current': 0, 'swap_saturated': False, 'workingset_refault_anon': 3596} events={'low': 0, 'high': 0, 'max': 3, 'oom': 0, 'oom_kill': 0, 'oom_group_kill': 0}
[container_monitor] pf-swap-2: current=297.9MiB swap=81.8MiB max=358.0MiB cpu.usage_usec=746105 method=swap_current_delta_fallback detail={'delta_swap_current': 0, 'swap_saturated': False, 'workingset_refault_anon': 3596} events={'low': 0, 'high': 0, 'max': 3, 'oom': 0, 'oom_kill': 0, 'oom_group_kill': 0}
[container_monitor] pf-swap-2: current=297.9MiB swap=81.8MiB max=358.0MiB cpu.usage_usec=747054 method=swap_current_delta_fallback detail={'delta_swap_current': 0, 'swap_saturated': False, 'workingset_refault_anon': 3605} events={'low': 0, 'high': 0, 'max': 3, 'oom': 0, 'oom_kill': 0, 'oom_group_kill': 0}
[container_monitor] pf-swap-2: current=297.9MiB swap=81.8MiB max=358.0MiB cpu.usage_usec=748064 method=swap_current_delta_fallback detail={'delta_swap_current': 0, 'swap_saturated': False, 'workingset_refault_anon': 3605} events={'low': 0, 'high': 0, 'max': 3, 'oom': 0, 'oom_kill': 0, 'oom_group_kill': 0}
[container_monitor] pf-swap-2: current=297.9MiB swap=81.8MiB max=358.0MiB cpu.usage_usec=748752 method=swap_current_delta_fallback detail={'delta_swap_current': 0, 'swap_saturated': False, 'workingset_refault_anon': 3605} events={'low': 0, 'high': 0, 'max': 3, 'oom': 0, 'oom_kill': 0, 'oom_group_kill': 0}
[container_monitor] pf-swap-2: current=297.9MiB swap=81.8MiB max=358.0MiB cpu.usage_usec=752706 method=swap_current_delta_fallback detail={'delta_swap_current': 0, 'swap_saturated': False, 'workingset_refault_anon': 3605} events={'low': 0, 'high': 0, 'max': 3, 'oom': 0, 'oom_kill': 0, 'oom_group_kill': 0}
[container_monitor] pf-swap-2: current=297.9MiB swap=81.8MiB max=358.0MiB cpu.usage_usec=754731 method=swap_current_delta_fallback detail={'delta_swap_current': 0, 'swap_saturated': False, 'workingset_refault_anon': 3605} events={'low': 0, 'high': 0, 'max': 3, 'oom': 0, 'oom_kill': 0, 'oom_group_kill': 0}
[container_monitor] pf-swap-2: current=297.9MiB swap=81.8MiB max=358.0MiB cpu.usage_usec=756023 method=swap_current_delta_fallback detail={'delta_swap_current': 0, 'swap_saturated': False, 'workingset_refault_anon': 3605} events={'low': 0, 'high': 0, 'max': 3, 'oom': 0, 'oom_kill': 0, 'oom_group_kill': 0}
[container_monitor] pf-swap-2: current=297.9MiB swap=81.8MiB max=358.0MiB cpu.usage_usec=757276 method=swap_current_delta_fallback detail={'delta_swap_current': 0, 'swap_saturated': False, 'workingset_refault_anon': 3605} events={'low': 0, 'high': 0, 'max': 3, 'oom': 0, 'oom_kill': 0, 'oom_group_kill': 0}
[container_monitor] pf-swap-2: current=297.9MiB swap=81.8MiB max=358.0MiB cpu.usage_usec=758259 method=swap_current_delta_fallback detail={'delta_swap_current': 0, 'swap_saturated': False, 'workingset_refault_anon': 3605} events={'low': 0, 'high': 0, 'max': 3, 'oom': 0, 'oom_kill': 0, 'oom_group_kill': 0}
[container_monitor] pf-swap-2: current=298.0MiB swap=81.8MiB max=358.0MiB cpu.usage_usec=763593 method=swap_current_delta_fallback detail={'delta_swap_current': 0, 'swap_saturated': False, 'workingset_refault_anon': 3605} events={'low': 0, 'high': 0, 'max': 3, 'oom': 0, 'oom_kill': 0, 'oom_group_kill': 0}
[container_monitor] pf-swap-2: current=298.1MiB swap=81.6MiB max=358.0MiB cpu.usage_usec=769066 method=swap_current_delta_fallback detail={'delta_swap_current': -184320, 'swap_saturated': False, 'workingset_refault_anon': 3649} events={'low': 0, 'high': 0, 'max': 3, 'oom': 0, 'oom_kill': 0, 'oom_group_kill': 0}
[container_monitor] pf-swap-2: current=298.2MiB swap=81.6MiB max=358.0MiB cpu.usage_usec=771863 method=swap_current_delta_fallback detail={'delta_swap_current': -53248, 'swap_saturated': False, 'workingset_refault_anon': 3649} events={'low': 0, 'high': 0, 'max': 3, 'oom': 0, 'oom_kill': 0, 'oom_group_kill': 0}
[container_monitor] pf-swap-2: current=298.2MiB swap=81.6MiB max=358.0MiB cpu.usage_usec=772854 method=swap_current_delta_fallback detail={'delta_swap_current': 0, 'swap_saturated': False, 'workingset_refault_anon': 3666} events={'low': 0, 'high': 0, 'max': 3, 'oom': 0, 'oom_kill': 0, 'oom_group_kill': 0}
[container_monitor] pf-swap-2: current=298.2MiB swap=81.6MiB max=358.0MiB cpu.usage_usec=774276 method=swap_current_delta_fallback detail={'delta_swap_current': 0, 'swap_saturated': False, 'workingset_refault_anon': 3666} events={'low': 0, 'high': 0, 'max': 3, 'oom': 0, 'oom_kill': 0, 'oom_group_kill': 0}
[container_monitor] pf-swap-2: current=298.2MiB swap=81.6MiB max=358.0MiB cpu.usage_usec=777483 method=swap_current_delta_fallback detail={'delta_swap_current': 0, 'swap_saturated': False, 'workingset_refault_anon': 3666} events={'low': 0, 'high': 0, 'max': 3, 'oom': 0, 'oom_kill': 0, 'oom_group_kill': 0}
[container_monitor] pf-swap-2: current=298.3MiB swap=81.6MiB max=358.0MiB cpu.usage_usec=782260 method=swap_current_delta_fallback detail={'delta_swap_current': 0, 'swap_saturated': False, 'workingset_refault_anon': 3666} events={'low': 0, 'high': 0, 'max': 3, 'oom': 0, 'oom_kill': 0, 'oom_group_kill': 0}
[container_monitor] pf-swap-2: current=298.3MiB swap=81.6MiB max=358.0MiB cpu.usage_usec=783185 method=swap_current_delta_fallback detail={'delta_swap_current': 0, 'swap_saturated': False, 'workingset_refault_anon': 3678} events={'low': 0, 'high': 0, 'max': 3, 'oom': 0, 'oom_kill': 0, 'oom_group_kill': 0}
[container_monitor] pf-swap-2: current=298.3MiB swap=81.6MiB max=358.0MiB cpu.usage_usec=784497 method=swap_current_delta_fallback detail={'delta_swap_current': 0, 'swap_saturated': False, 'workingset_refault_anon': 3678} events={'low': 0, 'high': 0, 'max': 3, 'oom': 0, 'oom_kill': 0, 'oom_group_kill': 0}
[container_monitor] pf-swap-2: current=298.3MiB swap=81.6MiB max=358.0MiB cpu.usage_usec=785557 method=swap_current_delta_fallback detail={'delta_swap_current': 0, 'swap_saturated': False, 'workingset_refault_anon': 3678} events={'low': 0, 'high': 0, 'max': 3, 'oom': 0, 'oom_kill': 0, 'oom_group_kill': 0}
[container_monitor] pf-swap-2: current=298.3MiB swap=81.6MiB max=358.0MiB cpu.usage_usec=790804 method=swap_current_delta_fallback detail={'delta_swap_current': 0, 'swap_saturated': False, 'workingset_refault_anon': 3678} events={'low': 0, 'high': 0, 'max': 3, 'oom': 0, 'oom_kill': 0, 'oom_group_kill': 0}
[container_monitor] pf-swap-2: current=298.3MiB swap=81.6MiB max=358.0MiB cpu.usage_usec=791735 method=swap_current_delta_fallback detail={'delta_swap_current': 0, 'swap_saturated': False, 'workingset_refault_anon': 3678} events={'low': 0, 'high': 0, 'max': 3, 'oom': 0, 'oom_kill': 0, 'oom_group_kill': 0}
[container_monitor] pf-swap-2: current=298.3MiB swap=81.6MiB max=358.0MiB cpu.usage_usec=792677 method=swap_current_delta_fallback detail={'delta_swap_current': 0, 'swap_saturated': False, 'workingset_refault_anon': 3678} events={'low': 0, 'high': 0, 'max': 3, 'oom': 0, 'oom_kill': 0, 'oom_group_kill': 0}
[container_monitor] pf-swap-2: current=298.3MiB swap=81.6MiB max=358.0MiB cpu.usage_usec=793710 method=swap_current_delta_fallback detail={'delta_swap_current': 0, 'swap_saturated': False, 'workingset_refault_anon': 3678} events={'low': 0, 'high': 0, 'max': 3, 'oom': 0, 'oom_kill': 0, 'oom_group_kill': 0}
[container_monitor] pf-swap-2: current=298.3MiB swap=81.6MiB max=358.0MiB cpu.usage_usec=797177 method=swap_current_delta_fallback detail={'delta_swap_current': 0, 'swap_saturated': False, 'workingset_refault_anon': 3678} events={'low': 0, 'high': 0, 'max': 3, 'oom': 0, 'oom_kill': 0, 'oom_group_kill': 0}
[container_monitor] pf-swap-2: current=298.3MiB swap=81.6MiB max=358.0MiB cpu.usage_usec=798937 method=swap_current_delta_fallback detail={'delta_swap_current': 0, 'swap_saturated': False, 'workingset_refault_anon': 3678} events={'low': 0, 'high': 0, 'max': 3, 'oom': 0, 'oom_kill': 0, 'oom_group_kill': 0}
[container_monitor] pf-swap-2: current=298.3MiB swap=81.6MiB max=358.0MiB cpu.usage_usec=799851 method=swap_current_delta_fallback detail={'delta_swap_current': 0, 'swap_saturated': False, 'workingset_refault_anon': 3678} events={'low': 0, 'high': 0, 'max': 3, 'oom': 0, 'oom_kill': 0, 'oom_group_kill': 0}
[container_monitor] pf-swap-2: current=298.3MiB swap=81.6MiB max=358.0MiB cpu.usage_usec=800961 method=swap_current_delta_fallback detail={'delta_swap_current': 0, 'swap_saturated': False, 'workingset_refault_anon': 3678} events={'low': 0, 'high': 0, 'max': 3, 'oom': 0, 'oom_kill': 0, 'oom_group_kill': 0}
[container_monitor] pf-swap-2: current=298.3MiB swap=81.6MiB max=358.0MiB cpu.usage_usec=802028 method=swap_current_delta_fallback detail={'delta_swap_current': 0, 'swap_saturated': False, 'workingset_refault_anon': 3678} events={'low': 0, 'high': 0, 'max': 3, 'oom': 0, 'oom_kill': 0, 'oom_group_kill': 0}
[container_monitor] pf-swap-2: current=298.3MiB swap=81.6MiB max=358.0MiB cpu.usage_usec=805686 method=swap_current_delta_fallback detail={'delta_swap_current': 0, 'swap_saturated': False, 'workingset_refault_anon': 3678} events={'low': 0, 'high': 0, 'max': 3, 'oom': 0, 'oom_kill': 0, 'oom_group_kill': 0}
[container_monitor] pf-swap-2: current=298.3MiB swap=81.6MiB max=358.0MiB cpu.usage_usec=806864 method=swap_current_delta_fallback detail={'delta_swap_current': 0, 'swap_saturated': False, 'workingset_refault_anon': 3678} events={'low': 0, 'high': 0, 'max': 3, 'oom': 0, 'oom_kill': 0, 'oom_group_kill': 0}
[container_monitor] pf-swap-2: current=298.3MiB swap=81.6MiB max=358.0MiB cpu.usage_usec=807900 method=swap_current_delta_fallback detail={'delta_swap_current': 0, 'swap_saturated': False, 'workingset_refault_anon': 3678} events={'low': 0, 'high': 0, 'max': 3, 'oom': 0, 'oom_kill': 0, 'oom_group_kill': 0}
[container_monitor] pf-swap-2: current=298.3MiB swap=81.6MiB max=358.0MiB cpu.usage_usec=808935 method=swap_current_delta_fallback detail={'delta_swap_current': 0, 'swap_saturated': False, 'workingset_refault_anon': 3678} events={'low': 0, 'high': 0, 'max': 3, 'oom': 0, 'oom_kill': 0, 'oom_group_kill': 0}
[container_monitor] pf-swap-2: current=298.3MiB swap=81.6MiB max=358.0MiB cpu.usage_usec=812785 method=swap_current_delta_fallback detail={'delta_swap_current': -24576, 'swap_saturated': False, 'workingset_refault_anon': 3684} events={'low': 0, 'high': 0, 'max': 3, 'oom': 0, 'oom_kill': 0, 'oom_group_kill': 0}
[container_monitor] pf-swap-2: current=298.3MiB swap=81.6MiB max=358.0MiB cpu.usage_usec=815769 method=swap_current_delta_fallback detail={'delta_swap_current': 0, 'swap_saturated': False, 'workingset_refault_anon': 3684} events={'low': 0, 'high': 0, 'max': 3, 'oom': 0, 'oom_kill': 0, 'oom_group_kill': 0}
[container_monitor] pf-swap-2: current=298.3MiB swap=81.6MiB max=358.0MiB cpu.usage_usec=817007 method=swap_current_delta_fallback detail={'delta_swap_current': 0, 'swap_saturated': False, 'workingset_refault_anon': 3692} events={'low': 0, 'high': 0, 'max': 3, 'oom': 0, 'oom_kill': 0, 'oom_group_kill': 0}
[container_monitor] pf-swap-2: current=298.3MiB swap=81.6MiB max=358.0MiB cpu.usage_usec=817942 method=swap_current_delta_fallback detail={'delta_swap_current': 0, 'swap_saturated': False, 'workingset_refault_anon': 3692} events={'low': 0, 'high': 0, 'max': 3, 'oom': 0, 'oom_kill': 0, 'oom_group_kill': 0}
[container_monitor] pf-swap-2: current=298.3MiB swap=81.6MiB max=358.0MiB cpu.usage_usec=820916 method=swap_current_delta_fallback detail={'delta_swap_current': 0, 'swap_saturated': False, 'workingset_refault_anon': 3692} events={'low': 0, 'high': 0, 'max': 3, 'oom': 0, 'oom_kill': 0, 'oom_group_kill': 0}
[container_monitor] pf-swap-2: current=298.3MiB swap=81.6MiB max=358.0MiB cpu.usage_usec=823437 method=swap_current_delta_fallback detail={'delta_swap_current': 0, 'swap_saturated': False, 'workingset_refault_anon': 3692} events={'low': 0, 'high': 0, 'max': 3, 'oom': 0, 'oom_kill': 0, 'oom_group_kill': 0}
[container_monitor] pf-swap-2: current=298.3MiB swap=81.6MiB max=358.0MiB cpu.usage_usec=824957 method=swap_current_delta_fallback detail={'delta_swap_current': 0, 'swap_saturated': False, 'workingset_refault_anon': 3695} events={'low': 0, 'high': 0, 'max': 3, 'oom': 0, 'oom_kill': 0, 'oom_group_kill': 0}
[container_monitor] pf-swap-2: current=298.3MiB swap=81.6MiB max=358.0MiB cpu.usage_usec=825845 method=swap_current_delta_fallback detail={'delta_swap_current': 0, 'swap_saturated': False, 'workingset_refault_anon': 3695} events={'low': 0, 'high': 0, 'max': 3, 'oom': 0, 'oom_kill': 0, 'oom_group_kill': 0}
[container_monitor] pf-swap-2: current=298.3MiB swap=81.6MiB max=358.0MiB cpu.usage_usec=826677 method=swap_current_delta_fallback detail={'delta_swap_current': 0, 'swap_saturated': False, 'workingset_refault_anon': 3695} events={'low': 0, 'high': 0, 'max': 3, 'oom': 0, 'oom_kill': 0, 'oom_group_kill': 0}
[container_monitor] pf-swap-2: current=298.3MiB swap=81.6MiB max=358.0MiB cpu.usage_usec=830631 method=swap_current_delta_fallback detail={'delta_swap_current': 0, 'swap_saturated': False, 'workingset_refault_anon': 3695} events={'low': 0, 'high': 0, 'max': 3, 'oom': 0, 'oom_kill': 0, 'oom_group_kill': 0}
[container_monitor] pf-swap-2: current=298.3MiB swap=81.6MiB max=358.0MiB cpu.usage_usec=831443 method=swap_current_delta_fallback detail={'delta_swap_current': 0, 'swap_saturated': False, 'workingset_refault_anon': 3695} events={'low': 0, 'high': 0, 'max': 3, 'oom': 0, 'oom_kill': 0, 'oom_group_kill': 0}
[container_monitor] pf-swap-2: current=298.3MiB swap=81.6MiB max=358.0MiB cpu.usage_usec=833609 method=swap_current_delta_fallback detail={'delta_swap_current': 0, 'swap_saturated': False, 'workingset_refault_anon': 3695} events={'low': 0, 'high': 0, 'max': 3, 'oom': 0, 'oom_kill': 0, 'oom_group_kill': 0}
[container_monitor] pf-swap-2: current=298.3MiB swap=81.6MiB max=358.0MiB cpu.usage_usec=834772 method=swap_current_delta_fallback detail={'delta_swap_current': 0, 'swap_saturated': False, 'workingset_refault_anon': 3695} events={'low': 0, 'high': 0, 'max': 3, 'oom': 0, 'oom_kill': 0, 'oom_group_kill': 0}
[container_monitor] pf-swap-2: current=300.3MiB swap=81.6MiB max=358.0MiB cpu.usage_usec=837859 method=swap_current_delta_fallback detail={'delta_swap_current': 0, 'swap_saturated': False, 'workingset_refault_anon': 3695} events={'low': 0, 'high': 0, 'max': 3, 'oom': 0, 'oom_kill': 0, 'oom_group_kill': 0}
[container_monitor] pf-swap-2: current=300.3MiB swap=81.6MiB max=358.0MiB cpu.usage_usec=841286 method=swap_current_delta_fallback detail={'delta_swap_current': 0, 'swap_saturated': False, 'workingset_refault_anon': 3695} events={'low': 0, 'high': 0, 'max': 3, 'oom': 0, 'oom_kill': 0, 'oom_group_kill': 0}
[container_monitor] pf-swap-2: current=300.3MiB swap=81.6MiB max=358.0MiB cpu.usage_usec=842478 method=swap_current_delta_fallback detail={'delta_swap_current': 0, 'swap_saturated': False, 'workingset_refault_anon': 3701} events={'low': 0, 'high': 0, 'max': 3, 'oom': 0, 'oom_kill': 0, 'oom_group_kill': 0}
[container_monitor] pf-swap-2: current=300.3MiB swap=81.6MiB max=358.0MiB cpu.usage_usec=843849 method=swap_current_delta_fallback detail={'delta_swap_current': 0, 'swap_saturated': False, 'workingset_refault_anon': 3701} events={'low': 0, 'high': 0, 'max': 3, 'oom': 0, 'oom_kill': 0, 'oom_group_kill': 0}
[container_monitor] pf-swap-2: current=300.3MiB swap=81.6MiB max=358.0MiB cpu.usage_usec=844824 method=swap_current_delta_fallback detail={'delta_swap_current': 0, 'swap_saturated': False, 'workingset_refault_anon': 3701} events={'low': 0, 'high': 0, 'max': 3, 'oom': 0, 'oom_kill': 0, 'oom_group_kill': 0}
[container_monitor] pf-swap-2: current=307.6MiB swap=81.6MiB max=358.0MiB cpu.usage_usec=851166 method=swap_current_delta_fallback detail={'delta_swap_current': 0, 'swap_saturated': False, 'workingset_refault_anon': 3701} events={'low': 0, 'high': 0, 'max': 3, 'oom': 0, 'oom_kill': 0, 'oom_group_kill': 0}
[container_monitor] pf-swap-2: current=314.4MiB swap=81.6MiB max=358.0MiB cpu.usage_usec=855872 method=swap_current_delta_fallback detail={'delta_swap_current': 0, 'swap_saturated': False, 'workingset_refault_anon': 3701} events={'low': 0, 'high': 0, 'max': 3, 'oom': 0, 'oom_kill': 0, 'oom_group_kill': 0}
[container_monitor] pf-swap-2: current=321.9MiB swap=81.6MiB max=358.0MiB cpu.usage_usec=860907 method=swap_current_delta_fallback detail={'delta_swap_current': 0, 'swap_saturated': False, 'workingset_refault_anon': 3701} events={'low': 0, 'high': 0, 'max': 3, 'oom': 0, 'oom_kill': 0, 'oom_group_kill': 0}
[container_monitor] pf-swap-2: current=328.6MiB swap=81.6MiB max=358.0MiB cpu.usage_usec=865545 method=swap_current_delta_fallback detail={'delta_swap_current': 0, 'swap_saturated': False, 'workingset_refault_anon': 3701} events={'low': 0, 'high': 0, 'max': 3, 'oom': 0, 'oom_kill': 0, 'oom_group_kill': 0}
[container_monitor] pf-swap-2: current=334.6MiB swap=81.6MiB max=358.0MiB cpu.usage_usec=870989 method=swap_current_delta_fallback detail={'delta_swap_current': 0, 'swap_saturated': False, 'workingset_refault_anon': 3701} events={'low': 0, 'high': 0, 'max': 3, 'oom': 0, 'oom_kill': 0, 'oom_group_kill': 0}
[container_monitor] pf-swap-2: current=340.3MiB swap=81.6MiB max=358.0MiB cpu.usage_usec=875772 method=swap_current_delta_fallback detail={'delta_swap_current': 0, 'swap_saturated': False, 'workingset_refault_anon': 3701} events={'low': 0, 'high': 0, 'max': 3, 'oom': 0, 'oom_kill': 0, 'oom_group_kill': 0}
[container_monitor] pf-swap-2: current=346.7MiB swap=81.6MiB max=358.0MiB cpu.usage_usec=881415 method=swap_current_delta_fallback detail={'delta_swap_current': 0, 'swap_saturated': False, 'workingset_refault_anon': 3701} events={'low': 0, 'high': 0, 'max': 3, 'oom': 0, 'oom_kill': 0, 'oom_group_kill': 0}
[container_monitor] pf-swap-2: current=351.5MiB swap=81.6MiB max=358.0MiB cpu.usage_usec=885940 method=swap_current_delta_fallback detail={'delta_swap_current': 0, 'swap_saturated': False, 'workingset_refault_anon': 3701} events={'low': 0, 'high': 0, 'max': 3, 'oom': 0, 'oom_kill': 0, 'oom_group_kill': 0}
[container_monitor] pf-swap-2: current=357.3MiB swap=81.6MiB max=358.0MiB cpu.usage_usec=890536 method=swap_current_delta_fallback detail={'delta_swap_current': 0, 'swap_saturated': False, 'workingset_refault_anon': 3701} events={'low': 0, 'high': 0, 'max': 3, 'oom': 0, 'oom_kill': 0, 'oom_group_kill': 0}
[container_monitor] pf-swap-2: current=355.8MiB swap=84.6MiB max=358.0MiB cpu.usage_usec=895676 method=swap_current_delta_fallback detail={'delta_swap_current': 3145728, 'swap_saturated': False, 'workingset_refault_anon': 3701} events={'low': 0, 'high': 0, 'max': 4, 'oom': 0, 'oom_kill': 0, 'oom_group_kill': 0}
[container_monitor] pf-swap-2: OCM 감지 (method=swap_current_delta_fallback, detail={'delta_swap_current': 3145728, 'swap_saturated': False, 'workingset_refault_anon': 3701})
[puff_manager] pf-swap-2: puff 적용 358MiB -> 501MiB
[container_monitor] pf-swap-2: puff 완료, 새 메모리 한도 501MiB
[container_monitor] pf-swap-2: 이미 suspend 상태, 재적용 생략
[container_monitor] pf-swap-2: current=371.8MiB swap=85.5MiB max=501.0MiB cpu.usage_usec=903023 method=swap_current_delta_fallback detail={'delta_swap_current': 1019904, 'swap_saturated': False, 'workingset_refault_anon': 3701} events={'low': 0, 'high': 0, 'max': 4, 'oom': 0, 'oom_kill': 0, 'oom_group_kill': 0}
[container_monitor] pf-swap-2: current=374.7MiB swap=85.5MiB max=501.0MiB cpu.usage_usec=908087 method=swap_current_delta_fallback detail={'delta_swap_current': 0, 'swap_saturated': False, 'workingset_refault_anon': 3701} events={'low': 0, 'high': 0, 'max': 4, 'oom': 0, 'oom_kill': 0, 'oom_group_kill': 0}
[container_monitor] pf-swap-2: current=376.6MiB swap=85.5MiB max=501.0MiB cpu.usage_usec=914995 method=swap_current_delta_fallback detail={'delta_swap_current': 0, 'swap_saturated': False, 'workingset_refault_anon': 3701} events={'low': 0, 'high': 0, 'max': 4, 'oom': 0, 'oom_kill': 0, 'oom_group_kill': 0}
[container_monitor] pf-swap-2: current=378.4MiB swap=85.5MiB max=501.0MiB cpu.usage_usec=917908 method=swap_current_delta_fallback detail={'delta_swap_current': 0, 'swap_saturated': False, 'workingset_refault_anon': 3701} events={'low': 0, 'high': 0, 'max': 4, 'oom': 0, 'oom_kill': 0, 'oom_group_kill': 0}
[container_monitor] pf-swap-2: current=380.2MiB swap=85.5MiB max=501.0MiB cpu.usage_usec=923113 method=swap_current_delta_fallback detail={'delta_swap_current': 0, 'swap_saturated': False, 'workingset_refault_anon': 3701} events={'low': 0, 'high': 0, 'max': 4, 'oom': 0, 'oom_kill': 0, 'oom_group_kill': 0}
[container_monitor] pf-swap-2: current=384.1MiB swap=85.5MiB max=501.0MiB cpu.usage_usec=928791 method=swap_current_delta_fallback detail={'delta_swap_current': 0, 'swap_saturated': False, 'workingset_refault_anon': 3701} events={'low': 0, 'high': 0, 'max': 4, 'oom': 0, 'oom_kill': 0, 'oom_group_kill': 0}
[container_monitor] pf-swap-2: current=389.9MiB swap=85.5MiB max=501.0MiB cpu.usage_usec=933626 method=swap_current_delta_fallback detail={'delta_swap_current': 0, 'swap_saturated': False, 'workingset_refault_anon': 3701} events={'low': 0, 'high': 0, 'max': 4, 'oom': 0, 'oom_kill': 0, 'oom_group_kill': 0}
[container_monitor] pf-swap-2: current=394.1MiB swap=85.5MiB max=501.0MiB cpu.usage_usec=938755 method=swap_current_delta_fallback detail={'delta_swap_current': -53248, 'swap_saturated': False, 'workingset_refault_anon': 3701} events={'low': 0, 'high': 0, 'max': 4, 'oom': 0, 'oom_kill': 0, 'oom_group_kill': 0}
[container_monitor] pf-swap-2: current=394.3MiB swap=85.5MiB max=501.0MiB cpu.usage_usec=942856 method=swap_current_delta_fallback detail={'delta_swap_current': 0, 'swap_saturated': False, 'workingset_refault_anon': 3773} events={'low': 0, 'high': 0, 'max': 4, 'oom': 0, 'oom_kill': 0, 'oom_group_kill': 0}
[container_monitor] pf-swap-2: current=394.8MiB swap=85.5MiB max=501.0MiB cpu.usage_usec=947851 method=swap_current_delta_fallback detail={'delta_swap_current': 0, 'swap_saturated': False, 'workingset_refault_anon': 3894} events={'low': 0, 'high': 0, 'max': 4, 'oom': 0, 'oom_kill': 0, 'oom_group_kill': 0}
[container_monitor] pf-swap-2: current=395.4MiB swap=85.5MiB max=501.0MiB cpu.usage_usec=952849 method=swap_current_delta_fallback detail={'delta_swap_current': 0, 'swap_saturated': False, 'workingset_refault_anon': 4050} events={'low': 0, 'high': 0, 'max': 4, 'oom': 0, 'oom_kill': 0, 'oom_group_kill': 0}
[container_monitor] pf-swap-2: current=395.9MiB swap=85.5MiB max=501.0MiB cpu.usage_usec=957851 method=swap_current_delta_fallback detail={'delta_swap_current': 0, 'swap_saturated': False, 'workingset_refault_anon': 4168} events={'low': 0, 'high': 0, 'max': 4, 'oom': 0, 'oom_kill': 0, 'oom_group_kill': 0}
[container_monitor] pf-swap-2: current=396.5MiB swap=85.5MiB max=501.0MiB cpu.usage_usec=962891 method=swap_current_delta_fallback detail={'delta_swap_current': 0, 'swap_saturated': False, 'workingset_refault_anon': 4337} events={'low': 0, 'high': 0, 'max': 4, 'oom': 0, 'oom_kill': 0, 'oom_group_kill': 0}
[container_monitor] pf-swap-2: current=397.1MiB swap=85.5MiB max=501.0MiB cpu.usage_usec=967902 method=swap_current_delta_fallback detail={'delta_swap_current': 0, 'swap_saturated': False, 'workingset_refault_anon': 4491} events={'low': 0, 'high': 0, 'max': 4, 'oom': 0, 'oom_kill': 0, 'oom_group_kill': 0}
[container_monitor] pf-swap-2: current=397.7MiB swap=85.5MiB max=501.0MiB cpu.usage_usec=973753 method=swap_current_delta_fallback detail={'delta_swap_current': 0, 'swap_saturated': False, 'workingset_refault_anon': 4636} events={'low': 0, 'high': 0, 'max': 4, 'oom': 0, 'oom_kill': 0, 'oom_group_kill': 0}
[container_monitor] pf-swap-2: current=398.2MiB swap=85.5MiB max=501.0MiB cpu.usage_usec=978096 method=swap_current_delta_fallback detail={'delta_swap_current': 0, 'swap_saturated': False, 'workingset_refault_anon': 4763} events={'low': 0, 'high': 0, 'max': 4, 'oom': 0, 'oom_kill': 0, 'oom_group_kill': 0}
[container_monitor] pf-swap-2: current=398.5MiB swap=85.5MiB max=501.0MiB cpu.usage_usec=982891 method=swap_current_delta_fallback detail={'delta_swap_current': 0, 'swap_saturated': False, 'workingset_refault_anon': 4846} events={'low': 0, 'high': 0, 'max': 4, 'oom': 0, 'oom_kill': 0, 'oom_group_kill': 0}
[container_monitor] pf-swap-2: current=398.9MiB swap=85.5MiB max=501.0MiB cpu.usage_usec=987929 method=swap_current_delta_fallback detail={'delta_swap_current': 0, 'swap_saturated': False, 'workingset_refault_anon': 4951} events={'low': 0, 'high': 0, 'max': 4, 'oom': 0, 'oom_kill': 0, 'oom_group_kill': 0}
[container_monitor] pf-swap-2: current=399.3MiB swap=85.3MiB max=501.0MiB cpu.usage_usec=993571 method=swap_current_delta_fallback detail={'delta_swap_current': -155648, 'swap_saturated': False, 'workingset_refault_anon': 5045} events={'low': 0, 'high': 0, 'max': 4, 'oom': 0, 'oom_kill': 0, 'oom_group_kill': 0}
[container_monitor] pf-swap-2: current=399.3MiB swap=85.3MiB max=501.0MiB cpu.usage_usec=998182 method=swap_current_delta_fallback detail={'delta_swap_current': 0, 'swap_saturated': False, 'workingset_refault_anon': 5045} events={'low': 0, 'high': 0, 'max': 4, 'oom': 0, 'oom_kill': 0, 'oom_group_kill': 0}
[container_monitor] pf-swap-2: current=401.2MiB swap=84.6MiB max=501.0MiB cpu.usage_usec=1002869 method=swap_current_delta_fallback detail={'delta_swap_current': -786432, 'swap_saturated': False, 'workingset_refault_anon': 5253} events={'low': 0, 'high': 0, 'max': 4, 'oom': 0, 'oom_kill': 0, 'oom_group_kill': 0}
[container_monitor] pf-swap-2: current=401.8MiB swap=83.8MiB max=501.0MiB cpu.usage_usec=1008273 method=swap_current_delta_fallback detail={'delta_swap_current': -786432, 'swap_saturated': False, 'workingset_refault_anon': 5405} events={'low': 0, 'high': 0, 'max': 4, 'oom': 0, 'oom_kill': 0, 'oom_group_kill': 0}
[container_monitor] pf-swap-2: current=401.8MiB swap=83.8MiB max=501.0MiB cpu.usage_usec=1011650 method=swap_current_delta_fallback detail={'delta_swap_current': 0, 'swap_saturated': False, 'workingset_refault_anon': 5405} events={'low': 0, 'high': 0, 'max': 4, 'oom': 0, 'oom_kill': 0, 'oom_group_kill': 0}
[container_monitor] pf-swap-2: current=401.8MiB swap=83.8MiB max=501.0MiB cpu.usage_usec=1012795 method=swap_current_delta_fallback detail={'delta_swap_current': 0, 'swap_saturated': False, 'workingset_refault_anon': 5409} events={'low': 0, 'high': 0, 'max': 4, 'oom': 0, 'oom_kill': 0, 'oom_group_kill': 0}
[container_monitor] pf-swap-2: current=401.8MiB swap=83.8MiB max=501.0MiB cpu.usage_usec=1013941 method=swap_current_delta_fallback detail={'delta_swap_current': 0, 'swap_saturated': False, 'workingset_refault_anon': 5409} events={'low': 0, 'high': 0, 'max': 4, 'oom': 0, 'oom_kill': 0, 'oom_group_kill': 0}
[container_monitor] pf-swap-2: current=401.8MiB swap=83.8MiB max=501.0MiB cpu.usage_usec=1014692 method=swap_current_delta_fallback detail={'delta_swap_current': 0, 'swap_saturated': False, 'workingset_refault_anon': 5409} events={'low': 0, 'high': 0, 'max': 4, 'oom': 0, 'oom_kill': 0, 'oom_group_kill': 0}
[container_monitor] pf-swap-2: current=401.8MiB swap=83.8MiB max=501.0MiB cpu.usage_usec=1018007 method=swap_current_delta_fallback detail={'delta_swap_current': 0, 'swap_saturated': False, 'workingset_refault_anon': 5409} events={'low': 0, 'high': 0, 'max': 4, 'oom': 0, 'oom_kill': 0, 'oom_group_kill': 0}
[container_monitor] pf-swap-2: current=401.8MiB swap=83.8MiB max=501.0MiB cpu.usage_usec=1018952 method=swap_current_delta_fallback detail={'delta_swap_current': 0, 'swap_saturated': False, 'workingset_refault_anon': 5409} events={'low': 0, 'high': 0, 'max': 4, 'oom': 0, 'oom_kill': 0, 'oom_group_kill': 0}
[container_monitor] pf-swap-2: current=401.8MiB swap=83.8MiB max=501.0MiB cpu.usage_usec=1020124 method=swap_current_delta_fallback detail={'delta_swap_current': 0, 'swap_saturated': False, 'workingset_refault_anon': 5409} events={'low': 0, 'high': 0, 'max': 4, 'oom': 0, 'oom_kill': 0, 'oom_group_kill': 0}
[container_monitor] pf-swap-2: current=401.8MiB swap=83.8MiB max=501.0MiB cpu.usage_usec=1021258 method=swap_current_delta_fallback detail={'delta_swap_current': 0, 'swap_saturated': False, 'workingset_refault_anon': 5409} events={'low': 0, 'high': 0, 'max': 4, 'oom': 0, 'oom_kill': 0, 'oom_group_kill': 0}
[container_monitor] pf-swap-2: current=401.8MiB swap=83.8MiB max=501.0MiB cpu.usage_usec=1024854 method=swap_current_delta_fallback detail={'delta_swap_current': 0, 'swap_saturated': False, 'workingset_refault_anon': 5409} events={'low': 0, 'high': 0, 'max': 4, 'oom': 0, 'oom_kill': 0, 'oom_group_kill': 0}
[container_monitor] pf-swap-2: current=401.8MiB swap=83.8MiB max=501.0MiB cpu.usage_usec=1027945 method=swap_current_delta_fallback detail={'delta_swap_current': 0, 'swap_saturated': False, 'workingset_refault_anon': 5411} events={'low': 0, 'high': 0, 'max': 4, 'oom': 0, 'oom_kill': 0, 'oom_group_kill': 0}
[container_monitor] pf-swap-2: current=401.8MiB swap=83.8MiB max=501.0MiB cpu.usage_usec=1029118 method=swap_current_delta_fallback detail={'delta_swap_current': 0, 'swap_saturated': False, 'workingset_refault_anon': 5413} events={'low': 0, 'high': 0, 'max': 4, 'oom': 0, 'oom_kill': 0, 'oom_group_kill': 0}
[container_monitor] pf-swap-2: current=401.8MiB swap=83.8MiB max=501.0MiB cpu.usage_usec=1030322 method=swap_current_delta_fallback detail={'delta_swap_current': 0, 'swap_saturated': False, 'workingset_refault_anon': 5413} events={'low': 0, 'high': 0, 'max': 4, 'oom': 0, 'oom_kill': 0, 'oom_group_kill': 0}
[container_monitor] pf-swap-2: current=401.8MiB swap=83.8MiB max=501.0MiB cpu.usage_usec=1031316 method=swap_current_delta_fallback detail={'delta_swap_current': 0, 'swap_saturated': False, 'workingset_refault_anon': 5413} events={'low': 0, 'high': 0, 'max': 4, 'oom': 0, 'oom_kill': 0, 'oom_group_kill': 0}
[container_monitor] pf-swap-2: current=401.8MiB swap=83.8MiB max=501.0MiB cpu.usage_usec=1036121 method=swap_current_delta_fallback detail={'delta_swap_current': 0, 'swap_saturated': False, 'workingset_refault_anon': 5413} events={'low': 0, 'high': 0, 'max': 4, 'oom': 0, 'oom_kill': 0, 'oom_group_kill': 0}
[container_monitor] pf-swap-2: current=401.8MiB swap=83.8MiB max=501.0MiB cpu.usage_usec=1037886 method=swap_current_delta_fallback detail={'delta_swap_current': 0, 'swap_saturated': False, 'workingset_refault_anon': 5413} events={'low': 0, 'high': 0, 'max': 4, 'oom': 0, 'oom_kill': 0, 'oom_group_kill': 0}
[container_monitor] pf-swap-2: current=401.8MiB swap=83.8MiB max=501.0MiB cpu.usage_usec=1039109 method=swap_current_delta_fallback detail={'delta_swap_current': 0, 'swap_saturated': False, 'workingset_refault_anon': 5413} events={'low': 0, 'high': 0, 'max': 4, 'oom': 0, 'oom_kill': 0, 'oom_group_kill': 0}
[container_monitor] pf-swap-2: current=401.8MiB swap=83.8MiB max=501.0MiB cpu.usage_usec=1040277 method=swap_current_delta_fallback detail={'delta_swap_current': 0, 'swap_saturated': False, 'workingset_refault_anon': 5413} events={'low': 0, 'high': 0, 'max': 4, 'oom': 0, 'oom_kill': 0, 'oom_group_kill': 0}
[container_monitor] pf-swap-2: current=401.8MiB swap=83.8MiB max=501.0MiB cpu.usage_usec=1041233 method=swap_current_delta_fallback detail={'delta_swap_current': 0, 'swap_saturated': False, 'workingset_refault_anon': 5413} events={'low': 0, 'high': 0, 'max': 4, 'oom': 0, 'oom_kill': 0, 'oom_group_kill': 0}
[container_monitor] pf-swap-2: current=401.8MiB swap=83.8MiB max=501.0MiB cpu.usage_usec=1046032 method=swap_current_delta_fallback detail={'delta_swap_current': 0, 'swap_saturated': False, 'workingset_refault_anon': 5413} events={'low': 0, 'high': 0, 'max': 4, 'oom': 0, 'oom_kill': 0, 'oom_group_kill': 0}
[container_monitor] pf-swap-2: current=401.8MiB swap=83.8MiB max=501.0MiB cpu.usage_usec=1047035 method=swap_current_delta_fallback detail={'delta_swap_current': 0, 'swap_saturated': False, 'workingset_refault_anon': 5413} events={'low': 0, 'high': 0, 'max': 4, 'oom': 0, 'oom_kill': 0, 'oom_group_kill': 0}
[container_monitor] pf-swap-2: current=401.8MiB swap=83.8MiB max=501.0MiB cpu.usage_usec=1048012 method=swap_current_delta_fallback detail={'delta_swap_current': 0, 'swap_saturated': False, 'workingset_refault_anon': 5413} events={'low': 0, 'high': 0, 'max': 4, 'oom': 0, 'oom_kill': 0, 'oom_group_kill': 0}
[container_monitor] pf-swap-2: current=401.8MiB swap=83.8MiB max=501.0MiB cpu.usage_usec=1048913 method=swap_current_delta_fallback detail={'delta_swap_current': 0, 'swap_saturated': False, 'workingset_refault_anon': 5413} events={'low': 0, 'high': 0, 'max': 4, 'oom': 0, 'oom_kill': 0, 'oom_group_kill': 0}
[container_monitor] pf-swap-2: current=401.8MiB swap=83.8MiB max=501.0MiB cpu.usage_usec=1051940 method=swap_current_delta_fallback detail={'delta_swap_current': 0, 'swap_saturated': False, 'workingset_refault_anon': 5413} events={'low': 0, 'high': 0, 'max': 4, 'oom': 0, 'oom_kill': 0, 'oom_group_kill': 0}
[container_monitor] pf-swap-2: current=401.8MiB swap=83.8MiB max=501.0MiB cpu.usage_usec=1053935 method=swap_current_delta_fallback detail={'delta_swap_current': 0, 'swap_saturated': False, 'workingset_refault_anon': 5413} events={'low': 0, 'high': 0, 'max': 4, 'oom': 0, 'oom_kill': 0, 'oom_group_kill': 0}
[container_monitor] pf-swap-2: current=401.8MiB swap=83.8MiB max=501.0MiB cpu.usage_usec=1055288 method=swap_current_delta_fallback detail={'delta_swap_current': 0, 'swap_saturated': False, 'workingset_refault_anon': 5413} events={'low': 0, 'high': 0, 'max': 4, 'oom': 0, 'oom_kill': 0, 'oom_group_kill': 0}
[container_monitor] pf-swap-2: current=401.8MiB swap=83.8MiB max=501.0MiB cpu.usage_usec=1056791 method=swap_current_delta_fallback detail={'delta_swap_current': 0, 'swap_saturated': False, 'workingset_refault_anon': 5413} events={'low': 0, 'high': 0, 'max': 4, 'oom': 0, 'oom_kill': 0, 'oom_group_kill': 0}
[container_monitor] pf-swap-2: current=401.8MiB swap=83.8MiB max=501.0MiB cpu.usage_usec=1057951 method=swap_current_delta_fallback detail={'delta_swap_current': 0, 'swap_saturated': False, 'workingset_refault_anon': 5413} events={'low': 0, 'high': 0, 'max': 4, 'oom': 0, 'oom_kill': 0, 'oom_group_kill': 0}
[container_monitor] pf-swap-2: current=401.8MiB swap=83.8MiB max=501.0MiB cpu.usage_usec=1063446 method=swap_current_delta_fallback detail={'delta_swap_current': 0, 'swap_saturated': False, 'workingset_refault_anon': 5413} events={'low': 0, 'high': 0, 'max': 4, 'oom': 0, 'oom_kill': 0, 'oom_group_kill': 0}
[container_monitor] pf-swap-2: current=401.8MiB swap=83.8MiB max=501.0MiB cpu.usage_usec=1064368 method=swap_current_delta_fallback detail={'delta_swap_current': 0, 'swap_saturated': False, 'workingset_refault_anon': 5413} events={'low': 0, 'high': 0, 'max': 4, 'oom': 0, 'oom_kill': 0, 'oom_group_kill': 0}
[container_monitor] pf-swap-2: current=401.8MiB swap=83.7MiB max=501.0MiB cpu.usage_usec=1065684 method=swap_current_delta_fallback detail={'delta_swap_current': -176128, 'swap_saturated': False, 'workingset_refault_anon': 5413} events={'low': 0, 'high': 0, 'max': 4, 'oom': 0, 'oom_kill': 0, 'oom_group_kill': 0}
[container_monitor] pf-swap-2: current=401.8MiB swap=83.7MiB max=501.0MiB cpu.usage_usec=1066947 method=swap_current_delta_fallback detail={'delta_swap_current': 0, 'swap_saturated': False, 'workingset_refault_anon': 5413} events={'low': 0, 'high': 0, 'max': 4, 'oom': 0, 'oom_kill': 0, 'oom_group_kill': 0}
[container_monitor] pf-swap-2: current=401.8MiB swap=83.7MiB max=501.0MiB cpu.usage_usec=1072109 method=swap_current_delta_fallback detail={'delta_swap_current': 0, 'swap_saturated': False, 'workingset_refault_anon': 5413} events={'low': 0, 'high': 0, 'max': 4, 'oom': 0, 'oom_kill': 0, 'oom_group_kill': 0}
[container_monitor] pf-swap-2: current=402.2MiB swap=83.7MiB max=501.0MiB cpu.usage_usec=1076923 method=swap_current_delta_fallback detail={'delta_swap_current': 0, 'swap_saturated': False, 'workingset_refault_anon': 5413} events={'low': 0, 'high': 0, 'max': 4, 'oom': 0, 'oom_kill': 0, 'oom_group_kill': 0}
[container_monitor] pf-swap-2: current=402.0MiB swap=83.7MiB max=501.0MiB cpu.usage_usec=1079573 method=swap_current_delta_fallback detail={'delta_swap_current': 0, 'swap_saturated': False, 'workingset_refault_anon': 5418} events={'low': 0, 'high': 0, 'max': 4, 'oom': 0, 'oom_kill': 0, 'oom_group_kill': 0}
[container_monitor] pf-swap-2: current=402.0MiB swap=83.7MiB max=501.0MiB cpu.usage_usec=1080540 method=swap_current_delta_fallback detail={'delta_swap_current': 0, 'swap_saturated': False, 'workingset_refault_anon': 5424} events={'low': 0, 'high': 0, 'max': 4, 'oom': 0, 'oom_kill': 0, 'oom_group_kill': 0}
[container_monitor] pf-swap-2: current=402.0MiB swap=83.7MiB max=501.0MiB cpu.usage_usec=1081618 method=swap_current_delta_fallback detail={'delta_swap_current': 0, 'swap_saturated': False, 'workingset_refault_anon': 5424} events={'low': 0, 'high': 0, 'max': 4, 'oom': 0, 'oom_kill': 0, 'oom_group_kill': 0}
[container_monitor] pf-swap-2: current=402.0MiB swap=83.7MiB max=501.0MiB cpu.usage_usec=1084221 method=swap_current_delta_fallback detail={'delta_swap_current': 0, 'swap_saturated': False, 'workingset_refault_anon': 5424} events={'low': 0, 'high': 0, 'max': 4, 'oom': 0, 'oom_kill': 0, 'oom_group_kill': 0}
[container_monitor] pf-swap-2: current=402.2MiB swap=83.7MiB max=501.0MiB cpu.usage_usec=1088925 method=swap_current_delta_fallback detail={'delta_swap_current': 0, 'swap_saturated': False, 'workingset_refault_anon': 5424} events={'low': 0, 'high': 0, 'max': 4, 'oom': 0, 'oom_kill': 0, 'oom_group_kill': 0}
[container_monitor] pf-swap-2: current=402.1MiB swap=83.7MiB max=501.0MiB cpu.usage_usec=1094097 method=swap_current_delta_fallback detail={'delta_swap_current': 0, 'swap_saturated': False, 'workingset_refault_anon': 5430} events={'low': 0, 'high': 0, 'max': 4, 'oom': 0, 'oom_kill': 0, 'oom_group_kill': 0}
[container_monitor] pf-swap-2: current=402.3MiB swap=83.7MiB max=501.0MiB cpu.usage_usec=1098896 method=swap_current_delta_fallback detail={'delta_swap_current': 0, 'swap_saturated': False, 'workingset_refault_anon': 5474} events={'low': 0, 'high': 0, 'max': 4, 'oom': 0, 'oom_kill': 0, 'oom_group_kill': 0}
[container_monitor] pf-swap-2: current=402.4MiB swap=83.7MiB max=501.0MiB cpu.usage_usec=1101692 method=swap_current_delta_fallback detail={'delta_swap_current': 0, 'swap_saturated': False, 'workingset_refault_anon': 5481} events={'low': 0, 'high': 0, 'max': 4, 'oom': 0, 'oom_kill': 0, 'oom_group_kill': 0}
[container_monitor] pf-swap-2: current=402.8MiB swap=83.7MiB max=501.0MiB cpu.usage_usec=1104468 method=swap_current_delta_fallback detail={'delta_swap_current': 0, 'swap_saturated': False, 'workingset_refault_anon': 5481} events={'low': 0, 'high': 0, 'max': 4, 'oom': 0, 'oom_kill': 0, 'oom_group_kill': 0}
[container_monitor] pf-swap-2: current=404.7MiB swap=83.7MiB max=501.0MiB cpu.usage_usec=1108942 method=swap_current_delta_fallback detail={'delta_swap_current': 0, 'swap_saturated': False, 'workingset_refault_anon': 5481} events={'low': 0, 'high': 0, 'max': 4, 'oom': 0, 'oom_kill': 0, 'oom_group_kill': 0}
[container_monitor] pf-swap-2: current=404.7MiB swap=83.7MiB max=501.0MiB cpu.usage_usec=1109963 method=swap_current_delta_fallback detail={'delta_swap_current': 0, 'swap_saturated': False, 'workingset_refault_anon': 5481} events={'low': 0, 'high': 0, 'max': 4, 'oom': 0, 'oom_kill': 0, 'oom_group_kill': 0}
[container_monitor] pf-swap-2: current=404.7MiB swap=83.7MiB max=501.0MiB cpu.usage_usec=1111046 method=swap_current_delta_fallback detail={'delta_swap_current': 0, 'swap_saturated': False, 'workingset_refault_anon': 5481} events={'low': 0, 'high': 0, 'max': 4, 'oom': 0, 'oom_kill': 0, 'oom_group_kill': 0}
[container_monitor] pf-swap-2: current=404.7MiB swap=83.7MiB max=501.0MiB cpu.usage_usec=1112287 method=swap_current_delta_fallback detail={'delta_swap_current': 0, 'swap_saturated': False, 'workingset_refault_anon': 5481} events={'low': 0, 'high': 0, 'max': 4, 'oom': 0, 'oom_kill': 0, 'oom_group_kill': 0}
[container_monitor] pf-swap-2: current=407.8MiB swap=83.7MiB max=501.0MiB cpu.usage_usec=1115214 method=swap_current_delta_fallback detail={'delta_swap_current': 0, 'swap_saturated': False, 'workingset_refault_anon': 5481} events={'low': 0, 'high': 0, 'max': 4, 'oom': 0, 'oom_kill': 0, 'oom_group_kill': 0}
[container_monitor] pf-swap-2: current=407.8MiB swap=83.7MiB max=501.0MiB cpu.usage_usec=1117945 method=swap_current_delta_fallback detail={'delta_swap_current': 0, 'swap_saturated': False, 'workingset_refault_anon': 5481} events={'low': 0, 'high': 0, 'max': 4, 'oom': 0, 'oom_kill': 0, 'oom_group_kill': 0}
[container_monitor] pf-swap-2: current=407.8MiB swap=83.7MiB max=501.0MiB cpu.usage_usec=1118729 method=swap_current_delta_fallback detail={'delta_swap_current': 0, 'swap_saturated': False, 'workingset_refault_anon': 5481} events={'low': 0, 'high': 0, 'max': 4, 'oom': 0, 'oom_kill': 0, 'oom_group_kill': 0}
[container_monitor] pf-swap-2: current=407.8MiB swap=83.7MiB max=501.0MiB cpu.usage_usec=1119641 method=swap_current_delta_fallback detail={'delta_swap_current': 0, 'swap_saturated': False, 'workingset_refault_anon': 5481} events={'low': 0, 'high': 0, 'max': 4, 'oom': 0, 'oom_kill': 0, 'oom_group_kill': 0}
[container_monitor] pf-swap-2: current=407.8MiB swap=83.7MiB max=501.0MiB cpu.usage_usec=1120552 method=swap_current_delta_fallback detail={'delta_swap_current': 0, 'swap_saturated': False, 'workingset_refault_anon': 5481} events={'low': 0, 'high': 0, 'max': 4, 'oom': 0, 'oom_kill': 0, 'oom_group_kill': 0}
[container_monitor] pf-swap-2: current=411.9MiB swap=83.7MiB max=501.0MiB cpu.usage_usec=1124976 method=swap_current_delta_fallback detail={'delta_swap_current': 0, 'swap_saturated': False, 'workingset_refault_anon': 5481} events={'low': 0, 'high': 0, 'max': 4, 'oom': 0, 'oom_kill': 0, 'oom_group_kill': 0}
[container_monitor] pf-swap-2: current=411.9MiB swap=83.7MiB max=501.0MiB cpu.usage_usec=1127799 method=swap_current_delta_fallback detail={'delta_swap_current': 0, 'swap_saturated': False, 'workingset_refault_anon': 5481} events={'low': 0, 'high': 0, 'max': 4, 'oom': 0, 'oom_kill': 0, 'oom_group_kill': 0}
[container_monitor] pf-swap-2: current=411.9MiB swap=83.7MiB max=501.0MiB cpu.usage_usec=1128995 method=swap_current_delta_fallback detail={'delta_swap_current': 0, 'swap_saturated': False, 'workingset_refault_anon': 5481} events={'low': 0, 'high': 0, 'max': 4, 'oom': 0, 'oom_kill': 0, 'oom_group_kill': 0}
[container_monitor] pf-swap-2: current=411.9MiB swap=83.7MiB max=501.0MiB cpu.usage_usec=1130092 method=swap_current_delta_fallback detail={'delta_swap_current': 0, 'swap_saturated': False, 'workingset_refault_anon': 5481} events={'low': 0, 'high': 0, 'max': 4, 'oom': 0, 'oom_kill': 0, 'oom_group_kill': 0}
[container_monitor] pf-swap-2: current=411.9MiB swap=83.7MiB max=501.0MiB cpu.usage_usec=1131079 method=swap_current_delta_fallback detail={'delta_swap_current': 0, 'swap_saturated': False, 'workingset_refault_anon': 5481} events={'low': 0, 'high': 0, 'max': 4, 'oom': 0, 'oom_kill': 0, 'oom_group_kill': 0}
[container_monitor] pf-swap-2: current=412.9MiB swap=83.7MiB max=501.0MiB cpu.usage_usec=1135413 method=swap_current_delta_fallback detail={'delta_swap_current': 0, 'swap_saturated': False, 'workingset_refault_anon': 5481} events={'low': 0, 'high': 0, 'max': 4, 'oom': 0, 'oom_kill': 0, 'oom_group_kill': 0}
[container_monitor] pf-swap-2: current=412.7MiB swap=83.7MiB max=501.0MiB cpu.usage_usec=1137768 method=swap_current_delta_fallback detail={'delta_swap_current': 0, 'swap_saturated': False, 'workingset_refault_anon': 5481} events={'low': 0, 'high': 0, 'max': 4, 'oom': 0, 'oom_kill': 0, 'oom_group_kill': 0}
[container_monitor] pf-swap-2: current=412.7MiB swap=83.7MiB max=501.0MiB cpu.usage_usec=1138643 method=swap_current_delta_fallback detail={'delta_swap_current': 0, 'swap_saturated': False, 'workingset_refault_anon': 5481} events={'low': 0, 'high': 0, 'max': 4, 'oom': 0, 'oom_kill': 0, 'oom_group_kill': 0}
[container_monitor] pf-swap-2: current=412.7MiB swap=83.7MiB max=501.0MiB cpu.usage_usec=1139848 method=swap_current_delta_fallback detail={'delta_swap_current': 0, 'swap_saturated': False, 'workingset_refault_anon': 5481} events={'low': 0, 'high': 0, 'max': 4, 'oom': 0, 'oom_kill': 0, 'oom_group_kill': 0}
[container_monitor] pf-swap-2: current=412.7MiB swap=83.7MiB max=501.0MiB cpu.usage_usec=1140814 method=swap_current_delta_fallback detail={'delta_swap_current': 0, 'swap_saturated': False, 'workingset_refault_anon': 5481} events={'low': 0, 'high': 0, 'max': 4, 'oom': 0, 'oom_kill': 0, 'oom_group_kill': 0}
[container_monitor] pf-swap-2: current=420.5MiB swap=83.7MiB max=501.0MiB cpu.usage_usec=1146412 method=swap_current_delta_fallback detail={'delta_swap_current': 0, 'swap_saturated': False, 'workingset_refault_anon': 5481} events={'low': 0, 'high': 0, 'max': 4, 'oom': 0, 'oom_kill': 0, 'oom_group_kill': 0}
[container_monitor] pf-swap-2: current=420.7MiB swap=83.7MiB max=501.0MiB cpu.usage_usec=1149523 method=swap_current_delta_fallback detail={'delta_swap_current': 0, 'swap_saturated': False, 'workingset_refault_anon': 5481} events={'low': 0, 'high': 0, 'max': 4, 'oom': 0, 'oom_kill': 0, 'oom_group_kill': 0}
[container_monitor] pf-swap-2: current=420.7MiB swap=83.7MiB max=501.0MiB cpu.usage_usec=1150337 method=swap_current_delta_fallback detail={'delta_swap_current': 0, 'swap_saturated': False, 'workingset_refault_anon': 5481} events={'low': 0, 'high': 0, 'max': 4, 'oom': 0, 'oom_kill': 0, 'oom_group_kill': 0}
[container_monitor] pf-swap-2: current=420.7MiB swap=83.7MiB max=501.0MiB cpu.usage_usec=1151132 method=swap_current_delta_fallback detail={'delta_swap_current': 0, 'swap_saturated': False, 'workingset_refault_anon': 5481} events={'low': 0, 'high': 0, 'max': 4, 'oom': 0, 'oom_kill': 0, 'oom_group_kill': 0}
[container_monitor] pf-swap-2: current=420.7MiB swap=83.7MiB max=501.0MiB cpu.usage_usec=1152183 method=swap_current_delta_fallback detail={'delta_swap_current': 0, 'swap_saturated': False, 'workingset_refault_anon': 5481} events={'low': 0, 'high': 0, 'max': 4, 'oom': 0, 'oom_kill': 0, 'oom_group_kill': 0}
[container_monitor] pf-swap-2: current=428.9MiB swap=83.7MiB max=501.0MiB cpu.usage_usec=1157240 method=swap_current_delta_fallback detail={'delta_swap_current': 0, 'swap_saturated': False, 'workingset_refault_anon': 5481} events={'low': 0, 'high': 0, 'max': 4, 'oom': 0, 'oom_kill': 0, 'oom_group_kill': 0}
[container_monitor] pf-swap-2: current=428.8MiB swap=83.7MiB max=501.0MiB cpu.usage_usec=1159656 method=swap_current_delta_fallback detail={'delta_swap_current': 0, 'swap_saturated': False, 'workingset_refault_anon': 5481} events={'low': 0, 'high': 0, 'max': 4, 'oom': 0, 'oom_kill': 0, 'oom_group_kill': 0}
[container_monitor] pf-swap-2: current=428.8MiB swap=83.7MiB max=501.0MiB cpu.usage_usec=1160408 method=swap_current_delta_fallback detail={'delta_swap_current': 0, 'swap_saturated': False, 'workingset_refault_anon': 5481} events={'low': 0, 'high': 0, 'max': 4, 'oom': 0, 'oom_kill': 0, 'oom_group_kill': 0}
[container_monitor] pf-swap-2: current=428.8MiB swap=83.7MiB max=501.0MiB cpu.usage_usec=1161396 method=swap_current_delta_fallback detail={'delta_swap_current': 0, 'swap_saturated': False, 'workingset_refault_anon': 5481} events={'low': 0, 'high': 0, 'max': 4, 'oom': 0, 'oom_kill': 0, 'oom_group_kill': 0}
[container_monitor] pf-swap-2: current=428.8MiB swap=83.7MiB max=501.0MiB cpu.usage_usec=1162429 method=swap_current_delta_fallback detail={'delta_swap_current': 0, 'swap_saturated': False, 'workingset_refault_anon': 5481} events={'low': 0, 'high': 0, 'max': 4, 'oom': 0, 'oom_kill': 0, 'oom_group_kill': 0}
[container_monitor] pf-swap-2: current=435.5MiB swap=83.7MiB max=501.0MiB cpu.usage_usec=1167293 method=swap_current_delta_fallback detail={'delta_swap_current': 0, 'swap_saturated': False, 'workingset_refault_anon': 5481} events={'low': 0, 'high': 0, 'max': 4, 'oom': 0, 'oom_kill': 0, 'oom_group_kill': 0}
[container_monitor] pf-swap-2: current=436.8MiB swap=83.7MiB max=501.0MiB cpu.usage_usec=1172286 method=swap_current_delta_fallback detail={'delta_swap_current': 0, 'swap_saturated': False, 'workingset_refault_anon': 5481} events={'low': 0, 'high': 0, 'max': 4, 'oom': 0, 'oom_kill': 0, 'oom_group_kill': 0}
[container_monitor] pf-swap-2: current=436.8MiB swap=83.7MiB max=501.0MiB cpu.usage_usec=1174818 method=swap_current_delta_fallback detail={'delta_swap_current': 0, 'swap_saturated': False, 'workingset_refault_anon': 5483} events={'low': 0, 'high': 0, 'max': 4, 'oom': 0, 'oom_kill': 0, 'oom_group_kill': 0}
[container_monitor] pf-swap-2: current=436.8MiB swap=83.7MiB max=501.0MiB cpu.usage_usec=1175755 method=swap_current_delta_fallback detail={'delta_swap_current': 0, 'swap_saturated': False, 'workingset_refault_anon': 5484} events={'low': 0, 'high': 0, 'max': 4, 'oom': 0, 'oom_kill': 0, 'oom_group_kill': 0}
[container_monitor] pf-swap-2: current=436.8MiB swap=83.7MiB max=501.0MiB cpu.usage_usec=1176666 method=swap_current_delta_fallback detail={'delta_swap_current': 0, 'swap_saturated': False, 'workingset_refault_anon': 5484} events={'low': 0, 'high': 0, 'max': 4, 'oom': 0, 'oom_kill': 0, 'oom_group_kill': 0}
[container_monitor] pf-swap-2: current=440.3MiB swap=83.7MiB max=501.0MiB cpu.usage_usec=1180445 method=swap_current_delta_fallback detail={'delta_swap_current': 0, 'swap_saturated': False, 'workingset_refault_anon': 5484} events={'low': 0, 'high': 0, 'max': 4, 'oom': 0, 'oom_kill': 0, 'oom_group_kill': 0}
[container_monitor] pf-swap-2: current=444.8MiB swap=83.7MiB max=501.0MiB cpu.usage_usec=1185584 method=swap_current_delta_fallback detail={'delta_swap_current': 0, 'swap_saturated': False, 'workingset_refault_anon': 5484} events={'low': 0, 'high': 0, 'max': 4, 'oom': 0, 'oom_kill': 0, 'oom_group_kill': 0}
[container_monitor] pf-swap-2: current=444.8MiB swap=83.7MiB max=501.0MiB cpu.usage_usec=1188898 method=swap_current_delta_fallback detail={'delta_swap_current': 0, 'swap_saturated': False, 'workingset_refault_anon': 5484} events={'low': 0, 'high': 0, 'max': 4, 'oom': 0, 'oom_kill': 0, 'oom_group_kill': 0}
[container_monitor] pf-swap-2: current=444.8MiB swap=83.7MiB max=501.0MiB cpu.usage_usec=1189818 method=swap_current_delta_fallback detail={'delta_swap_current': 0, 'swap_saturated': False, 'workingset_refault_anon': 5490} events={'low': 0, 'high': 0, 'max': 4, 'oom': 0, 'oom_kill': 0, 'oom_group_kill': 0}
[container_monitor] pf-swap-2: current=444.8MiB swap=83.7MiB max=501.0MiB cpu.usage_usec=1190819 method=swap_current_delta_fallback detail={'delta_swap_current': 0, 'swap_saturated': False, 'workingset_refault_anon': 5490} events={'low': 0, 'high': 0, 'max': 4, 'oom': 0, 'oom_kill': 0, 'oom_group_kill': 0}
[container_monitor] pf-swap-2: current=444.8MiB swap=83.7MiB max=501.0MiB cpu.usage_usec=1191755 method=swap_current_delta_fallback detail={'delta_swap_current': 0, 'swap_saturated': False, 'workingset_refault_anon': 5490} events={'low': 0, 'high': 0, 'max': 4, 'oom': 0, 'oom_kill': 0, 'oom_group_kill': 0}
[container_monitor] pf-swap-2: current=452.3MiB swap=83.7MiB max=501.0MiB cpu.usage_usec=1196859 method=swap_current_delta_fallback detail={'delta_swap_current': 0, 'swap_saturated': False, 'workingset_refault_anon': 5490} events={'low': 0, 'high': 0, 'max': 4, 'oom': 0, 'oom_kill': 0, 'oom_group_kill': 0}
[container_monitor] pf-swap-2: current=452.8MiB swap=83.7MiB max=501.0MiB cpu.usage_usec=1199580 method=swap_current_delta_fallback detail={'delta_swap_current': 0, 'swap_saturated': False, 'workingset_refault_anon': 5490} events={'low': 0, 'high': 0, 'max': 4, 'oom': 0, 'oom_kill': 0, 'oom_group_kill': 0}
[container_monitor] pf-swap-2: current=452.8MiB swap=83.7MiB max=501.0MiB cpu.usage_usec=1200456 method=swap_current_delta_fallback detail={'delta_swap_current': 0, 'swap_saturated': False, 'workingset_refault_anon': 5490} events={'low': 0, 'high': 0, 'max': 4, 'oom': 0, 'oom_kill': 0, 'oom_group_kill': 0}
[container_monitor] pf-swap-2: current=452.8MiB swap=83.7MiB max=501.0MiB cpu.usage_usec=1201520 method=swap_current_delta_fallback detail={'delta_swap_current': 0, 'swap_saturated': False, 'workingset_refault_anon': 5490} events={'low': 0, 'high': 0, 'max': 4, 'oom': 0, 'oom_kill': 0, 'oom_group_kill': 0}
[container_monitor] pf-swap-2: current=452.8MiB swap=83.7MiB max=501.0MiB cpu.usage_usec=1202429 method=swap_current_delta_fallback detail={'delta_swap_current': 0, 'swap_saturated': False, 'workingset_refault_anon': 5490} events={'low': 0, 'high': 0, 'max': 4, 'oom': 0, 'oom_kill': 0, 'oom_group_kill': 0}
[container_monitor] pf-swap-2: current=460.9MiB swap=83.7MiB max=501.0MiB cpu.usage_usec=1207164 method=swap_current_delta_fallback detail={'delta_swap_current': 0, 'swap_saturated': False, 'workingset_refault_anon': 5490} events={'low': 0, 'high': 0, 'max': 4, 'oom': 0, 'oom_kill': 0, 'oom_group_kill': 0}
[container_monitor] pf-swap-2: current=460.9MiB swap=83.7MiB max=501.0MiB cpu.usage_usec=1209483 method=swap_current_delta_fallback detail={'delta_swap_current': 0, 'swap_saturated': False, 'workingset_refault_anon': 5490} events={'low': 0, 'high': 0, 'max': 4, 'oom': 0, 'oom_kill': 0, 'oom_group_kill': 0}
[container_monitor] pf-swap-2: current=460.9MiB swap=83.7MiB max=501.0MiB cpu.usage_usec=1210409 method=swap_current_delta_fallback detail={'delta_swap_current': 0, 'swap_saturated': False, 'workingset_refault_anon': 5490} events={'low': 0, 'high': 0, 'max': 4, 'oom': 0, 'oom_kill': 0, 'oom_group_kill': 0}
[container_monitor] pf-swap-2: current=460.9MiB swap=83.7MiB max=501.0MiB cpu.usage_usec=1211326 method=swap_current_delta_fallback detail={'delta_swap_current': 0, 'swap_saturated': False, 'workingset_refault_anon': 5490} events={'low': 0, 'high': 0, 'max': 4, 'oom': 0, 'oom_kill': 0, 'oom_group_kill': 0}
[container_monitor] pf-swap-2: current=460.9MiB swap=83.7MiB max=501.0MiB cpu.usage_usec=1212225 method=swap_current_delta_fallback detail={'delta_swap_current': 0, 'swap_saturated': False, 'workingset_refault_anon': 5490} events={'low': 0, 'high': 0, 'max': 4, 'oom': 0, 'oom_kill': 0, 'oom_group_kill': 0}
[container_monitor] pf-swap-2: current=466.6MiB swap=83.7MiB max=501.0MiB cpu.usage_usec=1217221 method=swap_current_delta_fallback detail={'delta_swap_current': 0, 'swap_saturated': False, 'workingset_refault_anon': 5490} events={'low': 0, 'high': 0, 'max': 4, 'oom': 0, 'oom_kill': 0, 'oom_group_kill': 0}
[container_monitor] pf-swap-2: current=468.9MiB swap=83.7MiB max=501.0MiB cpu.usage_usec=1222154 method=swap_current_delta_fallback detail={'delta_swap_current': 0, 'swap_saturated': False, 'workingset_refault_anon': 5490} events={'low': 0, 'high': 0, 'max': 4, 'oom': 0, 'oom_kill': 0, 'oom_group_kill': 0}
[container_monitor] pf-swap-2: current=468.9MiB swap=83.7MiB max=501.0MiB cpu.usage_usec=1223037 method=swap_current_delta_fallback detail={'delta_swap_current': 0, 'swap_saturated': False, 'workingset_refault_anon': 5490} events={'low': 0, 'high': 0, 'max': 4, 'oom': 0, 'oom_kill': 0, 'oom_group_kill': 0}
[container_monitor] pf-swap-2: current=468.9MiB swap=83.7MiB max=501.0MiB cpu.usage_usec=1223723 method=swap_current_delta_fallback detail={'delta_swap_current': 0, 'swap_saturated': False, 'workingset_refault_anon': 5490} events={'low': 0, 'high': 0, 'max': 4, 'oom': 0, 'oom_kill': 0, 'oom_group_kill': 0}
[container_monitor] pf-swap-2: current=468.9MiB swap=83.7MiB max=501.0MiB cpu.usage_usec=1224524 method=swap_current_delta_fallback detail={'delta_swap_current': 0, 'swap_saturated': False, 'workingset_refault_anon': 5490} events={'low': 0, 'high': 0, 'max': 4, 'oom': 0, 'oom_kill': 0, 'oom_group_kill': 0}
[container_monitor] pf-swap-2: current=470.8MiB swap=83.7MiB max=501.0MiB cpu.usage_usec=1227264 method=swap_current_delta_fallback detail={'delta_swap_current': 0, 'swap_saturated': False, 'workingset_refault_anon': 5490} events={'low': 0, 'high': 0, 'max': 4, 'oom': 0, 'oom_kill': 0, 'oom_group_kill': 0}
[container_monitor] pf-swap-2: current=475.4MiB swap=83.7MiB max=501.0MiB cpu.usage_usec=1232719 method=swap_current_delta_fallback detail={'delta_swap_current': 0, 'swap_saturated': False, 'workingset_refault_anon': 5490} events={'low': 0, 'high': 0, 'max': 4, 'oom': 0, 'oom_kill': 0, 'oom_group_kill': 0}
[container_monitor] pf-swap-2: current=476.9MiB swap=83.7MiB max=501.0MiB cpu.usage_usec=1236907 method=swap_current_delta_fallback detail={'delta_swap_current': 0, 'swap_saturated': False, 'workingset_refault_anon': 5490} events={'low': 0, 'high': 0, 'max': 4, 'oom': 0, 'oom_kill': 0, 'oom_group_kill': 0}
[container_monitor] pf-swap-2: current=476.9MiB swap=83.7MiB max=501.0MiB cpu.usage_usec=1239864 method=swap_current_delta_fallback detail={'delta_swap_current': 0, 'swap_saturated': False, 'workingset_refault_anon': 5490} events={'low': 0, 'high': 0, 'max': 4, 'oom': 0, 'oom_kill': 0, 'oom_group_kill': 0}
[container_monitor] pf-swap-2: current=476.9MiB swap=83.7MiB max=501.0MiB cpu.usage_usec=1240807 method=swap_current_delta_fallback detail={'delta_swap_current': 0, 'swap_saturated': False, 'workingset_refault_anon': 5499} events={'low': 0, 'high': 0, 'max': 4, 'oom': 0, 'oom_kill': 0, 'oom_group_kill': 0}
[container_monitor] pf-swap-2: current=476.9MiB swap=83.7MiB max=501.0MiB cpu.usage_usec=1241636 method=swap_current_delta_fallback detail={'delta_swap_current': 0, 'swap_saturated': False, 'workingset_refault_anon': 5499} events={'low': 0, 'high': 0, 'max': 4, 'oom': 0, 'oom_kill': 0, 'oom_group_kill': 0}
[container_monitor] pf-swap-2: current=480.4MiB swap=83.7MiB max=501.0MiB cpu.usage_usec=1244295 method=swap_current_delta_fallback detail={'delta_swap_current': 0, 'swap_saturated': False, 'workingset_refault_anon': 5499} events={'low': 0, 'high': 0, 'max': 4, 'oom': 0, 'oom_kill': 0, 'oom_group_kill': 0}
[container_monitor] pf-swap-2: current=484.9MiB swap=83.7MiB max=501.0MiB cpu.usage_usec=1248933 method=swap_current_delta_fallback detail={'delta_swap_current': 0, 'swap_saturated': False, 'workingset_refault_anon': 5499} events={'low': 0, 'high': 0, 'max': 4, 'oom': 0, 'oom_kill': 0, 'oom_group_kill': 0}
[container_monitor] pf-swap-2: current=484.9MiB swap=83.7MiB max=501.0MiB cpu.usage_usec=1249603 method=swap_current_delta_fallback detail={'delta_swap_current': 0, 'swap_saturated': False, 'workingset_refault_anon': 5499} events={'low': 0, 'high': 0, 'max': 4, 'oom': 0, 'oom_kill': 0, 'oom_group_kill': 0}
[container_monitor] pf-swap-2: current=484.9MiB swap=83.7MiB max=501.0MiB cpu.usage_usec=1250488 method=swap_current_delta_fallback detail={'delta_swap_current': 0, 'swap_saturated': False, 'workingset_refault_anon': 5499} events={'low': 0, 'high': 0, 'max': 4, 'oom': 0, 'oom_kill': 0, 'oom_group_kill': 0}
[container_monitor] pf-swap-2: current=484.9MiB swap=83.7MiB max=501.0MiB cpu.usage_usec=1251317 method=swap_current_delta_fallback detail={'delta_swap_current': 0, 'swap_saturated': False, 'workingset_refault_anon': 5499} events={'low': 0, 'high': 0, 'max': 4, 'oom': 0, 'oom_kill': 0, 'oom_group_kill': 0}
[container_monitor] pf-swap-2: current=486.7MiB swap=83.7MiB max=501.0MiB cpu.usage_usec=1254286 method=swap_current_delta_fallback detail={'delta_swap_current': 0, 'swap_saturated': False, 'workingset_refault_anon': 5499} events={'low': 0, 'high': 0, 'max': 4, 'oom': 0, 'oom_kill': 0, 'oom_group_kill': 0}
[container_monitor] pf-swap-2: current=491.7MiB swap=83.7MiB max=501.0MiB cpu.usage_usec=1259726 method=swap_current_delta_fallback detail={'delta_swap_current': 0, 'swap_saturated': False, 'workingset_refault_anon': 5499} events={'low': 0, 'high': 0, 'max': 4, 'oom': 0, 'oom_kill': 0, 'oom_group_kill': 0}
[container_monitor] pf-swap-2: current=493.0MiB swap=83.7MiB max=501.0MiB cpu.usage_usec=1263864 method=swap_current_delta_fallback detail={'delta_swap_current': 0, 'swap_saturated': False, 'workingset_refault_anon': 5499} events={'low': 0, 'high': 0, 'max': 4, 'oom': 0, 'oom_kill': 0, 'oom_group_kill': 0}
[container_monitor] pf-swap-2: current=493.0MiB swap=83.7MiB max=501.0MiB cpu.usage_usec=1264538 method=swap_current_delta_fallback detail={'delta_swap_current': 0, 'swap_saturated': False, 'workingset_refault_anon': 5499} events={'low': 0, 'high': 0, 'max': 4, 'oom': 0, 'oom_kill': 0, 'oom_group_kill': 0}
[container_monitor] pf-swap-2: current=493.0MiB swap=83.7MiB max=501.0MiB cpu.usage_usec=1265282 method=swap_current_delta_fallback detail={'delta_swap_current': 0, 'swap_saturated': False, 'workingset_refault_anon': 5499} events={'low': 0, 'high': 0, 'max': 4, 'oom': 0, 'oom_kill': 0, 'oom_group_kill': 0}
[container_monitor] pf-swap-2: current=493.0MiB swap=83.7MiB max=501.0MiB cpu.usage_usec=1266203 method=swap_current_delta_fallback detail={'delta_swap_current': 0, 'swap_saturated': False, 'workingset_refault_anon': 5499} events={'low': 0, 'high': 0, 'max': 4, 'oom': 0, 'oom_kill': 0, 'oom_group_kill': 0}
[container_monitor] pf-swap-2: current=494.7MiB swap=83.7MiB max=501.0MiB cpu.usage_usec=1269095 method=swap_current_delta_fallback detail={'delta_swap_current': 0, 'swap_saturated': False, 'workingset_refault_anon': 5499} events={'low': 0, 'high': 0, 'max': 4, 'oom': 0, 'oom_kill': 0, 'oom_group_kill': 0}
[container_monitor] pf-swap-2: current=499.7MiB swap=83.7MiB max=501.0MiB cpu.usage_usec=1273848 method=swap_current_delta_fallback detail={'delta_swap_current': 0, 'swap_saturated': False, 'workingset_refault_anon': 5499} events={'low': 0, 'high': 0, 'max': 4, 'oom': 0, 'oom_kill': 0, 'oom_group_kill': 0}
[container_monitor] pf-swap-2: current=501.0MiB swap=83.7MiB max=501.0MiB cpu.usage_usec=1278882 method=swap_current_delta_fallback detail={'delta_swap_current': 0, 'swap_saturated': False, 'workingset_refault_anon': 5502} events={'low': 0, 'high': 0, 'max': 4, 'oom': 0, 'oom_kill': 0, 'oom_group_kill': 0}
[container_monitor] pf-swap-2: current=500.8MiB swap=83.7MiB max=501.0MiB cpu.usage_usec=1284224 method=swap_current_delta_fallback detail={'delta_swap_current': 0, 'swap_saturated': False, 'workingset_refault_anon': 5526} events={'low': 0, 'high': 0, 'max': 5, 'oom': 0, 'oom_kill': 0, 'oom_group_kill': 0}
[container_monitor] pf-swap-2: current=500.9MiB swap=83.7MiB max=501.0MiB cpu.usage_usec=1285776 method=swap_current_delta_fallback detail={'delta_swap_current': 0, 'swap_saturated': False, 'workingset_refault_anon': 5530} events={'low': 0, 'high': 0, 'max': 5, 'oom': 0, 'oom_kill': 0, 'oom_group_kill': 0}
[container_monitor] pf-swap-2: current=500.9MiB swap=83.7MiB max=501.0MiB cpu.usage_usec=1286736 method=swap_current_delta_fallback detail={'delta_swap_current': 0, 'swap_saturated': False, 'workingset_refault_anon': 5530} events={'low': 0, 'high': 0, 'max': 5, 'oom': 0, 'oom_kill': 0, 'oom_group_kill': 0}
[container_monitor] pf-swap-2: current=500.9MiB swap=83.7MiB max=501.0MiB cpu.usage_usec=1287977 method=swap_current_delta_fallback detail={'delta_swap_current': 0, 'swap_saturated': False, 'workingset_refault_anon': 5530} events={'low': 0, 'high': 0, 'max': 5, 'oom': 0, 'oom_kill': 0, 'oom_group_kill': 0}
[container_monitor] pf-swap-2: current=501.0MiB swap=83.8MiB max=501.0MiB cpu.usage_usec=1294331 method=swap_current_delta_fallback detail={'delta_swap_current': 94208, 'swap_saturated': False, 'workingset_refault_anon': 5530} events={'low': 0, 'high': 0, 'max': 10, 'oom': 0, 'oom_kill': 0, 'oom_group_kill': 0}
[container_monitor] pf-swap-2: OCM 감지 (method=swap_current_delta_fallback, detail={'delta_swap_current': 94208, 'swap_saturated': False, 'workingset_refault_anon': 5530})
[puff_manager] pf-swap-2: puff 적용 501MiB -> 701MiB
[container_monitor] pf-swap-2: puff 완료, 새 메모리 한도 701MiB
[container_monitor] pf-swap-2: 이미 suspend 상태, 재적용 생략
[container_monitor] pf-swap-2: current=516.1MiB swap=85.2MiB max=701.0MiB cpu.usage_usec=1302090 method=swap_current_delta_fallback detail={'delta_swap_current': 1544192, 'swap_saturated': False, 'workingset_refault_anon': 5530} events={'low': 0, 'high': 0, 'max': 13, 'oom': 0, 'oom_kill': 0, 'oom_group_kill': 0}
[container_monitor] pf-swap-2: current=520.0MiB swap=85.2MiB max=701.0MiB cpu.usage_usec=1307063 method=swap_current_delta_fallback detail={'delta_swap_current': 0, 'swap_saturated': False, 'workingset_refault_anon': 5530} events={'low': 0, 'high': 0, 'max': 13, 'oom': 0, 'oom_kill': 0, 'oom_group_kill': 0}
[container_monitor] pf-swap-2: current=523.0MiB swap=85.2MiB max=701.0MiB cpu.usage_usec=1311938 method=swap_current_delta_fallback detail={'delta_swap_current': 0, 'swap_saturated': False, 'workingset_refault_anon': 5530} events={'low': 0, 'high': 0, 'max': 13, 'oom': 0, 'oom_kill': 0, 'oom_group_kill': 0}
[container_monitor] pf-swap-2: current=525.5MiB swap=85.2MiB max=701.0MiB cpu.usage_usec=1316719 method=swap_current_delta_fallback detail={'delta_swap_current': 0, 'swap_saturated': False, 'workingset_refault_anon': 5530} events={'low': 0, 'high': 0, 'max': 13, 'oom': 0, 'oom_kill': 0, 'oom_group_kill': 0}
[container_monitor] pf-swap-2: current=528.2MiB swap=85.2MiB max=701.0MiB cpu.usage_usec=1322079 method=swap_current_delta_fallback detail={'delta_swap_current': 0, 'swap_saturated': False, 'workingset_refault_anon': 5530} events={'low': 0, 'high': 0, 'max': 13, 'oom': 0, 'oom_kill': 0, 'oom_group_kill': 0}
[container_monitor] pf-swap-2: current=530.5MiB swap=85.2MiB max=701.0MiB cpu.usage_usec=1326417 method=swap_current_delta_fallback detail={'delta_swap_current': 0, 'swap_saturated': False, 'workingset_refault_anon': 5530} events={'low': 0, 'high': 0, 'max': 13, 'oom': 0, 'oom_kill': 0, 'oom_group_kill': 0}
[container_monitor] pf-swap-2: current=533.0MiB swap=85.2MiB max=701.0MiB cpu.usage_usec=1331735 method=swap_current_delta_fallback detail={'delta_swap_current': 0, 'swap_saturated': False, 'workingset_refault_anon': 5530} events={'low': 0, 'high': 0, 'max': 13, 'oom': 0, 'oom_kill': 0, 'oom_group_kill': 0}
[container_monitor] pf-swap-2: current=535.7MiB swap=85.2MiB max=701.0MiB cpu.usage_usec=1336278 method=swap_current_delta_fallback detail={'delta_swap_current': 0, 'swap_saturated': False, 'workingset_refault_anon': 5530} events={'low': 0, 'high': 0, 'max': 13, 'oom': 0, 'oom_kill': 0, 'oom_group_kill': 0}
[container_monitor] pf-swap-2: current=539.6MiB swap=85.2MiB max=701.0MiB cpu.usage_usec=1341527 method=swap_current_delta_fallback detail={'delta_swap_current': 0, 'swap_saturated': False, 'workingset_refault_anon': 5530} events={'low': 0, 'high': 0, 'max': 13, 'oom': 0, 'oom_kill': 0, 'oom_group_kill': 0}
[container_monitor] pf-swap-2: current=544.2MiB swap=85.2MiB max=701.0MiB cpu.usage_usec=1346990 method=swap_current_delta_fallback detail={'delta_swap_current': 0, 'swap_saturated': False, 'workingset_refault_anon': 5530} events={'low': 0, 'high': 0, 'max': 13, 'oom': 0, 'oom_kill': 0, 'oom_group_kill': 0}
[container_monitor] pf-swap-2: current=546.5MiB swap=85.2MiB max=701.0MiB cpu.usage_usec=1351718 method=swap_current_delta_fallback detail={'delta_swap_current': 0, 'swap_saturated': False, 'workingset_refault_anon': 5530} events={'low': 0, 'high': 0, 'max': 13, 'oom': 0, 'oom_kill': 0, 'oom_group_kill': 0}
[container_monitor] pf-swap-2: current=550.2MiB swap=85.2MiB max=701.0MiB cpu.usage_usec=1356342 method=swap_current_delta_fallback detail={'delta_swap_current': 0, 'swap_saturated': False, 'workingset_refault_anon': 5530} events={'low': 0, 'high': 0, 'max': 13, 'oom': 0, 'oom_kill': 0, 'oom_group_kill': 0}
[container_monitor] pf-swap-2: current=553.7MiB swap=85.2MiB max=701.0MiB cpu.usage_usec=1361513 method=swap_current_delta_fallback detail={'delta_swap_current': 0, 'swap_saturated': False, 'workingset_refault_anon': 5530} events={'low': 0, 'high': 0, 'max': 13, 'oom': 0, 'oom_kill': 0, 'oom_group_kill': 0}
[container_monitor] pf-swap-2: current=558.1MiB swap=85.2MiB max=701.0MiB cpu.usage_usec=1366389 method=swap_current_delta_fallback detail={'delta_swap_current': 0, 'swap_saturated': False, 'workingset_refault_anon': 5530} events={'low': 0, 'high': 0, 'max': 13, 'oom': 0, 'oom_kill': 0, 'oom_group_kill': 0}
[container_monitor] pf-swap-2: current=561.9MiB swap=85.2MiB max=701.0MiB cpu.usage_usec=1371485 method=swap_current_delta_fallback detail={'delta_swap_current': 0, 'swap_saturated': False, 'workingset_refault_anon': 5530} events={'low': 0, 'high': 0, 'max': 13, 'oom': 0, 'oom_kill': 0, 'oom_group_kill': 0}
[container_monitor] pf-swap-2: current=566.8MiB swap=85.2MiB max=701.0MiB cpu.usage_usec=1376729 method=swap_current_delta_fallback detail={'delta_swap_current': 0, 'swap_saturated': False, 'workingset_refault_anon': 5530} events={'low': 0, 'high': 0, 'max': 13, 'oom': 0, 'oom_kill': 0, 'oom_group_kill': 0}
[container_monitor] pf-swap-2: current=572.8MiB swap=85.2MiB max=701.0MiB cpu.usage_usec=1381980 method=swap_current_delta_fallback detail={'delta_swap_current': 0, 'swap_saturated': False, 'workingset_refault_anon': 5530} events={'low': 0, 'high': 0, 'max': 13, 'oom': 0, 'oom_kill': 0, 'oom_group_kill': 0}
[container_monitor] pf-swap-2: current=576.7MiB swap=85.2MiB max=701.0MiB cpu.usage_usec=1386998 method=swap_current_delta_fallback detail={'delta_swap_current': 0, 'swap_saturated': False, 'workingset_refault_anon': 5530} events={'low': 0, 'high': 0, 'max': 13, 'oom': 0, 'oom_kill': 0, 'oom_group_kill': 0}
[container_monitor] pf-swap-2: current=580.4MiB swap=85.2MiB max=701.0MiB cpu.usage_usec=1391544 method=swap_current_delta_fallback detail={'delta_swap_current': 0, 'swap_saturated': False, 'workingset_refault_anon': 5530} events={'low': 0, 'high': 0, 'max': 13, 'oom': 0, 'oom_kill': 0, 'oom_group_kill': 0}
[container_monitor] pf-swap-2: current=584.1MiB swap=85.2MiB max=701.0MiB cpu.usage_usec=1396593 method=swap_current_delta_fallback detail={'delta_swap_current': 0, 'swap_saturated': False, 'workingset_refault_anon': 5530} events={'low': 0, 'high': 0, 'max': 13, 'oom': 0, 'oom_kill': 0, 'oom_group_kill': 0}
[container_monitor] pf-swap-2: current=587.4MiB swap=85.2MiB max=701.0MiB cpu.usage_usec=1401961 method=swap_current_delta_fallback detail={'delta_swap_current': 0, 'swap_saturated': False, 'workingset_refault_anon': 5530} events={'low': 0, 'high': 0, 'max': 13, 'oom': 0, 'oom_kill': 0, 'oom_group_kill': 0}
[container_monitor] pf-swap-2: current=591.1MiB swap=85.2MiB max=701.0MiB cpu.usage_usec=1407126 method=swap_current_delta_fallback detail={'delta_swap_current': 0, 'swap_saturated': False, 'workingset_refault_anon': 5530} events={'low': 0, 'high': 0, 'max': 13, 'oom': 0, 'oom_kill': 0, 'oom_group_kill': 0}
[container_monitor] pf-swap-2: current=593.4MiB swap=85.2MiB max=701.0MiB cpu.usage_usec=1411441 method=swap_current_delta_fallback detail={'delta_swap_current': 0, 'swap_saturated': False, 'workingset_refault_anon': 5530} events={'low': 0, 'high': 0, 'max': 13, 'oom': 0, 'oom_kill': 0, 'oom_group_kill': 0}
[container_monitor] pf-swap-2: current=596.4MiB swap=85.2MiB max=701.0MiB cpu.usage_usec=1417035 method=swap_current_delta_fallback detail={'delta_swap_current': 0, 'swap_saturated': False, 'workingset_refault_anon': 5530} events={'low': 0, 'high': 0, 'max': 13, 'oom': 0, 'oom_kill': 0, 'oom_group_kill': 0}
[container_monitor] pf-swap-2: current=599.1MiB swap=85.2MiB max=701.0MiB cpu.usage_usec=1421229 method=swap_current_delta_fallback detail={'delta_swap_current': 0, 'swap_saturated': False, 'workingset_refault_anon': 5530} events={'low': 0, 'high': 0, 'max': 13, 'oom': 0, 'oom_kill': 0, 'oom_group_kill': 0}
[container_monitor] pf-swap-2: current=606.3MiB swap=85.2MiB max=701.0MiB cpu.usage_usec=1427072 method=swap_current_delta_fallback detail={'delta_swap_current': 0, 'swap_saturated': False, 'workingset_refault_anon': 5530} events={'low': 0, 'high': 0, 'max': 13, 'oom': 0, 'oom_kill': 0, 'oom_group_kill': 0}
[container_monitor] pf-swap-2: current=609.4MiB swap=85.2MiB max=701.0MiB cpu.usage_usec=1431700 method=swap_current_delta_fallback detail={'delta_swap_current': 0, 'swap_saturated': False, 'workingset_refault_anon': 5530} events={'low': 0, 'high': 0, 'max': 13, 'oom': 0, 'oom_kill': 0, 'oom_group_kill': 0}
[container_monitor] pf-swap-2: current=613.8MiB swap=85.2MiB max=701.0MiB cpu.usage_usec=1436366 method=swap_current_delta_fallback detail={'delta_swap_current': 0, 'swap_saturated': False, 'workingset_refault_anon': 5530} events={'low': 0, 'high': 0, 'max': 13, 'oom': 0, 'oom_kill': 0, 'oom_group_kill': 0}
[container_monitor] pf-swap-2: current=619.4MiB swap=85.2MiB max=701.0MiB cpu.usage_usec=1442102 method=swap_current_delta_fallback detail={'delta_swap_current': 0, 'swap_saturated': False, 'workingset_refault_anon': 5530} events={'low': 0, 'high': 0, 'max': 13, 'oom': 0, 'oom_kill': 0, 'oom_group_kill': 0}
[container_monitor] pf-swap-2: current=620.9MiB swap=85.2MiB max=701.0MiB cpu.usage_usec=1446787 method=swap_current_delta_fallback detail={'delta_swap_current': 0, 'swap_saturated': False, 'workingset_refault_anon': 5530} events={'low': 0, 'high': 0, 'max': 13, 'oom': 0, 'oom_kill': 0, 'oom_group_kill': 0}
[container_monitor] pf-swap-2: current=623.4MiB swap=85.2MiB max=701.0MiB cpu.usage_usec=1451753 method=swap_current_delta_fallback detail={'delta_swap_current': 0, 'swap_saturated': False, 'workingset_refault_anon': 5530} events={'low': 0, 'high': 0, 'max': 13, 'oom': 0, 'oom_kill': 0, 'oom_group_kill': 0}
[container_monitor] pf-swap-2: current=627.0MiB swap=85.2MiB max=701.0MiB cpu.usage_usec=1456988 method=swap_current_delta_fallback detail={'delta_swap_current': 0, 'swap_saturated': False, 'workingset_refault_anon': 5530} events={'low': 0, 'high': 0, 'max': 13, 'oom': 0, 'oom_kill': 0, 'oom_group_kill': 0}
[container_monitor] pf-swap-2: current=629.5MiB swap=85.2MiB max=701.0MiB cpu.usage_usec=1461798 method=swap_current_delta_fallback detail={'delta_swap_current': 0, 'swap_saturated': False, 'workingset_refault_anon': 5530} events={'low': 0, 'high': 0, 'max': 13, 'oom': 0, 'oom_kill': 0, 'oom_group_kill': 0}
[container_monitor] pf-swap-2: current=633.2MiB swap=85.2MiB max=701.0MiB cpu.usage_usec=1466900 method=swap_current_delta_fallback detail={'delta_swap_current': 0, 'swap_saturated': False, 'workingset_refault_anon': 5530} events={'low': 0, 'high': 0, 'max': 13, 'oom': 0, 'oom_kill': 0, 'oom_group_kill': 0}
[container_monitor] pf-swap-2: current=636.0MiB swap=85.2MiB max=701.0MiB cpu.usage_usec=1472182 method=swap_current_delta_fallback detail={'delta_swap_current': 0, 'swap_saturated': False, 'workingset_refault_anon': 5530} events={'low': 0, 'high': 0, 'max': 13, 'oom': 0, 'oom_kill': 0, 'oom_group_kill': 0}
[container_monitor] pf-swap-2: current=638.8MiB swap=85.2MiB max=701.0MiB cpu.usage_usec=1477043 method=swap_current_delta_fallback detail={'delta_swap_current': 0, 'swap_saturated': False, 'workingset_refault_anon': 5530} events={'low': 0, 'high': 0, 'max': 13, 'oom': 0, 'oom_kill': 0, 'oom_group_kill': 0}
[container_monitor] pf-swap-2: current=641.4MiB swap=85.2MiB max=701.0MiB cpu.usage_usec=1481364 method=swap_current_delta_fallback detail={'delta_swap_current': 0, 'swap_saturated': False, 'workingset_refault_anon': 5530} events={'low': 0, 'high': 0, 'max': 13, 'oom': 0, 'oom_kill': 0, 'oom_group_kill': 0}
[container_monitor] pf-swap-2: current=647.2MiB swap=85.2MiB max=701.0MiB cpu.usage_usec=1487172 method=swap_current_delta_fallback detail={'delta_swap_current': 0, 'swap_saturated': False, 'workingset_refault_anon': 5530} events={'low': 0, 'high': 0, 'max': 13, 'oom': 0, 'oom_kill': 0, 'oom_group_kill': 0}
[container_monitor] pf-swap-2: current=650.1MiB swap=85.2MiB max=701.0MiB cpu.usage_usec=1491400 method=swap_current_delta_fallback detail={'delta_swap_current': 0, 'swap_saturated': False, 'workingset_refault_anon': 5530} events={'low': 0, 'high': 0, 'max': 13, 'oom': 0, 'oom_kill': 0, 'oom_group_kill': 0}
[container_monitor] pf-swap-2: current=652.6MiB swap=85.2MiB max=701.0MiB cpu.usage_usec=1496769 method=swap_current_delta_fallback detail={'delta_swap_current': 0, 'swap_saturated': False, 'workingset_refault_anon': 5530} events={'low': 0, 'high': 0, 'max': 13, 'oom': 0, 'oom_kill': 0, 'oom_group_kill': 0}
[container_monitor] pf-swap-2: current=655.1MiB swap=85.2MiB max=701.0MiB cpu.usage_usec=1501503 method=swap_current_delta_fallback detail={'delta_swap_current': 0, 'swap_saturated': False, 'workingset_refault_anon': 5530} events={'low': 0, 'high': 0, 'max': 13, 'oom': 0, 'oom_kill': 0, 'oom_group_kill': 0}
[container_monitor] pf-swap-2: current=661.1MiB swap=85.2MiB max=701.0MiB cpu.usage_usec=1506266 method=swap_current_delta_fallback detail={'delta_swap_current': 0, 'swap_saturated': False, 'workingset_refault_anon': 5530} events={'low': 0, 'high': 0, 'max': 13, 'oom': 0, 'oom_kill': 0, 'oom_group_kill': 0}
[container_monitor] pf-swap-2: current=672.4MiB swap=85.2MiB max=701.0MiB cpu.usage_usec=1511810 method=swap_current_delta_fallback detail={'delta_swap_current': 0, 'swap_saturated': False, 'workingset_refault_anon': 5530} events={'low': 0, 'high': 0, 'max': 13, 'oom': 0, 'oom_kill': 0, 'oom_group_kill': 0}
[container_monitor] pf-swap-2: current=675.4MiB swap=85.2MiB max=701.0MiB cpu.usage_usec=1516922 method=swap_current_delta_fallback detail={'delta_swap_current': 0, 'swap_saturated': False, 'workingset_refault_anon': 5530} events={'low': 0, 'high': 0, 'max': 13, 'oom': 0, 'oom_kill': 0, 'oom_group_kill': 0}
[container_monitor] pf-swap-2: current=677.6MiB swap=85.2MiB max=701.0MiB cpu.usage_usec=1521794 method=swap_current_delta_fallback detail={'delta_swap_current': 0, 'swap_saturated': False, 'workingset_refault_anon': 5530} events={'low': 0, 'high': 0, 'max': 13, 'oom': 0, 'oom_kill': 0, 'oom_group_kill': 0}
[container_monitor] pf-swap-2: current=681.8MiB swap=85.2MiB max=701.0MiB cpu.usage_usec=1526474 method=swap_current_delta_fallback detail={'delta_swap_current': 0, 'swap_saturated': False, 'workingset_refault_anon': 5530} events={'low': 0, 'high': 0, 'max': 13, 'oom': 0, 'oom_kill': 0, 'oom_group_kill': 0}
[container_monitor] pf-swap-2: current=684.2MiB swap=85.2MiB max=701.0MiB cpu.usage_usec=1531804 method=swap_current_delta_fallback detail={'delta_swap_current': 0, 'swap_saturated': False, 'workingset_refault_anon': 5530} events={'low': 0, 'high': 0, 'max': 13, 'oom': 0, 'oom_kill': 0, 'oom_group_kill': 0}
[container_monitor] pf-swap-2: current=685.6MiB swap=85.2MiB max=701.0MiB cpu.usage_usec=1536375 method=swap_current_delta_fallback detail={'delta_swap_current': 0, 'swap_saturated': False, 'workingset_refault_anon': 5530} events={'low': 0, 'high': 0, 'max': 13, 'oom': 0, 'oom_kill': 0, 'oom_group_kill': 0}
[container_monitor] pf-swap-2: current=689.7MiB swap=85.2MiB max=701.0MiB cpu.usage_usec=1541715 method=swap_current_delta_fallback detail={'delta_swap_current': 0, 'swap_saturated': False, 'workingset_refault_anon': 5530} events={'low': 0, 'high': 0, 'max': 13, 'oom': 0, 'oom_kill': 0, 'oom_group_kill': 0}
[container_monitor] pf-swap-2: current=692.6MiB swap=85.2MiB max=701.0MiB cpu.usage_usec=1546308 method=swap_current_delta_fallback detail={'delta_swap_current': 0, 'swap_saturated': False, 'workingset_refault_anon': 5530} events={'low': 0, 'high': 0, 'max': 13, 'oom': 0, 'oom_kill': 0, 'oom_group_kill': 0}
[container_monitor] pf-swap-2: current=695.4MiB swap=85.2MiB max=701.0MiB cpu.usage_usec=1551603 method=swap_current_delta_fallback detail={'delta_swap_current': 0, 'swap_saturated': False, 'workingset_refault_anon': 5530} events={'low': 0, 'high': 0, 'max': 13, 'oom': 0, 'oom_kill': 0, 'oom_group_kill': 0}
[container_monitor] pf-swap-2: current=699.7MiB swap=85.2MiB max=701.0MiB cpu.usage_usec=1556988 method=swap_current_delta_fallback detail={'delta_swap_current': 0, 'swap_saturated': False, 'workingset_refault_anon': 5530} events={'low': 0, 'high': 0, 'max': 13, 'oom': 0, 'oom_kill': 0, 'oom_group_kill': 0}
[container_monitor] pf-swap-2: current=699.7MiB swap=85.2MiB max=701.0MiB cpu.usage_usec=1561709 method=swap_current_delta_fallback detail={'delta_swap_current': 0, 'swap_saturated': False, 'workingset_refault_anon': 5530} events={'low': 0, 'high': 0, 'max': 13, 'oom': 0, 'oom_kill': 0, 'oom_group_kill': 0}
[container_monitor] pf-swap-2: current=699.7MiB swap=85.2MiB max=701.0MiB cpu.usage_usec=1566233 method=swap_current_delta_fallback detail={'delta_swap_current': 0, 'swap_saturated': False, 'workingset_refault_anon': 5530} events={'low': 0, 'high': 0, 'max': 13, 'oom': 0, 'oom_kill': 0, 'oom_group_kill': 0}
[container_monitor] pf-swap-2: current=699.7MiB swap=85.2MiB max=701.0MiB cpu.usage_usec=1567708 method=swap_current_delta_fallback detail={'delta_swap_current': 0, 'swap_saturated': False, 'workingset_refault_anon': 5530} events={'low': 0, 'high': 0, 'max': 13, 'oom': 0, 'oom_kill': 0, 'oom_group_kill': 0}
[container_monitor] pf-swap-2: current=699.7MiB swap=85.2MiB max=701.0MiB cpu.usage_usec=1568517 method=swap_current_delta_fallback detail={'delta_swap_current': 0, 'swap_saturated': False, 'workingset_refault_anon': 5530} events={'low': 0, 'high': 0, 'max': 13, 'oom': 0, 'oom_kill': 0, 'oom_group_kill': 0}
[container_monitor] pf-swap-2: current=699.7MiB swap=85.2MiB max=701.0MiB cpu.usage_usec=1569254 method=swap_current_delta_fallback detail={'delta_swap_current': 0, 'swap_saturated': False, 'workingset_refault_anon': 5530} events={'low': 0, 'high': 0, 'max': 13, 'oom': 0, 'oom_kill': 0, 'oom_group_kill': 0}
[container_monitor] pf-swap-2: current=699.7MiB swap=85.2MiB max=701.0MiB cpu.usage_usec=1571305 method=swap_current_delta_fallback detail={'delta_swap_current': 0, 'swap_saturated': False, 'workingset_refault_anon': 5530} events={'low': 0, 'high': 0, 'max': 13, 'oom': 0, 'oom_kill': 0, 'oom_group_kill': 0}
[container_monitor] pf-swap-2: current=699.7MiB swap=85.2MiB max=701.0MiB cpu.usage_usec=1576519 method=swap_current_delta_fallback detail={'delta_swap_current': 0, 'swap_saturated': False, 'workingset_refault_anon': 5530} events={'low': 0, 'high': 0, 'max': 13, 'oom': 0, 'oom_kill': 0, 'oom_group_kill': 0}
[container_monitor] pf-swap-2: current=699.7MiB swap=85.2MiB max=701.0MiB cpu.usage_usec=1577172 method=swap_current_delta_fallback detail={'delta_swap_current': 0, 'swap_saturated': False, 'workingset_refault_anon': 5530} events={'low': 0, 'high': 0, 'max': 13, 'oom': 0, 'oom_kill': 0, 'oom_group_kill': 0}
[container_monitor] pf-swap-2: current=699.7MiB swap=85.2MiB max=701.0MiB cpu.usage_usec=1577973 method=swap_current_delta_fallback detail={'delta_swap_current': 0, 'swap_saturated': False, 'workingset_refault_anon': 5530} events={'low': 0, 'high': 0, 'max': 13, 'oom': 0, 'oom_kill': 0, 'oom_group_kill': 0}
[container_monitor] pf-swap-2: current=688.9MiB swap=96.2MiB max=701.0MiB cpu.usage_usec=1578510 method=swap_current_delta_fallback detail={'delta_swap_current': 11538432, 'swap_saturated': False, 'workingset_refault_anon': 5530} events={'low': 0, 'high': 0, 'max': 13, 'oom': 0, 'oom_kill': 0, 'oom_group_kill': 0}
[container_monitor] pf-swap-2: OCM 감지 (method=swap_current_delta_fallback, detail={'delta_swap_current': 11538432, 'swap_saturated': False, 'workingset_refault_anon': 5530})
[puff_manager] pf-swap-2: puff 적용 701MiB -> 981MiB
[container_monitor] pf-swap-2: puff 완료, 새 메모리 한도 981MiB
[container_monitor] pf-swap-2: 이미 suspend 상태, 재적용 생략
[container_monitor] pf-swap-2: current=688.9MiB swap=96.2MiB max=981.0MiB cpu.usage_usec=1581154 method=swap_current_delta_fallback detail={'delta_swap_current': 0, 'swap_saturated': False, 'workingset_refault_anon': 5530} events={'low': 0, 'high': 0, 'max': 13, 'oom': 0, 'oom_kill': 0, 'oom_group_kill': 0}
[container_monitor] pf-swap-2: current=688.9MiB swap=96.2MiB max=981.0MiB cpu.usage_usec=1585462 method=swap_current_delta_fallback detail={'delta_swap_current': 0, 'swap_saturated': False, 'workingset_refault_anon': 5530} events={'low': 0, 'high': 0, 'max': 13, 'oom': 0, 'oom_kill': 0, 'oom_group_kill': 0}
[container_monitor] pf-swap-2: current=688.9MiB swap=96.2MiB max=981.0MiB cpu.usage_usec=1586093 method=swap_current_delta_fallback detail={'delta_swap_current': 0, 'swap_saturated': False, 'workingset_refault_anon': 5530} events={'low': 0, 'high': 0, 'max': 13, 'oom': 0, 'oom_kill': 0, 'oom_group_kill': 0}
[container_monitor] pf-swap-2: current=688.9MiB swap=96.2MiB max=981.0MiB cpu.usage_usec=1586860 method=swap_current_delta_fallback detail={'delta_swap_current': 0, 'swap_saturated': False, 'workingset_refault_anon': 5530} events={'low': 0, 'high': 0, 'max': 13, 'oom': 0, 'oom_kill': 0, 'oom_group_kill': 0}
[container_monitor] pf-swap-2: current=688.9MiB swap=96.2MiB max=981.0MiB cpu.usage_usec=1587705 method=swap_current_delta_fallback detail={'delta_swap_current': 0, 'swap_saturated': False, 'workingset_refault_anon': 5530} events={'low': 0, 'high': 0, 'max': 13, 'oom': 0, 'oom_kill': 0, 'oom_group_kill': 0}
[container_monitor] pf-swap-2: current=688.9MiB swap=96.2MiB max=981.0MiB cpu.usage_usec=1590238 method=swap_current_delta_fallback detail={'delta_swap_current': 0, 'swap_saturated': False, 'workingset_refault_anon': 5530} events={'low': 0, 'high': 0, 'max': 13, 'oom': 0, 'oom_kill': 0, 'oom_group_kill': 0}
[container_monitor] pf-swap-2: current=688.9MiB swap=96.2MiB max=981.0MiB cpu.usage_usec=1594055 method=swap_current_delta_fallback detail={'delta_swap_current': 0, 'swap_saturated': False, 'workingset_refault_anon': 5530} events={'low': 0, 'high': 0, 'max': 13, 'oom': 0, 'oom_kill': 0, 'oom_group_kill': 0}
[container_monitor] pf-swap-2: current=688.9MiB swap=96.2MiB max=981.0MiB cpu.usage_usec=1594793 method=swap_current_delta_fallback detail={'delta_swap_current': 0, 'swap_saturated': False, 'workingset_refault_anon': 5530} events={'low': 0, 'high': 0, 'max': 13, 'oom': 0, 'oom_kill': 0, 'oom_group_kill': 0}
[container_monitor] pf-swap-2: current=688.9MiB swap=96.2MiB max=981.0MiB cpu.usage_usec=1595621 method=swap_current_delta_fallback detail={'delta_swap_current': 0, 'swap_saturated': False, 'workingset_refault_anon': 5530} events={'low': 0, 'high': 0, 'max': 13, 'oom': 0, 'oom_kill': 0, 'oom_group_kill': 0}
[container_monitor] pf-swap-2: current=688.9MiB swap=96.2MiB max=981.0MiB cpu.usage_usec=1596414 method=swap_current_delta_fallback detail={'delta_swap_current': 0, 'swap_saturated': False, 'workingset_refault_anon': 5530} events={'low': 0, 'high': 0, 'max': 13, 'oom': 0, 'oom_kill': 0, 'oom_group_kill': 0}
[container_monitor] pf-swap-2: current=688.9MiB swap=96.2MiB max=981.0MiB cpu.usage_usec=1599712 method=swap_current_delta_fallback detail={'delta_swap_current': 0, 'swap_saturated': False, 'workingset_refault_anon': 5530} events={'low': 0, 'high': 0, 'max': 13, 'oom': 0, 'oom_kill': 0, 'oom_group_kill': 0}
[container_monitor] pf-swap-2: current=688.9MiB swap=96.2MiB max=981.0MiB cpu.usage_usec=1605264 method=swap_current_delta_fallback detail={'delta_swap_current': 0, 'swap_saturated': False, 'workingset_refault_anon': 5530} events={'low': 0, 'high': 0, 'max': 13, 'oom': 0, 'oom_kill': 0, 'oom_group_kill': 0}
[container_monitor] pf-swap-2: current=688.9MiB swap=96.2MiB max=981.0MiB cpu.usage_usec=1607401 method=swap_current_delta_fallback detail={'delta_swap_current': 0, 'swap_saturated': False, 'workingset_refault_anon': 5530} events={'low': 0, 'high': 0, 'max': 13, 'oom': 0, 'oom_kill': 0, 'oom_group_kill': 0}
[container_monitor] pf-swap-2: current=688.9MiB swap=96.2MiB max=981.0MiB cpu.usage_usec=1608267 method=swap_current_delta_fallback detail={'delta_swap_current': 0, 'swap_saturated': False, 'workingset_refault_anon': 5530} events={'low': 0, 'high': 0, 'max': 13, 'oom': 0, 'oom_kill': 0, 'oom_group_kill': 0}
[container_monitor] pf-swap-2: current=688.9MiB swap=96.2MiB max=981.0MiB cpu.usage_usec=1609024 method=swap_current_delta_fallback detail={'delta_swap_current': 0, 'swap_saturated': False, 'workingset_refault_anon': 5530} events={'low': 0, 'high': 0, 'max': 13, 'oom': 0, 'oom_kill': 0, 'oom_group_kill': 0}
[container_monitor] pf-swap-2: current=688.9MiB swap=96.2MiB max=981.0MiB cpu.usage_usec=1609996 method=swap_current_delta_fallback detail={'delta_swap_current': 0, 'swap_saturated': False, 'workingset_refault_anon': 5530} events={'low': 0, 'high': 0, 'max': 13, 'oom': 0, 'oom_kill': 0, 'oom_group_kill': 0}
[container_monitor] pf-swap-2: current=688.9MiB swap=96.2MiB max=981.0MiB cpu.usage_usec=1614133 method=swap_current_delta_fallback detail={'delta_swap_current': 0, 'swap_saturated': False, 'workingset_refault_anon': 5530} events={'low': 0, 'high': 0, 'max': 13, 'oom': 0, 'oom_kill': 0, 'oom_group_kill': 0}
[container_monitor] pf-swap-2: current=688.9MiB swap=96.2MiB max=981.0MiB cpu.usage_usec=1616714 method=swap_current_delta_fallback detail={'delta_swap_current': 0, 'swap_saturated': False, 'workingset_refault_anon': 5530} events={'low': 0, 'high': 0, 'max': 13, 'oom': 0, 'oom_kill': 0, 'oom_group_kill': 0}
[container_monitor] pf-swap-2: current=688.9MiB swap=96.2MiB max=981.0MiB cpu.usage_usec=1617421 method=swap_current_delta_fallback detail={'delta_swap_current': 0, 'swap_saturated': False, 'workingset_refault_anon': 5530} events={'low': 0, 'high': 0, 'max': 13, 'oom': 0, 'oom_kill': 0, 'oom_group_kill': 0}
[container_monitor] pf-swap-2: current=688.9MiB swap=96.2MiB max=981.0MiB cpu.usage_usec=1618390 method=swap_current_delta_fallback detail={'delta_swap_current': 0, 'swap_saturated': False, 'workingset_refault_anon': 5530} events={'low': 0, 'high': 0, 'max': 13, 'oom': 0, 'oom_kill': 0, 'oom_group_kill': 0}
[container_monitor] pf-swap-2: current=688.9MiB swap=96.2MiB max=981.0MiB cpu.usage_usec=1619176 method=swap_current_delta_fallback detail={'delta_swap_current': 0, 'swap_saturated': False, 'workingset_refault_anon': 5530} events={'low': 0, 'high': 0, 'max': 13, 'oom': 0, 'oom_kill': 0, 'oom_group_kill': 0}
[container_monitor] pf-swap-2: current=688.9MiB swap=96.2MiB max=981.0MiB cpu.usage_usec=1622997 method=swap_current_delta_fallback detail={'delta_swap_current': 0, 'swap_saturated': False, 'workingset_refault_anon': 5530} events={'low': 0, 'high': 0, 'max': 13, 'oom': 0, 'oom_kill': 0, 'oom_group_kill': 0}
[container_monitor] pf-swap-2: current=688.9MiB swap=96.2MiB max=981.0MiB cpu.usage_usec=1624997 method=swap_current_delta_fallback detail={'delta_swap_current': 0, 'swap_saturated': False, 'workingset_refault_anon': 5530} events={'low': 0, 'high': 0, 'max': 13, 'oom': 0, 'oom_kill': 0, 'oom_group_kill': 0}
[container_monitor] pf-swap-2: current=688.9MiB swap=96.2MiB max=981.0MiB cpu.usage_usec=1625693 method=swap_current_delta_fallback detail={'delta_swap_current': 0, 'swap_saturated': False, 'workingset_refault_anon': 5530} events={'low': 0, 'high': 0, 'max': 13, 'oom': 0, 'oom_kill': 0, 'oom_group_kill': 0}
[container_monitor] pf-swap-2: current=688.9MiB swap=96.2MiB max=981.0MiB cpu.usage_usec=1626348 method=swap_current_delta_fallback detail={'delta_swap_current': 0, 'swap_saturated': False, 'workingset_refault_anon': 5530} events={'low': 0, 'high': 0, 'max': 13, 'oom': 0, 'oom_kill': 0, 'oom_group_kill': 0}
[container_monitor] pf-swap-2: current=688.9MiB swap=96.2MiB max=981.0MiB cpu.usage_usec=1627460 method=swap_current_delta_fallback detail={'delta_swap_current': 0, 'swap_saturated': False, 'workingset_refault_anon': 5530} events={'low': 0, 'high': 0, 'max': 13, 'oom': 0, 'oom_kill': 0, 'oom_group_kill': 0}
[container_monitor] pf-swap-2: current=688.9MiB swap=96.2MiB max=981.0MiB cpu.usage_usec=1633530 method=swap_current_delta_fallback detail={'delta_swap_current': 0, 'swap_saturated': False, 'workingset_refault_anon': 5530} events={'low': 0, 'high': 0, 'max': 13, 'oom': 0, 'oom_kill': 0, 'oom_group_kill': 0}
[container_monitor] pf-swap-2: current=689.0MiB swap=96.2MiB max=981.0MiB cpu.usage_usec=1636521 method=swap_current_delta_fallback detail={'delta_swap_current': 0, 'swap_saturated': False, 'workingset_refault_anon': 5538} events={'low': 0, 'high': 0, 'max': 13, 'oom': 0, 'oom_kill': 0, 'oom_group_kill': 0}
[container_monitor] pf-swap-2: current=689.0MiB swap=96.2MiB max=981.0MiB cpu.usage_usec=1637250 method=swap_current_delta_fallback detail={'delta_swap_current': 0, 'swap_saturated': False, 'workingset_refault_anon': 5538} events={'low': 0, 'high': 0, 'max': 13, 'oom': 0, 'oom_kill': 0, 'oom_group_kill': 0}
[container_monitor] pf-swap-2: current=689.0MiB swap=96.2MiB max=981.0MiB cpu.usage_usec=1637971 method=swap_current_delta_fallback detail={'delta_swap_current': 0, 'swap_saturated': False, 'workingset_refault_anon': 5538} events={'low': 0, 'high': 0, 'max': 13, 'oom': 0, 'oom_kill': 0, 'oom_group_kill': 0}
[container_monitor] pf-swap-2: current=689.0MiB swap=96.2MiB max=981.0MiB cpu.usage_usec=1638708 method=swap_current_delta_fallback detail={'delta_swap_current': 0, 'swap_saturated': False, 'workingset_refault_anon': 5538} events={'low': 0, 'high': 0, 'max': 13, 'oom': 0, 'oom_kill': 0, 'oom_group_kill': 0}
[container_monitor] pf-swap-2: current=689.0MiB swap=96.2MiB max=981.0MiB cpu.usage_usec=1644983 method=swap_current_delta_fallback detail={'delta_swap_current': 0, 'swap_saturated': False, 'workingset_refault_anon': 5538} events={'low': 0, 'high': 0, 'max': 13, 'oom': 0, 'oom_kill': 0, 'oom_group_kill': 0}
[container_monitor] pf-swap-2: current=689.0MiB swap=96.2MiB max=981.0MiB cpu.usage_usec=1648081 method=swap_current_delta_fallback detail={'delta_swap_current': 0, 'swap_saturated': False, 'workingset_refault_anon': 5538} events={'low': 0, 'high': 0, 'max': 13, 'oom': 0, 'oom_kill': 0, 'oom_group_kill': 0}
[container_monitor] pf-swap-2: current=689.0MiB swap=96.2MiB max=981.0MiB cpu.usage_usec=1648989 method=swap_current_delta_fallback detail={'delta_swap_current': 0, 'swap_saturated': False, 'workingset_refault_anon': 5538} events={'low': 0, 'high': 0, 'max': 13, 'oom': 0, 'oom_kill': 0, 'oom_group_kill': 0}
[container_monitor] pf-swap-2: current=689.0MiB swap=96.2MiB max=981.0MiB cpu.usage_usec=1649799 method=swap_current_delta_fallback detail={'delta_swap_current': 0, 'swap_saturated': False, 'workingset_refault_anon': 5538} events={'low': 0, 'high': 0, 'max': 13, 'oom': 0, 'oom_kill': 0, 'oom_group_kill': 0}
[container_monitor] pf-swap-2: current=689.0MiB swap=96.2MiB max=981.0MiB cpu.usage_usec=1650767 method=swap_current_delta_fallback detail={'delta_swap_current': 0, 'swap_saturated': False, 'workingset_refault_anon': 5538} events={'low': 0, 'high': 0, 'max': 13, 'oom': 0, 'oom_kill': 0, 'oom_group_kill': 0}
[container_monitor] pf-swap-2: current=689.0MiB swap=96.2MiB max=981.0MiB cpu.usage_usec=1654542 method=swap_current_delta_fallback detail={'delta_swap_current': 0, 'swap_saturated': False, 'workingset_refault_anon': 5538} events={'low': 0, 'high': 0, 'max': 13, 'oom': 0, 'oom_kill': 0, 'oom_group_kill': 0}
[container_monitor] pf-swap-2: current=689.0MiB swap=96.2MiB max=981.0MiB cpu.usage_usec=1657454 method=swap_current_delta_fallback detail={'delta_swap_current': 0, 'swap_saturated': False, 'workingset_refault_anon': 5538} events={'low': 0, 'high': 0, 'max': 13, 'oom': 0, 'oom_kill': 0, 'oom_group_kill': 0}
[container_monitor] pf-swap-2: current=689.0MiB swap=96.2MiB max=981.0MiB cpu.usage_usec=1658555 method=swap_current_delta_fallback detail={'delta_swap_current': 0, 'swap_saturated': False, 'workingset_refault_anon': 5538} events={'low': 0, 'high': 0, 'max': 13, 'oom': 0, 'oom_kill': 0, 'oom_group_kill': 0}
[container_monitor] pf-swap-2: current=689.0MiB swap=96.2MiB max=981.0MiB cpu.usage_usec=1659456 method=swap_current_delta_fallback detail={'delta_swap_current': 0, 'swap_saturated': False, 'workingset_refault_anon': 5538} events={'low': 0, 'high': 0, 'max': 13, 'oom': 0, 'oom_kill': 0, 'oom_group_kill': 0}
[container_monitor] pf-swap-2: current=689.0MiB swap=96.2MiB max=981.0MiB cpu.usage_usec=1659950 method=swap_current_delta_fallback detail={'delta_swap_current': 0, 'swap_saturated': False, 'workingset_refault_anon': 5538} events={'low': 0, 'high': 0, 'max': 13, 'oom': 0, 'oom_kill': 0, 'oom_group_kill': 0}
[container_monitor] pf-swap-2: current=689.0MiB swap=96.2MiB max=981.0MiB cpu.usage_usec=1664517 method=swap_current_delta_fallback detail={'delta_swap_current': 0, 'swap_saturated': False, 'workingset_refault_anon': 5538} events={'low': 0, 'high': 0, 'max': 13, 'oom': 0, 'oom_kill': 0, 'oom_group_kill': 0}
[container_monitor] pf-swap-2: current=689.0MiB swap=96.2MiB max=981.0MiB cpu.usage_usec=1666441 method=swap_current_delta_fallback detail={'delta_swap_current': 0, 'swap_saturated': False, 'workingset_refault_anon': 5538} events={'low': 0, 'high': 0, 'max': 13, 'oom': 0, 'oom_kill': 0, 'oom_group_kill': 0}
[container_monitor] pf-swap-2: current=689.0MiB swap=96.2MiB max=981.0MiB cpu.usage_usec=1667158 method=swap_current_delta_fallback detail={'delta_swap_current': 0, 'swap_saturated': False, 'workingset_refault_anon': 5538} events={'low': 0, 'high': 0, 'max': 13, 'oom': 0, 'oom_kill': 0, 'oom_group_kill': 0}
[container_monitor] pf-swap-2: current=689.0MiB swap=96.2MiB max=981.0MiB cpu.usage_usec=1667904 method=swap_current_delta_fallback detail={'delta_swap_current': 0, 'swap_saturated': False, 'workingset_refault_anon': 5538} events={'low': 0, 'high': 0, 'max': 13, 'oom': 0, 'oom_kill': 0, 'oom_group_kill': 0}
[container_monitor] pf-swap-2: current=689.0MiB swap=96.2MiB max=981.0MiB cpu.usage_usec=1668716 method=swap_current_delta_fallback detail={'delta_swap_current': 0, 'swap_saturated': False, 'workingset_refault_anon': 5538} events={'low': 0, 'high': 0, 'max': 13, 'oom': 0, 'oom_kill': 0, 'oom_group_kill': 0}
[container_monitor] pf-swap-2: current=689.0MiB swap=96.2MiB max=981.0MiB cpu.usage_usec=1671821 method=swap_current_delta_fallback detail={'delta_swap_current': 0, 'swap_saturated': False, 'workingset_refault_anon': 5538} events={'low': 0, 'high': 0, 'max': 13, 'oom': 0, 'oom_kill': 0, 'oom_group_kill': 0}
[container_monitor] pf-swap-2: current=689.0MiB swap=96.2MiB max=981.0MiB cpu.usage_usec=1672616 method=swap_current_delta_fallback detail={'delta_swap_current': 0, 'swap_saturated': False, 'workingset_refault_anon': 5538} events={'low': 0, 'high': 0, 'max': 13, 'oom': 0, 'oom_kill': 0, 'oom_group_kill': 0}
[container_monitor] pf-swap-2: current=689.0MiB swap=96.2MiB max=981.0MiB cpu.usage_usec=1673361 method=swap_current_delta_fallback detail={'delta_swap_current': 0, 'swap_saturated': False, 'workingset_refault_anon': 5538} events={'low': 0, 'high': 0, 'max': 13, 'oom': 0, 'oom_kill': 0, 'oom_group_kill': 0}
[container_monitor] pf-swap-2: current=689.0MiB swap=96.2MiB max=981.0MiB cpu.usage_usec=1674325 method=swap_current_delta_fallback detail={'delta_swap_current': 0, 'swap_saturated': False, 'workingset_refault_anon': 5538} events={'low': 0, 'high': 0, 'max': 13, 'oom': 0, 'oom_kill': 0, 'oom_group_kill': 0}
[container_monitor] pf-swap-2: current=689.0MiB swap=96.2MiB max=981.0MiB cpu.usage_usec=1678737 method=swap_current_delta_fallback detail={'delta_swap_current': 0, 'swap_saturated': False, 'workingset_refault_anon': 5538} events={'low': 0, 'high': 0, 'max': 13, 'oom': 0, 'oom_kill': 0, 'oom_group_kill': 0}
[container_monitor] pf-swap-2: current=689.0MiB swap=96.2MiB max=981.0MiB cpu.usage_usec=1679747 method=swap_current_delta_fallback detail={'delta_swap_current': 0, 'swap_saturated': False, 'workingset_refault_anon': 5538} events={'low': 0, 'high': 0, 'max': 13, 'oom': 0, 'oom_kill': 0, 'oom_group_kill': 0}
[container_monitor] pf-swap-2: current=689.0MiB swap=96.2MiB max=981.0MiB cpu.usage_usec=1680676 method=swap_current_delta_fallback detail={'delta_swap_current': 0, 'swap_saturated': False, 'workingset_refault_anon': 5538} events={'low': 0, 'high': 0, 'max': 13, 'oom': 0, 'oom_kill': 0, 'oom_group_kill': 0}
[container_monitor] pf-swap-2: current=689.0MiB swap=96.2MiB max=981.0MiB cpu.usage_usec=1681389 method=swap_current_delta_fallback detail={'delta_swap_current': 0, 'swap_saturated': False, 'workingset_refault_anon': 5538} events={'low': 0, 'high': 0, 'max': 13, 'oom': 0, 'oom_kill': 0, 'oom_group_kill': 0}
[container_monitor] pf-swap-2: current=689.0MiB swap=96.2MiB max=981.0MiB cpu.usage_usec=1684591 method=swap_current_delta_fallback detail={'delta_swap_current': 0, 'swap_saturated': False, 'workingset_refault_anon': 5538} events={'low': 0, 'high': 0, 'max': 13, 'oom': 0, 'oom_kill': 0, 'oom_group_kill': 0}
[container_monitor] pf-swap-2: current=689.0MiB swap=96.2MiB max=981.0MiB cpu.usage_usec=1686240 method=swap_current_delta_fallback detail={'delta_swap_current': 0, 'swap_saturated': False, 'workingset_refault_anon': 5538} events={'low': 0, 'high': 0, 'max': 13, 'oom': 0, 'oom_kill': 0, 'oom_group_kill': 0}
[container_monitor] pf-swap-2: current=689.0MiB swap=96.2MiB max=981.0MiB cpu.usage_usec=1687068 method=swap_current_delta_fallback detail={'delta_swap_current': 0, 'swap_saturated': False, 'workingset_refault_anon': 5538} events={'low': 0, 'high': 0, 'max': 13, 'oom': 0, 'oom_kill': 0, 'oom_group_kill': 0}
[container_monitor] pf-swap-2: current=689.0MiB swap=96.2MiB max=981.0MiB cpu.usage_usec=1687845 method=swap_current_delta_fallback detail={'delta_swap_current': 0, 'swap_saturated': False, 'workingset_refault_anon': 5538} events={'low': 0, 'high': 0, 'max': 13, 'oom': 0, 'oom_kill': 0, 'oom_group_kill': 0}
[container_monitor] pf-swap-2: current=689.0MiB swap=96.2MiB max=981.0MiB cpu.usage_usec=1688596 method=swap_current_delta_fallback detail={'delta_swap_current': 0, 'swap_saturated': False, 'workingset_refault_anon': 5538} events={'low': 0, 'high': 0, 'max': 13, 'oom': 0, 'oom_kill': 0, 'oom_group_kill': 0}
[container_monitor] pf-swap-2: current=689.0MiB swap=96.2MiB max=981.0MiB cpu.usage_usec=1694581 method=swap_current_delta_fallback detail={'delta_swap_current': 0, 'swap_saturated': False, 'workingset_refault_anon': 5538} events={'low': 0, 'high': 0, 'max': 13, 'oom': 0, 'oom_kill': 0, 'oom_group_kill': 0}
[container_monitor] pf-swap-2: current=689.0MiB swap=96.2MiB max=981.0MiB cpu.usage_usec=1695283 method=swap_current_delta_fallback detail={'delta_swap_current': 0, 'swap_saturated': False, 'workingset_refault_anon': 5538} events={'low': 0, 'high': 0, 'max': 13, 'oom': 0, 'oom_kill': 0, 'oom_group_kill': 0}
[container_monitor] pf-swap-2: current=689.0MiB swap=96.2MiB max=981.0MiB cpu.usage_usec=1695947 method=swap_current_delta_fallback detail={'delta_swap_current': 0, 'swap_saturated': False, 'workingset_refault_anon': 5538} events={'low': 0, 'high': 0, 'max': 13, 'oom': 0, 'oom_kill': 0, 'oom_group_kill': 0}
[container_monitor] pf-swap-2: current=689.0MiB swap=96.2MiB max=981.0MiB cpu.usage_usec=1696700 method=swap_current_delta_fallback detail={'delta_swap_current': 0, 'swap_saturated': False, 'workingset_refault_anon': 5538} events={'low': 0, 'high': 0, 'max': 13, 'oom': 0, 'oom_kill': 0, 'oom_group_kill': 0}
[container_monitor] pf-swap-2: current=689.0MiB swap=96.2MiB max=981.0MiB cpu.usage_usec=1698725 method=swap_current_delta_fallback detail={'delta_swap_current': 0, 'swap_saturated': False, 'workingset_refault_anon': 5538} events={'low': 0, 'high': 0, 'max': 13, 'oom': 0, 'oom_kill': 0, 'oom_group_kill': 0}
[container_monitor] pf-swap-2: current=689.0MiB swap=96.2MiB max=981.0MiB cpu.usage_usec=1703769 method=swap_current_delta_fallback detail={'delta_swap_current': 0, 'swap_saturated': False, 'workingset_refault_anon': 5538} events={'low': 0, 'high': 0, 'max': 13, 'oom': 0, 'oom_kill': 0, 'oom_group_kill': 0}
[container_monitor] pf-swap-2: current=689.0MiB swap=96.1MiB max=981.0MiB cpu.usage_usec=1707123 method=swap_current_delta_fallback detail={'delta_swap_current': -184320, 'swap_saturated': False, 'workingset_refault_anon': 5538} events={'low': 0, 'high': 0, 'max': 13, 'oom': 0, 'oom_kill': 0, 'oom_group_kill': 0}
[container_monitor] pf-swap-2: current=689.0MiB swap=96.1MiB max=981.0MiB cpu.usage_usec=1707912 method=swap_current_delta_fallback detail={'delta_swap_current': 0, 'swap_saturated': False, 'workingset_refault_anon': 5546} events={'low': 0, 'high': 0, 'max': 13, 'oom': 0, 'oom_kill': 0, 'oom_group_kill': 0}
[container_monitor] pf-swap-2: current=689.0MiB swap=96.1MiB max=981.0MiB cpu.usage_usec=1708532 method=swap_current_delta_fallback detail={'delta_swap_current': 0, 'swap_saturated': False, 'workingset_refault_anon': 5546} events={'low': 0, 'high': 0, 'max': 13, 'oom': 0, 'oom_kill': 0, 'oom_group_kill': 0}
[container_monitor] pf-swap-2: current=689.0MiB swap=96.1MiB max=981.0MiB cpu.usage_usec=1712461 method=swap_current_delta_fallback detail={'delta_swap_current': 0, 'swap_saturated': False, 'workingset_refault_anon': 5546} events={'low': 0, 'high': 0, 'max': 13, 'oom': 0, 'oom_kill': 0, 'oom_group_kill': 0}
[container_monitor] pf-swap-2: current=689.0MiB swap=96.1MiB max=981.0MiB cpu.usage_usec=1714322 method=swap_current_delta_fallback detail={'delta_swap_current': 0, 'swap_saturated': False, 'workingset_refault_anon': 5546} events={'low': 0, 'high': 0, 'max': 13, 'oom': 0, 'oom_kill': 0, 'oom_group_kill': 0}
[container_monitor] pf-swap-2: current=689.0MiB swap=96.1MiB max=981.0MiB cpu.usage_usec=1715373 method=swap_current_delta_fallback detail={'delta_swap_current': 0, 'swap_saturated': False, 'workingset_refault_anon': 5546} events={'low': 0, 'high': 0, 'max': 13, 'oom': 0, 'oom_kill': 0, 'oom_group_kill': 0}
[container_monitor] pf-swap-2: current=689.0MiB swap=96.1MiB max=981.0MiB cpu.usage_usec=1716021 method=swap_current_delta_fallback detail={'delta_swap_current': 0, 'swap_saturated': False, 'workingset_refault_anon': 5546} events={'low': 0, 'high': 0, 'max': 13, 'oom': 0, 'oom_kill': 0, 'oom_group_kill': 0}
[container_monitor] pf-swap-2: current=689.0MiB swap=96.1MiB max=981.0MiB cpu.usage_usec=1717001 method=swap_current_delta_fallback detail={'delta_swap_current': 0, 'swap_saturated': False, 'workingset_refault_anon': 5546} events={'low': 0, 'high': 0, 'max': 13, 'oom': 0, 'oom_kill': 0, 'oom_group_kill': 0}
[container_monitor] pf-swap-2: current=689.0MiB swap=96.1MiB max=981.0MiB cpu.usage_usec=1722220 method=swap_current_delta_fallback detail={'delta_swap_current': 0, 'swap_saturated': False, 'workingset_refault_anon': 5546} events={'low': 0, 'high': 0, 'max': 13, 'oom': 0, 'oom_kill': 0, 'oom_group_kill': 0}
[container_monitor] pf-swap-2: current=689.0MiB swap=96.1MiB max=981.0MiB cpu.usage_usec=1723406 method=swap_current_delta_fallback detail={'delta_swap_current': 0, 'swap_saturated': False, 'workingset_refault_anon': 5546} events={'low': 0, 'high': 0, 'max': 13, 'oom': 0, 'oom_kill': 0, 'oom_group_kill': 0}
[container_monitor] pf-swap-2: current=689.0MiB swap=96.1MiB max=981.0MiB cpu.usage_usec=1724094 method=swap_current_delta_fallback detail={'delta_swap_current': 0, 'swap_saturated': False, 'workingset_refault_anon': 5546} events={'low': 0, 'high': 0, 'max': 13, 'oom': 0, 'oom_kill': 0, 'oom_group_kill': 0}
[container_monitor] pf-swap-2: current=689.0MiB swap=96.1MiB max=981.0MiB cpu.usage_usec=1725002 method=swap_current_delta_fallback detail={'delta_swap_current': 0, 'swap_saturated': False, 'workingset_refault_anon': 5546} events={'low': 0, 'high': 0, 'max': 13, 'oom': 0, 'oom_kill': 0, 'oom_group_kill': 0}
[container_monitor] pf-swap-2: current=689.0MiB swap=96.1MiB max=981.0MiB cpu.usage_usec=1725655 method=swap_current_delta_fallback detail={'delta_swap_current': 0, 'swap_saturated': False, 'workingset_refault_anon': 5546} events={'low': 0, 'high': 0, 'max': 13, 'oom': 0, 'oom_kill': 0, 'oom_group_kill': 0}
[container_monitor] pf-swap-2: current=689.0MiB swap=96.1MiB max=981.0MiB cpu.usage_usec=1731838 method=swap_current_delta_fallback detail={'delta_swap_current': 0, 'swap_saturated': False, 'workingset_refault_anon': 5546} events={'low': 0, 'high': 0, 'max': 13, 'oom': 0, 'oom_kill': 0, 'oom_group_kill': 0}
[container_monitor] pf-swap-2: current=689.0MiB swap=96.1MiB max=981.0MiB cpu.usage_usec=1734037 method=swap_current_delta_fallback detail={'delta_swap_current': 0, 'swap_saturated': False, 'workingset_refault_anon': 5546} events={'low': 0, 'high': 0, 'max': 13, 'oom': 0, 'oom_kill': 0, 'oom_group_kill': 0}
[container_monitor] pf-swap-2: current=689.0MiB swap=96.1MiB max=981.0MiB cpu.usage_usec=1734832 method=swap_current_delta_fallback detail={'delta_swap_current': 0, 'swap_saturated': False, 'workingset_refault_anon': 5546} events={'low': 0, 'high': 0, 'max': 13, 'oom': 0, 'oom_kill': 0, 'oom_group_kill': 0}
[container_monitor] pf-swap-2: current=689.0MiB swap=96.1MiB max=981.0MiB cpu.usage_usec=1735683 method=swap_current_delta_fallback detail={'delta_swap_current': 0, 'swap_saturated': False, 'workingset_refault_anon': 5546} events={'low': 0, 'high': 0, 'max': 13, 'oom': 0, 'oom_kill': 0, 'oom_group_kill': 0}
[container_monitor] pf-swap-2: current=689.0MiB swap=96.1MiB max=981.0MiB cpu.usage_usec=1736382 method=swap_current_delta_fallback detail={'delta_swap_current': 0, 'swap_saturated': False, 'workingset_refault_anon': 5546} events={'low': 0, 'high': 0, 'max': 13, 'oom': 0, 'oom_kill': 0, 'oom_group_kill': 0}
[container_monitor] pf-swap-2: current=689.1MiB swap=96.1MiB max=981.0MiB cpu.usage_usec=1739836 method=swap_current_delta_fallback detail={'delta_swap_current': 0, 'swap_saturated': False, 'workingset_refault_anon': 5546} events={'low': 0, 'high': 0, 'max': 13, 'oom': 0, 'oom_kill': 0, 'oom_group_kill': 0}
[container_monitor] pf-swap-2: current=689.1MiB swap=96.1MiB max=981.0MiB cpu.usage_usec=1740654 method=swap_current_delta_fallback detail={'delta_swap_current': 0, 'swap_saturated': False, 'workingset_refault_anon': 5555} events={'low': 0, 'high': 0, 'max': 13, 'oom': 0, 'oom_kill': 0, 'oom_group_kill': 0}
[container_monitor] pf-swap-2: current=689.1MiB swap=96.1MiB max=981.0MiB cpu.usage_usec=1741445 method=swap_current_delta_fallback detail={'delta_swap_current': 0, 'swap_saturated': False, 'workingset_refault_anon': 5555} events={'low': 0, 'high': 0, 'max': 13, 'oom': 0, 'oom_kill': 0, 'oom_group_kill': 0}
[container_monitor] pf-swap-2: current=689.1MiB swap=96.1MiB max=981.0MiB cpu.usage_usec=1742362 method=swap_current_delta_fallback detail={'delta_swap_current': 0, 'swap_saturated': False, 'workingset_refault_anon': 5555} events={'low': 0, 'high': 0, 'max': 13, 'oom': 0, 'oom_kill': 0, 'oom_group_kill': 0}
[container_monitor] pf-swap-2: current=689.1MiB swap=96.1MiB max=981.0MiB cpu.usage_usec=1747727 method=swap_current_delta_fallback detail={'delta_swap_current': 0, 'swap_saturated': False, 'workingset_refault_anon': 5555} events={'low': 0, 'high': 0, 'max': 13, 'oom': 0, 'oom_kill': 0, 'oom_group_kill': 0}
[container_monitor] pf-swap-2: current=689.1MiB swap=96.1MiB max=981.0MiB cpu.usage_usec=1750966 method=swap_current_delta_fallback detail={'delta_swap_current': 0, 'swap_saturated': False, 'workingset_refault_anon': 5555} events={'low': 0, 'high': 0, 'max': 13, 'oom': 0, 'oom_kill': 0, 'oom_group_kill': 0}
[container_monitor] pf-swap-2: current=689.1MiB swap=96.1MiB max=981.0MiB cpu.usage_usec=1751642 method=swap_current_delta_fallback detail={'delta_swap_current': 0, 'swap_saturated': False, 'workingset_refault_anon': 5556} events={'low': 0, 'high': 0, 'max': 13, 'oom': 0, 'oom_kill': 0, 'oom_group_kill': 0}
[container_monitor] pf-swap-2: current=689.1MiB swap=96.1MiB max=981.0MiB cpu.usage_usec=1752397 method=swap_current_delta_fallback detail={'delta_swap_current': 0, 'swap_saturated': False, 'workingset_refault_anon': 5556} events={'low': 0, 'high': 0, 'max': 13, 'oom': 0, 'oom_kill': 0, 'oom_group_kill': 0}
[container_monitor] pf-swap-2: current=689.1MiB swap=96.1MiB max=981.0MiB cpu.usage_usec=1753483 method=swap_current_delta_fallback detail={'delta_swap_current': 0, 'swap_saturated': False, 'workingset_refault_anon': 5556} events={'low': 0, 'high': 0, 'max': 13, 'oom': 0, 'oom_kill': 0, 'oom_group_kill': 0}
[container_monitor] pf-swap-2: current=689.1MiB swap=96.1MiB max=981.0MiB cpu.usage_usec=1758599 method=swap_current_delta_fallback detail={'delta_swap_current': 0, 'swap_saturated': False, 'workingset_refault_anon': 5556} events={'low': 0, 'high': 0, 'max': 13, 'oom': 0, 'oom_kill': 0, 'oom_group_kill': 0}
[container_monitor] pf-swap-2: current=689.4MiB swap=96.0MiB max=981.0MiB cpu.usage_usec=1763632 method=swap_current_delta_fallback detail={'delta_swap_current': -102400, 'swap_saturated': False, 'workingset_refault_anon': 5609} events={'low': 0, 'high': 0, 'max': 13, 'oom': 0, 'oom_kill': 0, 'oom_group_kill': 0}
[container_monitor] pf-swap-2: current=689.5MiB swap=95.6MiB max=981.0MiB cpu.usage_usec=1767854 method=swap_current_delta_fallback detail={'delta_swap_current': -364544, 'swap_saturated': False, 'workingset_refault_anon': 5660} events={'low': 0, 'high': 0, 'max': 13, 'oom': 0, 'oom_kill': 0, 'oom_group_kill': 0}
[container_monitor] pf-swap-2: current=689.5MiB swap=95.6MiB max=981.0MiB cpu.usage_usec=1768721 method=swap_current_delta_fallback detail={'delta_swap_current': 0, 'swap_saturated': False, 'workingset_refault_anon': 5668} events={'low': 0, 'high': 0, 'max': 13, 'oom': 0, 'oom_kill': 0, 'oom_group_kill': 0}
[container_monitor] pf-swap-2: current=689.5MiB swap=95.6MiB max=981.0MiB cpu.usage_usec=1769681 method=swap_current_delta_fallback detail={'delta_swap_current': 0, 'swap_saturated': False, 'workingset_refault_anon': 5668} events={'low': 0, 'high': 0, 'max': 13, 'oom': 0, 'oom_kill': 0, 'oom_group_kill': 0}
[container_monitor] pf-swap-2: current=689.5MiB swap=95.6MiB max=981.0MiB cpu.usage_usec=1775290 method=swap_current_delta_fallback detail={'delta_swap_current': 0, 'swap_saturated': False, 'workingset_refault_anon': 5668} events={'low': 0, 'high': 0, 'max': 13, 'oom': 0, 'oom_kill': 0, 'oom_group_kill': 0}
[container_monitor] pf-swap-2: current=689.5MiB swap=95.6MiB max=981.0MiB cpu.usage_usec=1776451 method=swap_current_delta_fallback detail={'delta_swap_current': 0, 'swap_saturated': False, 'workingset_refault_anon': 5668} events={'low': 0, 'high': 0, 'max': 13, 'oom': 0, 'oom_kill': 0, 'oom_group_kill': 0}
[container_monitor] pf-swap-2: current=689.5MiB swap=95.6MiB max=981.0MiB cpu.usage_usec=1777439 method=swap_current_delta_fallback detail={'delta_swap_current': 0, 'swap_saturated': False, 'workingset_refault_anon': 5668} events={'low': 0, 'high': 0, 'max': 13, 'oom': 0, 'oom_kill': 0, 'oom_group_kill': 0}
[container_monitor] pf-swap-2: current=689.5MiB swap=95.6MiB max=981.0MiB cpu.usage_usec=1778319 method=swap_current_delta_fallback detail={'delta_swap_current': 0, 'swap_saturated': False, 'workingset_refault_anon': 5668} events={'low': 0, 'high': 0, 'max': 13, 'oom': 0, 'oom_kill': 0, 'oom_group_kill': 0}
[container_monitor] pf-swap-2: current=689.5MiB swap=95.6MiB max=981.0MiB cpu.usage_usec=1779010 method=swap_current_delta_fallback detail={'delta_swap_current': 0, 'swap_saturated': False, 'workingset_refault_anon': 5668} events={'low': 0, 'high': 0, 'max': 13, 'oom': 0, 'oom_kill': 0, 'oom_group_kill': 0}
[container_monitor] pf-swap-2: current=689.5MiB swap=95.6MiB max=981.0MiB cpu.usage_usec=1784544 method=swap_current_delta_fallback detail={'delta_swap_current': 0, 'swap_saturated': False, 'workingset_refault_anon': 5668} events={'low': 0, 'high': 0, 'max': 13, 'oom': 0, 'oom_kill': 0, 'oom_group_kill': 0}
[container_monitor] pf-swap-2: current=689.6MiB swap=95.6MiB max=981.0MiB cpu.usage_usec=1790019 method=swap_current_delta_fallback detail={'delta_swap_current': 0, 'swap_saturated': False, 'workingset_refault_anon': 5668} events={'low': 0, 'high': 0, 'max': 13, 'oom': 0, 'oom_kill': 0, 'oom_group_kill': 0}
[container_monitor] pf-swap-2: current=689.6MiB swap=95.6MiB max=981.0MiB cpu.usage_usec=1791023 method=swap_current_delta_fallback detail={'delta_swap_current': 0, 'swap_saturated': False, 'workingset_refault_anon': 5673} events={'low': 0, 'high': 0, 'max': 13, 'oom': 0, 'oom_kill': 0, 'oom_group_kill': 0}
[container_monitor] pf-swap-2: current=689.6MiB swap=95.6MiB max=981.0MiB cpu.usage_usec=1791885 method=swap_current_delta_fallback detail={'delta_swap_current': 0, 'swap_saturated': False, 'workingset_refault_anon': 5673} events={'low': 0, 'high': 0, 'max': 13, 'oom': 0, 'oom_kill': 0, 'oom_group_kill': 0}
[container_monitor] pf-swap-2: current=689.6MiB swap=95.6MiB max=981.0MiB cpu.usage_usec=1792541 method=swap_current_delta_fallback detail={'delta_swap_current': 0, 'swap_saturated': False, 'workingset_refault_anon': 5673} events={'low': 0, 'high': 0, 'max': 13, 'oom': 0, 'oom_kill': 0, 'oom_group_kill': 0}
[container_monitor] pf-swap-2: current=689.6MiB swap=95.6MiB max=981.0MiB cpu.usage_usec=1796657 method=swap_current_delta_fallback detail={'delta_swap_current': 0, 'swap_saturated': False, 'workingset_refault_anon': 5673} events={'low': 0, 'high': 0, 'max': 13, 'oom': 0, 'oom_kill': 0, 'oom_group_kill': 0}
[container_monitor] pf-swap-2: current=689.6MiB swap=95.6MiB max=981.0MiB cpu.usage_usec=1797399 method=swap_current_delta_fallback detail={'delta_swap_current': 0, 'swap_saturated': False, 'workingset_refault_anon': 5673} events={'low': 0, 'high': 0, 'max': 13, 'oom': 0, 'oom_kill': 0, 'oom_group_kill': 0}
[container_monitor] pf-swap-2: current=689.6MiB swap=95.6MiB max=981.0MiB cpu.usage_usec=1798568 method=swap_current_delta_fallback detail={'delta_swap_current': 0, 'swap_saturated': False, 'workingset_refault_anon': 5673} events={'low': 0, 'high': 0, 'max': 13, 'oom': 0, 'oom_kill': 0, 'oom_group_kill': 0}
[container_monitor] pf-swap-2: current=689.6MiB swap=95.6MiB max=981.0MiB cpu.usage_usec=1799473 method=swap_current_delta_fallback detail={'delta_swap_current': 0, 'swap_saturated': False, 'workingset_refault_anon': 5673} events={'low': 0, 'high': 0, 'max': 13, 'oom': 0, 'oom_kill': 0, 'oom_group_kill': 0}
[container_monitor] pf-swap-2: current=694.0MiB swap=95.6MiB max=981.0MiB cpu.usage_usec=1804421 method=swap_current_delta_fallback detail={'delta_swap_current': 0, 'swap_saturated': False, 'workingset_refault_anon': 5673} events={'low': 0, 'high': 0, 'max': 13, 'oom': 0, 'oom_kill': 0, 'oom_group_kill': 0}
[container_monitor] pf-swap-2: current=698.2MiB swap=95.6MiB max=981.0MiB cpu.usage_usec=1809311 method=swap_current_delta_fallback detail={'delta_swap_current': 0, 'swap_saturated': False, 'workingset_refault_anon': 5673} events={'low': 0, 'high': 0, 'max': 13, 'oom': 0, 'oom_kill': 0, 'oom_group_kill': 0}
[container_monitor] pf-swap-2: current=702.4MiB swap=95.6MiB max=981.0MiB cpu.usage_usec=1814313 method=swap_current_delta_fallback detail={'delta_swap_current': 0, 'swap_saturated': False, 'workingset_refault_anon': 5673} events={'low': 0, 'high': 0, 'max': 13, 'oom': 0, 'oom_kill': 0, 'oom_group_kill': 0}
[container_monitor] pf-swap-2: current=708.0MiB swap=95.6MiB max=981.0MiB cpu.usage_usec=1819346 method=swap_current_delta_fallback detail={'delta_swap_current': 0, 'swap_saturated': False, 'workingset_refault_anon': 5673} events={'low': 0, 'high': 0, 'max': 13, 'oom': 0, 'oom_kill': 0, 'oom_group_kill': 0}
[container_monitor] pf-swap-2: current=711.8MiB swap=95.6MiB max=981.0MiB cpu.usage_usec=1823965 method=swap_current_delta_fallback detail={'delta_swap_current': 0, 'swap_saturated': False, 'workingset_refault_anon': 5673} events={'low': 0, 'high': 0, 'max': 13, 'oom': 0, 'oom_kill': 0, 'oom_group_kill': 0}
[container_monitor] pf-swap-2: current=714.3MiB swap=95.6MiB max=981.0MiB cpu.usage_usec=1828907 method=swap_current_delta_fallback detail={'delta_swap_current': 0, 'swap_saturated': False, 'workingset_refault_anon': 5673} events={'low': 0, 'high': 0, 'max': 13, 'oom': 0, 'oom_kill': 0, 'oom_group_kill': 0}
[container_monitor] pf-swap-2: current=716.7MiB swap=95.6MiB max=981.0MiB cpu.usage_usec=1834479 method=swap_current_delta_fallback detail={'delta_swap_current': 0, 'swap_saturated': False, 'workingset_refault_anon': 5673} events={'low': 0, 'high': 0, 'max': 13, 'oom': 0, 'oom_kill': 0, 'oom_group_kill': 0}
[container_monitor] pf-swap-2: current=719.4MiB swap=95.6MiB max=981.0MiB cpu.usage_usec=1839045 method=swap_current_delta_fallback detail={'delta_swap_current': 0, 'swap_saturated': False, 'workingset_refault_anon': 5673} events={'low': 0, 'high': 0, 'max': 13, 'oom': 0, 'oom_kill': 0, 'oom_group_kill': 0}
[container_monitor] pf-swap-2: current=722.9MiB swap=95.6MiB max=981.0MiB cpu.usage_usec=1844120 method=swap_current_delta_fallback detail={'delta_swap_current': 0, 'swap_saturated': False, 'workingset_refault_anon': 5673} events={'low': 0, 'high': 0, 'max': 13, 'oom': 0, 'oom_kill': 0, 'oom_group_kill': 0}
[container_monitor] pf-swap-2: current=722.7MiB swap=101.6MiB max=981.0MiB cpu.usage_usec=1849506 method=swap_current_delta_fallback detail={'delta_swap_current': 6324224, 'swap_saturated': False, 'workingset_refault_anon': 5673} events={'low': 0, 'high': 0, 'max': 13, 'oom': 0, 'oom_kill': 0, 'oom_group_kill': 0}
[container_monitor] pf-swap-2: current=724.7MiB swap=101.6MiB max=981.0MiB cpu.usage_usec=1854294 method=swap_current_delta_fallback detail={'delta_swap_current': 0, 'swap_saturated': False, 'workingset_refault_anon': 5673} events={'low': 0, 'high': 0, 'max': 13, 'oom': 0, 'oom_kill': 0, 'oom_group_kill': 0}
[container_monitor] pf-swap-2: current=727.0MiB swap=101.6MiB max=981.0MiB cpu.usage_usec=1859260 method=swap_current_delta_fallback detail={'delta_swap_current': 0, 'swap_saturated': False, 'workingset_refault_anon': 5673} events={'low': 0, 'high': 0, 'max': 13, 'oom': 0, 'oom_kill': 0, 'oom_group_kill': 0}
[container_monitor] pf-swap-2: current=728.9MiB swap=101.6MiB max=981.0MiB cpu.usage_usec=1863827 method=swap_current_delta_fallback detail={'delta_swap_current': 0, 'swap_saturated': False, 'workingset_refault_anon': 5673} events={'low': 0, 'high': 0, 'max': 13, 'oom': 0, 'oom_kill': 0, 'oom_group_kill': 0}
[container_monitor] pf-swap-2: current=727.2MiB swap=108.1MiB max=981.0MiB cpu.usage_usec=1869002 method=swap_current_delta_fallback detail={'delta_swap_current': 6774784, 'swap_saturated': False, 'workingset_refault_anon': 5673} events={'low': 0, 'high': 0, 'max': 13, 'oom': 0, 'oom_kill': 0, 'oom_group_kill': 0}
[container_monitor] pf-swap-2: current=730.0MiB swap=108.1MiB max=981.0MiB cpu.usage_usec=1874471 method=swap_current_delta_fallback detail={'delta_swap_current': 0, 'swap_saturated': False, 'workingset_refault_anon': 5673} events={'low': 0, 'high': 0, 'max': 13, 'oom': 0, 'oom_kill': 0, 'oom_group_kill': 0}
[container_monitor] pf-swap-2: current=732.1MiB swap=108.1MiB max=981.0MiB cpu.usage_usec=1878586 method=swap_current_delta_fallback detail={'delta_swap_current': 0, 'swap_saturated': False, 'workingset_refault_anon': 5673} events={'low': 0, 'high': 0, 'max': 13, 'oom': 0, 'oom_kill': 0, 'oom_group_kill': 0}
[container_monitor] pf-swap-2: current=734.9MiB swap=108.1MiB max=981.0MiB cpu.usage_usec=1884528 method=swap_current_delta_fallback detail={'delta_swap_current': 0, 'swap_saturated': False, 'workingset_refault_anon': 5673} events={'low': 0, 'high': 0, 'max': 13, 'oom': 0, 'oom_kill': 0, 'oom_group_kill': 0}
[container_monitor] pf-swap-2: current=736.9MiB swap=108.1MiB max=981.0MiB cpu.usage_usec=1889531 method=swap_current_delta_fallback detail={'delta_swap_current': 0, 'swap_saturated': False, 'workingset_refault_anon': 5673} events={'low': 0, 'high': 0, 'max': 13, 'oom': 0, 'oom_kill': 0, 'oom_group_kill': 0}
[container_monitor] pf-swap-2: current=736.5MiB swap=109.6MiB max=981.0MiB cpu.usage_usec=1894013 method=swap_current_delta_fallback detail={'delta_swap_current': 1536000, 'swap_saturated': False, 'workingset_refault_anon': 5673} events={'low': 0, 'high': 0, 'max': 13, 'oom': 0, 'oom_kill': 0, 'oom_group_kill': 0}
[container_monitor] pf-swap-2: current=739.6MiB swap=109.6MiB max=981.0MiB cpu.usage_usec=1898625 method=swap_current_delta_fallback detail={'delta_swap_current': 0, 'swap_saturated': False, 'workingset_refault_anon': 5673} events={'low': 0, 'high': 0, 'max': 13, 'oom': 0, 'oom_kill': 0, 'oom_group_kill': 0}
[container_monitor] pf-swap-2: current=740.7MiB swap=111.1MiB max=981.0MiB cpu.usage_usec=1903861 method=swap_current_delta_fallback detail={'delta_swap_current': 1585152, 'swap_saturated': False, 'workingset_refault_anon': 5673} events={'low': 0, 'high': 0, 'max': 13, 'oom': 0, 'oom_kill': 0, 'oom_group_kill': 0}
[container_monitor] pf-swap-2: current=745.4MiB swap=111.1MiB max=981.0MiB cpu.usage_usec=1909290 method=swap_current_delta_fallback detail={'delta_swap_current': 0, 'swap_saturated': False, 'workingset_refault_anon': 5673} events={'low': 0, 'high': 0, 'max': 13, 'oom': 0, 'oom_kill': 0, 'oom_group_kill': 0}
[container_monitor] pf-swap-2: current=748.1MiB swap=111.1MiB max=981.0MiB cpu.usage_usec=1913962 method=swap_current_delta_fallback detail={'delta_swap_current': 0, 'swap_saturated': False, 'workingset_refault_anon': 5673} events={'low': 0, 'high': 0, 'max': 13, 'oom': 0, 'oom_kill': 0, 'oom_group_kill': 0}
[container_monitor] pf-swap-2: current=750.9MiB swap=111.1MiB max=981.0MiB cpu.usage_usec=1919192 method=swap_current_delta_fallback detail={'delta_swap_current': 0, 'swap_saturated': False, 'workingset_refault_anon': 5673} events={'low': 0, 'high': 0, 'max': 13, 'oom': 0, 'oom_kill': 0, 'oom_group_kill': 0}
[container_monitor] pf-swap-2: current=754.7MiB swap=111.1MiB max=981.0MiB cpu.usage_usec=1924001 method=swap_current_delta_fallback detail={'delta_swap_current': 0, 'swap_saturated': False, 'workingset_refault_anon': 5673} events={'low': 0, 'high': 0, 'max': 13, 'oom': 0, 'oom_kill': 0, 'oom_group_kill': 0}
[container_monitor] pf-swap-2: current=757.8MiB swap=111.1MiB max=981.0MiB cpu.usage_usec=1928911 method=swap_current_delta_fallback detail={'delta_swap_current': 0, 'swap_saturated': False, 'workingset_refault_anon': 5673} events={'low': 0, 'high': 0, 'max': 13, 'oom': 0, 'oom_kill': 0, 'oom_group_kill': 0}
[container_monitor] pf-swap-2: current=761.0MiB swap=111.1MiB max=981.0MiB cpu.usage_usec=1933723 method=swap_current_delta_fallback detail={'delta_swap_current': 0, 'swap_saturated': False, 'workingset_refault_anon': 5673} events={'low': 0, 'high': 0, 'max': 13, 'oom': 0, 'oom_kill': 0, 'oom_group_kill': 0}
[container_monitor] pf-swap-2: current=763.6MiB swap=111.1MiB max=981.0MiB cpu.usage_usec=1938538 method=swap_current_delta_fallback detail={'delta_swap_current': 0, 'swap_saturated': False, 'workingset_refault_anon': 5673} events={'low': 0, 'high': 0, 'max': 13, 'oom': 0, 'oom_kill': 0, 'oom_group_kill': 0}
[container_monitor] pf-swap-2: current=766.5MiB swap=111.1MiB max=981.0MiB cpu.usage_usec=1944145 method=swap_current_delta_fallback detail={'delta_swap_current': 0, 'swap_saturated': False, 'workingset_refault_anon': 5673} events={'low': 0, 'high': 0, 'max': 13, 'oom': 0, 'oom_kill': 0, 'oom_group_kill': 0}
[container_monitor] pf-swap-2: current=769.6MiB swap=111.1MiB max=981.0MiB cpu.usage_usec=1949301 method=swap_current_delta_fallback detail={'delta_swap_current': 0, 'swap_saturated': False, 'workingset_refault_anon': 5673} events={'low': 0, 'high': 0, 'max': 13, 'oom': 0, 'oom_kill': 0, 'oom_group_kill': 0}
[container_monitor] pf-swap-2: current=771.6MiB swap=111.1MiB max=981.0MiB cpu.usage_usec=1954181 method=swap_current_delta_fallback detail={'delta_swap_current': 0, 'swap_saturated': False, 'workingset_refault_anon': 5673} events={'low': 0, 'high': 0, 'max': 13, 'oom': 0, 'oom_kill': 0, 'oom_group_kill': 0}
[container_monitor] pf-swap-2: current=776.2MiB swap=111.1MiB max=981.0MiB cpu.usage_usec=1959220 method=swap_current_delta_fallback detail={'delta_swap_current': 0, 'swap_saturated': False, 'workingset_refault_anon': 5673} events={'low': 0, 'high': 0, 'max': 13, 'oom': 0, 'oom_kill': 0, 'oom_group_kill': 0}
[container_monitor] pf-swap-2: current=778.6MiB swap=111.1MiB max=981.0MiB cpu.usage_usec=1964404 method=swap_current_delta_fallback detail={'delta_swap_current': 0, 'swap_saturated': False, 'workingset_refault_anon': 5673} events={'low': 0, 'high': 0, 'max': 13, 'oom': 0, 'oom_kill': 0, 'oom_group_kill': 0}
[container_monitor] pf-swap-2: current=782.1MiB swap=111.1MiB max=981.0MiB cpu.usage_usec=1968878 method=swap_current_delta_fallback detail={'delta_swap_current': 0, 'swap_saturated': False, 'workingset_refault_anon': 5673} events={'low': 0, 'high': 0, 'max': 13, 'oom': 0, 'oom_kill': 0, 'oom_group_kill': 0}
[container_monitor] pf-swap-2: current=785.3MiB swap=111.1MiB max=981.0MiB cpu.usage_usec=1974789 method=swap_current_delta_fallback detail={'delta_swap_current': 0, 'swap_saturated': False, 'workingset_refault_anon': 5673} events={'low': 0, 'high': 0, 'max': 13, 'oom': 0, 'oom_kill': 0, 'oom_group_kill': 0}
[container_monitor] pf-swap-2: current=787.0MiB swap=111.1MiB max=981.0MiB cpu.usage_usec=1979871 method=swap_current_delta_fallback detail={'delta_swap_current': 0, 'swap_saturated': False, 'workingset_refault_anon': 5673} events={'low': 0, 'high': 0, 'max': 13, 'oom': 0, 'oom_kill': 0, 'oom_group_kill': 0}
[container_monitor] pf-swap-2: current=791.5MiB swap=111.1MiB max=981.0MiB cpu.usage_usec=1985206 method=swap_current_delta_fallback detail={'delta_swap_current': 0, 'swap_saturated': False, 'workingset_refault_anon': 5673} events={'low': 0, 'high': 0, 'max': 13, 'oom': 0, 'oom_kill': 0, 'oom_group_kill': 0}
[container_monitor] pf-swap-2: current=796.0MiB swap=111.1MiB max=981.0MiB cpu.usage_usec=1990005 method=swap_current_delta_fallback detail={'delta_swap_current': 0, 'swap_saturated': False, 'workingset_refault_anon': 5673} events={'low': 0, 'high': 0, 'max': 13, 'oom': 0, 'oom_kill': 0, 'oom_group_kill': 0}
[container_monitor] pf-swap-2: current=798.8MiB swap=111.1MiB max=981.0MiB cpu.usage_usec=1995387 method=swap_current_delta_fallback detail={'delta_swap_current': 0, 'swap_saturated': False, 'workingset_refault_anon': 5673} events={'low': 0, 'high': 0, 'max': 13, 'oom': 0, 'oom_kill': 0, 'oom_group_kill': 0}
[container_monitor] pf-swap-2: current=799.8MiB swap=111.1MiB max=981.0MiB cpu.usage_usec=1999787 method=swap_current_delta_fallback detail={'delta_swap_current': 0, 'swap_saturated': False, 'workingset_refault_anon': 5673} events={'low': 0, 'high': 0, 'max': 13, 'oom': 0, 'oom_kill': 0, 'oom_group_kill': 0}
[container_monitor] pf-swap-2: current=803.0MiB swap=111.1MiB max=981.0MiB cpu.usage_usec=2004885 method=swap_current_delta_fallback detail={'delta_swap_current': 0, 'swap_saturated': False, 'workingset_refault_anon': 5673} events={'low': 0, 'high': 0, 'max': 13, 'oom': 0, 'oom_kill': 0, 'oom_group_kill': 0}
[container_monitor] pf-swap-2: current=807.8MiB swap=111.1MiB max=981.0MiB cpu.usage_usec=2010162 method=swap_current_delta_fallback detail={'delta_swap_current': 0, 'swap_saturated': False, 'workingset_refault_anon': 5673} events={'low': 0, 'high': 0, 'max': 13, 'oom': 0, 'oom_kill': 0, 'oom_group_kill': 0}
[container_monitor] pf-swap-2: current=811.7MiB swap=111.1MiB max=981.0MiB cpu.usage_usec=2015503 method=swap_current_delta_fallback detail={'delta_swap_current': 0, 'swap_saturated': False, 'workingset_refault_anon': 5673} events={'low': 0, 'high': 0, 'max': 13, 'oom': 0, 'oom_kill': 0, 'oom_group_kill': 0}
[container_monitor] pf-swap-2: current=815.8MiB swap=111.1MiB max=981.0MiB cpu.usage_usec=2019604 method=swap_current_delta_fallback detail={'delta_swap_current': 0, 'swap_saturated': False, 'workingset_refault_anon': 5673} events={'low': 0, 'high': 0, 'max': 13, 'oom': 0, 'oom_kill': 0, 'oom_group_kill': 0}
[container_monitor] pf-swap-2: current=820.5MiB swap=111.1MiB max=981.0MiB cpu.usage_usec=2025083 method=swap_current_delta_fallback detail={'delta_swap_current': 0, 'swap_saturated': False, 'workingset_refault_anon': 5673} events={'low': 0, 'high': 0, 'max': 13, 'oom': 0, 'oom_kill': 0, 'oom_group_kill': 0}
[container_monitor] pf-swap-2: current=822.8MiB swap=111.1MiB max=981.0MiB cpu.usage_usec=2029776 method=swap_current_delta_fallback detail={'delta_swap_current': 0, 'swap_saturated': False, 'workingset_refault_anon': 5673} events={'low': 0, 'high': 0, 'max': 13, 'oom': 0, 'oom_kill': 0, 'oom_group_kill': 0}
[container_monitor] pf-swap-2: current=828.2MiB swap=111.1MiB max=981.0MiB cpu.usage_usec=2035460 method=swap_current_delta_fallback detail={'delta_swap_current': 0, 'swap_saturated': False, 'workingset_refault_anon': 5673} events={'low': 0, 'high': 0, 'max': 13, 'oom': 0, 'oom_kill': 0, 'oom_group_kill': 0}
[container_monitor] pf-swap-2: current=832.5MiB swap=111.1MiB max=981.0MiB cpu.usage_usec=2039545 method=swap_current_delta_fallback detail={'delta_swap_current': 0, 'swap_saturated': False, 'workingset_refault_anon': 5673} events={'low': 0, 'high': 0, 'max': 13, 'oom': 0, 'oom_kill': 0, 'oom_group_kill': 0}
[container_monitor] pf-swap-2: current=838.1MiB swap=111.1MiB max=981.0MiB cpu.usage_usec=2045146 method=swap_current_delta_fallback detail={'delta_swap_current': 0, 'swap_saturated': False, 'workingset_refault_anon': 5673} events={'low': 0, 'high': 0, 'max': 13, 'oom': 0, 'oom_kill': 0, 'oom_group_kill': 0}
[container_monitor] pf-swap-2: current=843.0MiB swap=111.1MiB max=981.0MiB cpu.usage_usec=2049807 method=swap_current_delta_fallback detail={'delta_swap_current': 0, 'swap_saturated': False, 'workingset_refault_anon': 5673} events={'low': 0, 'high': 0, 'max': 13, 'oom': 0, 'oom_kill': 0, 'oom_group_kill': 0}
[container_monitor] pf-swap-2: current=844.6MiB swap=111.1MiB max=981.0MiB cpu.usage_usec=2054589 method=swap_current_delta_fallback detail={'delta_swap_current': 0, 'swap_saturated': False, 'workingset_refault_anon': 5673} events={'low': 0, 'high': 0, 'max': 13, 'oom': 0, 'oom_kill': 0, 'oom_group_kill': 0}
[container_monitor] pf-swap-2: current=848.2MiB swap=111.1MiB max=981.0MiB cpu.usage_usec=2059984 method=swap_current_delta_fallback detail={'delta_swap_current': 0, 'swap_saturated': False, 'workingset_refault_anon': 5673} events={'low': 0, 'high': 0, 'max': 13, 'oom': 0, 'oom_kill': 0, 'oom_group_kill': 0}
[container_monitor] pf-swap-2: current=849.7MiB swap=111.1MiB max=981.0MiB cpu.usage_usec=2064979 method=swap_current_delta_fallback detail={'delta_swap_current': 0, 'swap_saturated': False, 'workingset_refault_anon': 5673} events={'low': 0, 'high': 0, 'max': 13, 'oom': 0, 'oom_kill': 0, 'oom_group_kill': 0}
[container_monitor] pf-swap-2: current=852.0MiB swap=111.1MiB max=981.0MiB cpu.usage_usec=2069788 method=swap_current_delta_fallback detail={'delta_swap_current': 0, 'swap_saturated': False, 'workingset_refault_anon': 5673} events={'low': 0, 'high': 0, 'max': 13, 'oom': 0, 'oom_kill': 0, 'oom_group_kill': 0}
[container_monitor] pf-swap-2: current=855.2MiB swap=111.1MiB max=981.0MiB cpu.usage_usec=2075189 method=swap_current_delta_fallback detail={'delta_swap_current': 0, 'swap_saturated': False, 'workingset_refault_anon': 5673} events={'low': 0, 'high': 0, 'max': 13, 'oom': 0, 'oom_kill': 0, 'oom_group_kill': 0}
[container_monitor] pf-swap-2: current=858.6MiB swap=111.1MiB max=981.0MiB cpu.usage_usec=2080204 method=swap_current_delta_fallback detail={'delta_swap_current': 0, 'swap_saturated': False, 'workingset_refault_anon': 5673} events={'low': 0, 'high': 0, 'max': 13, 'oom': 0, 'oom_kill': 0, 'oom_group_kill': 0}
[container_monitor] pf-swap-2: current=858.9MiB swap=115.5MiB max=981.0MiB cpu.usage_usec=2084901 method=swap_current_delta_fallback detail={'delta_swap_current': 4669440, 'swap_saturated': False, 'workingset_refault_anon': 5673} events={'low': 0, 'high': 0, 'max': 13, 'oom': 0, 'oom_kill': 0, 'oom_group_kill': 0}
[container_monitor] pf-swap-2: current=862.0MiB swap=115.5MiB max=981.0MiB cpu.usage_usec=2090335 method=swap_current_delta_fallback detail={'delta_swap_current': 0, 'swap_saturated': False, 'workingset_refault_anon': 5673} events={'low': 0, 'high': 0, 'max': 13, 'oom': 0, 'oom_kill': 0, 'oom_group_kill': 0}
[container_monitor] pf-swap-2: current=864.1MiB swap=115.5MiB max=981.0MiB cpu.usage_usec=2094718 method=swap_current_delta_fallback detail={'delta_swap_current': 0, 'swap_saturated': False, 'workingset_refault_anon': 5673} events={'low': 0, 'high': 0, 'max': 13, 'oom': 0, 'oom_kill': 0, 'oom_group_kill': 0}
[container_monitor] pf-swap-2: current=870.0MiB swap=115.5MiB max=981.0MiB cpu.usage_usec=2100435 method=swap_current_delta_fallback detail={'delta_swap_current': 0, 'swap_saturated': False, 'workingset_refault_anon': 5673} events={'low': 0, 'high': 0, 'max': 13, 'oom': 0, 'oom_kill': 0, 'oom_group_kill': 0}
[container_monitor] pf-swap-2: current=866.5MiB swap=122.2MiB max=981.0MiB cpu.usage_usec=2105153 method=swap_current_delta_fallback detail={'delta_swap_current': 7032832, 'swap_saturated': False, 'workingset_refault_anon': 5673} events={'low': 0, 'high': 0, 'max': 13, 'oom': 0, 'oom_kill': 0, 'oom_group_kill': 0}
[container_monitor] pf-swap-2: OCM 감지 (method=swap_current_delta_fallback, detail={'delta_swap_current': 7032832, 'swap_saturated': False, 'workingset_refault_anon': 5673})
[puff_manager] pf-swap-2: puff 적용 981MiB -> 1373MiB
[container_monitor] pf-swap-2: puff 완료, 새 메모리 한도 1373MiB
[container_monitor] pf-swap-2: 이미 suspend 상태, 재적용 생략
[container_monitor] pf-swap-2: current=865.9MiB swap=142.4MiB max=1373.0MiB cpu.usage_usec=2112340 method=swap_current_delta_fallback detail={'delta_swap_current': 21110784, 'swap_saturated': False, 'workingset_refault_anon': 5673} events={'low': 0, 'high': 0, 'max': 13, 'oom': 0, 'oom_kill': 0, 'oom_group_kill': 0}
[container_monitor] pf-swap-2: current=867.5MiB swap=142.4MiB max=1373.0MiB cpu.usage_usec=2117053 method=swap_current_delta_fallback detail={'delta_swap_current': 0, 'swap_saturated': False, 'workingset_refault_anon': 5673} events={'low': 0, 'high': 0, 'max': 13, 'oom': 0, 'oom_kill': 0, 'oom_group_kill': 0}
[container_monitor] pf-swap-2: current=867.5MiB swap=142.4MiB max=1373.0MiB cpu.usage_usec=2122617 method=swap_current_delta_fallback detail={'delta_swap_current': 0, 'swap_saturated': False, 'workingset_refault_anon': 5673} events={'low': 0, 'high': 0, 'max': 13, 'oom': 0, 'oom_kill': 0, 'oom_group_kill': 0}
[container_monitor] pf-swap-2: current=867.5MiB swap=142.4MiB max=1373.0MiB cpu.usage_usec=2127416 method=swap_current_delta_fallback detail={'delta_swap_current': 0, 'swap_saturated': False, 'workingset_refault_anon': 5673} events={'low': 0, 'high': 0, 'max': 13, 'oom': 0, 'oom_kill': 0, 'oom_group_kill': 0}
[container_monitor] pf-swap-2: current=861.8MiB swap=149.4MiB max=1373.0MiB cpu.usage_usec=2132257 method=swap_current_delta_fallback detail={'delta_swap_current': 7364608, 'swap_saturated': False, 'workingset_refault_anon': 5870} events={'low': 0, 'high': 0, 'max': 13, 'oom': 0, 'oom_kill': 0, 'oom_group_kill': 0}
[container_monitor] pf-swap-2: current=862.5MiB swap=149.4MiB max=1373.0MiB cpu.usage_usec=2137121 method=swap_current_delta_fallback detail={'delta_swap_current': 0, 'swap_saturated': False, 'workingset_refault_anon': 6048} events={'low': 0, 'high': 0, 'max': 13, 'oom': 0, 'oom_kill': 0, 'oom_group_kill': 0}
[container_monitor] pf-swap-2: current=863.3MiB swap=149.4MiB max=1373.0MiB cpu.usage_usec=2142186 method=swap_current_delta_fallback detail={'delta_swap_current': 0, 'swap_saturated': False, 'workingset_refault_anon': 6262} events={'low': 0, 'high': 0, 'max': 13, 'oom': 0, 'oom_kill': 0, 'oom_group_kill': 0}
[container_monitor] pf-swap-2: current=864.1MiB swap=149.4MiB max=1373.0MiB cpu.usage_usec=2147045 method=swap_current_delta_fallback detail={'delta_swap_current': 0, 'swap_saturated': False, 'workingset_refault_anon': 6462} events={'low': 0, 'high': 0, 'max': 13, 'oom': 0, 'oom_kill': 0, 'oom_group_kill': 0}
[container_monitor] pf-swap-2: current=865.0MiB swap=149.4MiB max=1373.0MiB cpu.usage_usec=2152130 method=swap_current_delta_fallback detail={'delta_swap_current': 0, 'swap_saturated': False, 'workingset_refault_anon': 6694} events={'low': 0, 'high': 0, 'max': 13, 'oom': 0, 'oom_kill': 0, 'oom_group_kill': 0}
[container_monitor] pf-swap-2: current=866.0MiB swap=149.4MiB max=1373.0MiB cpu.usage_usec=2157097 method=swap_current_delta_fallback detail={'delta_swap_current': 0, 'swap_saturated': False, 'workingset_refault_anon': 6950} events={'low': 0, 'high': 0, 'max': 13, 'oom': 0, 'oom_kill': 0, 'oom_group_kill': 0}
[container_monitor] pf-swap-2: current=867.2MiB swap=149.4MiB max=1373.0MiB cpu.usage_usec=2162101 method=swap_current_delta_fallback detail={'delta_swap_current': 0, 'swap_saturated': False, 'workingset_refault_anon': 7246} events={'low': 0, 'high': 0, 'max': 13, 'oom': 0, 'oom_kill': 0, 'oom_group_kill': 0}
[container_monitor] pf-swap-2: current=861.6MiB swap=155.9MiB max=1373.0MiB cpu.usage_usec=2167163 method=swap_current_delta_fallback detail={'delta_swap_current': 6823936, 'swap_saturated': False, 'workingset_refault_anon': 7526} events={'low': 0, 'high': 0, 'max': 13, 'oom': 0, 'oom_kill': 0, 'oom_group_kill': 0}
[container_monitor] pf-swap-2: current=850.0MiB swap=168.8MiB max=1373.0MiB cpu.usage_usec=2172087 method=swap_current_delta_fallback detail={'delta_swap_current': 13557760, 'swap_saturated': False, 'workingset_refault_anon': 7654} events={'low': 0, 'high': 0, 'max': 13, 'oom': 0, 'oom_kill': 0, 'oom_group_kill': 0}
[container_monitor] pf-swap-2: current=845.0MiB swap=175.8MiB max=1373.0MiB cpu.usage_usec=2177053 method=swap_current_delta_fallback detail={'delta_swap_current': 7286784, 'swap_saturated': False, 'workingset_refault_anon': 7654} events={'low': 0, 'high': 0, 'max': 13, 'oom': 0, 'oom_kill': 0, 'oom_group_kill': 0}
[container_monitor] pf-swap-2: current=846.2MiB swap=175.8MiB max=1373.0MiB cpu.usage_usec=2182055 method=swap_current_delta_fallback detail={'delta_swap_current': 0, 'swap_saturated': False, 'workingset_refault_anon': 7654} events={'low': 0, 'high': 0, 'max': 13, 'oom': 0, 'oom_kill': 0, 'oom_group_kill': 0}
[container_monitor] pf-swap-2: current=847.9MiB swap=175.8MiB max=1373.0MiB cpu.usage_usec=2187073 method=swap_current_delta_fallback detail={'delta_swap_current': 0, 'swap_saturated': False, 'workingset_refault_anon': 7654} events={'low': 0, 'high': 0, 'max': 13, 'oom': 0, 'oom_kill': 0, 'oom_group_kill': 0}
[container_monitor] pf-swap-2: current=848.8MiB swap=175.8MiB max=1373.0MiB cpu.usage_usec=2192155 method=swap_current_delta_fallback detail={'delta_swap_current': 0, 'swap_saturated': False, 'workingset_refault_anon': 7654} events={'low': 0, 'high': 0, 'max': 13, 'oom': 0, 'oom_kill': 0, 'oom_group_kill': 0}
[container_monitor] pf-swap-2: current=850.0MiB swap=175.8MiB max=1373.0MiB cpu.usage_usec=2197079 method=swap_current_delta_fallback detail={'delta_swap_current': 0, 'swap_saturated': False, 'workingset_refault_anon': 7702} events={'low': 0, 'high': 0, 'max': 13, 'oom': 0, 'oom_kill': 0, 'oom_group_kill': 0}
[container_monitor] pf-swap-2: current=851.1MiB swap=175.8MiB max=1373.0MiB cpu.usage_usec=2202122 method=swap_current_delta_fallback detail={'delta_swap_current': 0, 'swap_saturated': False, 'workingset_refault_anon': 7834} events={'low': 0, 'high': 0, 'max': 13, 'oom': 0, 'oom_kill': 0, 'oom_group_kill': 0}
[container_monitor] pf-swap-2: current=852.1MiB swap=175.8MiB max=1373.0MiB cpu.usage_usec=2207112 method=swap_current_delta_fallback detail={'delta_swap_current': 0, 'swap_saturated': False, 'workingset_refault_anon': 7846} events={'low': 0, 'high': 0, 'max': 13, 'oom': 0, 'oom_kill': 0, 'oom_group_kill': 0}
[container_monitor] pf-swap-2: current=853.1MiB swap=175.8MiB max=1373.0MiB cpu.usage_usec=2212047 method=swap_current_delta_fallback detail={'delta_swap_current': 0, 'swap_saturated': False, 'workingset_refault_anon': 7846} events={'low': 0, 'high': 0, 'max': 13, 'oom': 0, 'oom_kill': 0, 'oom_group_kill': 0}
[container_monitor] pf-swap-2: current=854.4MiB swap=175.8MiB max=1373.0MiB cpu.usage_usec=2217125 method=swap_current_delta_fallback detail={'delta_swap_current': 0, 'swap_saturated': False, 'workingset_refault_anon': 7846} events={'low': 0, 'high': 0, 'max': 13, 'oom': 0, 'oom_kill': 0, 'oom_group_kill': 0}
[container_monitor] pf-swap-2: current=855.8MiB swap=175.8MiB max=1373.0MiB cpu.usage_usec=2222091 method=swap_current_delta_fallback detail={'delta_swap_current': 0, 'swap_saturated': False, 'workingset_refault_anon': 7846} events={'low': 0, 'high': 0, 'max': 13, 'oom': 0, 'oom_kill': 0, 'oom_group_kill': 0}
[container_monitor] pf-swap-2: current=857.2MiB swap=175.8MiB max=1373.0MiB cpu.usage_usec=2227088 method=swap_current_delta_fallback detail={'delta_swap_current': 0, 'swap_saturated': False, 'workingset_refault_anon': 7846} events={'low': 0, 'high': 0, 'max': 13, 'oom': 0, 'oom_kill': 0, 'oom_group_kill': 0}
[container_monitor] pf-swap-2: current=851.4MiB swap=182.6MiB max=1373.0MiB cpu.usage_usec=2232172 method=swap_current_delta_fallback detail={'delta_swap_current': 7135232, 'swap_saturated': False, 'workingset_refault_anon': 7854} events={'low': 0, 'high': 0, 'max': 13, 'oom': 0, 'oom_kill': 0, 'oom_group_kill': 0}
[container_monitor] pf-swap-2: current=852.6MiB swap=182.6MiB max=1373.0MiB cpu.usage_usec=2237096 method=swap_current_delta_fallback detail={'delta_swap_current': 0, 'swap_saturated': False, 'workingset_refault_anon': 7906} events={'low': 0, 'high': 0, 'max': 13, 'oom': 0, 'oom_kill': 0, 'oom_group_kill': 0}
[container_monitor] pf-swap-2: current=853.7MiB swap=182.6MiB max=1373.0MiB cpu.usage_usec=2242164 method=swap_current_delta_fallback detail={'delta_swap_current': 0, 'swap_saturated': False, 'workingset_refault_anon': 7906} events={'low': 0, 'high': 0, 'max': 13, 'oom': 0, 'oom_kill': 0, 'oom_group_kill': 0}
[container_monitor] pf-swap-2: current=847.8MiB swap=189.0MiB max=1373.0MiB cpu.usage_usec=2247057 method=swap_current_delta_fallback detail={'delta_swap_current': 6754304, 'swap_saturated': False, 'workingset_refault_anon': 7906} events={'low': 0, 'high': 0, 'max': 13, 'oom': 0, 'oom_kill': 0, 'oom_group_kill': 0}
[container_monitor] pf-swap-2: current=848.7MiB swap=189.0MiB max=1373.0MiB cpu.usage_usec=2252048 method=swap_current_delta_fallback detail={'delta_swap_current': 0, 'swap_saturated': False, 'workingset_refault_anon': 7906} events={'low': 0, 'high': 0, 'max': 13, 'oom': 0, 'oom_kill': 0, 'oom_group_kill': 0}
[container_monitor] pf-swap-2: current=849.8MiB swap=189.0MiB max=1373.0MiB cpu.usage_usec=2257045 method=swap_current_delta_fallback detail={'delta_swap_current': 0, 'swap_saturated': False, 'workingset_refault_anon': 7906} events={'low': 0, 'high': 0, 'max': 13, 'oom': 0, 'oom_kill': 0, 'oom_group_kill': 0}
[container_monitor] pf-swap-2: current=850.8MiB swap=189.0MiB max=1373.0MiB cpu.usage_usec=2262082 method=swap_current_delta_fallback detail={'delta_swap_current': 0, 'swap_saturated': False, 'workingset_refault_anon': 7906} events={'low': 0, 'high': 0, 'max': 13, 'oom': 0, 'oom_kill': 0, 'oom_group_kill': 0}
[container_monitor] pf-swap-2: current=851.9MiB swap=189.0MiB max=1373.0MiB cpu.usage_usec=2267064 method=swap_current_delta_fallback detail={'delta_swap_current': 0, 'swap_saturated': False, 'workingset_refault_anon': 7906} events={'low': 0, 'high': 0, 'max': 13, 'oom': 0, 'oom_kill': 0, 'oom_group_kill': 0}
[container_monitor] pf-swap-2: current=852.9MiB swap=189.0MiB max=1373.0MiB cpu.usage_usec=2272163 method=swap_current_delta_fallback detail={'delta_swap_current': 0, 'swap_saturated': False, 'workingset_refault_anon': 7992} events={'low': 0, 'high': 0, 'max': 13, 'oom': 0, 'oom_kill': 0, 'oom_group_kill': 0}
[container_monitor] pf-swap-2: current=851.6MiB swap=190.8MiB max=1373.0MiB cpu.usage_usec=2277568 method=swap_current_delta_fallback detail={'delta_swap_current': 1822720, 'swap_saturated': False, 'workingset_refault_anon': 7996} events={'low': 0, 'high': 0, 'max': 13, 'oom': 0, 'oom_kill': 0, 'oom_group_kill': 0}
[container_monitor] pf-swap-2: current=852.5MiB swap=190.8MiB max=1373.0MiB cpu.usage_usec=2283073 method=swap_current_delta_fallback detail={'delta_swap_current': 0, 'swap_saturated': False, 'workingset_refault_anon': 7998} events={'low': 0, 'high': 0, 'max': 13, 'oom': 0, 'oom_kill': 0, 'oom_group_kill': 0}
[container_monitor] pf-swap-2: current=854.0MiB swap=190.8MiB max=1373.0MiB cpu.usage_usec=2288034 method=swap_current_delta_fallback detail={'delta_swap_current': 0, 'swap_saturated': False, 'workingset_refault_anon': 7998} events={'low': 0, 'high': 0, 'max': 13, 'oom': 0, 'oom_kill': 0, 'oom_group_kill': 0}
[container_monitor] pf-swap-2: current=855.3MiB swap=190.8MiB max=1373.0MiB cpu.usage_usec=2293063 method=swap_current_delta_fallback detail={'delta_swap_current': 0, 'swap_saturated': False, 'workingset_refault_anon': 7998} events={'low': 0, 'high': 0, 'max': 13, 'oom': 0, 'oom_kill': 0, 'oom_group_kill': 0}
[container_monitor] pf-swap-2: current=856.4MiB swap=190.8MiB max=1373.0MiB cpu.usage_usec=2298071 method=swap_current_delta_fallback detail={'delta_swap_current': 0, 'swap_saturated': False, 'workingset_refault_anon': 8000} events={'low': 0, 'high': 0, 'max': 13, 'oom': 0, 'oom_kill': 0, 'oom_group_kill': 0}
[container_monitor] pf-swap-2: current=857.3MiB swap=190.8MiB max=1373.0MiB cpu.usage_usec=2303258 method=swap_current_delta_fallback detail={'delta_swap_current': 0, 'swap_saturated': False, 'workingset_refault_anon': 8000} events={'low': 0, 'high': 0, 'max': 13, 'oom': 0, 'oom_kill': 0, 'oom_group_kill': 0}
[container_monitor] pf-swap-2: current=858.1MiB swap=190.8MiB max=1373.0MiB cpu.usage_usec=2308051 method=swap_current_delta_fallback detail={'delta_swap_current': 0, 'swap_saturated': False, 'workingset_refault_anon': 8000} events={'low': 0, 'high': 0, 'max': 13, 'oom': 0, 'oom_kill': 0, 'oom_group_kill': 0}
[container_monitor] pf-swap-2: current=859.0MiB swap=190.8MiB max=1373.0MiB cpu.usage_usec=2313179 method=swap_current_delta_fallback detail={'delta_swap_current': 0, 'swap_saturated': False, 'workingset_refault_anon': 8000} events={'low': 0, 'high': 0, 'max': 13, 'oom': 0, 'oom_kill': 0, 'oom_group_kill': 0}
[container_monitor] pf-swap-2: current=859.9MiB swap=190.8MiB max=1373.0MiB cpu.usage_usec=2318126 method=swap_current_delta_fallback detail={'delta_swap_current': 0, 'swap_saturated': False, 'workingset_refault_anon': 8000} events={'low': 0, 'high': 0, 'max': 13, 'oom': 0, 'oom_kill': 0, 'oom_group_kill': 0}
[container_monitor] pf-swap-2: current=861.2MiB swap=190.8MiB max=1373.0MiB cpu.usage_usec=2323056 method=swap_current_delta_fallback detail={'delta_swap_current': 0, 'swap_saturated': False, 'workingset_refault_anon': 8000} events={'low': 0, 'high': 0, 'max': 13, 'oom': 0, 'oom_kill': 0, 'oom_group_kill': 0}
[container_monitor] pf-swap-2: current=862.7MiB swap=190.8MiB max=1373.0MiB cpu.usage_usec=2328060 method=swap_current_delta_fallback detail={'delta_swap_current': 0, 'swap_saturated': False, 'workingset_refault_anon': 8000} events={'low': 0, 'high': 0, 'max': 13, 'oom': 0, 'oom_kill': 0, 'oom_group_kill': 0}
[container_monitor] pf-swap-2: current=863.5MiB swap=190.8MiB max=1373.0MiB cpu.usage_usec=2333114 method=swap_current_delta_fallback detail={'delta_swap_current': 0, 'swap_saturated': False, 'workingset_refault_anon': 8000} events={'low': 0, 'high': 0, 'max': 13, 'oom': 0, 'oom_kill': 0, 'oom_group_kill': 0}
[container_monitor] pf-swap-2: current=864.6MiB swap=190.8MiB max=1373.0MiB cpu.usage_usec=2338103 method=swap_current_delta_fallback detail={'delta_swap_current': 0, 'swap_saturated': False, 'workingset_refault_anon': 8000} events={'low': 0, 'high': 0, 'max': 13, 'oom': 0, 'oom_kill': 0, 'oom_group_kill': 0}
[container_monitor] pf-swap-2: current=865.2MiB swap=190.8MiB max=1373.0MiB cpu.usage_usec=2343144 method=swap_current_delta_fallback detail={'delta_swap_current': 0, 'swap_saturated': False, 'workingset_refault_anon': 8000} events={'low': 0, 'high': 0, 'max': 13, 'oom': 0, 'oom_kill': 0, 'oom_group_kill': 0}
[container_monitor] pf-swap-2: current=866.2MiB swap=190.8MiB max=1373.0MiB cpu.usage_usec=2348128 method=swap_current_delta_fallback detail={'delta_swap_current': 0, 'swap_saturated': False, 'workingset_refault_anon': 8007} events={'low': 0, 'high': 0, 'max': 13, 'oom': 0, 'oom_kill': 0, 'oom_group_kill': 0}
[container_monitor] pf-swap-2: current=867.1MiB swap=190.8MiB max=1373.0MiB cpu.usage_usec=2353121 method=swap_current_delta_fallback detail={'delta_swap_current': 0, 'swap_saturated': False, 'workingset_refault_anon': 8007} events={'low': 0, 'high': 0, 'max': 13, 'oom': 0, 'oom_kill': 0, 'oom_group_kill': 0}
[container_monitor] pf-swap-2: current=867.9MiB swap=190.8MiB max=1373.0MiB cpu.usage_usec=2358105 method=swap_current_delta_fallback detail={'delta_swap_current': 0, 'swap_saturated': False, 'workingset_refault_anon': 8007} events={'low': 0, 'high': 0, 'max': 13, 'oom': 0, 'oom_kill': 0, 'oom_group_kill': 0}
[container_monitor] pf-swap-2: current=868.8MiB swap=190.8MiB max=1373.0MiB cpu.usage_usec=2363147 method=swap_current_delta_fallback detail={'delta_swap_current': 0, 'swap_saturated': False, 'workingset_refault_anon': 8007} events={'low': 0, 'high': 0, 'max': 13, 'oom': 0, 'oom_kill': 0, 'oom_group_kill': 0}
[container_monitor] pf-swap-2: current=869.7MiB swap=190.8MiB max=1373.0MiB cpu.usage_usec=2368081 method=swap_current_delta_fallback detail={'delta_swap_current': 0, 'swap_saturated': False, 'workingset_refault_anon': 8007} events={'low': 0, 'high': 0, 'max': 13, 'oom': 0, 'oom_kill': 0, 'oom_group_kill': 0}
[container_monitor] pf-swap-2: current=870.8MiB swap=190.8MiB max=1373.0MiB cpu.usage_usec=2373112 method=swap_current_delta_fallback detail={'delta_swap_current': 0, 'swap_saturated': False, 'workingset_refault_anon': 8007} events={'low': 0, 'high': 0, 'max': 13, 'oom': 0, 'oom_kill': 0, 'oom_group_kill': 0}
[container_monitor] pf-swap-2: current=871.9MiB swap=190.8MiB max=1373.0MiB cpu.usage_usec=2378104 method=swap_current_delta_fallback detail={'delta_swap_current': 0, 'swap_saturated': False, 'workingset_refault_anon': 8007} events={'low': 0, 'high': 0, 'max': 13, 'oom': 0, 'oom_kill': 0, 'oom_group_kill': 0}
[container_monitor] pf-swap-2: current=872.7MiB swap=190.8MiB max=1373.0MiB cpu.usage_usec=2383074 method=swap_current_delta_fallback detail={'delta_swap_current': 0, 'swap_saturated': False, 'workingset_refault_anon': 8007} events={'low': 0, 'high': 0, 'max': 13, 'oom': 0, 'oom_kill': 0, 'oom_group_kill': 0}
[container_monitor] pf-swap-2: current=874.3MiB swap=190.8MiB max=1373.0MiB cpu.usage_usec=2388120 method=swap_current_delta_fallback detail={'delta_swap_current': 0, 'swap_saturated': False, 'workingset_refault_anon': 8007} events={'low': 0, 'high': 0, 'max': 13, 'oom': 0, 'oom_kill': 0, 'oom_group_kill': 0}
[container_monitor] pf-swap-2: current=875.4MiB swap=190.8MiB max=1373.0MiB cpu.usage_usec=2393085 method=swap_current_delta_fallback detail={'delta_swap_current': 0, 'swap_saturated': False, 'workingset_refault_anon': 8007} events={'low': 0, 'high': 0, 'max': 13, 'oom': 0, 'oom_kill': 0, 'oom_group_kill': 0}
[container_monitor] pf-swap-2: current=876.8MiB swap=190.8MiB max=1373.0MiB cpu.usage_usec=2398093 method=swap_current_delta_fallback detail={'delta_swap_current': 0, 'swap_saturated': False, 'workingset_refault_anon': 8007} events={'low': 0, 'high': 0, 'max': 13, 'oom': 0, 'oom_kill': 0, 'oom_group_kill': 0}
[container_monitor] pf-swap-2: current=877.9MiB swap=190.8MiB max=1373.0MiB cpu.usage_usec=2403117 method=swap_current_delta_fallback detail={'delta_swap_current': 0, 'swap_saturated': False, 'workingset_refault_anon': 8007} events={'low': 0, 'high': 0, 'max': 13, 'oom': 0, 'oom_kill': 0, 'oom_group_kill': 0}
[container_monitor] pf-swap-2: current=878.7MiB swap=190.8MiB max=1373.0MiB cpu.usage_usec=2408196 method=swap_current_delta_fallback detail={'delta_swap_current': 0, 'swap_saturated': False, 'workingset_refault_anon': 8007} events={'low': 0, 'high': 0, 'max': 13, 'oom': 0, 'oom_kill': 0, 'oom_group_kill': 0}
[container_monitor] pf-swap-2: current=879.7MiB swap=190.8MiB max=1373.0MiB cpu.usage_usec=2413205 method=swap_current_delta_fallback detail={'delta_swap_current': 0, 'swap_saturated': False, 'workingset_refault_anon': 8007} events={'low': 0, 'high': 0, 'max': 13, 'oom': 0, 'oom_kill': 0, 'oom_group_kill': 0}
[container_monitor] pf-swap-2: current=880.8MiB swap=190.8MiB max=1373.0MiB cpu.usage_usec=2418102 method=swap_current_delta_fallback detail={'delta_swap_current': 0, 'swap_saturated': False, 'workingset_refault_anon': 8007} events={'low': 0, 'high': 0, 'max': 13, 'oom': 0, 'oom_kill': 0, 'oom_group_kill': 0}
[container_monitor] pf-swap-2: current=881.5MiB swap=190.8MiB max=1373.0MiB cpu.usage_usec=2423055 method=swap_current_delta_fallback detail={'delta_swap_current': 0, 'swap_saturated': False, 'workingset_refault_anon': 8007} events={'low': 0, 'high': 0, 'max': 13, 'oom': 0, 'oom_kill': 0, 'oom_group_kill': 0}
[container_monitor] pf-swap-2: current=882.5MiB swap=190.8MiB max=1373.0MiB cpu.usage_usec=2428096 method=swap_current_delta_fallback detail={'delta_swap_current': 0, 'swap_saturated': False, 'workingset_refault_anon': 8200} events={'low': 0, 'high': 0, 'max': 13, 'oom': 0, 'oom_kill': 0, 'oom_group_kill': 0}
[container_monitor] pf-swap-2: current=883.3MiB swap=190.8MiB max=1373.0MiB cpu.usage_usec=2433097 method=swap_current_delta_fallback detail={'delta_swap_current': 0, 'swap_saturated': False, 'workingset_refault_anon': 8408} events={'low': 0, 'high': 0, 'max': 13, 'oom': 0, 'oom_kill': 0, 'oom_group_kill': 0}
[container_monitor] pf-swap-2: current=883.8MiB swap=190.8MiB max=1373.0MiB cpu.usage_usec=2438107 method=swap_current_delta_fallback detail={'delta_swap_current': 0, 'swap_saturated': False, 'workingset_refault_anon': 8656} events={'low': 0, 'high': 0, 'max': 13, 'oom': 0, 'oom_kill': 0, 'oom_group_kill': 0}
[container_monitor] pf-swap-2: current=884.6MiB swap=190.8MiB max=1373.0MiB cpu.usage_usec=2443089 method=swap_current_delta_fallback detail={'delta_swap_current': 0, 'swap_saturated': False, 'workingset_refault_anon': 8856} events={'low': 0, 'high': 0, 'max': 13, 'oom': 0, 'oom_kill': 0, 'oom_group_kill': 0}
[container_monitor] pf-swap-2: current=885.5MiB swap=190.8MiB max=1373.0MiB cpu.usage_usec=2448054 method=swap_current_delta_fallback detail={'delta_swap_current': 0, 'swap_saturated': False, 'workingset_refault_anon': 9096} events={'low': 0, 'high': 0, 'max': 13, 'oom': 0, 'oom_kill': 0, 'oom_group_kill': 0}
[container_monitor] pf-swap-2: current=886.6MiB swap=190.8MiB max=1373.0MiB cpu.usage_usec=2453153 method=swap_current_delta_fallback detail={'delta_swap_current': 0, 'swap_saturated': False, 'workingset_refault_anon': 9360} events={'low': 0, 'high': 0, 'max': 13, 'oom': 0, 'oom_kill': 0, 'oom_group_kill': 0}
[container_monitor] pf-swap-2: current=887.4MiB swap=190.8MiB max=1373.0MiB cpu.usage_usec=2458072 method=swap_current_delta_fallback detail={'delta_swap_current': 0, 'swap_saturated': False, 'workingset_refault_anon': 9575} events={'low': 0, 'high': 0, 'max': 13, 'oom': 0, 'oom_kill': 0, 'oom_group_kill': 0}
[container_monitor] pf-swap-2: current=888.2MiB swap=190.8MiB max=1373.0MiB cpu.usage_usec=2463076 method=swap_current_delta_fallback detail={'delta_swap_current': 0, 'swap_saturated': False, 'workingset_refault_anon': 9783} events={'low': 0, 'high': 0, 'max': 13, 'oom': 0, 'oom_kill': 0, 'oom_group_kill': 0}
[container_monitor] pf-swap-2: current=889.1MiB swap=190.8MiB max=1373.0MiB cpu.usage_usec=2468050 method=swap_current_delta_fallback detail={'delta_swap_current': 0, 'swap_saturated': False, 'workingset_refault_anon': 10031} events={'low': 0, 'high': 0, 'max': 13, 'oom': 0, 'oom_kill': 0, 'oom_group_kill': 0}
[container_monitor] pf-swap-2: current=891.1MiB swap=190.8MiB max=1373.0MiB cpu.usage_usec=2473166 method=swap_current_delta_fallback detail={'delta_swap_current': 0, 'swap_saturated': False, 'workingset_refault_anon': 10551} events={'low': 0, 'high': 0, 'max': 13, 'oom': 0, 'oom_kill': 0, 'oom_group_kill': 0}
[container_monitor] pf-swap-2: current=892.1MiB swap=190.8MiB max=1373.0MiB cpu.usage_usec=2478094 method=swap_current_delta_fallback detail={'delta_swap_current': 0, 'swap_saturated': False, 'workingset_refault_anon': 10807} events={'low': 0, 'high': 0, 'max': 13, 'oom': 0, 'oom_kill': 0, 'oom_group_kill': 0}
[container_monitor] pf-swap-2: current=893.1MiB swap=190.8MiB max=1373.0MiB cpu.usage_usec=2483155 method=swap_current_delta_fallback detail={'delta_swap_current': 0, 'swap_saturated': False, 'workingset_refault_anon': 11055} events={'low': 0, 'high': 0, 'max': 13, 'oom': 0, 'oom_kill': 0, 'oom_group_kill': 0}
[container_monitor] pf-swap-2: current=895.1MiB swap=190.8MiB max=1373.0MiB cpu.usage_usec=2488061 method=swap_current_delta_fallback detail={'delta_swap_current': 0, 'swap_saturated': False, 'workingset_refault_anon': 11581} events={'low': 0, 'high': 0, 'max': 13, 'oom': 0, 'oom_kill': 0, 'oom_group_kill': 0}
[container_monitor] pf-swap-2: current=896.2MiB swap=190.8MiB max=1373.0MiB cpu.usage_usec=2493079 method=swap_current_delta_fallback detail={'delta_swap_current': 0, 'swap_saturated': False, 'workingset_refault_anon': 11853} events={'low': 0, 'high': 0, 'max': 13, 'oom': 0, 'oom_kill': 0, 'oom_group_kill': 0}
[container_monitor] pf-swap-2: current=897.5MiB swap=190.8MiB max=1373.0MiB cpu.usage_usec=2498131 method=swap_current_delta_fallback detail={'delta_swap_current': 0, 'swap_saturated': False, 'workingset_refault_anon': 12189} events={'low': 0, 'high': 0, 'max': 13, 'oom': 0, 'oom_kill': 0, 'oom_group_kill': 0}
[container_monitor] pf-swap-2: current=898.4MiB swap=190.8MiB max=1373.0MiB cpu.usage_usec=2503089 method=swap_current_delta_fallback detail={'delta_swap_current': 0, 'swap_saturated': False, 'workingset_refault_anon': 12413} events={'low': 0, 'high': 0, 'max': 13, 'oom': 0, 'oom_kill': 0, 'oom_group_kill': 0}
[container_monitor] pf-swap-2: current=899.2MiB swap=190.8MiB max=1373.0MiB cpu.usage_usec=2508094 method=swap_current_delta_fallback detail={'delta_swap_current': 0, 'swap_saturated': False, 'workingset_refault_anon': 12629} events={'low': 0, 'high': 0, 'max': 13, 'oom': 0, 'oom_kill': 0, 'oom_group_kill': 0}
[container_monitor] pf-swap-2: current=900.1MiB swap=190.8MiB max=1373.0MiB cpu.usage_usec=2513048 method=swap_current_delta_fallback detail={'delta_swap_current': 0, 'swap_saturated': False, 'workingset_refault_anon': 12861} events={'low': 0, 'high': 0, 'max': 13, 'oom': 0, 'oom_kill': 0, 'oom_group_kill': 0}
[container_monitor] pf-swap-2: current=901.0MiB swap=190.8MiB max=1373.0MiB cpu.usage_usec=2518059 method=swap_current_delta_fallback detail={'delta_swap_current': 0, 'swap_saturated': False, 'workingset_refault_anon': 13083} events={'low': 0, 'high': 0, 'max': 13, 'oom': 0, 'oom_kill': 0, 'oom_group_kill': 0}
[container_monitor] pf-swap-2: current=901.9MiB swap=190.8MiB max=1373.0MiB cpu.usage_usec=2523109 method=swap_current_delta_fallback detail={'delta_swap_current': 0, 'swap_saturated': False, 'workingset_refault_anon': 13315} events={'low': 0, 'high': 0, 'max': 13, 'oom': 0, 'oom_kill': 0, 'oom_group_kill': 0}
[container_monitor] pf-swap-2: current=903.0MiB swap=190.8MiB max=1373.0MiB cpu.usage_usec=2528110 method=swap_current_delta_fallback detail={'delta_swap_current': 0, 'swap_saturated': False, 'workingset_refault_anon': 13587} events={'low': 0, 'high': 0, 'max': 13, 'oom': 0, 'oom_kill': 0, 'oom_group_kill': 0}
[container_monitor] pf-swap-2: current=904.0MiB swap=190.8MiB max=1373.0MiB cpu.usage_usec=2533120 method=swap_current_delta_fallback detail={'delta_swap_current': 0, 'swap_saturated': False, 'workingset_refault_anon': 13843} events={'low': 0, 'high': 0, 'max': 13, 'oom': 0, 'oom_kill': 0, 'oom_group_kill': 0}
[container_monitor] pf-swap-2: current=905.0MiB swap=190.8MiB max=1373.0MiB cpu.usage_usec=2538055 method=swap_current_delta_fallback detail={'delta_swap_current': 0, 'swap_saturated': False, 'workingset_refault_anon': 14107} events={'low': 0, 'high': 0, 'max': 13, 'oom': 0, 'oom_kill': 0, 'oom_group_kill': 0}
[container_monitor] pf-swap-2: current=905.9MiB swap=190.8MiB max=1373.0MiB cpu.usage_usec=2543065 method=swap_current_delta_fallback detail={'delta_swap_current': 0, 'swap_saturated': False, 'workingset_refault_anon': 14323} events={'low': 0, 'high': 0, 'max': 13, 'oom': 0, 'oom_kill': 0, 'oom_group_kill': 0}
[container_monitor] pf-swap-2: current=906.8MiB swap=190.8MiB max=1373.0MiB cpu.usage_usec=2548122 method=swap_current_delta_fallback detail={'delta_swap_current': 0, 'swap_saturated': False, 'workingset_refault_anon': 14555} events={'low': 0, 'high': 0, 'max': 13, 'oom': 0, 'oom_kill': 0, 'oom_group_kill': 0}
[container_monitor] pf-swap-2: current=907.7MiB swap=190.8MiB max=1373.0MiB cpu.usage_usec=2553047 method=swap_current_delta_fallback detail={'delta_swap_current': 0, 'swap_saturated': False, 'workingset_refault_anon': 14803} events={'low': 0, 'high': 0, 'max': 13, 'oom': 0, 'oom_kill': 0, 'oom_group_kill': 0}
[container_monitor] pf-swap-2: current=909.0MiB swap=190.8MiB max=1373.0MiB cpu.usage_usec=2558122 method=swap_current_delta_fallback detail={'delta_swap_current': 0, 'swap_saturated': False, 'workingset_refault_anon': 15139} events={'low': 0, 'high': 0, 'max': 13, 'oom': 0, 'oom_kill': 0, 'oom_group_kill': 0}
[container_monitor] pf-swap-2: current=910.1MiB swap=190.8MiB max=1373.0MiB cpu.usage_usec=2563103 method=swap_current_delta_fallback detail={'delta_swap_current': 0, 'swap_saturated': False, 'workingset_refault_anon': 15419} events={'low': 0, 'high': 0, 'max': 13, 'oom': 0, 'oom_kill': 0, 'oom_group_kill': 0}
[container_monitor] pf-swap-2: current=911.1MiB swap=190.8MiB max=1373.0MiB cpu.usage_usec=2568141 method=swap_current_delta_fallback detail={'delta_swap_current': 0, 'swap_saturated': False, 'workingset_refault_anon': 15675} events={'low': 0, 'high': 0, 'max': 13, 'oom': 0, 'oom_kill': 0, 'oom_group_kill': 0}
[container_monitor] pf-swap-2: current=912.1MiB swap=190.8MiB max=1373.0MiB cpu.usage_usec=2573700 method=swap_current_delta_fallback detail={'delta_swap_current': 0, 'swap_saturated': False, 'workingset_refault_anon': 15875} events={'low': 0, 'high': 0, 'max': 13, 'oom': 0, 'oom_kill': 0, 'oom_group_kill': 0}
[container_monitor] pf-swap-2: current=912.8MiB swap=190.8MiB max=1373.0MiB cpu.usage_usec=2579067 method=swap_current_delta_fallback detail={'delta_swap_current': 0, 'swap_saturated': False, 'workingset_refault_anon': 16067} events={'low': 0, 'high': 0, 'max': 13, 'oom': 0, 'oom_kill': 0, 'oom_group_kill': 0}
[container_monitor] pf-swap-2: current=913.6MiB swap=190.8MiB max=1373.0MiB cpu.usage_usec=2584050 method=swap_current_delta_fallback detail={'delta_swap_current': 0, 'swap_saturated': False, 'workingset_refault_anon': 16253} events={'low': 0, 'high': 0, 'max': 13, 'oom': 0, 'oom_kill': 0, 'oom_group_kill': 0}
[container_monitor] pf-swap-2: current=914.9MiB swap=190.8MiB max=1373.0MiB cpu.usage_usec=2589101 method=swap_current_delta_fallback detail={'delta_swap_current': 0, 'swap_saturated': False, 'workingset_refault_anon': 16613} events={'low': 0, 'high': 0, 'max': 13, 'oom': 0, 'oom_kill': 0, 'oom_group_kill': 0}
[container_monitor] pf-swap-2: current=915.8MiB swap=190.8MiB max=1373.0MiB cpu.usage_usec=2594621 method=swap_current_delta_fallback detail={'delta_swap_current': 0, 'swap_saturated': False, 'workingset_refault_anon': 16842} events={'low': 0, 'high': 0, 'max': 13, 'oom': 0, 'oom_kill': 0, 'oom_group_kill': 0}
[container_monitor] pf-swap-2: current=916.7MiB swap=190.8MiB max=1373.0MiB cpu.usage_usec=2599173 method=swap_current_delta_fallback detail={'delta_swap_current': 0, 'swap_saturated': False, 'workingset_refault_anon': 17077} events={'low': 0, 'high': 0, 'max': 13, 'oom': 0, 'oom_kill': 0, 'oom_group_kill': 0}
[container_monitor] pf-swap-2: current=918.1MiB swap=190.8MiB max=1373.0MiB cpu.usage_usec=2604074 method=swap_current_delta_fallback detail={'delta_swap_current': 0, 'swap_saturated': False, 'workingset_refault_anon': 17461} events={'low': 0, 'high': 0, 'max': 13, 'oom': 0, 'oom_kill': 0, 'oom_group_kill': 0}
[container_monitor] pf-swap-2: current=919.5MiB swap=190.8MiB max=1373.0MiB cpu.usage_usec=2609107 method=swap_current_delta_fallback detail={'delta_swap_current': 0, 'swap_saturated': False, 'workingset_refault_anon': 17829} events={'low': 0, 'high': 0, 'max': 13, 'oom': 0, 'oom_kill': 0, 'oom_group_kill': 0}
[container_monitor] pf-swap-2: current=920.8MiB swap=190.8MiB max=1373.0MiB cpu.usage_usec=2614074 method=swap_current_delta_fallback detail={'delta_swap_current': 0, 'swap_saturated': False, 'workingset_refault_anon': 18136} events={'low': 0, 'high': 0, 'max': 13, 'oom': 0, 'oom_kill': 0, 'oom_group_kill': 0}
[container_monitor] pf-swap-2: current=921.9MiB swap=190.8MiB max=1373.0MiB cpu.usage_usec=2619111 method=swap_current_delta_fallback detail={'delta_swap_current': 0, 'swap_saturated': False, 'workingset_refault_anon': 18432} events={'low': 0, 'high': 0, 'max': 13, 'oom': 0, 'oom_kill': 0, 'oom_group_kill': 0}
[container_monitor] pf-swap-2: current=922.7MiB swap=190.8MiB max=1373.0MiB cpu.usage_usec=2624119 method=swap_current_delta_fallback detail={'delta_swap_current': 0, 'swap_saturated': False, 'workingset_refault_anon': 18640} events={'low': 0, 'high': 0, 'max': 13, 'oom': 0, 'oom_kill': 0, 'oom_group_kill': 0}
[container_monitor] pf-swap-2: current=923.4MiB swap=190.8MiB max=1373.0MiB cpu.usage_usec=2629095 method=swap_current_delta_fallback detail={'delta_swap_current': 0, 'swap_saturated': False, 'workingset_refault_anon': 18808} events={'low': 0, 'high': 0, 'max': 13, 'oom': 0, 'oom_kill': 0, 'oom_group_kill': 0}
[container_monitor] pf-swap-2: current=924.2MiB swap=190.8MiB max=1373.0MiB cpu.usage_usec=2634077 method=swap_current_delta_fallback detail={'delta_swap_current': 0, 'swap_saturated': False, 'workingset_refault_anon': 19024} events={'low': 0, 'high': 0, 'max': 13, 'oom': 0, 'oom_kill': 0, 'oom_group_kill': 0}
[container_monitor] pf-swap-2: current=925.0MiB swap=190.8MiB max=1373.0MiB cpu.usage_usec=2639202 method=swap_current_delta_fallback detail={'delta_swap_current': 0, 'swap_saturated': False, 'workingset_refault_anon': 19224} events={'low': 0, 'high': 0, 'max': 13, 'oom': 0, 'oom_kill': 0, 'oom_group_kill': 0}
[container_monitor] pf-swap-2: current=925.7MiB swap=190.8MiB max=1373.0MiB cpu.usage_usec=2644115 method=swap_current_delta_fallback detail={'delta_swap_current': 0, 'swap_saturated': False, 'workingset_refault_anon': 19403} events={'low': 0, 'high': 0, 'max': 13, 'oom': 0, 'oom_kill': 0, 'oom_group_kill': 0}
[container_monitor] pf-swap-2: current=926.8MiB swap=190.8MiB max=1373.0MiB cpu.usage_usec=2649113 method=swap_current_delta_fallback detail={'delta_swap_current': 0, 'swap_saturated': False, 'workingset_refault_anon': 19688} events={'low': 0, 'high': 0, 'max': 13, 'oom': 0, 'oom_kill': 0, 'oom_group_kill': 0}
[container_monitor] pf-swap-2: current=927.2MiB swap=190.8MiB max=1373.0MiB cpu.usage_usec=2654585 method=swap_current_delta_fallback detail={'delta_swap_current': 0, 'swap_saturated': False, 'workingset_refault_anon': 19797} events={'low': 0, 'high': 0, 'max': 13, 'oom': 0, 'oom_kill': 0, 'oom_group_kill': 0}
[container_monitor] pf-swap-2: current=927.7MiB swap=190.8MiB max=1373.0MiB cpu.usage_usec=2659067 method=swap_current_delta_fallback detail={'delta_swap_current': 0, 'swap_saturated': False, 'workingset_refault_anon': 19914} events={'low': 0, 'high': 0, 'max': 13, 'oom': 0, 'oom_kill': 0, 'oom_group_kill': 0}
[container_monitor] pf-swap-2: current=928.7MiB swap=190.8MiB max=1373.0MiB cpu.usage_usec=2664157 method=swap_current_delta_fallback detail={'delta_swap_current': 0, 'swap_saturated': False, 'workingset_refault_anon': 20170} events={'low': 0, 'high': 0, 'max': 13, 'oom': 0, 'oom_kill': 0, 'oom_group_kill': 0}
[container_monitor] pf-swap-2: current=929.5MiB swap=190.8MiB max=1373.0MiB cpu.usage_usec=2669231 method=swap_current_delta_fallback detail={'delta_swap_current': 0, 'swap_saturated': False, 'workingset_refault_anon': 20386} events={'low': 0, 'high': 0, 'max': 13, 'oom': 0, 'oom_kill': 0, 'oom_group_kill': 0}
[container_monitor] pf-swap-2: current=930.3MiB swap=190.8MiB max=1373.0MiB cpu.usage_usec=2674190 method=swap_current_delta_fallback detail={'delta_swap_current': 0, 'swap_saturated': False, 'workingset_refault_anon': 20578} events={'low': 0, 'high': 0, 'max': 13, 'oom': 0, 'oom_kill': 0, 'oom_group_kill': 0}
[container_monitor] pf-swap-2: current=931.3MiB swap=190.8MiB max=1373.0MiB cpu.usage_usec=2679105 method=swap_current_delta_fallback detail={'delta_swap_current': 0, 'swap_saturated': False, 'workingset_refault_anon': 20826} events={'low': 0, 'high': 0, 'max': 13, 'oom': 0, 'oom_kill': 0, 'oom_group_kill': 0}
[container_monitor] pf-swap-2: current=932.5MiB swap=190.8MiB max=1373.0MiB cpu.usage_usec=2684097 method=swap_current_delta_fallback detail={'delta_swap_current': 0, 'swap_saturated': False, 'workingset_refault_anon': 21146} events={'low': 0, 'high': 0, 'max': 13, 'oom': 0, 'oom_kill': 0, 'oom_group_kill': 0}
[container_monitor] pf-swap-2: current=935.5MiB swap=190.8MiB max=1373.0MiB cpu.usage_usec=2689157 method=swap_current_delta_fallback detail={'delta_swap_current': 0, 'swap_saturated': False, 'workingset_refault_anon': 21922} events={'low': 0, 'high': 0, 'max': 13, 'oom': 0, 'oom_kill': 0, 'oom_group_kill': 0}
[container_monitor] pf-swap-2: current=936.4MiB swap=190.8MiB max=1373.0MiB cpu.usage_usec=2694102 method=swap_current_delta_fallback detail={'delta_swap_current': 0, 'swap_saturated': False, 'workingset_refault_anon': 22138} events={'low': 0, 'high': 0, 'max': 13, 'oom': 0, 'oom_kill': 0, 'oom_group_kill': 0}
[container_monitor] pf-swap-2: current=937.6MiB swap=190.8MiB max=1373.0MiB cpu.usage_usec=2699063 method=swap_current_delta_fallback detail={'delta_swap_current': 0, 'swap_saturated': False, 'workingset_refault_anon': 22458} events={'low': 0, 'high': 0, 'max': 13, 'oom': 0, 'oom_kill': 0, 'oom_group_kill': 0}
[container_monitor] pf-swap-2: current=938.8MiB swap=190.8MiB max=1373.0MiB cpu.usage_usec=2704195 method=swap_current_delta_fallback detail={'delta_swap_current': 0, 'swap_saturated': False, 'workingset_refault_anon': 22754} events={'low': 0, 'high': 0, 'max': 13, 'oom': 0, 'oom_kill': 0, 'oom_group_kill': 0}
[container_monitor] pf-swap-2: current=939.8MiB swap=190.8MiB max=1373.0MiB cpu.usage_usec=2709046 method=swap_current_delta_fallback detail={'delta_swap_current': 0, 'swap_saturated': False, 'workingset_refault_anon': 23016} events={'low': 0, 'high': 0, 'max': 13, 'oom': 0, 'oom_kill': 0, 'oom_group_kill': 0}
[container_monitor] pf-swap-2: current=940.8MiB swap=190.8MiB max=1373.0MiB cpu.usage_usec=2714125 method=swap_current_delta_fallback detail={'delta_swap_current': 0, 'swap_saturated': False, 'workingset_refault_anon': 23272} events={'low': 0, 'high': 0, 'max': 13, 'oom': 0, 'oom_kill': 0, 'oom_group_kill': 0}
[container_monitor] pf-swap-2: current=943.6MiB swap=190.8MiB max=1373.0MiB cpu.usage_usec=2719152 method=swap_current_delta_fallback detail={'delta_swap_current': 0, 'swap_saturated': False, 'workingset_refault_anon': 23992} events={'low': 0, 'high': 0, 'max': 13, 'oom': 0, 'oom_kill': 0, 'oom_group_kill': 0}
[container_monitor] pf-swap-2: current=944.0MiB swap=190.8MiB max=1373.0MiB cpu.usage_usec=2725214 method=swap_current_delta_fallback detail={'delta_swap_current': 0, 'swap_saturated': False, 'workingset_refault_anon': 24081} events={'low': 0, 'high': 0, 'max': 13, 'oom': 0, 'oom_kill': 0, 'oom_group_kill': 0}
[container_monitor] pf-swap-2: current=944.6MiB swap=190.8MiB max=1373.0MiB cpu.usage_usec=2729056 method=swap_current_delta_fallback detail={'delta_swap_current': 0, 'swap_saturated': False, 'workingset_refault_anon': 24240} events={'low': 0, 'high': 0, 'max': 13, 'oom': 0, 'oom_kill': 0, 'oom_group_kill': 0}
[container_monitor] pf-swap-2: current=946.0MiB swap=190.8MiB max=1373.0MiB cpu.usage_usec=2734075 method=swap_current_delta_fallback detail={'delta_swap_current': 0, 'swap_saturated': False, 'workingset_refault_anon': 24608} events={'low': 0, 'high': 0, 'max': 13, 'oom': 0, 'oom_kill': 0, 'oom_group_kill': 0}
[container_monitor] pf-swap-2: current=946.9MiB swap=190.8MiB max=1373.0MiB cpu.usage_usec=2739063 method=swap_current_delta_fallback detail={'delta_swap_current': 0, 'swap_saturated': False, 'workingset_refault_anon': 24830} events={'low': 0, 'high': 0, 'max': 13, 'oom': 0, 'oom_kill': 0, 'oom_group_kill': 0}
[container_monitor] pf-swap-2: current=947.9MiB swap=190.8MiB max=1373.0MiB cpu.usage_usec=2744081 method=swap_current_delta_fallback detail={'delta_swap_current': 0, 'swap_saturated': False, 'workingset_refault_anon': 25078} events={'low': 0, 'high': 0, 'max': 13, 'oom': 0, 'oom_kill': 0, 'oom_group_kill': 0}
[container_monitor] pf-swap-2: current=948.8MiB swap=190.8MiB max=1373.0MiB cpu.usage_usec=2749197 method=swap_current_delta_fallback detail={'delta_swap_current': 0, 'swap_saturated': False, 'workingset_refault_anon': 25326} events={'low': 0, 'high': 0, 'max': 13, 'oom': 0, 'oom_kill': 0, 'oom_group_kill': 0}
[container_monitor] pf-swap-2: current=950.1MiB swap=190.8MiB max=1373.0MiB cpu.usage_usec=2754049 method=swap_current_delta_fallback detail={'delta_swap_current': 0, 'swap_saturated': False, 'workingset_refault_anon': 25638} events={'low': 0, 'high': 0, 'max': 13, 'oom': 0, 'oom_kill': 0, 'oom_group_kill': 0}
[container_monitor] pf-swap-2: current=951.2MiB swap=190.8MiB max=1373.0MiB cpu.usage_usec=2759082 method=swap_current_delta_fallback detail={'delta_swap_current': 0, 'swap_saturated': False, 'workingset_refault_anon': 25934} events={'low': 0, 'high': 0, 'max': 13, 'oom': 0, 'oom_kill': 0, 'oom_group_kill': 0}
[container_monitor] pf-swap-2: current=952.3MiB swap=190.8MiB max=1373.0MiB cpu.usage_usec=2764117 method=swap_current_delta_fallback detail={'delta_swap_current': 0, 'swap_saturated': False, 'workingset_refault_anon': 26214} events={'low': 0, 'high': 0, 'max': 13, 'oom': 0, 'oom_kill': 0, 'oom_group_kill': 0}
[container_monitor] pf-swap-2: current=953.1MiB swap=190.8MiB max=1373.0MiB cpu.usage_usec=2769119 method=swap_current_delta_fallback detail={'delta_swap_current': 0, 'swap_saturated': False, 'workingset_refault_anon': 26430} events={'low': 0, 'high': 0, 'max': 13, 'oom': 0, 'oom_kill': 0, 'oom_group_kill': 0}
[container_monitor] pf-swap-2: current=954.0MiB swap=190.8MiB max=1373.0MiB cpu.usage_usec=2774150 method=swap_current_delta_fallback detail={'delta_swap_current': 0, 'swap_saturated': False, 'workingset_refault_anon': 26640} events={'low': 0, 'high': 0, 'max': 13, 'oom': 0, 'oom_kill': 0, 'oom_group_kill': 0}
[container_monitor] pf-swap-2: current=955.8MiB swap=190.8MiB max=1373.0MiB cpu.usage_usec=2779113 method=swap_current_delta_fallback detail={'delta_swap_current': 0, 'swap_saturated': False, 'workingset_refault_anon': 27122} events={'low': 0, 'high': 0, 'max': 13, 'oom': 0, 'oom_kill': 0, 'oom_group_kill': 0}
[container_monitor] pf-swap-2: current=956.6MiB swap=190.8MiB max=1373.0MiB cpu.usage_usec=2784095 method=swap_current_delta_fallback detail={'delta_swap_current': 0, 'swap_saturated': False, 'workingset_refault_anon': 27312} events={'low': 0, 'high': 0, 'max': 13, 'oom': 0, 'oom_kill': 0, 'oom_group_kill': 0}
[container_monitor] pf-swap-2: current=957.8MiB swap=190.8MiB max=1373.0MiB cpu.usage_usec=2789117 method=swap_current_delta_fallback detail={'delta_swap_current': 0, 'swap_saturated': False, 'workingset_refault_anon': 27632} events={'low': 0, 'high': 0, 'max': 13, 'oom': 0, 'oom_kill': 0, 'oom_group_kill': 0}
[container_monitor] pf-swap-2: current=958.8MiB swap=190.8MiB max=1373.0MiB cpu.usage_usec=2794122 method=swap_current_delta_fallback detail={'delta_swap_current': 0, 'swap_saturated': False, 'workingset_refault_anon': 27872} events={'low': 0, 'high': 0, 'max': 13, 'oom': 0, 'oom_kill': 0, 'oom_group_kill': 0}
[container_monitor] pf-swap-2: current=959.6MiB swap=190.8MiB max=1373.0MiB cpu.usage_usec=2799118 method=swap_current_delta_fallback detail={'delta_swap_current': 0, 'swap_saturated': False, 'workingset_refault_anon': 28080} events={'low': 0, 'high': 0, 'max': 13, 'oom': 0, 'oom_kill': 0, 'oom_group_kill': 0}
[container_monitor] pf-swap-2: current=960.7MiB swap=190.8MiB max=1373.0MiB cpu.usage_usec=2804122 method=swap_current_delta_fallback detail={'delta_swap_current': 0, 'swap_saturated': False, 'workingset_refault_anon': 28360} events={'low': 0, 'high': 0, 'max': 13, 'oom': 0, 'oom_kill': 0, 'oom_group_kill': 0}
[container_monitor] pf-swap-2: current=961.6MiB swap=190.8MiB max=1373.0MiB cpu.usage_usec=2809096 method=swap_current_delta_fallback detail={'delta_swap_current': 0, 'swap_saturated': False, 'workingset_refault_anon': 28600} events={'low': 0, 'high': 0, 'max': 13, 'oom': 0, 'oom_kill': 0, 'oom_group_kill': 0}
[container_monitor] pf-swap-2: current=961.7MiB swap=190.8MiB max=1373.0MiB cpu.usage_usec=2814332 method=swap_current_delta_fallback detail={'delta_swap_current': 0, 'swap_saturated': False, 'workingset_refault_anon': 28629} events={'low': 0, 'high': 0, 'max': 13, 'oom': 0, 'oom_kill': 0, 'oom_group_kill': 0}
[container_monitor] pf-swap-2: current=961.7MiB swap=190.8MiB max=1373.0MiB cpu.usage_usec=2819108 method=swap_current_delta_fallback detail={'delta_swap_current': 0, 'swap_saturated': False, 'workingset_refault_anon': 28629} events={'low': 0, 'high': 0, 'max': 13, 'oom': 0, 'oom_kill': 0, 'oom_group_kill': 0}
[container_monitor] pf-swap-2: current=961.7MiB swap=190.8MiB max=1373.0MiB cpu.usage_usec=2824356 method=swap_current_delta_fallback detail={'delta_swap_current': 0, 'swap_saturated': False, 'workingset_refault_anon': 28629} events={'low': 0, 'high': 0, 'max': 13, 'oom': 0, 'oom_kill': 0, 'oom_group_kill': 0}
[container_monitor] pf-swap-2: current=961.7MiB swap=190.8MiB max=1373.0MiB cpu.usage_usec=2829303 method=swap_current_delta_fallback detail={'delta_swap_current': 0, 'swap_saturated': False, 'workingset_refault_anon': 28629} events={'low': 0, 'high': 0, 'max': 13, 'oom': 0, 'oom_kill': 0, 'oom_group_kill': 0}
[container_monitor] pf-swap-2: current=961.7MiB swap=190.8MiB max=1373.0MiB cpu.usage_usec=2834048 method=swap_current_delta_fallback detail={'delta_swap_current': 0, 'swap_saturated': False, 'workingset_refault_anon': 28629} events={'low': 0, 'high': 0, 'max': 13, 'oom': 0, 'oom_kill': 0, 'oom_group_kill': 0}
[container_monitor] pf-swap-2: current=961.7MiB swap=190.8MiB max=1373.0MiB cpu.usage_usec=2839588 method=swap_current_delta_fallback detail={'delta_swap_current': 0, 'swap_saturated': False, 'workingset_refault_anon': 28629} events={'low': 0, 'high': 0, 'max': 13, 'oom': 0, 'oom_kill': 0, 'oom_group_kill': 0}
[container_monitor] pf-swap-2: current=961.7MiB swap=190.8MiB max=1373.0MiB cpu.usage_usec=2844884 method=swap_current_delta_fallback detail={'delta_swap_current': 0, 'swap_saturated': False, 'workingset_refault_anon': 28629} events={'low': 0, 'high': 0, 'max': 13, 'oom': 0, 'oom_kill': 0, 'oom_group_kill': 0}
[container_monitor] pf-swap-2: current=961.7MiB swap=190.8MiB max=1373.0MiB cpu.usage_usec=2849438 method=swap_current_delta_fallback detail={'delta_swap_current': 0, 'swap_saturated': False, 'workingset_refault_anon': 28629} events={'low': 0, 'high': 0, 'max': 13, 'oom': 0, 'oom_kill': 0, 'oom_group_kill': 0}
[container_monitor] pf-swap-2: current=961.7MiB swap=190.8MiB max=1373.0MiB cpu.usage_usec=2854676 method=swap_current_delta_fallback detail={'delta_swap_current': 0, 'swap_saturated': False, 'workingset_refault_anon': 28629} events={'low': 0, 'high': 0, 'max': 13, 'oom': 0, 'oom_kill': 0, 'oom_group_kill': 0}
[container_monitor] pf-swap-2: current=961.7MiB swap=190.8MiB max=1373.0MiB cpu.usage_usec=2860053 method=swap_current_delta_fallback detail={'delta_swap_current': 0, 'swap_saturated': False, 'workingset_refault_anon': 28629} events={'low': 0, 'high': 0, 'max': 13, 'oom': 0, 'oom_kill': 0, 'oom_group_kill': 0}
[container_monitor] pf-swap-2: current=961.7MiB swap=190.8MiB max=1373.0MiB cpu.usage_usec=2864569 method=swap_current_delta_fallback detail={'delta_swap_current': 0, 'swap_saturated': False, 'workingset_refault_anon': 28629} events={'low': 0, 'high': 0, 'max': 13, 'oom': 0, 'oom_kill': 0, 'oom_group_kill': 0}
[container_monitor] pf-swap-2: current=961.7MiB swap=190.8MiB max=1373.0MiB cpu.usage_usec=2869270 method=swap_current_delta_fallback detail={'delta_swap_current': 0, 'swap_saturated': False, 'workingset_refault_anon': 28629} events={'low': 0, 'high': 0, 'max': 13, 'oom': 0, 'oom_kill': 0, 'oom_group_kill': 0}
[container_monitor] pf-swap-2: current=961.7MiB swap=190.8MiB max=1373.0MiB cpu.usage_usec=2875024 method=swap_current_delta_fallback detail={'delta_swap_current': 0, 'swap_saturated': False, 'workingset_refault_anon': 28629} events={'low': 0, 'high': 0, 'max': 13, 'oom': 0, 'oom_kill': 0, 'oom_group_kill': 0}
[container_monitor] pf-swap-2: current=961.7MiB swap=190.8MiB max=1373.0MiB cpu.usage_usec=2880386 method=swap_current_delta_fallback detail={'delta_swap_current': 0, 'swap_saturated': False, 'workingset_refault_anon': 28629} events={'low': 0, 'high': 0, 'max': 13, 'oom': 0, 'oom_kill': 0, 'oom_group_kill': 0}
[container_monitor] pf-swap-2: current=961.7MiB swap=190.8MiB max=1373.0MiB cpu.usage_usec=2885967 method=swap_current_delta_fallback detail={'delta_swap_current': 0, 'swap_saturated': False, 'workingset_refault_anon': 28629} events={'low': 0, 'high': 0, 'max': 13, 'oom': 0, 'oom_kill': 0, 'oom_group_kill': 0}
[container_monitor] pf-swap-2: current=961.7MiB swap=190.8MiB max=1373.0MiB cpu.usage_usec=2891001 method=swap_current_delta_fallback detail={'delta_swap_current': 0, 'swap_saturated': False, 'workingset_refault_anon': 28629} events={'low': 0, 'high': 0, 'max': 13, 'oom': 0, 'oom_kill': 0, 'oom_group_kill': 0}
[container_monitor] pf-swap-2: current=961.7MiB swap=190.8MiB max=1373.0MiB cpu.usage_usec=2895415 method=swap_current_delta_fallback detail={'delta_swap_current': 0, 'swap_saturated': False, 'workingset_refault_anon': 28629} events={'low': 0, 'high': 0, 'max': 13, 'oom': 0, 'oom_kill': 0, 'oom_group_kill': 0}
[container_monitor] pf-swap-2: current=961.7MiB swap=190.8MiB max=1373.0MiB cpu.usage_usec=2900815 method=swap_current_delta_fallback detail={'delta_swap_current': 0, 'swap_saturated': False, 'workingset_refault_anon': 28629} events={'low': 0, 'high': 0, 'max': 13, 'oom': 0, 'oom_kill': 0, 'oom_group_kill': 0}
[container_monitor] pf-swap-2: current=961.7MiB swap=190.8MiB max=1373.0MiB cpu.usage_usec=2905711 method=swap_current_delta_fallback detail={'delta_swap_current': 0, 'swap_saturated': False, 'workingset_refault_anon': 28629} events={'low': 0, 'high': 0, 'max': 13, 'oom': 0, 'oom_kill': 0, 'oom_group_kill': 0}
[container_monitor] pf-swap-2: current=961.7MiB swap=190.8MiB max=1373.0MiB cpu.usage_usec=2910767 method=swap_current_delta_fallback detail={'delta_swap_current': 0, 'swap_saturated': False, 'workingset_refault_anon': 28629} events={'low': 0, 'high': 0, 'max': 13, 'oom': 0, 'oom_kill': 0, 'oom_group_kill': 0}
[container_monitor] pf-swap-2: current=961.7MiB swap=190.8MiB max=1373.0MiB cpu.usage_usec=2916022 method=swap_current_delta_fallback detail={'delta_swap_current': 0, 'swap_saturated': False, 'workingset_refault_anon': 28629} events={'low': 0, 'high': 0, 'max': 13, 'oom': 0, 'oom_kill': 0, 'oom_group_kill': 0}
[container_monitor] pf-swap-2: current=961.7MiB swap=190.8MiB max=1373.0MiB cpu.usage_usec=2920228 method=swap_current_delta_fallback detail={'delta_swap_current': 0, 'swap_saturated': False, 'workingset_refault_anon': 28629} events={'low': 0, 'high': 0, 'max': 13, 'oom': 0, 'oom_kill': 0, 'oom_group_kill': 0}
[container_monitor] pf-swap-2: current=961.7MiB swap=190.8MiB max=1373.0MiB cpu.usage_usec=2925232 method=swap_current_delta_fallback detail={'delta_swap_current': 0, 'swap_saturated': False, 'workingset_refault_anon': 28629} events={'low': 0, 'high': 0, 'max': 13, 'oom': 0, 'oom_kill': 0, 'oom_group_kill': 0}
[container_monitor] pf-swap-2: current=961.7MiB swap=190.8MiB max=1373.0MiB cpu.usage_usec=2931020 method=swap_current_delta_fallback detail={'delta_swap_current': 0, 'swap_saturated': False, 'workingset_refault_anon': 28629} events={'low': 0, 'high': 0, 'max': 13, 'oom': 0, 'oom_kill': 0, 'oom_group_kill': 0}
[container_monitor] pf-swap-2: current=961.7MiB swap=190.8MiB max=1373.0MiB cpu.usage_usec=2935511 method=swap_current_delta_fallback detail={'delta_swap_current': 0, 'swap_saturated': False, 'workingset_refault_anon': 28629} events={'low': 0, 'high': 0, 'max': 13, 'oom': 0, 'oom_kill': 0, 'oom_group_kill': 0}
[container_monitor] pf-swap-2: current=961.7MiB swap=190.8MiB max=1373.0MiB cpu.usage_usec=2940843 method=swap_current_delta_fallback detail={'delta_swap_current': 0, 'swap_saturated': False, 'workingset_refault_anon': 28629} events={'low': 0, 'high': 0, 'max': 13, 'oom': 0, 'oom_kill': 0, 'oom_group_kill': 0}
[container_monitor] pf-swap-2: current=961.7MiB swap=190.8MiB max=1373.0MiB cpu.usage_usec=2946065 method=swap_current_delta_fallback detail={'delta_swap_current': 0, 'swap_saturated': False, 'workingset_refault_anon': 28629} events={'low': 0, 'high': 0, 'max': 13, 'oom': 0, 'oom_kill': 0, 'oom_group_kill': 0}
[container_monitor] pf-swap-2: current=961.7MiB swap=190.8MiB max=1373.0MiB cpu.usage_usec=2950897 method=swap_current_delta_fallback detail={'delta_swap_current': 0, 'swap_saturated': False, 'workingset_refault_anon': 28629} events={'low': 0, 'high': 0, 'max': 13, 'oom': 0, 'oom_kill': 0, 'oom_group_kill': 0}
[container_monitor] pf-swap-2: current=961.7MiB swap=190.8MiB max=1373.0MiB cpu.usage_usec=2956030 method=swap_current_delta_fallback detail={'delta_swap_current': 0, 'swap_saturated': False, 'workingset_refault_anon': 28629} events={'low': 0, 'high': 0, 'max': 13, 'oom': 0, 'oom_kill': 0, 'oom_group_kill': 0}
[container_monitor] pf-swap-2: current=961.7MiB swap=190.8MiB max=1373.0MiB cpu.usage_usec=2960125 method=swap_current_delta_fallback detail={'delta_swap_current': 0, 'swap_saturated': False, 'workingset_refault_anon': 28629} events={'low': 0, 'high': 0, 'max': 13, 'oom': 0, 'oom_kill': 0, 'oom_group_kill': 0}
[container_monitor] pf-swap-2: current=961.7MiB swap=190.8MiB max=1373.0MiB cpu.usage_usec=2965676 method=swap_current_delta_fallback detail={'delta_swap_current': 0, 'swap_saturated': False, 'workingset_refault_anon': 28629} events={'low': 0, 'high': 0, 'max': 13, 'oom': 0, 'oom_kill': 0, 'oom_group_kill': 0}
[container_monitor] pf-swap-2: current=961.7MiB swap=190.8MiB max=1373.0MiB cpu.usage_usec=2970347 method=swap_current_delta_fallback detail={'delta_swap_current': 0, 'swap_saturated': False, 'workingset_refault_anon': 28629} events={'low': 0, 'high': 0, 'max': 13, 'oom': 0, 'oom_kill': 0, 'oom_group_kill': 0}
[container_monitor] pf-swap-2: current=961.7MiB swap=190.8MiB max=1373.0MiB cpu.usage_usec=2975688 method=swap_current_delta_fallback detail={'delta_swap_current': 0, 'swap_saturated': False, 'workingset_refault_anon': 28629} events={'low': 0, 'high': 0, 'max': 13, 'oom': 0, 'oom_kill': 0, 'oom_group_kill': 0}
[container_monitor] pf-swap-2: current=961.7MiB swap=190.8MiB max=1373.0MiB cpu.usage_usec=2980205 method=swap_current_delta_fallback detail={'delta_swap_current': 0, 'swap_saturated': False, 'workingset_refault_anon': 28629} events={'low': 0, 'high': 0, 'max': 13, 'oom': 0, 'oom_kill': 0, 'oom_group_kill': 0}
[container_monitor] pf-swap-2: current=961.7MiB swap=190.8MiB max=1373.0MiB cpu.usage_usec=2985491 method=swap_current_delta_fallback detail={'delta_swap_current': 0, 'swap_saturated': False, 'workingset_refault_anon': 28629} events={'low': 0, 'high': 0, 'max': 13, 'oom': 0, 'oom_kill': 0, 'oom_group_kill': 0}
[container_monitor] pf-swap-2: current=961.7MiB swap=190.8MiB max=1373.0MiB cpu.usage_usec=2990484 method=swap_current_delta_fallback detail={'delta_swap_current': 0, 'swap_saturated': False, 'workingset_refault_anon': 28629} events={'low': 0, 'high': 0, 'max': 13, 'oom': 0, 'oom_kill': 0, 'oom_group_kill': 0}
[container_monitor] pf-swap-2: current=961.7MiB swap=190.8MiB max=1373.0MiB cpu.usage_usec=2995560 method=swap_current_delta_fallback detail={'delta_swap_current': 0, 'swap_saturated': False, 'workingset_refault_anon': 28629} events={'low': 0, 'high': 0, 'max': 13, 'oom': 0, 'oom_kill': 0, 'oom_group_kill': 0}
[container_monitor] pf-swap-2: current=961.7MiB swap=190.8MiB max=1373.0MiB cpu.usage_usec=3000467 method=swap_current_delta_fallback detail={'delta_swap_current': 0, 'swap_saturated': False, 'workingset_refault_anon': 28629} events={'low': 0, 'high': 0, 'max': 13, 'oom': 0, 'oom_kill': 0, 'oom_group_kill': 0}
[container_monitor] pf-swap-2: current=961.7MiB swap=190.8MiB max=1373.0MiB cpu.usage_usec=3005548 method=swap_current_delta_fallback detail={'delta_swap_current': 0, 'swap_saturated': False, 'workingset_refault_anon': 28629} events={'low': 0, 'high': 0, 'max': 13, 'oom': 0, 'oom_kill': 0, 'oom_group_kill': 0}
[container_monitor] pf-swap-2: current=961.7MiB swap=190.8MiB max=1373.0MiB cpu.usage_usec=3010891 method=swap_current_delta_fallback detail={'delta_swap_current': 0, 'swap_saturated': False, 'workingset_refault_anon': 28629} events={'low': 0, 'high': 0, 'max': 13, 'oom': 0, 'oom_kill': 0, 'oom_group_kill': 0}
[container_monitor] pf-swap-2: current=961.7MiB swap=190.8MiB max=1373.0MiB cpu.usage_usec=3015445 method=swap_current_delta_fallback detail={'delta_swap_current': 0, 'swap_saturated': False, 'workingset_refault_anon': 28629} events={'low': 0, 'high': 0, 'max': 13, 'oom': 0, 'oom_kill': 0, 'oom_group_kill': 0}
[container_monitor] pf-swap-2: current=961.7MiB swap=190.8MiB max=1373.0MiB cpu.usage_usec=3020965 method=swap_current_delta_fallback detail={'delta_swap_current': 0, 'swap_saturated': False, 'workingset_refault_anon': 28629} events={'low': 0, 'high': 0, 'max': 13, 'oom': 0, 'oom_kill': 0, 'oom_group_kill': 0}
[container_monitor] pf-swap-2: current=961.7MiB swap=190.8MiB max=1373.0MiB cpu.usage_usec=3025111 method=swap_current_delta_fallback detail={'delta_swap_current': 0, 'swap_saturated': False, 'workingset_refault_anon': 28629} events={'low': 0, 'high': 0, 'max': 13, 'oom': 0, 'oom_kill': 0, 'oom_group_kill': 0}
[container_monitor] pf-swap-2: current=961.7MiB swap=190.8MiB max=1373.0MiB cpu.usage_usec=3031100 method=swap_current_delta_fallback detail={'delta_swap_current': 0, 'swap_saturated': False, 'workingset_refault_anon': 28629} events={'low': 0, 'high': 0, 'max': 13, 'oom': 0, 'oom_kill': 0, 'oom_group_kill': 0}
[container_monitor] pf-swap-2: current=961.7MiB swap=190.8MiB max=1373.0MiB cpu.usage_usec=3035800 method=swap_current_delta_fallback detail={'delta_swap_current': 0, 'swap_saturated': False, 'workingset_refault_anon': 28629} events={'low': 0, 'high': 0, 'max': 13, 'oom': 0, 'oom_kill': 0, 'oom_group_kill': 0}
[container_monitor] pf-swap-2: current=961.7MiB swap=190.8MiB max=1373.0MiB cpu.usage_usec=3040590 method=swap_current_delta_fallback detail={'delta_swap_current': 0, 'swap_saturated': False, 'workingset_refault_anon': 28629} events={'low': 0, 'high': 0, 'max': 13, 'oom': 0, 'oom_kill': 0, 'oom_group_kill': 0}
[container_monitor] pf-swap-2: current=961.7MiB swap=190.8MiB max=1373.0MiB cpu.usage_usec=3045093 method=swap_current_delta_fallback detail={'delta_swap_current': 0, 'swap_saturated': False, 'workingset_refault_anon': 28629} events={'low': 0, 'high': 0, 'max': 13, 'oom': 0, 'oom_kill': 0, 'oom_group_kill': 0}
[container_monitor] pf-swap-2: current=961.7MiB swap=190.8MiB max=1373.0MiB cpu.usage_usec=3050820 method=swap_current_delta_fallback detail={'delta_swap_current': 0, 'swap_saturated': False, 'workingset_refault_anon': 28629} events={'low': 0, 'high': 0, 'max': 13, 'oom': 0, 'oom_kill': 0, 'oom_group_kill': 0}
[container_monitor] pf-swap-2: current=961.7MiB swap=190.8MiB max=1373.0MiB cpu.usage_usec=3055540 method=swap_current_delta_fallback detail={'delta_swap_current': 0, 'swap_saturated': False, 'workingset_refault_anon': 28629} events={'low': 0, 'high': 0, 'max': 13, 'oom': 0, 'oom_kill': 0, 'oom_group_kill': 0}
[container_monitor] pf-swap-2: current=961.7MiB swap=190.8MiB max=1373.0MiB cpu.usage_usec=3060668 method=swap_current_delta_fallback detail={'delta_swap_current': 0, 'swap_saturated': False, 'workingset_refault_anon': 28629} events={'low': 0, 'high': 0, 'max': 13, 'oom': 0, 'oom_kill': 0, 'oom_group_kill': 0}
[container_monitor] pf-swap-2: current=961.7MiB swap=190.8MiB max=1373.0MiB cpu.usage_usec=3065410 method=swap_current_delta_fallback detail={'delta_swap_current': 0, 'swap_saturated': False, 'workingset_refault_anon': 28629} events={'low': 0, 'high': 0, 'max': 13, 'oom': 0, 'oom_kill': 0, 'oom_group_kill': 0}
[container_monitor] pf-swap-2: current=961.7MiB swap=190.8MiB max=1373.0MiB cpu.usage_usec=3070802 method=swap_current_delta_fallback detail={'delta_swap_current': 0, 'swap_saturated': False, 'workingset_refault_anon': 28629} events={'low': 0, 'high': 0, 'max': 13, 'oom': 0, 'oom_kill': 0, 'oom_group_kill': 0}
[container_monitor] pf-swap-2: current=961.7MiB swap=190.8MiB max=1373.0MiB cpu.usage_usec=3075697 method=swap_current_delta_fallback detail={'delta_swap_current': 0, 'swap_saturated': False, 'workingset_refault_anon': 28629} events={'low': 0, 'high': 0, 'max': 13, 'oom': 0, 'oom_kill': 0, 'oom_group_kill': 0}
[container_monitor] pf-swap-2: current=961.7MiB swap=190.8MiB max=1373.0MiB cpu.usage_usec=3080957 method=swap_current_delta_fallback detail={'delta_swap_current': 0, 'swap_saturated': False, 'workingset_refault_anon': 28629} events={'low': 0, 'high': 0, 'max': 13, 'oom': 0, 'oom_kill': 0, 'oom_group_kill': 0}
[container_monitor] pf-swap-2: current=961.7MiB swap=190.8MiB max=1373.0MiB cpu.usage_usec=3085573 method=swap_current_delta_fallback detail={'delta_swap_current': 0, 'swap_saturated': False, 'workingset_refault_anon': 28629} events={'low': 0, 'high': 0, 'max': 13, 'oom': 0, 'oom_kill': 0, 'oom_group_kill': 0}
[container_monitor] pf-swap-2: current=961.7MiB swap=190.8MiB max=1373.0MiB cpu.usage_usec=3090932 method=swap_current_delta_fallback detail={'delta_swap_current': 0, 'swap_saturated': False, 'workingset_refault_anon': 28629} events={'low': 0, 'high': 0, 'max': 13, 'oom': 0, 'oom_kill': 0, 'oom_group_kill': 0}
[container_monitor] pf-swap-2: current=961.7MiB swap=190.8MiB max=1373.0MiB cpu.usage_usec=3095052 method=swap_current_delta_fallback detail={'delta_swap_current': 0, 'swap_saturated': False, 'workingset_refault_anon': 28629} events={'low': 0, 'high': 0, 'max': 13, 'oom': 0, 'oom_kill': 0, 'oom_group_kill': 0}
[container_monitor] pf-swap-2: current=961.7MiB swap=190.8MiB max=1373.0MiB cpu.usage_usec=3100609 method=swap_current_delta_fallback detail={'delta_swap_current': 0, 'swap_saturated': False, 'workingset_refault_anon': 28629} events={'low': 0, 'high': 0, 'max': 13, 'oom': 0, 'oom_kill': 0, 'oom_group_kill': 0}
[container_monitor] pf-swap-2: current=961.7MiB swap=190.8MiB max=1373.0MiB cpu.usage_usec=3105307 method=swap_current_delta_fallback detail={'delta_swap_current': 0, 'swap_saturated': False, 'workingset_refault_anon': 28629} events={'low': 0, 'high': 0, 'max': 13, 'oom': 0, 'oom_kill': 0, 'oom_group_kill': 0}
[container_monitor] pf-swap-2: current=961.7MiB swap=190.8MiB max=1373.0MiB cpu.usage_usec=3110672 method=swap_current_delta_fallback detail={'delta_swap_current': 0, 'swap_saturated': False, 'workingset_refault_anon': 28629} events={'low': 0, 'high': 0, 'max': 13, 'oom': 0, 'oom_kill': 0, 'oom_group_kill': 0}
[container_monitor] pf-swap-2: current=961.7MiB swap=190.8MiB max=1373.0MiB cpu.usage_usec=3116058 method=swap_current_delta_fallback detail={'delta_swap_current': 0, 'swap_saturated': False, 'workingset_refault_anon': 28629} events={'low': 0, 'high': 0, 'max': 13, 'oom': 0, 'oom_kill': 0, 'oom_group_kill': 0}
[container_monitor] pf-swap-2: current=961.7MiB swap=190.8MiB max=1373.0MiB cpu.usage_usec=3120482 method=swap_current_delta_fallback detail={'delta_swap_current': 0, 'swap_saturated': False, 'workingset_refault_anon': 28629} events={'low': 0, 'high': 0, 'max': 13, 'oom': 0, 'oom_kill': 0, 'oom_group_kill': 0}
[container_monitor] pf-swap-2: current=961.7MiB swap=190.8MiB max=1373.0MiB cpu.usage_usec=3125826 method=swap_current_delta_fallback detail={'delta_swap_current': 0, 'swap_saturated': False, 'workingset_refault_anon': 28629} events={'low': 0, 'high': 0, 'max': 13, 'oom': 0, 'oom_kill': 0, 'oom_group_kill': 0}
[container_monitor] pf-swap-2: current=961.7MiB swap=190.8MiB max=1373.0MiB cpu.usage_usec=3130236 method=swap_current_delta_fallback detail={'delta_swap_current': 0, 'swap_saturated': False, 'workingset_refault_anon': 28629} events={'low': 0, 'high': 0, 'max': 13, 'oom': 0, 'oom_kill': 0, 'oom_group_kill': 0}
[container_monitor] pf-swap-2: current=961.7MiB swap=190.8MiB max=1373.0MiB cpu.usage_usec=3135423 method=swap_current_delta_fallback detail={'delta_swap_current': 0, 'swap_saturated': False, 'workingset_refault_anon': 28629} events={'low': 0, 'high': 0, 'max': 13, 'oom': 0, 'oom_kill': 0, 'oom_group_kill': 0}
[container_monitor] pf-swap-2: current=961.7MiB swap=190.8MiB max=1373.0MiB cpu.usage_usec=3140361 method=swap_current_delta_fallback detail={'delta_swap_current': 0, 'swap_saturated': False, 'workingset_refault_anon': 28629} events={'low': 0, 'high': 0, 'max': 13, 'oom': 0, 'oom_kill': 0, 'oom_group_kill': 0}
[container_monitor] pf-swap-2: current=961.7MiB swap=190.8MiB max=1373.0MiB cpu.usage_usec=3146026 method=swap_current_delta_fallback detail={'delta_swap_current': 0, 'swap_saturated': False, 'workingset_refault_anon': 28629} events={'low': 0, 'high': 0, 'max': 13, 'oom': 0, 'oom_kill': 0, 'oom_group_kill': 0}
[container_monitor] pf-swap-2: current=961.7MiB swap=190.8MiB max=1373.0MiB cpu.usage_usec=3150534 method=swap_current_delta_fallback detail={'delta_swap_current': 0, 'swap_saturated': False, 'workingset_refault_anon': 28629} events={'low': 0, 'high': 0, 'max': 13, 'oom': 0, 'oom_kill': 0, 'oom_group_kill': 0}
[container_monitor] pf-swap-2: current=961.7MiB swap=190.8MiB max=1373.0MiB cpu.usage_usec=3155685 method=swap_current_delta_fallback detail={'delta_swap_current': 0, 'swap_saturated': False, 'workingset_refault_anon': 28629} events={'low': 0, 'high': 0, 'max': 13, 'oom': 0, 'oom_kill': 0, 'oom_group_kill': 0}
[container_monitor] pf-swap-2: current=961.7MiB swap=190.8MiB max=1373.0MiB cpu.usage_usec=3160102 method=swap_current_delta_fallback detail={'delta_swap_current': 0, 'swap_saturated': False, 'workingset_refault_anon': 28629} events={'low': 0, 'high': 0, 'max': 13, 'oom': 0, 'oom_kill': 0, 'oom_group_kill': 0}
[container_monitor] pf-swap-2: current=961.7MiB swap=190.8MiB max=1373.0MiB cpu.usage_usec=3165602 method=swap_current_delta_fallback detail={'delta_swap_current': 0, 'swap_saturated': False, 'workingset_refault_anon': 28629} events={'low': 0, 'high': 0, 'max': 13, 'oom': 0, 'oom_kill': 0, 'oom_group_kill': 0}
[container_monitor] pf-swap-2: current=961.7MiB swap=190.8MiB max=1373.0MiB cpu.usage_usec=3170450 method=swap_current_delta_fallback detail={'delta_swap_current': 0, 'swap_saturated': False, 'workingset_refault_anon': 28629} events={'low': 0, 'high': 0, 'max': 13, 'oom': 0, 'oom_kill': 0, 'oom_group_kill': 0}
[container_monitor] pf-swap-2: current=961.7MiB swap=190.8MiB max=1373.0MiB cpu.usage_usec=3175797 method=swap_current_delta_fallback detail={'delta_swap_current': 0, 'swap_saturated': False, 'workingset_refault_anon': 28629} events={'low': 0, 'high': 0, 'max': 13, 'oom': 0, 'oom_kill': 0, 'oom_group_kill': 0}
[container_monitor] pf-swap-2: current=961.7MiB swap=190.8MiB max=1373.0MiB cpu.usage_usec=3180764 method=swap_current_delta_fallback detail={'delta_swap_current': 0, 'swap_saturated': False, 'workingset_refault_anon': 28629} events={'low': 0, 'high': 0, 'max': 13, 'oom': 0, 'oom_kill': 0, 'oom_group_kill': 0}
[container_monitor] pf-swap-2: current=961.7MiB swap=190.8MiB max=1373.0MiB cpu.usage_usec=3186450 method=swap_current_delta_fallback detail={'delta_swap_current': 0, 'swap_saturated': False, 'workingset_refault_anon': 28629} events={'low': 0, 'high': 0, 'max': 13, 'oom': 0, 'oom_kill': 0, 'oom_group_kill': 0}
[container_monitor] pf-swap-2: current=961.7MiB swap=190.8MiB max=1373.0MiB cpu.usage_usec=3191539 method=swap_current_delta_fallback detail={'delta_swap_current': 0, 'swap_saturated': False, 'workingset_refault_anon': 28629} events={'low': 0, 'high': 0, 'max': 13, 'oom': 0, 'oom_kill': 0, 'oom_group_kill': 0}
[container_monitor] pf-swap-2: current=961.7MiB swap=190.8MiB max=1373.0MiB cpu.usage_usec=3196364 method=swap_current_delta_fallback detail={'delta_swap_current': 0, 'swap_saturated': False, 'workingset_refault_anon': 28629} events={'low': 0, 'high': 0, 'max': 13, 'oom': 0, 'oom_kill': 0, 'oom_group_kill': 0}
[container_monitor] pf-swap-2: current=961.7MiB swap=190.8MiB max=1373.0MiB cpu.usage_usec=3201840 method=swap_current_delta_fallback detail={'delta_swap_current': 0, 'swap_saturated': False, 'workingset_refault_anon': 28629} events={'low': 0, 'high': 0, 'max': 13, 'oom': 0, 'oom_kill': 0, 'oom_group_kill': 0}
[container_monitor] pf-swap-2: current=961.7MiB swap=190.8MiB max=1373.0MiB cpu.usage_usec=3206820 method=swap_current_delta_fallback detail={'delta_swap_current': 0, 'swap_saturated': False, 'workingset_refault_anon': 28629} events={'low': 0, 'high': 0, 'max': 13, 'oom': 0, 'oom_kill': 0, 'oom_group_kill': 0}
[container_monitor] pf-swap-2: current=961.7MiB swap=190.8MiB max=1373.0MiB cpu.usage_usec=3211987 method=swap_current_delta_fallback detail={'delta_swap_current': 0, 'swap_saturated': False, 'workingset_refault_anon': 28629} events={'low': 0, 'high': 0, 'max': 13, 'oom': 0, 'oom_kill': 0, 'oom_group_kill': 0}
[container_monitor] pf-swap-2: current=961.7MiB swap=190.8MiB max=1373.0MiB cpu.usage_usec=3217193 method=swap_current_delta_fallback detail={'delta_swap_current': 0, 'swap_saturated': False, 'workingset_refault_anon': 28629} events={'low': 0, 'high': 0, 'max': 13, 'oom': 0, 'oom_kill': 0, 'oom_group_kill': 0}
[container_monitor] pf-swap-2: current=961.7MiB swap=190.8MiB max=1373.0MiB cpu.usage_usec=3221656 method=swap_current_delta_fallback detail={'delta_swap_current': 0, 'swap_saturated': False, 'workingset_refault_anon': 28629} events={'low': 0, 'high': 0, 'max': 13, 'oom': 0, 'oom_kill': 0, 'oom_group_kill': 0}
[container_monitor] pf-swap-2: current=961.7MiB swap=190.8MiB max=1373.0MiB cpu.usage_usec=3226708 method=swap_current_delta_fallback detail={'delta_swap_current': 0, 'swap_saturated': False, 'workingset_refault_anon': 28629} events={'low': 0, 'high': 0, 'max': 13, 'oom': 0, 'oom_kill': 0, 'oom_group_kill': 0}
[container_monitor] pf-swap-2: current=961.7MiB swap=190.8MiB max=1373.0MiB cpu.usage_usec=3231395 method=swap_current_delta_fallback detail={'delta_swap_current': 0, 'swap_saturated': False, 'workingset_refault_anon': 28629} events={'low': 0, 'high': 0, 'max': 13, 'oom': 0, 'oom_kill': 0, 'oom_group_kill': 0}
[container_monitor] pf-swap-2: current=961.7MiB swap=190.8MiB max=1373.0MiB cpu.usage_usec=3236058 method=swap_current_delta_fallback detail={'delta_swap_current': 0, 'swap_saturated': False, 'workingset_refault_anon': 28629} events={'low': 0, 'high': 0, 'max': 13, 'oom': 0, 'oom_kill': 0, 'oom_group_kill': 0}
[container_monitor] pf-swap-2: current=961.7MiB swap=190.8MiB max=1373.0MiB cpu.usage_usec=3241835 method=swap_current_delta_fallback detail={'delta_swap_current': 0, 'swap_saturated': False, 'workingset_refault_anon': 28629} events={'low': 0, 'high': 0, 'max': 13, 'oom': 0, 'oom_kill': 0, 'oom_group_kill': 0}
[container_monitor] pf-swap-2: current=961.7MiB swap=190.8MiB max=1373.0MiB cpu.usage_usec=3246450 method=swap_current_delta_fallback detail={'delta_swap_current': 0, 'swap_saturated': False, 'workingset_refault_anon': 28629} events={'low': 0, 'high': 0, 'max': 13, 'oom': 0, 'oom_kill': 0, 'oom_group_kill': 0}
[container_monitor] pf-swap-2: current=961.7MiB swap=190.8MiB max=1373.0MiB cpu.usage_usec=3268843 method=swap_current_delta_fallback detail={'delta_swap_current': 0, 'swap_saturated': False, 'workingset_refault_anon': 28629} events={'low': 0, 'high': 0, 'max': 13, 'oom': 0, 'oom_kill': 0, 'oom_group_kill': 0}
[container_monitor] pf-swap-2: current=961.7MiB swap=190.8MiB max=1373.0MiB cpu.usage_usec=3268843 method=swap_current_delta_fallback detail={'delta_swap_current': 0, 'swap_saturated': False, 'workingset_refault_anon': 28629} events={'low': 0, 'high': 0, 'max': 13, 'oom': 0, 'oom_kill': 0, 'oom_group_kill': 0}
[container_monitor] pf-swap-2: current=961.7MiB swap=190.8MiB max=1373.0MiB cpu.usage_usec=3268843 method=swap_current_delta_fallback detail={'delta_swap_current': 0, 'swap_saturated': False, 'workingset_refault_anon': 28629} events={'low': 0, 'high': 0, 'max': 13, 'oom': 0, 'oom_kill': 0, 'oom_group_kill': 0}
[container_monitor] pf-swap-2: current=961.7MiB swap=190.8MiB max=1373.0MiB cpu.usage_usec=3268843 method=swap_current_delta_fallback detail={'delta_swap_current': 0, 'swap_saturated': False, 'workingset_refault_anon': 28629} events={'low': 0, 'high': 0, 'max': 13, 'oom': 0, 'oom_kill': 0, 'oom_group_kill': 0}
[container_monitor] pf-swap-2: current=961.7MiB swap=190.8MiB max=1373.0MiB cpu.usage_usec=3271418 method=swap_current_delta_fallback detail={'delta_swap_current': 0, 'swap_saturated': False, 'workingset_refault_anon': 28631} events={'low': 0, 'high': 0, 'max': 13, 'oom': 0, 'oom_kill': 0, 'oom_group_kill': 0}
[container_monitor] pf-swap-2: current=961.7MiB swap=190.8MiB max=1373.0MiB cpu.usage_usec=3276114 method=swap_current_delta_fallback detail={'delta_swap_current': 0, 'swap_saturated': False, 'workingset_refault_anon': 28631} events={'low': 0, 'high': 0, 'max': 13, 'oom': 0, 'oom_kill': 0, 'oom_group_kill': 0}
[container_monitor] pf-swap-2: current=961.7MiB swap=190.8MiB max=1373.0MiB cpu.usage_usec=3281088 method=swap_current_delta_fallback detail={'delta_swap_current': 0, 'swap_saturated': False, 'workingset_refault_anon': 28631} events={'low': 0, 'high': 0, 'max': 13, 'oom': 0, 'oom_kill': 0, 'oom_group_kill': 0}
[container_monitor] pf-swap-2: current=961.7MiB swap=190.8MiB max=1373.0MiB cpu.usage_usec=3286275 method=swap_current_delta_fallback detail={'delta_swap_current': 0, 'swap_saturated': False, 'workingset_refault_anon': 28631} events={'low': 0, 'high': 0, 'max': 13, 'oom': 0, 'oom_kill': 0, 'oom_group_kill': 0}
[container_monitor] pf-swap-2: current=961.7MiB swap=190.8MiB max=1373.0MiB cpu.usage_usec=3291480 method=swap_current_delta_fallback detail={'delta_swap_current': 0, 'swap_saturated': False, 'workingset_refault_anon': 28631} events={'low': 0, 'high': 0, 'max': 13, 'oom': 0, 'oom_kill': 0, 'oom_group_kill': 0}
[container_monitor] pf-swap-2: current=961.7MiB swap=190.8MiB max=1373.0MiB cpu.usage_usec=3296300 method=swap_current_delta_fallback detail={'delta_swap_current': 0, 'swap_saturated': False, 'workingset_refault_anon': 28631} events={'low': 0, 'high': 0, 'max': 13, 'oom': 0, 'oom_kill': 0, 'oom_group_kill': 0}
[container_monitor] pf-swap-2: current=961.7MiB swap=190.8MiB max=1373.0MiB cpu.usage_usec=3301775 method=swap_current_delta_fallback detail={'delta_swap_current': 0, 'swap_saturated': False, 'workingset_refault_anon': 28631} events={'low': 0, 'high': 0, 'max': 13, 'oom': 0, 'oom_kill': 0, 'oom_group_kill': 0}
[container_monitor] pf-swap-2: current=961.7MiB swap=190.8MiB max=1373.0MiB cpu.usage_usec=3306218 method=swap_current_delta_fallback detail={'delta_swap_current': 0, 'swap_saturated': False, 'workingset_refault_anon': 28631} events={'low': 0, 'high': 0, 'max': 13, 'oom': 0, 'oom_kill': 0, 'oom_group_kill': 0}
[container_monitor] pf-swap-2: current=961.7MiB swap=190.8MiB max=1373.0MiB cpu.usage_usec=3311240 method=swap_current_delta_fallback detail={'delta_swap_current': 0, 'swap_saturated': False, 'workingset_refault_anon': 28631} events={'low': 0, 'high': 0, 'max': 13, 'oom': 0, 'oom_kill': 0, 'oom_group_kill': 0}
[container_monitor] pf-swap-2: current=961.7MiB swap=190.8MiB max=1373.0MiB cpu.usage_usec=3316881 method=swap_current_delta_fallback detail={'delta_swap_current': 0, 'swap_saturated': False, 'workingset_refault_anon': 28631} events={'low': 0, 'high': 0, 'max': 13, 'oom': 0, 'oom_kill': 0, 'oom_group_kill': 0}
[container_monitor] pf-swap-2: current=961.7MiB swap=190.8MiB max=1373.0MiB cpu.usage_usec=3321844 method=swap_current_delta_fallback detail={'delta_swap_current': 0, 'swap_saturated': False, 'workingset_refault_anon': 28631} events={'low': 0, 'high': 0, 'max': 13, 'oom': 0, 'oom_kill': 0, 'oom_group_kill': 0}
[container_monitor] pf-swap-2: current=961.7MiB swap=190.8MiB max=1373.0MiB cpu.usage_usec=3326605 method=swap_current_delta_fallback detail={'delta_swap_current': 0, 'swap_saturated': False, 'workingset_refault_anon': 28631} events={'low': 0, 'high': 0, 'max': 13, 'oom': 0, 'oom_kill': 0, 'oom_group_kill': 0}
[container_monitor] pf-swap-2: current=961.7MiB swap=190.8MiB max=1373.0MiB cpu.usage_usec=3331995 method=swap_current_delta_fallback detail={'delta_swap_current': 0, 'swap_saturated': False, 'workingset_refault_anon': 28631} events={'low': 0, 'high': 0, 'max': 13, 'oom': 0, 'oom_kill': 0, 'oom_group_kill': 0}
[container_monitor] pf-swap-2: current=961.7MiB swap=190.8MiB max=1373.0MiB cpu.usage_usec=3337036 method=swap_current_delta_fallback detail={'delta_swap_current': 0, 'swap_saturated': False, 'workingset_refault_anon': 28631} events={'low': 0, 'high': 0, 'max': 13, 'oom': 0, 'oom_kill': 0, 'oom_group_kill': 0}
[container_monitor] pf-swap-2: current=961.7MiB swap=190.8MiB max=1373.0MiB cpu.usage_usec=3341488 method=swap_current_delta_fallback detail={'delta_swap_current': 0, 'swap_saturated': False, 'workingset_refault_anon': 28631} events={'low': 0, 'high': 0, 'max': 13, 'oom': 0, 'oom_kill': 0, 'oom_group_kill': 0}
[container_monitor] pf-swap-2: current=961.7MiB swap=190.8MiB max=1373.0MiB cpu.usage_usec=3346474 method=swap_current_delta_fallback detail={'delta_swap_current': 0, 'swap_saturated': False, 'workingset_refault_anon': 28631} events={'low': 0, 'high': 0, 'max': 13, 'oom': 0, 'oom_kill': 0, 'oom_group_kill': 0}
[container_monitor] pf-swap-2: current=961.7MiB swap=190.8MiB max=1373.0MiB cpu.usage_usec=3351970 method=swap_current_delta_fallback detail={'delta_swap_current': 0, 'swap_saturated': False, 'workingset_refault_anon': 28631} events={'low': 0, 'high': 0, 'max': 13, 'oom': 0, 'oom_kill': 0, 'oom_group_kill': 0}
[container_monitor] pf-swap-2: current=961.7MiB swap=190.8MiB max=1373.0MiB cpu.usage_usec=3356685 method=swap_current_delta_fallback detail={'delta_swap_current': 0, 'swap_saturated': False, 'workingset_refault_anon': 28631} events={'low': 0, 'high': 0, 'max': 13, 'oom': 0, 'oom_kill': 0, 'oom_group_kill': 0}
[container_monitor] pf-swap-2: current=961.7MiB swap=190.8MiB max=1373.0MiB cpu.usage_usec=3361638 method=swap_current_delta_fallback detail={'delta_swap_current': 0, 'swap_saturated': False, 'workingset_refault_anon': 28631} events={'low': 0, 'high': 0, 'max': 13, 'oom': 0, 'oom_kill': 0, 'oom_group_kill': 0}
[container_monitor] pf-swap-2: current=961.7MiB swap=190.8MiB max=1373.0MiB cpu.usage_usec=3366225 method=swap_current_delta_fallback detail={'delta_swap_current': 0, 'swap_saturated': False, 'workingset_refault_anon': 28631} events={'low': 0, 'high': 0, 'max': 13, 'oom': 0, 'oom_kill': 0, 'oom_group_kill': 0}
[container_monitor] pf-swap-2: current=961.7MiB swap=190.8MiB max=1373.0MiB cpu.usage_usec=3371190 method=swap_current_delta_fallback detail={'delta_swap_current': 0, 'swap_saturated': False, 'workingset_refault_anon': 28631} events={'low': 0, 'high': 0, 'max': 13, 'oom': 0, 'oom_kill': 0, 'oom_group_kill': 0}
[container_monitor] pf-swap-2: current=961.7MiB swap=190.8MiB max=1373.0MiB cpu.usage_usec=3376683 method=swap_current_delta_fallback detail={'delta_swap_current': 0, 'swap_saturated': False, 'workingset_refault_anon': 28631} events={'low': 0, 'high': 0, 'max': 13, 'oom': 0, 'oom_kill': 0, 'oom_group_kill': 0}
[container_monitor] pf-swap-2: current=961.7MiB swap=190.8MiB max=1373.0MiB cpu.usage_usec=3381263 method=swap_current_delta_fallback detail={'delta_swap_current': 0, 'swap_saturated': False, 'workingset_refault_anon': 28631} events={'low': 0, 'high': 0, 'max': 13, 'oom': 0, 'oom_kill': 0, 'oom_group_kill': 0}
[container_monitor] pf-swap-2: current=961.7MiB swap=190.8MiB max=1373.0MiB cpu.usage_usec=3386981 method=swap_current_delta_fallback detail={'delta_swap_current': 0, 'swap_saturated': False, 'workingset_refault_anon': 28631} events={'low': 0, 'high': 0, 'max': 13, 'oom': 0, 'oom_kill': 0, 'oom_group_kill': 0}
[container_monitor] pf-swap-2: current=961.7MiB swap=190.8MiB max=1373.0MiB cpu.usage_usec=3391732 method=swap_current_delta_fallback detail={'delta_swap_current': 0, 'swap_saturated': False, 'workingset_refault_anon': 28631} events={'low': 0, 'high': 0, 'max': 13, 'oom': 0, 'oom_kill': 0, 'oom_group_kill': 0}
[container_monitor] pf-swap-2: current=961.7MiB swap=190.8MiB max=1373.0MiB cpu.usage_usec=3396574 method=swap_current_delta_fallback detail={'delta_swap_current': 0, 'swap_saturated': False, 'workingset_refault_anon': 28631} events={'low': 0, 'high': 0, 'max': 13, 'oom': 0, 'oom_kill': 0, 'oom_group_kill': 0}
[container_monitor] pf-swap-2: current=961.7MiB swap=190.8MiB max=1373.0MiB cpu.usage_usec=3401853 method=swap_current_delta_fallback detail={'delta_swap_current': 0, 'swap_saturated': False, 'workingset_refault_anon': 28631} events={'low': 0, 'high': 0, 'max': 13, 'oom': 0, 'oom_kill': 0, 'oom_group_kill': 0}
[container_monitor] pf-swap-2: current=961.7MiB swap=190.8MiB max=1373.0MiB cpu.usage_usec=3406936 method=swap_current_delta_fallback detail={'delta_swap_current': 0, 'swap_saturated': False, 'workingset_refault_anon': 28631} events={'low': 0, 'high': 0, 'max': 13, 'oom': 0, 'oom_kill': 0, 'oom_group_kill': 0}
[container_monitor] pf-swap-2: current=961.7MiB swap=190.8MiB max=1373.0MiB cpu.usage_usec=3411772 method=swap_current_delta_fallback detail={'delta_swap_current': 0, 'swap_saturated': False, 'workingset_refault_anon': 28631} events={'low': 0, 'high': 0, 'max': 13, 'oom': 0, 'oom_kill': 0, 'oom_group_kill': 0}
[container_monitor] pf-swap-2: current=961.7MiB swap=190.8MiB max=1373.0MiB cpu.usage_usec=3416951 method=swap_current_delta_fallback detail={'delta_swap_current': 0, 'swap_saturated': False, 'workingset_refault_anon': 28631} events={'low': 0, 'high': 0, 'max': 13, 'oom': 0, 'oom_kill': 0, 'oom_group_kill': 0}
[container_monitor] pf-swap-2: current=961.7MiB swap=190.8MiB max=1373.0MiB cpu.usage_usec=3421769 method=swap_current_delta_fallback detail={'delta_swap_current': 0, 'swap_saturated': False, 'workingset_refault_anon': 28631} events={'low': 0, 'high': 0, 'max': 13, 'oom': 0, 'oom_kill': 0, 'oom_group_kill': 0}
[container_monitor] pf-swap-2: current=961.7MiB swap=190.8MiB max=1373.0MiB cpu.usage_usec=3426045 method=swap_current_delta_fallback detail={'delta_swap_current': 0, 'swap_saturated': False, 'workingset_refault_anon': 28631} events={'low': 0, 'high': 0, 'max': 13, 'oom': 0, 'oom_kill': 0, 'oom_group_kill': 0}
[container_monitor] pf-swap-2: current=961.7MiB swap=190.8MiB max=1373.0MiB cpu.usage_usec=3432018 method=swap_current_delta_fallback detail={'delta_swap_current': 0, 'swap_saturated': False, 'workingset_refault_anon': 28631} events={'low': 0, 'high': 0, 'max': 13, 'oom': 0, 'oom_kill': 0, 'oom_group_kill': 0}
[container_monitor] pf-swap-2: current=961.7MiB swap=190.8MiB max=1373.0MiB cpu.usage_usec=3436704 method=swap_current_delta_fallback detail={'delta_swap_current': 0, 'swap_saturated': False, 'workingset_refault_anon': 28631} events={'low': 0, 'high': 0, 'max': 13, 'oom': 0, 'oom_kill': 0, 'oom_group_kill': 0}
[container_monitor] pf-swap-2: current=961.7MiB swap=190.8MiB max=1373.0MiB cpu.usage_usec=3441687 method=swap_current_delta_fallback detail={'delta_swap_current': 0, 'swap_saturated': False, 'workingset_refault_anon': 28631} events={'low': 0, 'high': 0, 'max': 13, 'oom': 0, 'oom_kill': 0, 'oom_group_kill': 0}
[container_monitor] pf-swap-2: current=961.7MiB swap=190.8MiB max=1373.0MiB cpu.usage_usec=3446127 method=swap_current_delta_fallback detail={'delta_swap_current': 0, 'swap_saturated': False, 'workingset_refault_anon': 28631} events={'low': 0, 'high': 0, 'max': 13, 'oom': 0, 'oom_kill': 0, 'oom_group_kill': 0}
[container_monitor] pf-swap-2: current=961.7MiB swap=190.8MiB max=1373.0MiB cpu.usage_usec=3451845 method=swap_current_delta_fallback detail={'delta_swap_current': 0, 'swap_saturated': False, 'workingset_refault_anon': 28631} events={'low': 0, 'high': 0, 'max': 13, 'oom': 0, 'oom_kill': 0, 'oom_group_kill': 0}