[container_monitor] pf-C: cgroup path = /sys/fs/cgroup/system.slice/docker-6ea9c059dafb90a2a7105b336603af2b978c27d7be43f74c433bf5f4d244ded3.scope
[container_monitor] pf-C: current=74.7MiB swap=0.0MiB max=256.0MiB cpu.usage_usec=127241 method=swap_current_delta_fallback detail={'delta_swap_current': 0, 'swap_saturated': False, 'workingset_refault_anon': 0} events={'low': 0, 'high': 0, 'max': 0, 'oom': 0, 'oom_kill': 0, 'oom_group_kill': 0}
[container_monitor] pf-C: current=74.7MiB swap=0.0MiB max=256.0MiB cpu.usage_usec=128529 method=swap_current_delta_fallback detail={'delta_swap_current': 0, 'swap_saturated': False, 'workingset_refault_anon': 0} events={'low': 0, 'high': 0, 'max': 0, 'oom': 0, 'oom_kill': 0, 'oom_group_kill': 0}
[container_monitor] pf-C: current=74.7MiB swap=0.0MiB max=256.0MiB cpu.usage_usec=129277 method=swap_current_delta_fallback detail={'delta_swap_current': 0, 'swap_saturated': False, 'workingset_refault_anon': 0} events={'low': 0, 'high': 0, 'max': 0, 'oom': 0, 'oom_kill': 0, 'oom_group_kill': 0}
[container_monitor] pf-C: current=74.7MiB swap=0.0MiB max=256.0MiB cpu.usage_usec=130733 method=swap_current_delta_fallback detail={'delta_swap_current': 0, 'swap_saturated': False, 'workingset_refault_anon': 0} events={'low': 0, 'high': 0, 'max': 0, 'oom': 0, 'oom_kill': 0, 'oom_group_kill': 0}
[container_monitor] pf-C: current=81.5MiB swap=0.0MiB max=256.0MiB cpu.usage_usec=156198 method=swap_current_delta_fallback detail={'delta_swap_current': 0, 'swap_saturated': False, 'workingset_refault_anon': 0} events={'low': 0, 'high': 0, 'max': 0, 'oom': 0, 'oom_kill': 0, 'oom_group_kill': 0}
[container_monitor] pf-C: current=81.5MiB swap=0.0MiB max=256.0MiB cpu.usage_usec=157524 method=swap_current_delta_fallback detail={'delta_swap_current': 0, 'swap_saturated': False, 'workingset_refault_anon': 0} events={'low': 0, 'high': 0, 'max': 0, 'oom': 0, 'oom_kill': 0, 'oom_group_kill': 0}
[container_monitor] pf-C: current=81.5MiB swap=0.0MiB max=256.0MiB cpu.usage_usec=159883 method=swap_current_delta_fallback detail={'delta_swap_current': 0, 'swap_saturated': False, 'workingset_refault_anon': 0} events={'low': 0, 'high': 0, 'max': 0, 'oom': 0, 'oom_kill': 0, 'oom_group_kill': 0}
[container_monitor] pf-C: current=81.5MiB swap=0.0MiB max=256.0MiB cpu.usage_usec=160650 method=swap_current_delta_fallback detail={'delta_swap_current': 0, 'swap_saturated': False, 'workingset_refault_anon': 0} events={'low': 0, 'high': 0, 'max': 0, 'oom': 0, 'oom_kill': 0, 'oom_group_kill': 0}
[container_monitor] pf-C: current=89.5MiB swap=0.0MiB max=256.0MiB cpu.usage_usec=172088 method=swap_current_delta_fallback detail={'delta_swap_current': 0, 'swap_saturated': False, 'workingset_refault_anon': 0} events={'low': 0, 'high': 0, 'max': 0, 'oom': 0, 'oom_kill': 0, 'oom_group_kill': 0}
[container_monitor] pf-C: current=89.5MiB swap=0.0MiB max=256.0MiB cpu.usage_usec=172968 method=swap_current_delta_fallback detail={'delta_swap_current': 0, 'swap_saturated': False, 'workingset_refault_anon': 0} events={'low': 0, 'high': 0, 'max': 0, 'oom': 0, 'oom_kill': 0, 'oom_group_kill': 0}
[container_monitor] pf-C: current=89.5MiB swap=0.0MiB max=256.0MiB cpu.usage_usec=173869 method=swap_current_delta_fallback detail={'delta_swap_current': 0, 'swap_saturated': False, 'workingset_refault_anon': 0} events={'low': 0, 'high': 0, 'max': 0, 'oom': 0, 'oom_kill': 0, 'oom_group_kill': 0}
[container_monitor] pf-C: current=89.5MiB swap=0.0MiB max=256.0MiB cpu.usage_usec=174687 method=swap_current_delta_fallback detail={'delta_swap_current': 0, 'swap_saturated': False, 'workingset_refault_anon': 0} events={'low': 0, 'high': 0, 'max': 0, 'oom': 0, 'oom_kill': 0, 'oom_group_kill': 0}
[container_monitor] pf-C: current=97.6MiB swap=0.0MiB max=256.0MiB cpu.usage_usec=206549 method=swap_current_delta_fallback detail={'delta_swap_current': 0, 'swap_saturated': False, 'workingset_refault_anon': 0} events={'low': 0, 'high': 0, 'max': 0, 'oom': 0, 'oom_kill': 0, 'oom_group_kill': 0}
[container_monitor] pf-C: current=97.6MiB swap=0.0MiB max=256.0MiB cpu.usage_usec=207673 method=swap_current_delta_fallback detail={'delta_swap_current': 0, 'swap_saturated': False, 'workingset_refault_anon': 0} events={'low': 0, 'high': 0, 'max': 0, 'oom': 0, 'oom_kill': 0, 'oom_group_kill': 0}
[container_monitor] pf-C: current=97.6MiB swap=0.0MiB max=256.0MiB cpu.usage_usec=208458 method=swap_current_delta_fallback detail={'delta_swap_current': 0, 'swap_saturated': False, 'workingset_refault_anon': 0} events={'low': 0, 'high': 0, 'max': 0, 'oom': 0, 'oom_kill': 0, 'oom_group_kill': 0}
[container_monitor] pf-C: current=97.6MiB swap=0.0MiB max=256.0MiB cpu.usage_usec=209349 method=swap_current_delta_fallback detail={'delta_swap_current': 0, 'swap_saturated': False, 'workingset_refault_anon': 0} events={'low': 0, 'high': 0, 'max': 0, 'oom': 0, 'oom_kill': 0, 'oom_group_kill': 0}
[container_monitor] pf-C: current=105.6MiB swap=0.0MiB max=256.0MiB cpu.usage_usec=229599 method=swap_current_delta_fallback detail={'delta_swap_current': 0, 'swap_saturated': False, 'workingset_refault_anon': 0} events={'low': 0, 'high': 0, 'max': 0, 'oom': 0, 'oom_kill': 0, 'oom_group_kill': 0}
[container_monitor] pf-C: current=105.6MiB swap=0.0MiB max=256.0MiB cpu.usage_usec=230425 method=swap_current_delta_fallback detail={'delta_swap_current': 0, 'swap_saturated': False, 'workingset_refault_anon': 0} events={'low': 0, 'high': 0, 'max': 0, 'oom': 0, 'oom_kill': 0, 'oom_group_kill': 0}
[container_monitor] pf-C: current=105.6MiB swap=0.0MiB max=256.0MiB cpu.usage_usec=231289 method=swap_current_delta_fallback detail={'delta_swap_current': 0, 'swap_saturated': False, 'workingset_refault_anon': 0} events={'low': 0, 'high': 0, 'max': 0, 'oom': 0, 'oom_kill': 0, 'oom_group_kill': 0}
[container_monitor] pf-C: current=105.6MiB swap=0.0MiB max=256.0MiB cpu.usage_usec=232110 method=swap_current_delta_fallback detail={'delta_swap_current': 0, 'swap_saturated': False, 'workingset_refault_anon': 0} events={'low': 0, 'high': 0, 'max': 0, 'oom': 0, 'oom_kill': 0, 'oom_group_kill': 0}
[container_monitor] pf-C: current=121.7MiB swap=0.0MiB max=256.0MiB cpu.usage_usec=269942 method=swap_current_delta_fallback detail={'delta_swap_current': 0, 'swap_saturated': False, 'workingset_refault_anon': 0} events={'low': 0, 'high': 0, 'max': 0, 'oom': 0, 'oom_kill': 0, 'oom_group_kill': 0}
[container_monitor] pf-C: current=121.7MiB swap=0.0MiB max=256.0MiB cpu.usage_usec=270769 method=swap_current_delta_fallback detail={'delta_swap_current': 0, 'swap_saturated': False, 'workingset_refault_anon': 0} events={'low': 0, 'high': 0, 'max': 0, 'oom': 0, 'oom_kill': 0, 'oom_group_kill': 0}
[container_monitor] pf-C: current=121.7MiB swap=0.0MiB max=256.0MiB cpu.usage_usec=271649 method=swap_current_delta_fallback detail={'delta_swap_current': 0, 'swap_saturated': False, 'workingset_refault_anon': 0} events={'low': 0, 'high': 0, 'max': 0, 'oom': 0, 'oom_kill': 0, 'oom_group_kill': 0}
[container_monitor] pf-C: current=121.7MiB swap=0.0MiB max=256.0MiB cpu.usage_usec=272785 method=swap_current_delta_fallback detail={'delta_swap_current': 0, 'swap_saturated': False, 'workingset_refault_anon': 0} events={'low': 0, 'high': 0, 'max': 0, 'oom': 0, 'oom_kill': 0, 'oom_group_kill': 0}
[container_monitor] pf-C: current=121.7MiB swap=0.0MiB max=256.0MiB cpu.usage_usec=278389 method=swap_current_delta_fallback detail={'delta_swap_current': 0, 'swap_saturated': False, 'workingset_refault_anon': 0} events={'low': 0, 'high': 0, 'max': 0, 'oom': 0, 'oom_kill': 0, 'oom_group_kill': 0}
[container_monitor] pf-C: current=121.7MiB swap=0.0MiB max=256.0MiB cpu.usage_usec=279125 method=swap_current_delta_fallback detail={'delta_swap_current': 0, 'swap_saturated': False, 'workingset_refault_anon': 0} events={'low': 0, 'high': 0, 'max': 0, 'oom': 0, 'oom_kill': 0, 'oom_group_kill': 0}
[container_monitor] pf-C: current=121.7MiB swap=0.0MiB max=256.0MiB cpu.usage_usec=280300 method=swap_current_delta_fallback detail={'delta_swap_current': 0, 'swap_saturated': False, 'workingset_refault_anon': 0} events={'low': 0, 'high': 0, 'max': 0, 'oom': 0, 'oom_kill': 0, 'oom_group_kill': 0}
[container_monitor] pf-C: current=121.7MiB swap=0.0MiB max=256.0MiB cpu.usage_usec=281221 method=swap_current_delta_fallback detail={'delta_swap_current': 0, 'swap_saturated': False, 'workingset_refault_anon': 0} events={'low': 0, 'high': 0, 'max': 0, 'oom': 0, 'oom_kill': 0, 'oom_group_kill': 0}
[container_monitor] pf-C: current=137.9MiB swap=0.0MiB max=256.0MiB cpu.usage_usec=319826 method=swap_current_delta_fallback detail={'delta_swap_current': 0, 'swap_saturated': False, 'workingset_refault_anon': 0} events={'low': 0, 'high': 0, 'max': 0, 'oom': 0, 'oom_kill': 0, 'oom_group_kill': 0}
[container_monitor] pf-C: current=137.9MiB swap=0.0MiB max=256.0MiB cpu.usage_usec=320629 method=swap_current_delta_fallback detail={'delta_swap_current': 0, 'swap_saturated': False, 'workingset_refault_anon': 0} events={'low': 0, 'high': 0, 'max': 0, 'oom': 0, 'oom_kill': 0, 'oom_group_kill': 0}
[container_monitor] pf-C: current=137.9MiB swap=0.0MiB max=256.0MiB cpu.usage_usec=321389 method=swap_current_delta_fallback detail={'delta_swap_current': 0, 'swap_saturated': False, 'workingset_refault_anon': 0} events={'low': 0, 'high': 0, 'max': 0, 'oom': 0, 'oom_kill': 0, 'oom_group_kill': 0}
[container_monitor] pf-C: current=137.9MiB swap=0.0MiB max=256.0MiB cpu.usage_usec=322127 method=swap_current_delta_fallback detail={'delta_swap_current': 0, 'swap_saturated': False, 'workingset_refault_anon': 0} events={'low': 0, 'high': 0, 'max': 0, 'oom': 0, 'oom_kill': 0, 'oom_group_kill': 0}
[container_monitor] pf-C: current=138.3MiB swap=0.0MiB max=256.0MiB cpu.usage_usec=327864 method=swap_current_delta_fallback detail={'delta_swap_current': 0, 'swap_saturated': False, 'workingset_refault_anon': 0} events={'low': 0, 'high': 0, 'max': 0, 'oom': 0, 'oom_kill': 0, 'oom_group_kill': 0}
[container_monitor] pf-C: current=138.3MiB swap=0.0MiB max=256.0MiB cpu.usage_usec=328720 method=swap_current_delta_fallback detail={'delta_swap_current': 0, 'swap_saturated': False, 'workingset_refault_anon': 0} events={'low': 0, 'high': 0, 'max': 0, 'oom': 0, 'oom_kill': 0, 'oom_group_kill': 0}
[container_monitor] pf-C: current=138.3MiB swap=0.0MiB max=256.0MiB cpu.usage_usec=329802 method=swap_current_delta_fallback detail={'delta_swap_current': 0, 'swap_saturated': False, 'workingset_refault_anon': 0} events={'low': 0, 'high': 0, 'max': 0, 'oom': 0, 'oom_kill': 0, 'oom_group_kill': 0}
[container_monitor] pf-C: current=138.3MiB swap=0.0MiB max=256.0MiB cpu.usage_usec=330605 method=swap_current_delta_fallback detail={'delta_swap_current': 0, 'swap_saturated': False, 'workingset_refault_anon': 0} events={'low': 0, 'high': 0, 'max': 0, 'oom': 0, 'oom_kill': 0, 'oom_group_kill': 0}
[container_monitor] pf-C: current=146.6MiB swap=0.0MiB max=256.0MiB cpu.usage_usec=344897 method=swap_current_delta_fallback detail={'delta_swap_current': 0, 'swap_saturated': False, 'workingset_refault_anon': 0} events={'low': 0, 'high': 0, 'max': 0, 'oom': 0, 'oom_kill': 0, 'oom_group_kill': 0}
[container_monitor] pf-C: current=146.3MiB swap=0.0MiB max=256.0MiB cpu.usage_usec=345757 method=swap_current_delta_fallback detail={'delta_swap_current': 0, 'swap_saturated': False, 'workingset_refault_anon': 0} events={'low': 0, 'high': 0, 'max': 0, 'oom': 0, 'oom_kill': 0, 'oom_group_kill': 0}
[container_monitor] pf-C: current=146.3MiB swap=0.0MiB max=256.0MiB cpu.usage_usec=346789 method=swap_current_delta_fallback detail={'delta_swap_current': 0, 'swap_saturated': False, 'workingset_refault_anon': 0} events={'low': 0, 'high': 0, 'max': 0, 'oom': 0, 'oom_kill': 0, 'oom_group_kill': 0}
[container_monitor] pf-C: current=146.3MiB swap=0.0MiB max=256.0MiB cpu.usage_usec=347437 method=swap_current_delta_fallback detail={'delta_swap_current': 0, 'swap_saturated': False, 'workingset_refault_anon': 0} events={'low': 0, 'high': 0, 'max': 0, 'oom': 0, 'oom_kill': 0, 'oom_group_kill': 0}
[container_monitor] pf-C: current=154.4MiB swap=0.0MiB max=256.0MiB cpu.usage_usec=356135 method=swap_current_delta_fallback detail={'delta_swap_current': 0, 'swap_saturated': False, 'workingset_refault_anon': 0} events={'low': 0, 'high': 0, 'max': 0, 'oom': 0, 'oom_kill': 0, 'oom_group_kill': 0}
[container_monitor] pf-C: current=154.4MiB swap=0.0MiB max=256.0MiB cpu.usage_usec=357009 method=swap_current_delta_fallback detail={'delta_swap_current': 0, 'swap_saturated': False, 'workingset_refault_anon': 0} events={'low': 0, 'high': 0, 'max': 0, 'oom': 0, 'oom_kill': 0, 'oom_group_kill': 0}
[container_monitor] pf-C: current=154.4MiB swap=0.0MiB max=256.0MiB cpu.usage_usec=357884 method=swap_current_delta_fallback detail={'delta_swap_current': 0, 'swap_saturated': False, 'workingset_refault_anon': 0} events={'low': 0, 'high': 0, 'max': 0, 'oom': 0, 'oom_kill': 0, 'oom_group_kill': 0}
[container_monitor] pf-C: current=154.4MiB swap=0.0MiB max=256.0MiB cpu.usage_usec=358554 method=swap_current_delta_fallback detail={'delta_swap_current': 0, 'swap_saturated': False, 'workingset_refault_anon': 0} events={'low': 0, 'high': 0, 'max': 0, 'oom': 0, 'oom_kill': 0, 'oom_group_kill': 0}
[container_monitor] pf-C: current=162.6MiB swap=0.0MiB max=256.0MiB cpu.usage_usec=373149 method=swap_current_delta_fallback detail={'delta_swap_current': 0, 'swap_saturated': False, 'workingset_refault_anon': 0} events={'low': 0, 'high': 0, 'max': 0, 'oom': 0, 'oom_kill': 0, 'oom_group_kill': 0}
[container_monitor] pf-C: current=162.4MiB swap=0.0MiB max=256.0MiB cpu.usage_usec=373837 method=swap_current_delta_fallback detail={'delta_swap_current': 0, 'swap_saturated': False, 'workingset_refault_anon': 0} events={'low': 0, 'high': 0, 'max': 0, 'oom': 0, 'oom_kill': 0, 'oom_group_kill': 0}
[container_monitor] pf-C: current=162.4MiB swap=0.0MiB max=256.0MiB cpu.usage_usec=374718 method=swap_current_delta_fallback detail={'delta_swap_current': 0, 'swap_saturated': False, 'workingset_refault_anon': 0} events={'low': 0, 'high': 0, 'max': 0, 'oom': 0, 'oom_kill': 0, 'oom_group_kill': 0}
[container_monitor] pf-C: current=162.4MiB swap=0.0MiB max=256.0MiB cpu.usage_usec=375524 method=swap_current_delta_fallback detail={'delta_swap_current': 0, 'swap_saturated': False, 'workingset_refault_anon': 0} events={'low': 0, 'high': 0, 'max': 0, 'oom': 0, 'oom_kill': 0, 'oom_group_kill': 0}
[container_monitor] pf-C: current=202.6MiB swap=0.0MiB max=256.0MiB cpu.usage_usec=444718 method=swap_current_delta_fallback detail={'delta_swap_current': 0, 'swap_saturated': False, 'workingset_refault_anon': 0} events={'low': 0, 'high': 0, 'max': 0, 'oom': 0, 'oom_kill': 0, 'oom_group_kill': 0}
[container_monitor] pf-C: current=202.6MiB swap=0.0MiB max=256.0MiB cpu.usage_usec=445702 method=swap_current_delta_fallback detail={'delta_swap_current': 0, 'swap_saturated': False, 'workingset_refault_anon': 0} events={'low': 0, 'high': 0, 'max': 0, 'oom': 0, 'oom_kill': 0, 'oom_group_kill': 0}
[container_monitor] pf-C: current=202.6MiB swap=0.0MiB max=256.0MiB cpu.usage_usec=446693 method=swap_current_delta_fallback detail={'delta_swap_current': 0, 'swap_saturated': False, 'workingset_refault_anon': 0} events={'low': 0, 'high': 0, 'max': 0, 'oom': 0, 'oom_kill': 0, 'oom_group_kill': 0}
[container_monitor] pf-C: current=202.6MiB swap=0.0MiB max=256.0MiB cpu.usage_usec=447407 method=swap_current_delta_fallback detail={'delta_swap_current': 0, 'swap_saturated': False, 'workingset_refault_anon': 0} events={'low': 0, 'high': 0, 'max': 0, 'oom': 0, 'oom_kill': 0, 'oom_group_kill': 0}
[container_monitor] pf-C: current=202.8MiB swap=0.0MiB max=256.0MiB cpu.usage_usec=456647 method=swap_current_delta_fallback detail={'delta_swap_current': 0, 'swap_saturated': False, 'workingset_refault_anon': 0} events={'low': 0, 'high': 0, 'max': 0, 'oom': 0, 'oom_kill': 0, 'oom_group_kill': 0}
[container_monitor] pf-C: current=202.6MiB swap=0.0MiB max=256.0MiB cpu.usage_usec=457441 method=swap_current_delta_fallback detail={'delta_swap_current': 0, 'swap_saturated': False, 'workingset_refault_anon': 0} events={'low': 0, 'high': 0, 'max': 0, 'oom': 0, 'oom_kill': 0, 'oom_group_kill': 0}
[container_monitor] pf-C: current=202.6MiB swap=0.0MiB max=256.0MiB cpu.usage_usec=458549 method=swap_current_delta_fallback detail={'delta_swap_current': 0, 'swap_saturated': False, 'workingset_refault_anon': 0} events={'low': 0, 'high': 0, 'max': 0, 'oom': 0, 'oom_kill': 0, 'oom_group_kill': 0}
[container_monitor] pf-C: current=202.6MiB swap=0.0MiB max=256.0MiB cpu.usage_usec=459174 method=swap_current_delta_fallback detail={'delta_swap_current': 0, 'swap_saturated': False, 'workingset_refault_anon': 0} events={'low': 0, 'high': 0, 'max': 0, 'oom': 0, 'oom_kill': 0, 'oom_group_kill': 0}
[container_monitor] pf-C: current=202.6MiB swap=0.0MiB max=256.0MiB cpu.usage_usec=467928 method=swap_current_delta_fallback detail={'delta_swap_current': 0, 'swap_saturated': False, 'workingset_refault_anon': 0} events={'low': 0, 'high': 0, 'max': 0, 'oom': 0, 'oom_kill': 0, 'oom_group_kill': 0}
[container_monitor] pf-C: current=202.6MiB swap=0.0MiB max=256.0MiB cpu.usage_usec=468627 method=swap_current_delta_fallback detail={'delta_swap_current': 0, 'swap_saturated': False, 'workingset_refault_anon': 0} events={'low': 0, 'high': 0, 'max': 0, 'oom': 0, 'oom_kill': 0, 'oom_group_kill': 0}
[container_monitor] pf-C: current=202.6MiB swap=0.0MiB max=256.0MiB cpu.usage_usec=469324 method=swap_current_delta_fallback detail={'delta_swap_current': 0, 'swap_saturated': False, 'workingset_refault_anon': 0} events={'low': 0, 'high': 0, 'max': 0, 'oom': 0, 'oom_kill': 0, 'oom_group_kill': 0}
[container_monitor] pf-C: current=202.6MiB swap=0.0MiB max=256.0MiB cpu.usage_usec=470465 method=swap_current_delta_fallback detail={'delta_swap_current': 0, 'swap_saturated': False, 'workingset_refault_anon': 0} events={'low': 0, 'high': 0, 'max': 0, 'oom': 0, 'oom_kill': 0, 'oom_group_kill': 0}
[container_monitor] pf-C: current=202.6MiB swap=0.0MiB max=256.0MiB cpu.usage_usec=475485 method=swap_current_delta_fallback detail={'delta_swap_current': 0, 'swap_saturated': False, 'workingset_refault_anon': 0} events={'low': 0, 'high': 0, 'max': 0, 'oom': 0, 'oom_kill': 0, 'oom_group_kill': 0}
[container_monitor] pf-C: current=202.6MiB swap=0.0MiB max=256.0MiB cpu.usage_usec=476787 method=swap_current_delta_fallback detail={'delta_swap_current': 0, 'swap_saturated': False, 'workingset_refault_anon': 0} events={'low': 0, 'high': 0, 'max': 0, 'oom': 0, 'oom_kill': 0, 'oom_group_kill': 0}
[container_monitor] pf-C: current=202.6MiB swap=0.0MiB max=256.0MiB cpu.usage_usec=477882 method=swap_current_delta_fallback detail={'delta_swap_current': 0, 'swap_saturated': False, 'workingset_refault_anon': 0} events={'low': 0, 'high': 0, 'max': 0, 'oom': 0, 'oom_kill': 0, 'oom_group_kill': 0}
[container_monitor] pf-C: current=202.6MiB swap=0.0MiB max=256.0MiB cpu.usage_usec=478717 method=swap_current_delta_fallback detail={'delta_swap_current': 0, 'swap_saturated': False, 'workingset_refault_anon': 0} events={'low': 0, 'high': 0, 'max': 0, 'oom': 0, 'oom_kill': 0, 'oom_group_kill': 0}
[container_monitor] pf-C: current=202.6MiB swap=0.0MiB max=256.0MiB cpu.usage_usec=498587 method=swap_current_delta_fallback detail={'delta_swap_current': 0, 'swap_saturated': False, 'workingset_refault_anon': 0} events={'low': 0, 'high': 0, 'max': 0, 'oom': 0, 'oom_kill': 0, 'oom_group_kill': 0}
[container_monitor] pf-C: current=202.6MiB swap=0.0MiB max=256.0MiB cpu.usage_usec=499616 method=swap_current_delta_fallback detail={'delta_swap_current': 0, 'swap_saturated': False, 'workingset_refault_anon': 0} events={'low': 0, 'high': 0, 'max': 0, 'oom': 0, 'oom_kill': 0, 'oom_group_kill': 0}
[container_monitor] pf-C: current=202.6MiB swap=0.0MiB max=256.0MiB cpu.usage_usec=500591 method=swap_current_delta_fallback detail={'delta_swap_current': 0, 'swap_saturated': False, 'workingset_refault_anon': 0} events={'low': 0, 'high': 0, 'max': 0, 'oom': 0, 'oom_kill': 0, 'oom_group_kill': 0}
[container_monitor] pf-C: current=202.6MiB swap=0.0MiB max=256.0MiB cpu.usage_usec=501569 method=swap_current_delta_fallback detail={'delta_swap_current': 0, 'swap_saturated': False, 'workingset_refault_anon': 0} events={'low': 0, 'high': 0, 'max': 0, 'oom': 0, 'oom_kill': 0, 'oom_group_kill': 0}
[container_monitor] pf-C: current=243.3MiB swap=0.0MiB max=256.0MiB cpu.usage_usec=562884 method=swap_current_delta_fallback detail={'delta_swap_current': 0, 'swap_saturated': False, 'workingset_refault_anon': 0} events={'low': 0, 'high': 0, 'max': 0, 'oom': 0, 'oom_kill': 0, 'oom_group_kill': 0}
[container_monitor] pf-C: current=243.1MiB swap=0.0MiB max=256.0MiB cpu.usage_usec=563761 method=swap_current_delta_fallback detail={'delta_swap_current': 0, 'swap_saturated': False, 'workingset_refault_anon': 0} events={'low': 0, 'high': 0, 'max': 0, 'oom': 0, 'oom_kill': 0, 'oom_group_kill': 0}
[container_monitor] pf-C: current=243.1MiB swap=0.0MiB max=256.0MiB cpu.usage_usec=564574 method=swap_current_delta_fallback detail={'delta_swap_current': 0, 'swap_saturated': False, 'workingset_refault_anon': 0} events={'low': 0, 'high': 0, 'max': 0, 'oom': 0, 'oom_kill': 0, 'oom_group_kill': 0}
[container_monitor] pf-C: current=243.1MiB swap=0.0MiB max=256.0MiB cpu.usage_usec=565405 method=swap_current_delta_fallback detail={'delta_swap_current': 0, 'swap_saturated': False, 'workingset_refault_anon': 0} events={'low': 0, 'high': 0, 'max': 0, 'oom': 0, 'oom_kill': 0, 'oom_group_kill': 0}
[container_monitor] pf-C: current=243.2MiB swap=0.0MiB max=256.0MiB cpu.usage_usec=571495 method=swap_current_delta_fallback detail={'delta_swap_current': 0, 'swap_saturated': False, 'workingset_refault_anon': 0} events={'low': 0, 'high': 0, 'max': 0, 'oom': 0, 'oom_kill': 0, 'oom_group_kill': 0}
[container_monitor] pf-C: current=243.2MiB swap=0.0MiB max=256.0MiB cpu.usage_usec=572577 method=swap_current_delta_fallback detail={'delta_swap_current': 0, 'swap_saturated': False, 'workingset_refault_anon': 0} events={'low': 0, 'high': 0, 'max': 0, 'oom': 0, 'oom_kill': 0, 'oom_group_kill': 0}
[container_monitor] pf-C: current=243.2MiB swap=0.0MiB max=256.0MiB cpu.usage_usec=573489 method=swap_current_delta_fallback detail={'delta_swap_current': 0, 'swap_saturated': False, 'workingset_refault_anon': 0} events={'low': 0, 'high': 0, 'max': 0, 'oom': 0, 'oom_kill': 0, 'oom_group_kill': 0}
[container_monitor] pf-C: current=243.2MiB swap=0.0MiB max=256.0MiB cpu.usage_usec=574338 method=swap_current_delta_fallback detail={'delta_swap_current': 0, 'swap_saturated': False, 'workingset_refault_anon': 0} events={'low': 0, 'high': 0, 'max': 0, 'oom': 0, 'oom_kill': 0, 'oom_group_kill': 0}
[container_monitor] pf-C: current=243.2MiB swap=0.0MiB max=256.0MiB cpu.usage_usec=581920 method=swap_current_delta_fallback detail={'delta_swap_current': 0, 'swap_saturated': False, 'workingset_refault_anon': 0} events={'low': 0, 'high': 0, 'max': 0, 'oom': 0, 'oom_kill': 0, 'oom_group_kill': 0}
[container_monitor] pf-C: current=243.2MiB swap=0.0MiB max=256.0MiB cpu.usage_usec=582975 method=swap_current_delta_fallback detail={'delta_swap_current': 0, 'swap_saturated': False, 'workingset_refault_anon': 0} events={'low': 0, 'high': 0, 'max': 0, 'oom': 0, 'oom_kill': 0, 'oom_group_kill': 0}
[container_monitor] pf-C: current=243.2MiB swap=0.0MiB max=256.0MiB cpu.usage_usec=584005 method=swap_current_delta_fallback detail={'delta_swap_current': 0, 'swap_saturated': False, 'workingset_refault_anon': 0} events={'low': 0, 'high': 0, 'max': 0, 'oom': 0, 'oom_kill': 0, 'oom_group_kill': 0}
[container_monitor] pf-C: current=243.2MiB swap=0.0MiB max=256.0MiB cpu.usage_usec=584736 method=swap_current_delta_fallback detail={'delta_swap_current': 0, 'swap_saturated': False, 'workingset_refault_anon': 0} events={'low': 0, 'high': 0, 'max': 0, 'oom': 0, 'oom_kill': 0, 'oom_group_kill': 0}
[container_monitor] pf-C: current=243.2MiB swap=0.0MiB max=256.0MiB cpu.usage_usec=589514 method=swap_current_delta_fallback detail={'delta_swap_current': 0, 'swap_saturated': False, 'workingset_refault_anon': 0} events={'low': 0, 'high': 0, 'max': 0, 'oom': 0, 'oom_kill': 0, 'oom_group_kill': 0}
[container_monitor] pf-C: current=243.2MiB swap=0.0MiB max=256.0MiB cpu.usage_usec=590550 method=swap_current_delta_fallback detail={'delta_swap_current': 0, 'swap_saturated': False, 'workingset_refault_anon': 0} events={'low': 0, 'high': 0, 'max': 0, 'oom': 0, 'oom_kill': 0, 'oom_group_kill': 0}
[container_monitor] pf-C: current=243.2MiB swap=0.0MiB max=256.0MiB cpu.usage_usec=591611 method=swap_current_delta_fallback detail={'delta_swap_current': 0, 'swap_saturated': False, 'workingset_refault_anon': 0} events={'low': 0, 'high': 0, 'max': 0, 'oom': 0, 'oom_kill': 0, 'oom_group_kill': 0}
[container_monitor] pf-C: current=243.2MiB swap=0.0MiB max=256.0MiB cpu.usage_usec=592412 method=swap_current_delta_fallback detail={'delta_swap_current': 0, 'swap_saturated': False, 'workingset_refault_anon': 0} events={'low': 0, 'high': 0, 'max': 0, 'oom': 0, 'oom_kill': 0, 'oom_group_kill': 0}
[container_monitor] pf-C: current=244.2MiB swap=0.0MiB max=256.0MiB cpu.usage_usec=601064 method=swap_current_delta_fallback detail={'delta_swap_current': 0, 'swap_saturated': False, 'workingset_refault_anon': 0} events={'low': 0, 'high': 0, 'max': 0, 'oom': 0, 'oom_kill': 0, 'oom_group_kill': 0}
[container_monitor] pf-C: current=244.2MiB swap=0.0MiB max=256.0MiB cpu.usage_usec=601829 method=swap_current_delta_fallback detail={'delta_swap_current': 0, 'swap_saturated': False, 'workingset_refault_anon': 0} events={'low': 0, 'high': 0, 'max': 0, 'oom': 0, 'oom_kill': 0, 'oom_group_kill': 0}
[container_monitor] pf-C: current=244.2MiB swap=0.0MiB max=256.0MiB cpu.usage_usec=602656 method=swap_current_delta_fallback detail={'delta_swap_current': 0, 'swap_saturated': False, 'workingset_refault_anon': 0} events={'low': 0, 'high': 0, 'max': 0, 'oom': 0, 'oom_kill': 0, 'oom_group_kill': 0}
[container_monitor] pf-C: current=244.2MiB swap=0.0MiB max=256.0MiB cpu.usage_usec=603451 method=swap_current_delta_fallback detail={'delta_swap_current': 0, 'swap_saturated': False, 'workingset_refault_anon': 0} events={'low': 0, 'high': 0, 'max': 0, 'oom': 0, 'oom_kill': 0, 'oom_group_kill': 0}
[container_monitor] pf-C: current=252.2MiB swap=0.0MiB max=256.0MiB cpu.usage_usec=611875 method=swap_current_delta_fallback detail={'delta_swap_current': 0, 'swap_saturated': False, 'workingset_refault_anon': 0} events={'low': 0, 'high': 0, 'max': 0, 'oom': 0, 'oom_kill': 0, 'oom_group_kill': 0}
[container_monitor] pf-C: current=252.2MiB swap=0.0MiB max=256.0MiB cpu.usage_usec=612613 method=swap_current_delta_fallback detail={'delta_swap_current': 0, 'swap_saturated': False, 'workingset_refault_anon': 0} events={'low': 0, 'high': 0, 'max': 0, 'oom': 0, 'oom_kill': 0, 'oom_group_kill': 0}
[container_monitor] pf-C: current=252.2MiB swap=0.0MiB max=256.0MiB cpu.usage_usec=613589 method=swap_current_delta_fallback detail={'delta_swap_current': 0, 'swap_saturated': False, 'workingset_refault_anon': 0} events={'low': 0, 'high': 0, 'max': 0, 'oom': 0, 'oom_kill': 0, 'oom_group_kill': 0}
[container_monitor] pf-C: current=252.2MiB swap=0.0MiB max=256.0MiB cpu.usage_usec=614491 method=swap_current_delta_fallback detail={'delta_swap_current': 0, 'swap_saturated': False, 'workingset_refault_anon': 0} events={'low': 0, 'high': 0, 'max': 0, 'oom': 0, 'oom_kill': 0, 'oom_group_kill': 0}
[container_monitor] pf-C: current=255.8MiB swap=0.0MiB max=256.0MiB cpu.usage_usec=631545 method=swap_current_delta_fallback detail={'delta_swap_current': 0, 'swap_saturated': False, 'workingset_refault_anon': 0} events={'low': 0, 'high': 0, 'max': 19, 'oom': 0, 'oom_kill': 0, 'oom_group_kill': 0}
[container_monitor] pf-C: current=255.8MiB swap=0.0MiB max=256.0MiB cpu.usage_usec=632394 method=swap_current_delta_fallback detail={'delta_swap_current': 0, 'swap_saturated': False, 'workingset_refault_anon': 0} events={'low': 0, 'high': 0, 'max': 19, 'oom': 0, 'oom_kill': 0, 'oom_group_kill': 0}
[container_monitor] pf-C: current=255.8MiB swap=0.0MiB max=256.0MiB cpu.usage_usec=633270 method=swap_current_delta_fallback detail={'delta_swap_current': 0, 'swap_saturated': False, 'workingset_refault_anon': 0} events={'low': 0, 'high': 0, 'max': 19, 'oom': 0, 'oom_kill': 0, 'oom_group_kill': 0}
[container_monitor] pf-C: current=255.8MiB swap=0.0MiB max=256.0MiB cpu.usage_usec=633992 method=swap_current_delta_fallback detail={'delta_swap_current': 0, 'swap_saturated': False, 'workingset_refault_anon': 0} events={'low': 0, 'high': 0, 'max': 19, 'oom': 0, 'oom_kill': 0, 'oom_group_kill': 0}
[container_monitor] pf-C: current=255.8MiB swap=0.0MiB max=256.0MiB cpu.usage_usec=652123 method=swap_current_delta_fallback detail={'delta_swap_current': 0, 'swap_saturated': False, 'workingset_refault_anon': 0} events={'low': 0, 'high': 0, 'max': 51, 'oom': 0, 'oom_kill': 0, 'oom_group_kill': 0}
[container_monitor] pf-C: current=255.8MiB swap=0.0MiB max=256.0MiB cpu.usage_usec=652994 method=swap_current_delta_fallback detail={'delta_swap_current': 0, 'swap_saturated': False, 'workingset_refault_anon': 0} events={'low': 0, 'high': 0, 'max': 51, 'oom': 0, 'oom_kill': 0, 'oom_group_kill': 0}
[container_monitor] pf-C: current=255.8MiB swap=0.0MiB max=256.0MiB cpu.usage_usec=654096 method=swap_current_delta_fallback detail={'delta_swap_current': 0, 'swap_saturated': False, 'workingset_refault_anon': 0} events={'low': 0, 'high': 0, 'max': 51, 'oom': 0, 'oom_kill': 0, 'oom_group_kill': 0}
[container_monitor] pf-C: current=255.8MiB swap=0.0MiB max=256.0MiB cpu.usage_usec=654801 method=swap_current_delta_fallback detail={'delta_swap_current': 0, 'swap_saturated': False, 'workingset_refault_anon': 0} events={'low': 0, 'high': 0, 'max': 51, 'oom': 0, 'oom_kill': 0, 'oom_group_kill': 0}
[container_monitor] pf-C: current=201.7MiB swap=64.6MiB max=256.0MiB cpu.usage_usec=743596 method=swap_current_delta_fallback detail={'delta_swap_current': 67780608, 'swap_saturated': False, 'workingset_refault_anon': 882} events={'low': 0, 'high': 0, 'max': 64, 'oom': 0, 'oom_kill': 0, 'oom_group_kill': 0}
[container_monitor] pf-C: OCM 감지 (method=swap_current_delta_fallback, detail={'delta_swap_current': 67780608, 'swap_saturated': False, 'workingset_refault_anon': 882})
[puff_manager] pf-C: 원래 메모리 한도 저장 256MiB
[puff_manager] pf-C: puff 적용 256MiB -> 358MiB
[container_monitor] pf-C: puff 완료, 새 메모리 한도 358MiB
[suspend_manager] pf-C: 원래 CPU 설정 저장 {'cpu_max': 'max 100000', 'cpuset_cpus': '0-1'}
[suspend_manager] pf-C: suspend 적용 (--cpus 0.01 --cpuset-cpus 0)
[suspend_manager] pf-C: cgroup cpu.max='1000 100000' cpuset.cpus='0'
[container_monitor] pf-C: current=201.6MiB swap=64.6MiB max=358.0MiB cpu.usage_usec=744199 method=swap_current_delta_fallback detail={'delta_swap_current': 0, 'swap_saturated': False, 'workingset_refault_anon': 882} events={'low': 0, 'high': 0, 'max': 64, 'oom': 0, 'oom_kill': 0, 'oom_group_kill': 0}
[container_monitor] pf-C: current=201.6MiB swap=64.6MiB max=358.0MiB cpu.usage_usec=745347 method=swap_current_delta_fallback detail={'delta_swap_current': 0, 'swap_saturated': False, 'workingset_refault_anon': 884} events={'low': 0, 'high': 0, 'max': 64, 'oom': 0, 'oom_kill': 0, 'oom_group_kill': 0}
[container_monitor] pf-C: current=201.6MiB swap=64.6MiB max=358.0MiB cpu.usage_usec=746177 method=swap_current_delta_fallback detail={'delta_swap_current': 0, 'swap_saturated': False, 'workingset_refault_anon': 884} events={'low': 0, 'high': 0, 'max': 64, 'oom': 0, 'oom_kill': 0, 'oom_group_kill': 0}
[container_monitor] pf-C: current=208.1MiB swap=64.6MiB max=358.0MiB cpu.usage_usec=749698 method=swap_current_delta_fallback detail={'delta_swap_current': 0, 'swap_saturated': False, 'workingset_refault_anon': 884} events={'low': 0, 'high': 0, 'max': 64, 'oom': 0, 'oom_kill': 0, 'oom_group_kill': 0}
[container_monitor] pf-C: current=209.8MiB swap=64.6MiB max=358.0MiB cpu.usage_usec=754692 method=swap_current_delta_fallback detail={'delta_swap_current': 0, 'swap_saturated': False, 'workingset_refault_anon': 900} events={'low': 0, 'high': 0, 'max': 64, 'oom': 0, 'oom_kill': 0, 'oom_group_kill': 0}
[container_monitor] pf-C: current=209.7MiB swap=64.6MiB max=358.0MiB cpu.usage_usec=759807 method=swap_current_delta_fallback detail={'delta_swap_current': 0, 'swap_saturated': False, 'workingset_refault_anon': 907} events={'low': 0, 'high': 0, 'max': 64, 'oom': 0, 'oom_kill': 0, 'oom_group_kill': 0}
[container_monitor] pf-C: current=209.9MiB swap=64.5MiB max=358.0MiB cpu.usage_usec=763497 method=swap_current_delta_fallback detail={'delta_swap_current': -155648, 'swap_saturated': False, 'workingset_refault_anon': 938} events={'low': 0, 'high': 0, 'max': 64, 'oom': 0, 'oom_kill': 0, 'oom_group_kill': 0}
[container_monitor] pf-C: current=209.9MiB swap=64.5MiB max=358.0MiB cpu.usage_usec=764241 method=swap_current_delta_fallback detail={'delta_swap_current': 0, 'swap_saturated': False, 'workingset_refault_anon': 938} events={'low': 0, 'high': 0, 'max': 64, 'oom': 0, 'oom_kill': 0, 'oom_group_kill': 0}
[container_monitor] pf-C: current=212.6MiB swap=64.5MiB max=358.0MiB cpu.usage_usec=768542 method=swap_current_delta_fallback detail={'delta_swap_current': 0, 'swap_saturated': False, 'workingset_refault_anon': 938} events={'low': 0, 'high': 0, 'max': 64, 'oom': 0, 'oom_kill': 0, 'oom_group_kill': 0}
[container_monitor] pf-C: current=214.0MiB swap=64.5MiB max=358.0MiB cpu.usage_usec=772629 method=swap_current_delta_fallback detail={'delta_swap_current': 0, 'swap_saturated': False, 'workingset_refault_anon': 938} events={'low': 0, 'high': 0, 'max': 64, 'oom': 0, 'oom_kill': 0, 'oom_group_kill': 0}
[container_monitor] pf-C: current=215.8MiB swap=64.5MiB max=358.0MiB cpu.usage_usec=777855 method=swap_current_delta_fallback detail={'delta_swap_current': 0, 'swap_saturated': False, 'workingset_refault_anon': 938} events={'low': 0, 'high': 0, 'max': 64, 'oom': 0, 'oom_kill': 0, 'oom_group_kill': 0}
[container_monitor] pf-C: current=217.3MiB swap=64.5MiB max=358.0MiB cpu.usage_usec=783240 method=swap_current_delta_fallback detail={'delta_swap_current': 0, 'swap_saturated': False, 'workingset_refault_anon': 938} events={'low': 0, 'high': 0, 'max': 64, 'oom': 0, 'oom_kill': 0, 'oom_group_kill': 0}
[container_monitor] pf-C: current=218.0MiB swap=64.5MiB max=358.0MiB cpu.usage_usec=787830 method=swap_current_delta_fallback detail={'delta_swap_current': 0, 'swap_saturated': False, 'workingset_refault_anon': 951} events={'low': 0, 'high': 0, 'max': 64, 'oom': 0, 'oom_kill': 0, 'oom_group_kill': 0}
[container_monitor] pf-C: current=218.2MiB swap=64.5MiB max=358.0MiB cpu.usage_usec=792727 method=swap_current_delta_fallback detail={'delta_swap_current': 0, 'swap_saturated': False, 'workingset_refault_anon': 951} events={'low': 0, 'high': 0, 'max': 64, 'oom': 0, 'oom_kill': 0, 'oom_group_kill': 0}
[container_monitor] pf-C: current=218.4MiB swap=64.2MiB max=358.0MiB cpu.usage_usec=797626 method=swap_current_delta_fallback detail={'delta_swap_current': -262144, 'swap_saturated': False, 'workingset_refault_anon': 1017} events={'low': 0, 'high': 0, 'max': 64, 'oom': 0, 'oom_kill': 0, 'oom_group_kill': 0}
[container_monitor] pf-C: current=218.6MiB swap=64.2MiB max=358.0MiB cpu.usage_usec=802622 method=swap_current_delta_fallback detail={'delta_swap_current': 0, 'swap_saturated': False, 'workingset_refault_anon': 1074} events={'low': 0, 'high': 0, 'max': 64, 'oom': 0, 'oom_kill': 0, 'oom_group_kill': 0}
[container_monitor] pf-C: current=218.5MiB swap=64.2MiB max=358.0MiB cpu.usage_usec=803537 method=swap_current_delta_fallback detail={'delta_swap_current': 0, 'swap_saturated': False, 'workingset_refault_anon': 1074} events={'low': 0, 'high': 0, 'max': 64, 'oom': 0, 'oom_kill': 0, 'oom_group_kill': 0}
[container_monitor] pf-C: current=218.9MiB swap=64.0MiB max=358.0MiB cpu.usage_usec=806726 method=swap_current_delta_fallback detail={'delta_swap_current': -262144, 'swap_saturated': False, 'workingset_refault_anon': 1152} events={'low': 0, 'high': 0, 'max': 64, 'oom': 0, 'oom_kill': 0, 'oom_group_kill': 0}
[container_monitor] pf-C: current=221.7MiB swap=64.0MiB max=358.0MiB cpu.usage_usec=811670 method=swap_current_delta_fallback detail={'delta_swap_current': 0, 'swap_saturated': False, 'workingset_refault_anon': 1546} events={'low': 0, 'high': 0, 'max': 64, 'oom': 0, 'oom_kill': 0, 'oom_group_kill': 0}
[container_monitor] pf-C: current=224.5MiB swap=64.0MiB max=358.0MiB cpu.usage_usec=816641 method=swap_current_delta_fallback detail={'delta_swap_current': 0, 'swap_saturated': False, 'workingset_refault_anon': 1906} events={'low': 0, 'high': 0, 'max': 64, 'oom': 0, 'oom_kill': 0, 'oom_group_kill': 0}
[container_monitor] pf-C: current=227.4MiB swap=64.0MiB max=358.0MiB cpu.usage_usec=822265 method=swap_current_delta_fallback detail={'delta_swap_current': 0, 'swap_saturated': False, 'workingset_refault_anon': 2103} events={'low': 0, 'high': 0, 'max': 64, 'oom': 0, 'oom_kill': 0, 'oom_group_kill': 0}
[container_monitor] pf-C: current=229.2MiB swap=64.0MiB max=358.0MiB cpu.usage_usec=826698 method=swap_current_delta_fallback detail={'delta_swap_current': 0, 'swap_saturated': False, 'workingset_refault_anon': 2147} events={'low': 0, 'high': 0, 'max': 64, 'oom': 0, 'oom_kill': 0, 'oom_group_kill': 0}
[container_monitor] pf-C: current=231.7MiB swap=64.0MiB max=358.0MiB cpu.usage_usec=832190 method=swap_current_delta_fallback detail={'delta_swap_current': 0, 'swap_saturated': False, 'workingset_refault_anon': 2239} events={'low': 0, 'high': 0, 'max': 64, 'oom': 0, 'oom_kill': 0, 'oom_group_kill': 0}
[container_monitor] pf-C: current=233.4MiB swap=64.0MiB max=358.0MiB cpu.usage_usec=837576 method=swap_current_delta_fallback detail={'delta_swap_current': 0, 'swap_saturated': False, 'workingset_refault_anon': 2239} events={'low': 0, 'high': 0, 'max': 64, 'oom': 0, 'oom_kill': 0, 'oom_group_kill': 0}
[container_monitor] pf-C: current=235.1MiB swap=64.0MiB max=358.0MiB cpu.usage_usec=842508 method=swap_current_delta_fallback detail={'delta_swap_current': 0, 'swap_saturated': False, 'workingset_refault_anon': 2239} events={'low': 0, 'high': 0, 'max': 64, 'oom': 0, 'oom_kill': 0, 'oom_group_kill': 0}
[container_monitor] pf-C: current=235.8MiB swap=64.0MiB max=358.0MiB cpu.usage_usec=847131 method=swap_current_delta_fallback detail={'delta_swap_current': 0, 'swap_saturated': False, 'workingset_refault_anon': 2239} events={'low': 0, 'high': 0, 'max': 64, 'oom': 0, 'oom_kill': 0, 'oom_group_kill': 0}
[container_monitor] pf-C: current=236.8MiB swap=64.0MiB max=358.0MiB cpu.usage_usec=851737 method=swap_current_delta_fallback detail={'delta_swap_current': 0, 'swap_saturated': False, 'workingset_refault_anon': 2239} events={'low': 0, 'high': 0, 'max': 64, 'oom': 0, 'oom_kill': 0, 'oom_group_kill': 0}
[container_monitor] pf-C: current=238.4MiB swap=64.0MiB max=358.0MiB cpu.usage_usec=857184 method=swap_current_delta_fallback detail={'delta_swap_current': 0, 'swap_saturated': False, 'workingset_refault_anon': 2239} events={'low': 0, 'high': 0, 'max': 64, 'oom': 0, 'oom_kill': 0, 'oom_group_kill': 0}
[container_monitor] pf-C: current=239.7MiB swap=64.0MiB max=358.0MiB cpu.usage_usec=861832 method=swap_current_delta_fallback detail={'delta_swap_current': 0, 'swap_saturated': False, 'workingset_refault_anon': 2239} events={'low': 0, 'high': 0, 'max': 64, 'oom': 0, 'oom_kill': 0, 'oom_group_kill': 0}
[container_monitor] pf-C: current=240.9MiB swap=64.0MiB max=358.0MiB cpu.usage_usec=866635 method=swap_current_delta_fallback detail={'delta_swap_current': 0, 'swap_saturated': False, 'workingset_refault_anon': 2239} events={'low': 0, 'high': 0, 'max': 64, 'oom': 0, 'oom_kill': 0, 'oom_group_kill': 0}
[container_monitor] pf-C: current=242.2MiB swap=64.0MiB max=358.0MiB cpu.usage_usec=872473 method=swap_current_delta_fallback detail={'delta_swap_current': 0, 'swap_saturated': False, 'workingset_refault_anon': 2239} events={'low': 0, 'high': 0, 'max': 64, 'oom': 0, 'oom_kill': 0, 'oom_group_kill': 0}
[container_monitor] pf-C: current=243.5MiB swap=64.0MiB max=358.0MiB cpu.usage_usec=876628 method=swap_current_delta_fallback detail={'delta_swap_current': 0, 'swap_saturated': False, 'workingset_refault_anon': 2239} events={'low': 0, 'high': 0, 'max': 64, 'oom': 0, 'oom_kill': 0, 'oom_group_kill': 0}
[container_monitor] pf-C: current=244.9MiB swap=64.0MiB max=358.0MiB cpu.usage_usec=881659 method=swap_current_delta_fallback detail={'delta_swap_current': 0, 'swap_saturated': False, 'workingset_refault_anon': 2239} events={'low': 0, 'high': 0, 'max': 64, 'oom': 0, 'oom_kill': 0, 'oom_group_kill': 0}
[container_monitor] pf-C: current=246.5MiB swap=64.0MiB max=358.0MiB cpu.usage_usec=886969 method=swap_current_delta_fallback detail={'delta_swap_current': 0, 'swap_saturated': False, 'workingset_refault_anon': 2239} events={'low': 0, 'high': 0, 'max': 64, 'oom': 0, 'oom_kill': 0, 'oom_group_kill': 0}
[container_monitor] pf-C: current=248.3MiB swap=64.0MiB max=358.0MiB cpu.usage_usec=892061 method=swap_current_delta_fallback detail={'delta_swap_current': 0, 'swap_saturated': False, 'workingset_refault_anon': 2239} events={'low': 0, 'high': 0, 'max': 64, 'oom': 0, 'oom_kill': 0, 'oom_group_kill': 0}
[container_monitor] pf-C: current=249.8MiB swap=64.0MiB max=358.0MiB cpu.usage_usec=897454 method=swap_current_delta_fallback detail={'delta_swap_current': 0, 'swap_saturated': False, 'workingset_refault_anon': 2239} events={'low': 0, 'high': 0, 'max': 64, 'oom': 0, 'oom_kill': 0, 'oom_group_kill': 0}
[container_monitor] pf-C: current=251.0MiB swap=64.0MiB max=358.0MiB cpu.usage_usec=902952 method=swap_current_delta_fallback detail={'delta_swap_current': 0, 'swap_saturated': False, 'workingset_refault_anon': 2239} events={'low': 0, 'high': 0, 'max': 64, 'oom': 0, 'oom_kill': 0, 'oom_group_kill': 0}
[container_monitor] pf-C: current=252.6MiB swap=64.0MiB max=358.0MiB cpu.usage_usec=908589 method=swap_current_delta_fallback detail={'delta_swap_current': 0, 'swap_saturated': False, 'workingset_refault_anon': 2239} events={'low': 0, 'high': 0, 'max': 64, 'oom': 0, 'oom_kill': 0, 'oom_group_kill': 0}
[container_monitor] pf-C: current=253.6MiB swap=64.0MiB max=358.0MiB cpu.usage_usec=912904 method=swap_current_delta_fallback detail={'delta_swap_current': 0, 'swap_saturated': False, 'workingset_refault_anon': 2239} events={'low': 0, 'high': 0, 'max': 64, 'oom': 0, 'oom_kill': 0, 'oom_group_kill': 0}
[container_monitor] pf-C: current=255.3MiB swap=64.0MiB max=358.0MiB cpu.usage_usec=917752 method=swap_current_delta_fallback detail={'delta_swap_current': 0, 'swap_saturated': False, 'workingset_refault_anon': 2376} events={'low': 0, 'high': 0, 'max': 64, 'oom': 0, 'oom_kill': 0, 'oom_group_kill': 0}
[container_monitor] pf-C: current=256.8MiB swap=64.0MiB max=358.0MiB cpu.usage_usec=922621 method=swap_current_delta_fallback detail={'delta_swap_current': 0, 'swap_saturated': False, 'workingset_refault_anon': 2584} events={'low': 0, 'high': 0, 'max': 64, 'oom': 0, 'oom_kill': 0, 'oom_group_kill': 0}
[container_monitor] pf-C: current=257.8MiB swap=64.0MiB max=358.0MiB cpu.usage_usec=927794 method=swap_current_delta_fallback detail={'delta_swap_current': 0, 'swap_saturated': False, 'workingset_refault_anon': 2756} events={'low': 0, 'high': 0, 'max': 64, 'oom': 0, 'oom_kill': 0, 'oom_group_kill': 0}
[container_monitor] pf-C: current=259.3MiB swap=64.0MiB max=358.0MiB cpu.usage_usec=932629 method=swap_current_delta_fallback detail={'delta_swap_current': 0, 'swap_saturated': False, 'workingset_refault_anon': 2947} events={'low': 0, 'high': 0, 'max': 64, 'oom': 0, 'oom_kill': 0, 'oom_group_kill': 0}
[container_monitor] pf-C: current=260.7MiB swap=64.0MiB max=358.0MiB cpu.usage_usec=938251 method=swap_current_delta_fallback detail={'delta_swap_current': 0, 'swap_saturated': False, 'workingset_refault_anon': 2988} events={'low': 0, 'high': 0, 'max': 64, 'oom': 0, 'oom_kill': 0, 'oom_group_kill': 0}
[container_monitor] pf-C: current=262.9MiB swap=64.0MiB max=358.0MiB cpu.usage_usec=942957 method=swap_current_delta_fallback detail={'delta_swap_current': 0, 'swap_saturated': False, 'workingset_refault_anon': 2988} events={'low': 0, 'high': 0, 'max': 64, 'oom': 0, 'oom_kill': 0, 'oom_group_kill': 0}
[container_monitor] pf-C: current=264.4MiB swap=64.0MiB max=358.0MiB cpu.usage_usec=948324 method=swap_current_delta_fallback detail={'delta_swap_current': 0, 'swap_saturated': False, 'workingset_refault_anon': 2988} events={'low': 0, 'high': 0, 'max': 64, 'oom': 0, 'oom_kill': 0, 'oom_group_kill': 0}
[container_monitor] pf-C: current=265.9MiB swap=64.0MiB max=358.0MiB cpu.usage_usec=953361 method=swap_current_delta_fallback detail={'delta_swap_current': 0, 'swap_saturated': False, 'workingset_refault_anon': 3044} events={'low': 0, 'high': 0, 'max': 64, 'oom': 0, 'oom_kill': 0, 'oom_group_kill': 0}
[container_monitor] pf-C: current=267.6MiB swap=64.0MiB max=358.0MiB cpu.usage_usec=958776 method=swap_current_delta_fallback detail={'delta_swap_current': 0, 'swap_saturated': False, 'workingset_refault_anon': 3044} events={'low': 0, 'high': 0, 'max': 64, 'oom': 0, 'oom_kill': 0, 'oom_group_kill': 0}
[container_monitor] pf-C: current=268.1MiB swap=64.0MiB max=358.0MiB cpu.usage_usec=962920 method=swap_current_delta_fallback detail={'delta_swap_current': 0, 'swap_saturated': False, 'workingset_refault_anon': 3044} events={'low': 0, 'high': 0, 'max': 64, 'oom': 0, 'oom_kill': 0, 'oom_group_kill': 0}
[container_monitor] pf-C: current=269.9MiB swap=64.0MiB max=358.0MiB cpu.usage_usec=968513 method=swap_current_delta_fallback detail={'delta_swap_current': 0, 'swap_saturated': False, 'workingset_refault_anon': 3044} events={'low': 0, 'high': 0, 'max': 64, 'oom': 0, 'oom_kill': 0, 'oom_group_kill': 0}
[container_monitor] pf-C: current=271.5MiB swap=64.0MiB max=358.0MiB cpu.usage_usec=973030 method=swap_current_delta_fallback detail={'delta_swap_current': 0, 'swap_saturated': False, 'workingset_refault_anon': 3044} events={'low': 0, 'high': 0, 'max': 64, 'oom': 0, 'oom_kill': 0, 'oom_group_kill': 0}
[container_monitor] pf-C: current=273.2MiB swap=64.0MiB max=358.0MiB cpu.usage_usec=977829 method=swap_current_delta_fallback detail={'delta_swap_current': 0, 'swap_saturated': False, 'workingset_refault_anon': 3044} events={'low': 0, 'high': 0, 'max': 64, 'oom': 0, 'oom_kill': 0, 'oom_group_kill': 0}
[container_monitor] pf-C: current=275.6MiB swap=64.0MiB max=358.0MiB cpu.usage_usec=983422 method=swap_current_delta_fallback detail={'delta_swap_current': 0, 'swap_saturated': False, 'workingset_refault_anon': 3044} events={'low': 0, 'high': 0, 'max': 64, 'oom': 0, 'oom_kill': 0, 'oom_group_kill': 0}
[container_monitor] pf-C: current=277.6MiB swap=64.0MiB max=358.0MiB cpu.usage_usec=988516 method=swap_current_delta_fallback detail={'delta_swap_current': 0, 'swap_saturated': False, 'workingset_refault_anon': 3044} events={'low': 0, 'high': 0, 'max': 64, 'oom': 0, 'oom_kill': 0, 'oom_group_kill': 0}
[container_monitor] pf-C: current=278.9MiB swap=64.0MiB max=358.0MiB cpu.usage_usec=993627 method=swap_current_delta_fallback detail={'delta_swap_current': 0, 'swap_saturated': False, 'workingset_refault_anon': 3044} events={'low': 0, 'high': 0, 'max': 64, 'oom': 0, 'oom_kill': 0, 'oom_group_kill': 0}
[container_monitor] pf-C: current=279.8MiB swap=64.0MiB max=358.0MiB cpu.usage_usec=997622 method=swap_current_delta_fallback detail={'delta_swap_current': 0, 'swap_saturated': False, 'workingset_refault_anon': 3044} events={'low': 0, 'high': 0, 'max': 64, 'oom': 0, 'oom_kill': 0, 'oom_group_kill': 0}
[container_monitor] pf-C: current=282.1MiB swap=64.0MiB max=358.0MiB cpu.usage_usec=1003376 method=swap_current_delta_fallback detail={'delta_swap_current': 0, 'swap_saturated': False, 'workingset_refault_anon': 3044} events={'low': 0, 'high': 0, 'max': 64, 'oom': 0, 'oom_kill': 0, 'oom_group_kill': 0}
[container_monitor] pf-C: current=284.2MiB swap=64.0MiB max=358.0MiB cpu.usage_usec=1008457 method=swap_current_delta_fallback detail={'delta_swap_current': 0, 'swap_saturated': False, 'workingset_refault_anon': 3044} events={'low': 0, 'high': 0, 'max': 64, 'oom': 0, 'oom_kill': 0, 'oom_group_kill': 0}
[container_monitor] pf-C: current=287.9MiB swap=64.0MiB max=358.0MiB cpu.usage_usec=1013473 method=swap_current_delta_fallback detail={'delta_swap_current': 0, 'swap_saturated': False, 'workingset_refault_anon': 3044} events={'low': 0, 'high': 0, 'max': 64, 'oom': 0, 'oom_kill': 0, 'oom_group_kill': 0}
[container_monitor] pf-C: current=289.6MiB swap=64.0MiB max=358.0MiB cpu.usage_usec=1018235 method=swap_current_delta_fallback detail={'delta_swap_current': 0, 'swap_saturated': False, 'workingset_refault_anon': 3044} events={'low': 0, 'high': 0, 'max': 64, 'oom': 0, 'oom_kill': 0, 'oom_group_kill': 0}
[container_monitor] pf-C: current=292.7MiB swap=64.0MiB max=358.0MiB cpu.usage_usec=1022635 method=swap_current_delta_fallback detail={'delta_swap_current': 0, 'swap_saturated': False, 'workingset_refault_anon': 3044} events={'low': 0, 'high': 0, 'max': 64, 'oom': 0, 'oom_kill': 0, 'oom_group_kill': 0}
[container_monitor] pf-C: current=295.4MiB swap=64.0MiB max=358.0MiB cpu.usage_usec=1028532 method=swap_current_delta_fallback detail={'delta_swap_current': 0, 'swap_saturated': False, 'workingset_refault_anon': 3044} events={'low': 0, 'high': 0, 'max': 64, 'oom': 0, 'oom_kill': 0, 'oom_group_kill': 0}
[container_monitor] pf-C: current=297.6MiB swap=64.0MiB max=358.0MiB cpu.usage_usec=1032655 method=swap_current_delta_fallback detail={'delta_swap_current': 0, 'swap_saturated': False, 'workingset_refault_anon': 3044} events={'low': 0, 'high': 0, 'max': 64, 'oom': 0, 'oom_kill': 0, 'oom_group_kill': 0}
[container_monitor] pf-C: current=298.2MiB swap=64.0MiB max=358.0MiB cpu.usage_usec=1038465 method=swap_current_delta_fallback detail={'delta_swap_current': 0, 'swap_saturated': False, 'workingset_refault_anon': 3044} events={'low': 0, 'high': 0, 'max': 64, 'oom': 0, 'oom_kill': 0, 'oom_group_kill': 0}
[container_monitor] pf-C: current=299.6MiB swap=64.0MiB max=358.0MiB cpu.usage_usec=1042920 method=swap_current_delta_fallback detail={'delta_swap_current': 0, 'swap_saturated': False, 'workingset_refault_anon': 3044} events={'low': 0, 'high': 0, 'max': 64, 'oom': 0, 'oom_kill': 0, 'oom_group_kill': 0}
[container_monitor] pf-C: current=301.4MiB swap=64.0MiB max=358.0MiB cpu.usage_usec=1048394 method=swap_current_delta_fallback detail={'delta_swap_current': 0, 'swap_saturated': False, 'workingset_refault_anon': 3044} events={'low': 0, 'high': 0, 'max': 64, 'oom': 0, 'oom_kill': 0, 'oom_group_kill': 0}
[container_monitor] pf-C: current=302.8MiB swap=64.0MiB max=358.0MiB cpu.usage_usec=1053593 method=swap_current_delta_fallback detail={'delta_swap_current': 0, 'swap_saturated': False, 'workingset_refault_anon': 3044} events={'low': 0, 'high': 0, 'max': 64, 'oom': 0, 'oom_kill': 0, 'oom_group_kill': 0}
[container_monitor] pf-C: current=306.0MiB swap=64.0MiB max=358.0MiB cpu.usage_usec=1057971 method=swap_current_delta_fallback detail={'delta_swap_current': 0, 'swap_saturated': False, 'workingset_refault_anon': 3044} events={'low': 0, 'high': 0, 'max': 64, 'oom': 0, 'oom_kill': 0, 'oom_group_kill': 0}
[container_monitor] pf-C: current=308.4MiB swap=64.0MiB max=358.0MiB cpu.usage_usec=1063528 method=swap_current_delta_fallback detail={'delta_swap_current': 0, 'swap_saturated': False, 'workingset_refault_anon': 3044} events={'low': 0, 'high': 0, 'max': 64, 'oom': 0, 'oom_kill': 0, 'oom_group_kill': 0}
[container_monitor] pf-C: current=309.4MiB swap=64.0MiB max=358.0MiB cpu.usage_usec=1068370 method=swap_current_delta_fallback detail={'delta_swap_current': 0, 'swap_saturated': False, 'workingset_refault_anon': 3044} events={'low': 0, 'high': 0, 'max': 64, 'oom': 0, 'oom_kill': 0, 'oom_group_kill': 0}
[container_monitor] pf-C: current=310.8MiB swap=64.0MiB max=358.0MiB cpu.usage_usec=1073228 method=swap_current_delta_fallback detail={'delta_swap_current': 0, 'swap_saturated': False, 'workingset_refault_anon': 3044} events={'low': 0, 'high': 0, 'max': 64, 'oom': 0, 'oom_kill': 0, 'oom_group_kill': 0}
[container_monitor] pf-C: current=312.3MiB swap=64.0MiB max=358.0MiB cpu.usage_usec=1077681 method=swap_current_delta_fallback detail={'delta_swap_current': 0, 'swap_saturated': False, 'workingset_refault_anon': 3044} events={'low': 0, 'high': 0, 'max': 64, 'oom': 0, 'oom_kill': 0, 'oom_group_kill': 0}
[container_monitor] pf-C: current=314.7MiB swap=64.0MiB max=358.0MiB cpu.usage_usec=1083398 method=swap_current_delta_fallback detail={'delta_swap_current': 0, 'swap_saturated': False, 'workingset_refault_anon': 3055} events={'low': 0, 'high': 0, 'max': 64, 'oom': 0, 'oom_kill': 0, 'oom_group_kill': 0}
[container_monitor] pf-C: current=314.7MiB swap=64.0MiB max=358.0MiB cpu.usage_usec=1088086 method=swap_current_delta_fallback detail={'delta_swap_current': 0, 'swap_saturated': False, 'workingset_refault_anon': 3055} events={'low': 0, 'high': 0, 'max': 64, 'oom': 0, 'oom_kill': 0, 'oom_group_kill': 0}
[container_monitor] pf-C: current=314.7MiB swap=64.0MiB max=358.0MiB cpu.usage_usec=1092687 method=swap_current_delta_fallback detail={'delta_swap_current': 0, 'swap_saturated': False, 'workingset_refault_anon': 3055} events={'low': 0, 'high': 0, 'max': 64, 'oom': 0, 'oom_kill': 0, 'oom_group_kill': 0}
[container_monitor] pf-C: current=314.7MiB swap=64.0MiB max=358.0MiB cpu.usage_usec=1097748 method=swap_current_delta_fallback detail={'delta_swap_current': 0, 'swap_saturated': False, 'workingset_refault_anon': 3055} events={'low': 0, 'high': 0, 'max': 64, 'oom': 0, 'oom_kill': 0, 'oom_group_kill': 0}
[container_monitor] pf-C: current=314.7MiB swap=64.0MiB max=358.0MiB cpu.usage_usec=1102921 method=swap_current_delta_fallback detail={'delta_swap_current': 0, 'swap_saturated': False, 'workingset_refault_anon': 3055} events={'low': 0, 'high': 0, 'max': 64, 'oom': 0, 'oom_kill': 0, 'oom_group_kill': 0}
[container_monitor] pf-C: current=314.7MiB swap=64.0MiB max=358.0MiB cpu.usage_usec=1107873 method=swap_current_delta_fallback detail={'delta_swap_current': 0, 'swap_saturated': False, 'workingset_refault_anon': 3055} events={'low': 0, 'high': 0, 'max': 64, 'oom': 0, 'oom_kill': 0, 'oom_group_kill': 0}
[container_monitor] pf-C: current=314.7MiB swap=64.0MiB max=358.0MiB cpu.usage_usec=1112754 method=swap_current_delta_fallback detail={'delta_swap_current': 0, 'swap_saturated': False, 'workingset_refault_anon': 3056} events={'low': 0, 'high': 0, 'max': 64, 'oom': 0, 'oom_kill': 0, 'oom_group_kill': 0}
[container_monitor] pf-C: current=315.0MiB swap=64.0MiB max=358.0MiB cpu.usage_usec=1117666 method=swap_current_delta_fallback detail={'delta_swap_current': 0, 'swap_saturated': False, 'workingset_refault_anon': 3115} events={'low': 0, 'high': 0, 'max': 64, 'oom': 0, 'oom_kill': 0, 'oom_group_kill': 0}
[container_monitor] pf-C: current=315.1MiB swap=64.0MiB max=358.0MiB cpu.usage_usec=1122543 method=swap_current_delta_fallback detail={'delta_swap_current': 0, 'swap_saturated': False, 'workingset_refault_anon': 3139} events={'low': 0, 'high': 0, 'max': 64, 'oom': 0, 'oom_kill': 0, 'oom_group_kill': 0}
[container_monitor] pf-C: current=315.1MiB swap=64.0MiB max=358.0MiB cpu.usage_usec=1123402 method=swap_current_delta_fallback detail={'delta_swap_current': 0, 'swap_saturated': False, 'workingset_refault_anon': 3139} events={'low': 0, 'high': 0, 'max': 64, 'oom': 0, 'oom_kill': 0, 'oom_group_kill': 0}
[container_monitor] pf-C: current=315.1MiB swap=64.0MiB max=358.0MiB cpu.usage_usec=1124054 method=swap_current_delta_fallback detail={'delta_swap_current': 0, 'swap_saturated': False, 'workingset_refault_anon': 3139} events={'low': 0, 'high': 0, 'max': 64, 'oom': 0, 'oom_kill': 0, 'oom_group_kill': 0}
[container_monitor] pf-C: current=315.1MiB swap=64.0MiB max=358.0MiB cpu.usage_usec=1129796 method=swap_current_delta_fallback detail={'delta_swap_current': 0, 'swap_saturated': False, 'workingset_refault_anon': 3139} events={'low': 0, 'high': 0, 'max': 64, 'oom': 0, 'oom_kill': 0, 'oom_group_kill': 0}
[container_monitor] pf-C: current=315.1MiB swap=64.0MiB max=358.0MiB cpu.usage_usec=1135061 method=swap_current_delta_fallback detail={'delta_swap_current': 0, 'swap_saturated': False, 'workingset_refault_anon': 3139} events={'low': 0, 'high': 0, 'max': 64, 'oom': 0, 'oom_kill': 0, 'oom_group_kill': 0}
[container_monitor] pf-C: current=315.1MiB swap=64.0MiB max=358.0MiB cpu.usage_usec=1140294 method=swap_current_delta_fallback detail={'delta_swap_current': 0, 'swap_saturated': False, 'workingset_refault_anon': 3139} events={'low': 0, 'high': 0, 'max': 64, 'oom': 0, 'oom_kill': 0, 'oom_group_kill': 0}
[container_monitor] pf-C: current=315.1MiB swap=64.0MiB max=358.0MiB cpu.usage_usec=1145296 method=swap_current_delta_fallback detail={'delta_swap_current': 0, 'swap_saturated': False, 'workingset_refault_anon': 3139} events={'low': 0, 'high': 0, 'max': 64, 'oom': 0, 'oom_kill': 0, 'oom_group_kill': 0}
[container_monitor] pf-C: current=315.1MiB swap=64.0MiB max=358.0MiB cpu.usage_usec=1148795 method=swap_current_delta_fallback detail={'delta_swap_current': 0, 'swap_saturated': False, 'workingset_refault_anon': 3139} events={'low': 0, 'high': 0, 'max': 64, 'oom': 0, 'oom_kill': 0, 'oom_group_kill': 0}
[container_monitor] pf-C: current=315.1MiB swap=64.0MiB max=358.0MiB cpu.usage_usec=1149693 method=swap_current_delta_fallback detail={'delta_swap_current': 0, 'swap_saturated': False, 'workingset_refault_anon': 3139} events={'low': 0, 'high': 0, 'max': 64, 'oom': 0, 'oom_kill': 0, 'oom_group_kill': 0}
[container_monitor] pf-C: current=315.1MiB swap=64.0MiB max=358.0MiB cpu.usage_usec=1150580 method=swap_current_delta_fallback detail={'delta_swap_current': 0, 'swap_saturated': False, 'workingset_refault_anon': 3139} events={'low': 0, 'high': 0, 'max': 64, 'oom': 0, 'oom_kill': 0, 'oom_group_kill': 0}
[container_monitor] pf-C: current=315.1MiB swap=64.0MiB max=358.0MiB cpu.usage_usec=1151633 method=swap_current_delta_fallback detail={'delta_swap_current': 0, 'swap_saturated': False, 'workingset_refault_anon': 3139} events={'low': 0, 'high': 0, 'max': 64, 'oom': 0, 'oom_kill': 0, 'oom_group_kill': 0}
[container_monitor] pf-C: current=315.1MiB swap=64.0MiB max=358.0MiB cpu.usage_usec=1155737 method=swap_current_delta_fallback detail={'delta_swap_current': 0, 'swap_saturated': False, 'workingset_refault_anon': 3139} events={'low': 0, 'high': 0, 'max': 64, 'oom': 0, 'oom_kill': 0, 'oom_group_kill': 0}
[container_monitor] pf-C: current=315.1MiB swap=64.0MiB max=358.0MiB cpu.usage_usec=1160171 method=swap_current_delta_fallback detail={'delta_swap_current': 0, 'swap_saturated': False, 'workingset_refault_anon': 3139} events={'low': 0, 'high': 0, 'max': 64, 'oom': 0, 'oom_kill': 0, 'oom_group_kill': 0}
[container_monitor] pf-C: current=315.1MiB swap=64.0MiB max=358.0MiB cpu.usage_usec=1164625 method=swap_current_delta_fallback detail={'delta_swap_current': 0, 'swap_saturated': False, 'workingset_refault_anon': 3139} events={'low': 0, 'high': 0, 'max': 64, 'oom': 0, 'oom_kill': 0, 'oom_group_kill': 0}
[container_monitor] pf-C: current=315.2MiB swap=64.0MiB max=358.0MiB cpu.usage_usec=1169782 method=swap_current_delta_fallback detail={'delta_swap_current': 0, 'swap_saturated': False, 'workingset_refault_anon': 3139} events={'low': 0, 'high': 0, 'max': 64, 'oom': 0, 'oom_kill': 0, 'oom_group_kill': 0}
[container_monitor] pf-C: current=315.2MiB swap=64.0MiB max=358.0MiB cpu.usage_usec=1170891 method=swap_current_delta_fallback detail={'delta_swap_current': 0, 'swap_saturated': False, 'workingset_refault_anon': 3146} events={'low': 0, 'high': 0, 'max': 64, 'oom': 0, 'oom_kill': 0, 'oom_group_kill': 0}
[container_monitor] pf-C: current=315.2MiB swap=64.0MiB max=358.0MiB cpu.usage_usec=1172263 method=swap_current_delta_fallback detail={'delta_swap_current': 0, 'swap_saturated': False, 'workingset_refault_anon': 3146} events={'low': 0, 'high': 0, 'max': 64, 'oom': 0, 'oom_kill': 0, 'oom_group_kill': 0}
[container_monitor] pf-C: current=315.2MiB swap=64.0MiB max=358.0MiB cpu.usage_usec=1173084 method=swap_current_delta_fallback detail={'delta_swap_current': 0, 'swap_saturated': False, 'workingset_refault_anon': 3146} events={'low': 0, 'high': 0, 'max': 64, 'oom': 0, 'oom_kill': 0, 'oom_group_kill': 0}
[container_monitor] pf-C: current=315.2MiB swap=64.0MiB max=358.0MiB cpu.usage_usec=1178091 method=swap_current_delta_fallback detail={'delta_swap_current': 0, 'swap_saturated': False, 'workingset_refault_anon': 3146} events={'low': 0, 'high': 0, 'max': 64, 'oom': 0, 'oom_kill': 0, 'oom_group_kill': 0}
[container_monitor] pf-C: current=315.2MiB swap=64.0MiB max=358.0MiB cpu.usage_usec=1183631 method=swap_current_delta_fallback detail={'delta_swap_current': 0, 'swap_saturated': False, 'workingset_refault_anon': 3146} events={'low': 0, 'high': 0, 'max': 64, 'oom': 0, 'oom_kill': 0, 'oom_group_kill': 0}
[container_monitor] pf-C: current=315.2MiB swap=64.0MiB max=358.0MiB cpu.usage_usec=1187680 method=swap_current_delta_fallback detail={'delta_swap_current': 0, 'swap_saturated': False, 'workingset_refault_anon': 3146} events={'low': 0, 'high': 0, 'max': 64, 'oom': 0, 'oom_kill': 0, 'oom_group_kill': 0}
[container_monitor] pf-C: current=315.2MiB swap=64.0MiB max=358.0MiB cpu.usage_usec=1191301 method=swap_current_delta_fallback detail={'delta_swap_current': 0, 'swap_saturated': False, 'workingset_refault_anon': 3146} events={'low': 0, 'high': 0, 'max': 64, 'oom': 0, 'oom_kill': 0, 'oom_group_kill': 0}
[container_monitor] pf-C: current=315.2MiB swap=64.0MiB max=358.0MiB cpu.usage_usec=1192085 method=swap_current_delta_fallback detail={'delta_swap_current': 0, 'swap_saturated': False, 'workingset_refault_anon': 3153} events={'low': 0, 'high': 0, 'max': 64, 'oom': 0, 'oom_kill': 0, 'oom_group_kill': 0}
[container_monitor] pf-C: current=315.2MiB swap=64.0MiB max=358.0MiB cpu.usage_usec=1192879 method=swap_current_delta_fallback detail={'delta_swap_current': 0, 'swap_saturated': False, 'workingset_refault_anon': 3153} events={'low': 0, 'high': 0, 'max': 64, 'oom': 0, 'oom_kill': 0, 'oom_group_kill': 0}
[container_monitor] pf-C: current=315.2MiB swap=64.0MiB max=358.0MiB cpu.usage_usec=1193734 method=swap_current_delta_fallback detail={'delta_swap_current': 0, 'swap_saturated': False, 'workingset_refault_anon': 3153} events={'low': 0, 'high': 0, 'max': 64, 'oom': 0, 'oom_kill': 0, 'oom_group_kill': 0}
[container_monitor] pf-C: current=315.2MiB swap=64.0MiB max=358.0MiB cpu.usage_usec=1200541 method=swap_current_delta_fallback detail={'delta_swap_current': 0, 'swap_saturated': False, 'workingset_refault_anon': 3153} events={'low': 0, 'high': 0, 'max': 64, 'oom': 0, 'oom_kill': 0, 'oom_group_kill': 0}
[container_monitor] pf-C: current=315.2MiB swap=64.0MiB max=358.0MiB cpu.usage_usec=1204622 method=swap_current_delta_fallback detail={'delta_swap_current': 0, 'swap_saturated': False, 'workingset_refault_anon': 3153} events={'low': 0, 'high': 0, 'max': 64, 'oom': 0, 'oom_kill': 0, 'oom_group_kill': 0}
[container_monitor] pf-C: current=315.3MiB swap=64.0MiB max=358.0MiB cpu.usage_usec=1208675 method=swap_current_delta_fallback detail={'delta_swap_current': 0, 'swap_saturated': False, 'workingset_refault_anon': 3177} events={'low': 0, 'high': 0, 'max': 64, 'oom': 0, 'oom_kill': 0, 'oom_group_kill': 0}
[container_monitor] pf-C: current=315.3MiB swap=64.0MiB max=358.0MiB cpu.usage_usec=1209399 method=swap_current_delta_fallback detail={'delta_swap_current': 0, 'swap_saturated': False, 'workingset_refault_anon': 3177} events={'low': 0, 'high': 0, 'max': 64, 'oom': 0, 'oom_kill': 0, 'oom_group_kill': 0}
[container_monitor] pf-C: current=315.3MiB swap=64.0MiB max=358.0MiB cpu.usage_usec=1210090 method=swap_current_delta_fallback detail={'delta_swap_current': 0, 'swap_saturated': False, 'workingset_refault_anon': 3177} events={'low': 0, 'high': 0, 'max': 64, 'oom': 0, 'oom_kill': 0, 'oom_group_kill': 0}
[container_monitor] pf-C: current=315.3MiB swap=64.0MiB max=358.0MiB cpu.usage_usec=1210951 method=swap_current_delta_fallback detail={'delta_swap_current': 0, 'swap_saturated': False, 'workingset_refault_anon': 3177} events={'low': 0, 'high': 0, 'max': 64, 'oom': 0, 'oom_kill': 0, 'oom_group_kill': 0}
[container_monitor] pf-C: current=315.3MiB swap=64.0MiB max=358.0MiB cpu.usage_usec=1217316 method=swap_current_delta_fallback detail={'delta_swap_current': 0, 'swap_saturated': False, 'workingset_refault_anon': 3177} events={'low': 0, 'high': 0, 'max': 64, 'oom': 0, 'oom_kill': 0, 'oom_group_kill': 0}
[container_monitor] pf-C: current=315.5MiB swap=64.0MiB max=358.0MiB cpu.usage_usec=1221918 method=swap_current_delta_fallback detail={'delta_swap_current': 0, 'swap_saturated': False, 'workingset_refault_anon': 3177} events={'low': 0, 'high': 0, 'max': 64, 'oom': 0, 'oom_kill': 0, 'oom_group_kill': 0}
[container_monitor] pf-C: current=315.3MiB swap=64.0MiB max=358.0MiB cpu.usage_usec=1222936 method=swap_current_delta_fallback detail={'delta_swap_current': 0, 'swap_saturated': False, 'workingset_refault_anon': 3178} events={'low': 0, 'high': 0, 'max': 64, 'oom': 0, 'oom_kill': 0, 'oom_group_kill': 0}
[container_monitor] pf-C: current=315.3MiB swap=64.0MiB max=358.0MiB cpu.usage_usec=1223888 method=swap_current_delta_fallback detail={'delta_swap_current': 0, 'swap_saturated': False, 'workingset_refault_anon': 3178} events={'low': 0, 'high': 0, 'max': 64, 'oom': 0, 'oom_kill': 0, 'oom_group_kill': 0}
[container_monitor] pf-C: current=315.3MiB swap=64.0MiB max=358.0MiB cpu.usage_usec=1224574 method=swap_current_delta_fallback detail={'delta_swap_current': 0, 'swap_saturated': False, 'workingset_refault_anon': 3178} events={'low': 0, 'high': 0, 'max': 64, 'oom': 0, 'oom_kill': 0, 'oom_group_kill': 0}
[container_monitor] pf-C: current=315.3MiB swap=64.0MiB max=358.0MiB cpu.usage_usec=1225548 method=swap_current_delta_fallback detail={'delta_swap_current': 0, 'swap_saturated': False, 'workingset_refault_anon': 3178} events={'low': 0, 'high': 0, 'max': 64, 'oom': 0, 'oom_kill': 0, 'oom_group_kill': 0}
[container_monitor] pf-C: current=315.3MiB swap=64.0MiB max=358.0MiB cpu.usage_usec=1232435 method=swap_current_delta_fallback detail={'delta_swap_current': 0, 'swap_saturated': False, 'workingset_refault_anon': 3178} events={'low': 0, 'high': 0, 'max': 64, 'oom': 0, 'oom_kill': 0, 'oom_group_kill': 0}
[container_monitor] pf-C: current=315.3MiB swap=64.0MiB max=358.0MiB cpu.usage_usec=1236960 method=swap_current_delta_fallback detail={'delta_swap_current': 0, 'swap_saturated': False, 'workingset_refault_anon': 3178} events={'low': 0, 'high': 0, 'max': 64, 'oom': 0, 'oom_kill': 0, 'oom_group_kill': 0}
[container_monitor] pf-C: current=315.6MiB swap=64.0MiB max=358.0MiB cpu.usage_usec=1241661 method=swap_current_delta_fallback detail={'delta_swap_current': 0, 'swap_saturated': False, 'workingset_refault_anon': 3178} events={'low': 0, 'high': 0, 'max': 64, 'oom': 0, 'oom_kill': 0, 'oom_group_kill': 0}
[container_monitor] pf-C: current=315.6MiB swap=64.0MiB max=358.0MiB cpu.usage_usec=1243978 method=swap_current_delta_fallback detail={'delta_swap_current': 0, 'swap_saturated': False, 'workingset_refault_anon': 3193} events={'low': 0, 'high': 0, 'max': 64, 'oom': 0, 'oom_kill': 0, 'oom_group_kill': 0}
[container_monitor] pf-C: current=315.4MiB swap=64.0MiB max=358.0MiB cpu.usage_usec=1245089 method=swap_current_delta_fallback detail={'delta_swap_current': 0, 'swap_saturated': False, 'workingset_refault_anon': 3193} events={'low': 0, 'high': 0, 'max': 64, 'oom': 0, 'oom_kill': 0, 'oom_group_kill': 0}
[container_monitor] pf-C: current=315.4MiB swap=64.0MiB max=358.0MiB cpu.usage_usec=1245979 method=swap_current_delta_fallback detail={'delta_swap_current': 0, 'swap_saturated': False, 'workingset_refault_anon': 3193} events={'low': 0, 'high': 0, 'max': 64, 'oom': 0, 'oom_kill': 0, 'oom_group_kill': 0}
[container_monitor] pf-C: current=315.4MiB swap=64.0MiB max=358.0MiB cpu.usage_usec=1250320 method=swap_current_delta_fallback detail={'delta_swap_current': 0, 'swap_saturated': False, 'workingset_refault_anon': 3193} events={'low': 0, 'high': 0, 'max': 64, 'oom': 0, 'oom_kill': 0, 'oom_group_kill': 0}
[container_monitor] pf-C: current=315.4MiB swap=64.0MiB max=358.0MiB cpu.usage_usec=1254848 method=swap_current_delta_fallback detail={'delta_swap_current': 0, 'swap_saturated': False, 'workingset_refault_anon': 3193} events={'low': 0, 'high': 0, 'max': 64, 'oom': 0, 'oom_kill': 0, 'oom_group_kill': 0}
[container_monitor] pf-C: current=315.6MiB swap=64.0MiB max=358.0MiB cpu.usage_usec=1259806 method=swap_current_delta_fallback detail={'delta_swap_current': 0, 'swap_saturated': False, 'workingset_refault_anon': 3193} events={'low': 0, 'high': 0, 'max': 64, 'oom': 0, 'oom_kill': 0, 'oom_group_kill': 0}
[container_monitor] pf-C: current=315.7MiB swap=64.0MiB max=358.0MiB cpu.usage_usec=1264677 method=swap_current_delta_fallback detail={'delta_swap_current': 0, 'swap_saturated': False, 'workingset_refault_anon': 3203} events={'low': 0, 'high': 0, 'max': 64, 'oom': 0, 'oom_kill': 0, 'oom_group_kill': 0}
[container_monitor] pf-C: current=315.6MiB swap=64.0MiB max=358.0MiB cpu.usage_usec=1269651 method=swap_current_delta_fallback detail={'delta_swap_current': 0, 'swap_saturated': False, 'workingset_refault_anon': 3263} events={'low': 0, 'high': 0, 'max': 64, 'oom': 0, 'oom_kill': 0, 'oom_group_kill': 0}
[container_monitor] pf-C: current=315.9MiB swap=64.0MiB max=358.0MiB cpu.usage_usec=1271322 method=swap_current_delta_fallback detail={'delta_swap_current': 0, 'swap_saturated': False, 'workingset_refault_anon': 3271} events={'low': 0, 'high': 0, 'max': 64, 'oom': 0, 'oom_kill': 0, 'oom_group_kill': 0}
[container_monitor] pf-C: current=315.7MiB swap=64.0MiB max=358.0MiB cpu.usage_usec=1272070 method=swap_current_delta_fallback detail={'delta_swap_current': 0, 'swap_saturated': False, 'workingset_refault_anon': 3271} events={'low': 0, 'high': 0, 'max': 64, 'oom': 0, 'oom_kill': 0, 'oom_group_kill': 0}
[container_monitor] pf-C: current=315.7MiB swap=64.0MiB max=358.0MiB cpu.usage_usec=1277576 method=swap_current_delta_fallback detail={'delta_swap_current': 0, 'swap_saturated': False, 'workingset_refault_anon': 3271} events={'low': 0, 'high': 0, 'max': 64, 'oom': 0, 'oom_kill': 0, 'oom_group_kill': 0}
[container_monitor] pf-C: current=315.7MiB swap=64.0MiB max=358.0MiB cpu.usage_usec=1281827 method=swap_current_delta_fallback detail={'delta_swap_current': 0, 'swap_saturated': False, 'workingset_refault_anon': 3271} events={'low': 0, 'high': 0, 'max': 64, 'oom': 0, 'oom_kill': 0, 'oom_group_kill': 0}
[container_monitor] pf-C: current=315.7MiB swap=64.0MiB max=358.0MiB cpu.usage_usec=1286103 method=swap_current_delta_fallback detail={'delta_swap_current': 0, 'swap_saturated': False, 'workingset_refault_anon': 3271} events={'low': 0, 'high': 0, 'max': 64, 'oom': 0, 'oom_kill': 0, 'oom_group_kill': 0}
[container_monitor] pf-C: current=315.7MiB swap=64.0MiB max=358.0MiB cpu.usage_usec=1287021 method=swap_current_delta_fallback detail={'delta_swap_current': 0, 'swap_saturated': False, 'workingset_refault_anon': 3271} events={'low': 0, 'high': 0, 'max': 64, 'oom': 0, 'oom_kill': 0, 'oom_group_kill': 0}
[container_monitor] pf-C: current=315.7MiB swap=64.0MiB max=358.0MiB cpu.usage_usec=1287849 method=swap_current_delta_fallback detail={'delta_swap_current': 0, 'swap_saturated': False, 'workingset_refault_anon': 3271} events={'low': 0, 'high': 0, 'max': 64, 'oom': 0, 'oom_kill': 0, 'oom_group_kill': 0}
[container_monitor] pf-C: current=315.9MiB swap=64.0MiB max=358.0MiB cpu.usage_usec=1289312 method=swap_current_delta_fallback detail={'delta_swap_current': 0, 'swap_saturated': False, 'workingset_refault_anon': 3271} events={'low': 0, 'high': 0, 'max': 64, 'oom': 0, 'oom_kill': 0, 'oom_group_kill': 0}
[container_monitor] pf-C: current=315.7MiB swap=64.0MiB max=358.0MiB cpu.usage_usec=1291768 method=swap_current_delta_fallback detail={'delta_swap_current': 0, 'swap_saturated': False, 'workingset_refault_anon': 3277} events={'low': 0, 'high': 0, 'max': 64, 'oom': 0, 'oom_kill': 0, 'oom_group_kill': 0}
[container_monitor] pf-C: current=315.7MiB swap=64.0MiB max=358.0MiB cpu.usage_usec=1296802 method=swap_current_delta_fallback detail={'delta_swap_current': 0, 'swap_saturated': False, 'workingset_refault_anon': 3277} events={'low': 0, 'high': 0, 'max': 64, 'oom': 0, 'oom_kill': 0, 'oom_group_kill': 0}
[container_monitor] pf-C: current=315.7MiB swap=64.0MiB max=358.0MiB cpu.usage_usec=1301228 method=swap_current_delta_fallback detail={'delta_swap_current': 0, 'swap_saturated': False, 'workingset_refault_anon': 3277} events={'low': 0, 'high': 0, 'max': 64, 'oom': 0, 'oom_kill': 0, 'oom_group_kill': 0}
[container_monitor] pf-C: current=315.7MiB swap=64.0MiB max=358.0MiB cpu.usage_usec=1302025 method=swap_current_delta_fallback detail={'delta_swap_current': 0, 'swap_saturated': False, 'workingset_refault_anon': 3277} events={'low': 0, 'high': 0, 'max': 64, 'oom': 0, 'oom_kill': 0, 'oom_group_kill': 0}
[container_monitor] pf-C: current=315.7MiB swap=64.0MiB max=358.0MiB cpu.usage_usec=1303290 method=swap_current_delta_fallback detail={'delta_swap_current': 0, 'swap_saturated': False, 'workingset_refault_anon': 3277} events={'low': 0, 'high': 0, 'max': 64, 'oom': 0, 'oom_kill': 0, 'oom_group_kill': 0}
[container_monitor] pf-C: current=315.7MiB swap=64.0MiB max=358.0MiB cpu.usage_usec=1304037 method=swap_current_delta_fallback detail={'delta_swap_current': 0, 'swap_saturated': False, 'workingset_refault_anon': 3277} events={'low': 0, 'high': 0, 'max': 64, 'oom': 0, 'oom_kill': 0, 'oom_group_kill': 0}
[container_monitor] pf-C: current=315.9MiB swap=64.0MiB max=358.0MiB cpu.usage_usec=1307758 method=swap_current_delta_fallback detail={'delta_swap_current': 0, 'swap_saturated': False, 'workingset_refault_anon': 3277} events={'low': 0, 'high': 0, 'max': 64, 'oom': 0, 'oom_kill': 0, 'oom_group_kill': 0}
[container_monitor] pf-C: current=315.7MiB swap=64.0MiB max=358.0MiB cpu.usage_usec=1313304 method=swap_current_delta_fallback detail={'delta_swap_current': 0, 'swap_saturated': False, 'workingset_refault_anon': 3277} events={'low': 0, 'high': 0, 'max': 64, 'oom': 0, 'oom_kill': 0, 'oom_group_kill': 0}
[container_monitor] pf-C: current=316.7MiB swap=64.0MiB max=358.0MiB cpu.usage_usec=1318086 method=swap_current_delta_fallback detail={'delta_swap_current': 0, 'swap_saturated': False, 'workingset_refault_anon': 3277} events={'low': 0, 'high': 0, 'max': 64, 'oom': 0, 'oom_kill': 0, 'oom_group_kill': 0}
[container_monitor] pf-C: current=316.7MiB swap=64.0MiB max=358.0MiB cpu.usage_usec=1322048 method=swap_current_delta_fallback detail={'delta_swap_current': 0, 'swap_saturated': False, 'workingset_refault_anon': 3277} events={'low': 0, 'high': 0, 'max': 64, 'oom': 0, 'oom_kill': 0, 'oom_group_kill': 0}
[container_monitor] pf-C: current=316.7MiB swap=64.0MiB max=358.0MiB cpu.usage_usec=1322792 method=swap_current_delta_fallback detail={'delta_swap_current': 0, 'swap_saturated': False, 'workingset_refault_anon': 3277} events={'low': 0, 'high': 0, 'max': 64, 'oom': 0, 'oom_kill': 0, 'oom_group_kill': 0}
[container_monitor] pf-C: current=316.7MiB swap=64.0MiB max=358.0MiB cpu.usage_usec=1323737 method=swap_current_delta_fallback detail={'delta_swap_current': 0, 'swap_saturated': False, 'workingset_refault_anon': 3277} events={'low': 0, 'high': 0, 'max': 64, 'oom': 0, 'oom_kill': 0, 'oom_group_kill': 0}
[container_monitor] pf-C: current=316.7MiB swap=64.0MiB max=358.0MiB cpu.usage_usec=1325355 method=swap_current_delta_fallback detail={'delta_swap_current': 0, 'swap_saturated': False, 'workingset_refault_anon': 3277} events={'low': 0, 'high': 0, 'max': 64, 'oom': 0, 'oom_kill': 0, 'oom_group_kill': 0}
[container_monitor] pf-C: current=317.2MiB swap=64.0MiB max=358.0MiB cpu.usage_usec=1328900 method=swap_current_delta_fallback detail={'delta_swap_current': 0, 'swap_saturated': False, 'workingset_refault_anon': 3277} events={'low': 0, 'high': 0, 'max': 64, 'oom': 0, 'oom_kill': 0, 'oom_group_kill': 0}
[container_monitor] pf-C: current=318.7MiB swap=64.0MiB max=358.0MiB cpu.usage_usec=1334232 method=swap_current_delta_fallback detail={'delta_swap_current': 0, 'swap_saturated': False, 'workingset_refault_anon': 3277} events={'low': 0, 'high': 0, 'max': 64, 'oom': 0, 'oom_kill': 0, 'oom_group_kill': 0}
[container_monitor] pf-C: current=321.2MiB swap=64.0MiB max=358.0MiB cpu.usage_usec=1338859 method=swap_current_delta_fallback detail={'delta_swap_current': 0, 'swap_saturated': False, 'workingset_refault_anon': 3277} events={'low': 0, 'high': 0, 'max': 64, 'oom': 0, 'oom_kill': 0, 'oom_group_kill': 0}
[container_monitor] pf-C: current=322.4MiB swap=64.0MiB max=358.0MiB cpu.usage_usec=1344503 method=swap_current_delta_fallback detail={'delta_swap_current': 0, 'swap_saturated': False, 'workingset_refault_anon': 3277} events={'low': 0, 'high': 0, 'max': 64, 'oom': 0, 'oom_kill': 0, 'oom_group_kill': 0}
[container_monitor] pf-C: current=323.6MiB swap=64.0MiB max=358.0MiB cpu.usage_usec=1349977 method=swap_current_delta_fallback detail={'delta_swap_current': 0, 'swap_saturated': False, 'workingset_refault_anon': 3277} events={'low': 0, 'high': 0, 'max': 64, 'oom': 0, 'oom_kill': 0, 'oom_group_kill': 0}
[container_monitor] pf-C: current=324.3MiB swap=64.0MiB max=358.0MiB cpu.usage_usec=1354973 method=swap_current_delta_fallback detail={'delta_swap_current': 0, 'swap_saturated': False, 'workingset_refault_anon': 3277} events={'low': 0, 'high': 0, 'max': 64, 'oom': 0, 'oom_kill': 0, 'oom_group_kill': 0}
[container_monitor] pf-C: current=326.0MiB swap=64.0MiB max=358.0MiB cpu.usage_usec=1360425 method=swap_current_delta_fallback detail={'delta_swap_current': 0, 'swap_saturated': False, 'workingset_refault_anon': 3277} events={'low': 0, 'high': 0, 'max': 64, 'oom': 0, 'oom_kill': 0, 'oom_group_kill': 0}
[container_monitor] pf-C: current=327.0MiB swap=64.0MiB max=358.0MiB cpu.usage_usec=1364732 method=swap_current_delta_fallback detail={'delta_swap_current': 0, 'swap_saturated': False, 'workingset_refault_anon': 3277} events={'low': 0, 'high': 0, 'max': 64, 'oom': 0, 'oom_kill': 0, 'oom_group_kill': 0}
[container_monitor] pf-C: current=329.6MiB swap=64.0MiB max=358.0MiB cpu.usage_usec=1370461 method=swap_current_delta_fallback detail={'delta_swap_current': 0, 'swap_saturated': False, 'workingset_refault_anon': 3277} events={'low': 0, 'high': 0, 'max': 64, 'oom': 0, 'oom_kill': 0, 'oom_group_kill': 0}
[container_monitor] pf-C: current=330.8MiB swap=64.0MiB max=358.0MiB cpu.usage_usec=1375086 method=swap_current_delta_fallback detail={'delta_swap_current': 0, 'swap_saturated': False, 'workingset_refault_anon': 3277} events={'low': 0, 'high': 0, 'max': 64, 'oom': 0, 'oom_kill': 0, 'oom_group_kill': 0}
[container_monitor] pf-C: current=332.2MiB swap=64.0MiB max=358.0MiB cpu.usage_usec=1380462 method=swap_current_delta_fallback detail={'delta_swap_current': 0, 'swap_saturated': False, 'workingset_refault_anon': 3277} events={'low': 0, 'high': 0, 'max': 64, 'oom': 0, 'oom_kill': 0, 'oom_group_kill': 0}
[container_monitor] pf-C: current=333.2MiB swap=64.0MiB max=358.0MiB cpu.usage_usec=1384707 method=swap_current_delta_fallback detail={'delta_swap_current': 0, 'swap_saturated': False, 'workingset_refault_anon': 3277} events={'low': 0, 'high': 0, 'max': 64, 'oom': 0, 'oom_kill': 0, 'oom_group_kill': 0}
[container_monitor] pf-C: current=335.1MiB swap=64.0MiB max=358.0MiB cpu.usage_usec=1390615 method=swap_current_delta_fallback detail={'delta_swap_current': 0, 'swap_saturated': False, 'workingset_refault_anon': 3277} events={'low': 0, 'high': 0, 'max': 64, 'oom': 0, 'oom_kill': 0, 'oom_group_kill': 0}
[container_monitor] pf-C: current=336.6MiB swap=64.0MiB max=358.0MiB cpu.usage_usec=1395022 method=swap_current_delta_fallback detail={'delta_swap_current': 0, 'swap_saturated': False, 'workingset_refault_anon': 3277} events={'low': 0, 'high': 0, 'max': 64, 'oom': 0, 'oom_kill': 0, 'oom_group_kill': 0}
[container_monitor] pf-C: current=338.1MiB swap=64.0MiB max=358.0MiB cpu.usage_usec=1400473 method=swap_current_delta_fallback detail={'delta_swap_current': 0, 'swap_saturated': False, 'workingset_refault_anon': 3277} events={'low': 0, 'high': 0, 'max': 64, 'oom': 0, 'oom_kill': 0, 'oom_group_kill': 0}
[container_monitor] pf-C: current=338.6MiB swap=64.0MiB max=358.0MiB cpu.usage_usec=1404994 method=swap_current_delta_fallback detail={'delta_swap_current': 0, 'swap_saturated': False, 'workingset_refault_anon': 3277} events={'low': 0, 'high': 0, 'max': 64, 'oom': 0, 'oom_kill': 0, 'oom_group_kill': 0}
[container_monitor] pf-C: current=339.5MiB swap=64.0MiB max=358.0MiB cpu.usage_usec=1410277 method=swap_current_delta_fallback detail={'delta_swap_current': 0, 'swap_saturated': False, 'workingset_refault_anon': 3277} events={'low': 0, 'high': 0, 'max': 64, 'oom': 0, 'oom_kill': 0, 'oom_group_kill': 0}
[container_monitor] pf-C: current=340.6MiB swap=64.0MiB max=358.0MiB cpu.usage_usec=1414937 method=swap_current_delta_fallback detail={'delta_swap_current': 0, 'swap_saturated': False, 'workingset_refault_anon': 3277} events={'low': 0, 'high': 0, 'max': 64, 'oom': 0, 'oom_kill': 0, 'oom_group_kill': 0}
[container_monitor] pf-C: current=341.8MiB swap=64.0MiB max=358.0MiB cpu.usage_usec=1420455 method=swap_current_delta_fallback detail={'delta_swap_current': 0, 'swap_saturated': False, 'workingset_refault_anon': 3277} events={'low': 0, 'high': 0, 'max': 64, 'oom': 0, 'oom_kill': 0, 'oom_group_kill': 0}
[container_monitor] pf-C: current=342.9MiB swap=64.0MiB max=358.0MiB cpu.usage_usec=1424935 method=swap_current_delta_fallback detail={'delta_swap_current': 0, 'swap_saturated': False, 'workingset_refault_anon': 3277} events={'low': 0, 'high': 0, 'max': 64, 'oom': 0, 'oom_kill': 0, 'oom_group_kill': 0}
[container_monitor] pf-C: current=344.9MiB swap=64.0MiB max=358.0MiB cpu.usage_usec=1429916 method=swap_current_delta_fallback detail={'delta_swap_current': 0, 'swap_saturated': False, 'workingset_refault_anon': 3277} events={'low': 0, 'high': 0, 'max': 64, 'oom': 0, 'oom_kill': 0, 'oom_group_kill': 0}
[container_monitor] pf-C: current=346.9MiB swap=64.0MiB max=358.0MiB cpu.usage_usec=1434824 method=swap_current_delta_fallback detail={'delta_swap_current': 0, 'swap_saturated': False, 'workingset_refault_anon': 3277} events={'low': 0, 'high': 0, 'max': 64, 'oom': 0, 'oom_kill': 0, 'oom_group_kill': 0}
[container_monitor] pf-C: current=349.4MiB swap=64.0MiB max=358.0MiB cpu.usage_usec=1439975 method=swap_current_delta_fallback detail={'delta_swap_current': 0, 'swap_saturated': False, 'workingset_refault_anon': 3277} events={'low': 0, 'high': 0, 'max': 64, 'oom': 0, 'oom_kill': 0, 'oom_group_kill': 0}
[container_monitor] pf-C: current=350.4MiB swap=64.0MiB max=358.0MiB cpu.usage_usec=1444679 method=swap_current_delta_fallback detail={'delta_swap_current': 0, 'swap_saturated': False, 'workingset_refault_anon': 3277} events={'low': 0, 'high': 0, 'max': 64, 'oom': 0, 'oom_kill': 0, 'oom_group_kill': 0}
[container_monitor] pf-C: current=352.1MiB swap=64.0MiB max=358.0MiB cpu.usage_usec=1449935 method=swap_current_delta_fallback detail={'delta_swap_current': 0, 'swap_saturated': False, 'workingset_refault_anon': 3277} events={'low': 0, 'high': 0, 'max': 64, 'oom': 0, 'oom_kill': 0, 'oom_group_kill': 0}
[container_monitor] pf-C: current=353.6MiB swap=64.0MiB max=358.0MiB cpu.usage_usec=1455161 method=swap_current_delta_fallback detail={'delta_swap_current': 0, 'swap_saturated': False, 'workingset_refault_anon': 3277} events={'low': 0, 'high': 0, 'max': 64, 'oom': 0, 'oom_kill': 0, 'oom_group_kill': 0}
[container_monitor] pf-C: current=354.8MiB swap=64.0MiB max=358.0MiB cpu.usage_usec=1459679 method=swap_current_delta_fallback detail={'delta_swap_current': 0, 'swap_saturated': False, 'workingset_refault_anon': 3277} events={'low': 0, 'high': 0, 'max': 64, 'oom': 0, 'oom_kill': 0, 'oom_group_kill': 0}
[container_monitor] pf-C: current=357.3MiB swap=64.0MiB max=358.0MiB cpu.usage_usec=1465055 method=swap_current_delta_fallback detail={'delta_swap_current': 0, 'swap_saturated': False, 'workingset_refault_anon': 3277} events={'low': 0, 'high': 0, 'max': 64, 'oom': 0, 'oom_kill': 0, 'oom_group_kill': 0}
[container_monitor] pf-C: current=358.0MiB swap=64.1MiB max=358.0MiB cpu.usage_usec=1469636 method=swap_current_delta_fallback detail={'delta_swap_current': 90112, 'swap_saturated': False, 'workingset_refault_anon': 3277} events={'low': 0, 'high': 0, 'max': 65, 'oom': 0, 'oom_kill': 0, 'oom_group_kill': 0}
[container_monitor] pf-C: OCM 감지 (method=swap_current_delta_fallback, detail={'delta_swap_current': 90112, 'swap_saturated': False, 'workingset_refault_anon': 3277})
[puff_manager] pf-C: puff 적용 358MiB -> 501MiB
[container_monitor] pf-C: puff 완료, 새 메모리 한도 501MiB
[container_monitor] pf-C: 이미 suspend 상태, 재적용 생략
[container_monitor] pf-C: current=362.4MiB swap=66.4MiB max=501.0MiB cpu.usage_usec=1477481 method=swap_current_delta_fallback detail={'delta_swap_current': 2404352, 'swap_saturated': False, 'workingset_refault_anon': 3277} events={'low': 0, 'high': 0, 'max': 65, 'oom': 0, 'oom_kill': 0, 'oom_group_kill': 0}
[container_monitor] pf-C: current=364.5MiB swap=66.4MiB max=501.0MiB cpu.usage_usec=1482710 method=swap_current_delta_fallback detail={'delta_swap_current': 0, 'swap_saturated': False, 'workingset_refault_anon': 3277} events={'low': 0, 'high': 0, 'max': 65, 'oom': 0, 'oom_kill': 0, 'oom_group_kill': 0}
[container_monitor] pf-C: current=366.5MiB swap=66.4MiB max=501.0MiB cpu.usage_usec=1487497 method=swap_current_delta_fallback detail={'delta_swap_current': 0, 'swap_saturated': False, 'workingset_refault_anon': 3277} events={'low': 0, 'high': 0, 'max': 65, 'oom': 0, 'oom_kill': 0, 'oom_group_kill': 0}
[container_monitor] pf-C: current=368.6MiB swap=66.4MiB max=501.0MiB cpu.usage_usec=1492279 method=swap_current_delta_fallback detail={'delta_swap_current': 0, 'swap_saturated': False, 'workingset_refault_anon': 3277} events={'low': 0, 'high': 0, 'max': 65, 'oom': 0, 'oom_kill': 0, 'oom_group_kill': 0}
[container_monitor] pf-C: current=371.5MiB swap=66.4MiB max=501.0MiB cpu.usage_usec=1497346 method=swap_current_delta_fallback detail={'delta_swap_current': 0, 'swap_saturated': False, 'workingset_refault_anon': 3277} events={'low': 0, 'high': 0, 'max': 65, 'oom': 0, 'oom_kill': 0, 'oom_group_kill': 0}
[container_monitor] pf-C: current=374.9MiB swap=66.4MiB max=501.0MiB cpu.usage_usec=1502839 method=swap_current_delta_fallback detail={'delta_swap_current': 0, 'swap_saturated': False, 'workingset_refault_anon': 3277} events={'low': 0, 'high': 0, 'max': 65, 'oom': 0, 'oom_kill': 0, 'oom_group_kill': 0}
[container_monitor] pf-C: current=376.6MiB swap=66.4MiB max=501.0MiB cpu.usage_usec=1507295 method=swap_current_delta_fallback detail={'delta_swap_current': 0, 'swap_saturated': False, 'workingset_refault_anon': 3277} events={'low': 0, 'high': 0, 'max': 65, 'oom': 0, 'oom_kill': 0, 'oom_group_kill': 0}
[container_monitor] pf-C: current=378.3MiB swap=66.4MiB max=501.0MiB cpu.usage_usec=1512374 method=swap_current_delta_fallback detail={'delta_swap_current': 0, 'swap_saturated': False, 'workingset_refault_anon': 3277} events={'low': 0, 'high': 0, 'max': 65, 'oom': 0, 'oom_kill': 0, 'oom_group_kill': 0}
[container_monitor] pf-C: current=379.7MiB swap=66.4MiB max=501.0MiB cpu.usage_usec=1517643 method=swap_current_delta_fallback detail={'delta_swap_current': 0, 'swap_saturated': False, 'workingset_refault_anon': 3277} events={'low': 0, 'high': 0, 'max': 65, 'oom': 0, 'oom_kill': 0, 'oom_group_kill': 0}
[container_monitor] pf-C: current=381.3MiB swap=66.4MiB max=501.0MiB cpu.usage_usec=1522500 method=swap_current_delta_fallback detail={'delta_swap_current': 0, 'swap_saturated': False, 'workingset_refault_anon': 3277} events={'low': 0, 'high': 0, 'max': 65, 'oom': 0, 'oom_kill': 0, 'oom_group_kill': 0}
[container_monitor] pf-C: current=384.1MiB swap=66.4MiB max=501.0MiB cpu.usage_usec=1527346 method=swap_current_delta_fallback detail={'delta_swap_current': 0, 'swap_saturated': False, 'workingset_refault_anon': 3277} events={'low': 0, 'high': 0, 'max': 65, 'oom': 0, 'oom_kill': 0, 'oom_group_kill': 0}
[container_monitor] pf-C: current=385.7MiB swap=66.4MiB max=501.0MiB cpu.usage_usec=1532415 method=swap_current_delta_fallback detail={'delta_swap_current': 0, 'swap_saturated': False, 'workingset_refault_anon': 3277} events={'low': 0, 'high': 0, 'max': 65, 'oom': 0, 'oom_kill': 0, 'oom_group_kill': 0}
[container_monitor] pf-C: current=388.0MiB swap=66.4MiB max=501.0MiB cpu.usage_usec=1538275 method=swap_current_delta_fallback detail={'delta_swap_current': 0, 'swap_saturated': False, 'workingset_refault_anon': 3277} events={'low': 0, 'high': 0, 'max': 65, 'oom': 0, 'oom_kill': 0, 'oom_group_kill': 0}
[container_monitor] pf-C: current=389.5MiB swap=66.4MiB max=501.0MiB cpu.usage_usec=1542622 method=swap_current_delta_fallback detail={'delta_swap_current': 0, 'swap_saturated': False, 'workingset_refault_anon': 3277} events={'low': 0, 'high': 0, 'max': 65, 'oom': 0, 'oom_kill': 0, 'oom_group_kill': 0}
[container_monitor] pf-C: current=391.2MiB swap=66.4MiB max=501.0MiB cpu.usage_usec=1547714 method=swap_current_delta_fallback detail={'delta_swap_current': 0, 'swap_saturated': False, 'workingset_refault_anon': 3277} events={'low': 0, 'high': 0, 'max': 65, 'oom': 0, 'oom_kill': 0, 'oom_group_kill': 0}
[container_monitor] pf-C: current=392.9MiB swap=66.4MiB max=501.0MiB cpu.usage_usec=1552605 method=swap_current_delta_fallback detail={'delta_swap_current': 0, 'swap_saturated': False, 'workingset_refault_anon': 3277} events={'low': 0, 'high': 0, 'max': 65, 'oom': 0, 'oom_kill': 0, 'oom_group_kill': 0}
[container_monitor] pf-C: current=395.3MiB swap=66.4MiB max=501.0MiB cpu.usage_usec=1557888 method=swap_current_delta_fallback detail={'delta_swap_current': 0, 'swap_saturated': False, 'workingset_refault_anon': 3277} events={'low': 0, 'high': 0, 'max': 65, 'oom': 0, 'oom_kill': 0, 'oom_group_kill': 0}
[container_monitor] pf-C: current=396.9MiB swap=66.4MiB max=501.0MiB cpu.usage_usec=1562666 method=swap_current_delta_fallback detail={'delta_swap_current': 0, 'swap_saturated': False, 'workingset_refault_anon': 3277} events={'low': 0, 'high': 0, 'max': 65, 'oom': 0, 'oom_kill': 0, 'oom_group_kill': 0}
[container_monitor] pf-C: current=398.1MiB swap=66.4MiB max=501.0MiB cpu.usage_usec=1567304 method=swap_current_delta_fallback detail={'delta_swap_current': 0, 'swap_saturated': False, 'workingset_refault_anon': 3277} events={'low': 0, 'high': 0, 'max': 65, 'oom': 0, 'oom_kill': 0, 'oom_group_kill': 0}
[container_monitor] pf-C: current=399.7MiB swap=66.4MiB max=501.0MiB cpu.usage_usec=1573227 method=swap_current_delta_fallback detail={'delta_swap_current': 0, 'swap_saturated': False, 'workingset_refault_anon': 3277} events={'low': 0, 'high': 0, 'max': 65, 'oom': 0, 'oom_kill': 0, 'oom_group_kill': 0}
[container_monitor] pf-C: current=403.2MiB swap=66.4MiB max=501.0MiB cpu.usage_usec=1577575 method=swap_current_delta_fallback detail={'delta_swap_current': 0, 'swap_saturated': False, 'workingset_refault_anon': 3277} events={'low': 0, 'high': 0, 'max': 65, 'oom': 0, 'oom_kill': 0, 'oom_group_kill': 0}
[container_monitor] pf-C: current=406.7MiB swap=66.4MiB max=501.0MiB cpu.usage_usec=1582512 method=swap_current_delta_fallback detail={'delta_swap_current': 0, 'swap_saturated': False, 'workingset_refault_anon': 3277} events={'low': 0, 'high': 0, 'max': 65, 'oom': 0, 'oom_kill': 0, 'oom_group_kill': 0}
[container_monitor] pf-C: current=410.2MiB swap=66.4MiB max=501.0MiB cpu.usage_usec=1587342 method=swap_current_delta_fallback detail={'delta_swap_current': 0, 'swap_saturated': False, 'workingset_refault_anon': 3277} events={'low': 0, 'high': 0, 'max': 65, 'oom': 0, 'oom_kill': 0, 'oom_group_kill': 0}
[container_monitor] pf-C: current=412.2MiB swap=66.1MiB max=501.0MiB cpu.usage_usec=1592374 method=swap_current_delta_fallback detail={'delta_swap_current': -262144, 'swap_saturated': False, 'workingset_refault_anon': 3305} events={'low': 0, 'high': 0, 'max': 65, 'oom': 0, 'oom_kill': 0, 'oom_group_kill': 0}
[container_monitor] pf-C: current=412.5MiB swap=65.9MiB max=501.0MiB cpu.usage_usec=1597289 method=swap_current_delta_fallback detail={'delta_swap_current': -262144, 'swap_saturated': False, 'workingset_refault_anon': 3400} events={'low': 0, 'high': 0, 'max': 65, 'oom': 0, 'oom_kill': 0, 'oom_group_kill': 0}
[container_monitor] pf-C: current=413.0MiB swap=65.6MiB max=501.0MiB cpu.usage_usec=1602287 method=swap_current_delta_fallback detail={'delta_swap_current': -262144, 'swap_saturated': False, 'workingset_refault_anon': 3508} events={'low': 0, 'high': 0, 'max': 65, 'oom': 0, 'oom_kill': 0, 'oom_group_kill': 0}
[container_monitor] pf-C: current=413.3MiB swap=65.4MiB max=501.0MiB cpu.usage_usec=1607297 method=swap_current_delta_fallback detail={'delta_swap_current': -262144, 'swap_saturated': False, 'workingset_refault_anon': 3600} events={'low': 0, 'high': 0, 'max': 65, 'oom': 0, 'oom_kill': 0, 'oom_group_kill': 0}
[container_monitor] pf-C: current=413.8MiB swap=64.9MiB max=501.0MiB cpu.usage_usec=1612295 method=swap_current_delta_fallback detail={'delta_swap_current': -524288, 'swap_saturated': False, 'workingset_refault_anon': 3721} events={'low': 0, 'high': 0, 'max': 65, 'oom': 0, 'oom_kill': 0, 'oom_group_kill': 0}
[container_monitor] pf-C: current=414.4MiB swap=64.4MiB max=501.0MiB cpu.usage_usec=1617328 method=swap_current_delta_fallback detail={'delta_swap_current': -524288, 'swap_saturated': False, 'workingset_refault_anon': 3869} events={'low': 0, 'high': 0, 'max': 65, 'oom': 0, 'oom_kill': 0, 'oom_group_kill': 0}
[container_monitor] pf-C: current=414.9MiB swap=64.1MiB max=501.0MiB cpu.usage_usec=1622284 method=swap_current_delta_fallback detail={'delta_swap_current': -262144, 'swap_saturated': False, 'workingset_refault_anon': 3999} events={'low': 0, 'high': 0, 'max': 65, 'oom': 0, 'oom_kill': 0, 'oom_group_kill': 0}
[container_monitor] pf-C: current=415.3MiB swap=63.9MiB max=501.0MiB cpu.usage_usec=1628206 method=swap_current_delta_fallback detail={'delta_swap_current': -262144, 'swap_saturated': False, 'workingset_refault_anon': 4110} events={'low': 0, 'high': 0, 'max': 65, 'oom': 0, 'oom_kill': 0, 'oom_group_kill': 0}
[container_monitor] pf-C: current=415.8MiB swap=63.9MiB max=501.0MiB cpu.usage_usec=1632269 method=swap_current_delta_fallback detail={'delta_swap_current': 0, 'swap_saturated': False, 'workingset_refault_anon': 4223} events={'low': 0, 'high': 0, 'max': 65, 'oom': 0, 'oom_kill': 0, 'oom_group_kill': 0}
[container_monitor] pf-C: current=416.0MiB swap=63.9MiB max=501.0MiB cpu.usage_usec=1637270 method=swap_current_delta_fallback detail={'delta_swap_current': 0, 'swap_saturated': False, 'workingset_refault_anon': 4292} events={'low': 0, 'high': 0, 'max': 65, 'oom': 0, 'oom_kill': 0, 'oom_group_kill': 0}
[container_monitor] pf-C: current=416.3MiB swap=63.9MiB max=501.0MiB cpu.usage_usec=1642336 method=swap_current_delta_fallback detail={'delta_swap_current': 0, 'swap_saturated': False, 'workingset_refault_anon': 4376} events={'low': 0, 'high': 0, 'max': 65, 'oom': 0, 'oom_kill': 0, 'oom_group_kill': 0}
[container_monitor] pf-C: current=416.7MiB swap=63.6MiB max=501.0MiB cpu.usage_usec=1647298 method=swap_current_delta_fallback detail={'delta_swap_current': -262144, 'swap_saturated': False, 'workingset_refault_anon': 4475} events={'low': 0, 'high': 0, 'max': 65, 'oom': 0, 'oom_kill': 0, 'oom_group_kill': 0}
[container_monitor] pf-C: current=416.9MiB swap=63.6MiB max=501.0MiB cpu.usage_usec=1652301 method=swap_current_delta_fallback detail={'delta_swap_current': 0, 'swap_saturated': False, 'workingset_refault_anon': 4507} events={'low': 0, 'high': 0, 'max': 65, 'oom': 0, 'oom_kill': 0, 'oom_group_kill': 0}
[container_monitor] pf-C: current=416.9MiB swap=63.6MiB max=501.0MiB cpu.usage_usec=1657618 method=swap_current_delta_fallback detail={'delta_swap_current': 0, 'swap_saturated': False, 'workingset_refault_anon': 4507} events={'low': 0, 'high': 0, 'max': 65, 'oom': 0, 'oom_kill': 0, 'oom_group_kill': 0}
[container_monitor] pf-C: current=416.9MiB swap=63.6MiB max=501.0MiB cpu.usage_usec=1662569 method=swap_current_delta_fallback detail={'delta_swap_current': 0, 'swap_saturated': False, 'workingset_refault_anon': 4508} events={'low': 0, 'high': 0, 'max': 65, 'oom': 0, 'oom_kill': 0, 'oom_group_kill': 0}
[container_monitor] pf-C: current=417.1MiB swap=63.6MiB max=501.0MiB cpu.usage_usec=1668263 method=swap_current_delta_fallback detail={'delta_swap_current': 0, 'swap_saturated': False, 'workingset_refault_anon': 4508} events={'low': 0, 'high': 0, 'max': 65, 'oom': 0, 'oom_kill': 0, 'oom_group_kill': 0}
[container_monitor] pf-C: current=417.9MiB swap=63.6MiB max=501.0MiB cpu.usage_usec=1672831 method=swap_current_delta_fallback detail={'delta_swap_current': 0, 'swap_saturated': False, 'workingset_refault_anon': 4508} events={'low': 0, 'high': 0, 'max': 65, 'oom': 0, 'oom_kill': 0, 'oom_group_kill': 0}
[container_monitor] pf-C: current=417.9MiB swap=63.6MiB max=501.0MiB cpu.usage_usec=1677628 method=swap_current_delta_fallback detail={'delta_swap_current': 0, 'swap_saturated': False, 'workingset_refault_anon': 4508} events={'low': 0, 'high': 0, 'max': 65, 'oom': 0, 'oom_kill': 0, 'oom_group_kill': 0}
[container_monitor] pf-C: current=417.9MiB swap=63.6MiB max=501.0MiB cpu.usage_usec=1682832 method=swap_current_delta_fallback detail={'delta_swap_current': 0, 'swap_saturated': False, 'workingset_refault_anon': 4508} events={'low': 0, 'high': 0, 'max': 65, 'oom': 0, 'oom_kill': 0, 'oom_group_kill': 0}
[container_monitor] pf-C: current=418.2MiB swap=63.6MiB max=501.0MiB cpu.usage_usec=1686077 method=swap_current_delta_fallback detail={'delta_swap_current': 0, 'swap_saturated': False, 'workingset_refault_anon': 4508} events={'low': 0, 'high': 0, 'max': 65, 'oom': 0, 'oom_kill': 0, 'oom_group_kill': 0}
[container_monitor] pf-C: current=418.2MiB swap=63.6MiB max=501.0MiB cpu.usage_usec=1686845 method=swap_current_delta_fallback detail={'delta_swap_current': 0, 'swap_saturated': False, 'workingset_refault_anon': 4510} events={'low': 0, 'high': 0, 'max': 65, 'oom': 0, 'oom_kill': 0, 'oom_group_kill': 0}
[container_monitor] pf-C: current=418.2MiB swap=63.6MiB max=501.0MiB cpu.usage_usec=1687558 method=swap_current_delta_fallback detail={'delta_swap_current': 0, 'swap_saturated': False, 'workingset_refault_anon': 4510} events={'low': 0, 'high': 0, 'max': 65, 'oom': 0, 'oom_kill': 0, 'oom_group_kill': 0}
[container_monitor] pf-C: current=417.9MiB swap=63.6MiB max=501.0MiB cpu.usage_usec=1688491 method=swap_current_delta_fallback detail={'delta_swap_current': 0, 'swap_saturated': False, 'workingset_refault_anon': 4510} events={'low': 0, 'high': 0, 'max': 65, 'oom': 0, 'oom_kill': 0, 'oom_group_kill': 0}
[container_monitor] pf-C: current=417.9MiB swap=63.6MiB max=501.0MiB cpu.usage_usec=1692816 method=swap_current_delta_fallback detail={'delta_swap_current': 0, 'swap_saturated': False, 'workingset_refault_anon': 4510} events={'low': 0, 'high': 0, 'max': 65, 'oom': 0, 'oom_kill': 0, 'oom_group_kill': 0}
[container_monitor] pf-C: current=417.9MiB swap=63.6MiB max=501.0MiB cpu.usage_usec=1698121 method=swap_current_delta_fallback detail={'delta_swap_current': 0, 'swap_saturated': False, 'workingset_refault_anon': 4510} events={'low': 0, 'high': 0, 'max': 65, 'oom': 0, 'oom_kill': 0, 'oom_group_kill': 0}
[container_monitor] pf-C: current=417.9MiB swap=63.6MiB max=501.0MiB cpu.usage_usec=1701194 method=swap_current_delta_fallback detail={'delta_swap_current': 0, 'swap_saturated': False, 'workingset_refault_anon': 4510} events={'low': 0, 'high': 0, 'max': 65, 'oom': 0, 'oom_kill': 0, 'oom_group_kill': 0}
[container_monitor] pf-C: current=417.9MiB swap=63.6MiB max=501.0MiB cpu.usage_usec=1701900 method=swap_current_delta_fallback detail={'delta_swap_current': 0, 'swap_saturated': False, 'workingset_refault_anon': 4510} events={'low': 0, 'high': 0, 'max': 65, 'oom': 0, 'oom_kill': 0, 'oom_group_kill': 0}
[container_monitor] pf-C: current=417.9MiB swap=63.6MiB max=501.0MiB cpu.usage_usec=1702504 method=swap_current_delta_fallback detail={'delta_swap_current': 0, 'swap_saturated': False, 'workingset_refault_anon': 4510} events={'low': 0, 'high': 0, 'max': 65, 'oom': 0, 'oom_kill': 0, 'oom_group_kill': 0}
[container_monitor] pf-C: current=417.9MiB swap=63.6MiB max=501.0MiB cpu.usage_usec=1703349 method=swap_current_delta_fallback detail={'delta_swap_current': 0, 'swap_saturated': False, 'workingset_refault_anon': 4510} events={'low': 0, 'high': 0, 'max': 65, 'oom': 0, 'oom_kill': 0, 'oom_group_kill': 0}
[container_monitor] pf-C: current=417.9MiB swap=63.6MiB max=501.0MiB cpu.usage_usec=1707095 method=swap_current_delta_fallback detail={'delta_swap_current': 0, 'swap_saturated': False, 'workingset_refault_anon': 4510} events={'low': 0, 'high': 0, 'max': 65, 'oom': 0, 'oom_kill': 0, 'oom_group_kill': 0}
[container_monitor] pf-C: current=417.9MiB swap=63.6MiB max=501.0MiB cpu.usage_usec=1711877 method=swap_current_delta_fallback detail={'delta_swap_current': 0, 'swap_saturated': False, 'workingset_refault_anon': 4510} events={'low': 0, 'high': 0, 'max': 65, 'oom': 0, 'oom_kill': 0, 'oom_group_kill': 0}
[container_monitor] pf-C: current=418.2MiB swap=63.6MiB max=501.0MiB cpu.usage_usec=1716573 method=swap_current_delta_fallback detail={'delta_swap_current': 0, 'swap_saturated': False, 'workingset_refault_anon': 4510} events={'low': 0, 'high': 0, 'max': 65, 'oom': 0, 'oom_kill': 0, 'oom_group_kill': 0}
[container_monitor] pf-C: current=418.2MiB swap=63.6MiB max=501.0MiB cpu.usage_usec=1718802 method=swap_current_delta_fallback detail={'delta_swap_current': 0, 'swap_saturated': False, 'workingset_refault_anon': 4511} events={'low': 0, 'high': 0, 'max': 65, 'oom': 0, 'oom_kill': 0, 'oom_group_kill': 0}
[container_monitor] pf-C: current=418.2MiB swap=63.6MiB max=501.0MiB cpu.usage_usec=1719550 method=swap_current_delta_fallback detail={'delta_swap_current': 0, 'swap_saturated': False, 'workingset_refault_anon': 4511} events={'low': 0, 'high': 0, 'max': 65, 'oom': 0, 'oom_kill': 0, 'oom_group_kill': 0}
[container_monitor] pf-C: current=418.2MiB swap=63.6MiB max=501.0MiB cpu.usage_usec=1720665 method=swap_current_delta_fallback detail={'delta_swap_current': 0, 'swap_saturated': False, 'workingset_refault_anon': 4511} events={'low': 0, 'high': 0, 'max': 65, 'oom': 0, 'oom_kill': 0, 'oom_group_kill': 0}
[container_monitor] pf-C: current=417.9MiB swap=63.6MiB max=501.0MiB cpu.usage_usec=1725139 method=swap_current_delta_fallback detail={'delta_swap_current': 0, 'swap_saturated': False, 'workingset_refault_anon': 4511} events={'low': 0, 'high': 0, 'max': 65, 'oom': 0, 'oom_kill': 0, 'oom_group_kill': 0}
[container_monitor] pf-C: current=417.9MiB swap=63.6MiB max=501.0MiB cpu.usage_usec=1729894 method=swap_current_delta_fallback detail={'delta_swap_current': 0, 'swap_saturated': False, 'workingset_refault_anon': 4511} events={'low': 0, 'high': 0, 'max': 65, 'oom': 0, 'oom_kill': 0, 'oom_group_kill': 0}
[container_monitor] pf-C: current=418.0MiB swap=63.6MiB max=501.0MiB cpu.usage_usec=1733628 method=swap_current_delta_fallback detail={'delta_swap_current': 0, 'swap_saturated': False, 'workingset_refault_anon': 4511} events={'low': 0, 'high': 0, 'max': 65, 'oom': 0, 'oom_kill': 0, 'oom_group_kill': 0}
[container_monitor] pf-C: current=418.0MiB swap=63.6MiB max=501.0MiB cpu.usage_usec=1734397 method=swap_current_delta_fallback detail={'delta_swap_current': 0, 'swap_saturated': False, 'workingset_refault_anon': 4511} events={'low': 0, 'high': 0, 'max': 65, 'oom': 0, 'oom_kill': 0, 'oom_group_kill': 0}
[container_monitor] pf-C: current=418.0MiB swap=63.6MiB max=501.0MiB cpu.usage_usec=1735130 method=swap_current_delta_fallback detail={'delta_swap_current': 0, 'swap_saturated': False, 'workingset_refault_anon': 4511} events={'low': 0, 'high': 0, 'max': 65, 'oom': 0, 'oom_kill': 0, 'oom_group_kill': 0}
[container_monitor] pf-C: current=418.0MiB swap=63.6MiB max=501.0MiB cpu.usage_usec=1736015 method=swap_current_delta_fallback detail={'delta_swap_current': 0, 'swap_saturated': False, 'workingset_refault_anon': 4511} events={'low': 0, 'high': 0, 'max': 65, 'oom': 0, 'oom_kill': 0, 'oom_group_kill': 0}
[container_monitor] pf-C: current=418.0MiB swap=63.6MiB max=501.0MiB cpu.usage_usec=1739930 method=swap_current_delta_fallback detail={'delta_swap_current': 0, 'swap_saturated': False, 'workingset_refault_anon': 4511} events={'low': 0, 'high': 0, 'max': 65, 'oom': 0, 'oom_kill': 0, 'oom_group_kill': 0}
[container_monitor] pf-C: current=418.0MiB swap=63.6MiB max=501.0MiB cpu.usage_usec=1741706 method=swap_current_delta_fallback detail={'delta_swap_current': 0, 'swap_saturated': False, 'workingset_refault_anon': 4511} events={'low': 0, 'high': 0, 'max': 65, 'oom': 0, 'oom_kill': 0, 'oom_group_kill': 0}
[container_monitor] pf-C: current=418.0MiB swap=63.6MiB max=501.0MiB cpu.usage_usec=1742501 method=swap_current_delta_fallback detail={'delta_swap_current': 0, 'swap_saturated': False, 'workingset_refault_anon': 4511} events={'low': 0, 'high': 0, 'max': 65, 'oom': 0, 'oom_kill': 0, 'oom_group_kill': 0}
[container_monitor] pf-C: current=418.0MiB swap=63.6MiB max=501.0MiB cpu.usage_usec=1743394 method=swap_current_delta_fallback detail={'delta_swap_current': 0, 'swap_saturated': False, 'workingset_refault_anon': 4511} events={'low': 0, 'high': 0, 'max': 65, 'oom': 0, 'oom_kill': 0, 'oom_group_kill': 0}
[container_monitor] pf-C: current=418.0MiB swap=63.6MiB max=501.0MiB cpu.usage_usec=1744124 method=swap_current_delta_fallback detail={'delta_swap_current': 0, 'swap_saturated': False, 'workingset_refault_anon': 4511} events={'low': 0, 'high': 0, 'max': 65, 'oom': 0, 'oom_kill': 0, 'oom_group_kill': 0}
[container_monitor] pf-C: current=418.0MiB swap=63.6MiB max=501.0MiB cpu.usage_usec=1749477 method=swap_current_delta_fallback detail={'delta_swap_current': 0, 'swap_saturated': False, 'workingset_refault_anon': 4511} events={'low': 0, 'high': 0, 'max': 65, 'oom': 0, 'oom_kill': 0, 'oom_group_kill': 0}
[container_monitor] pf-C: current=418.0MiB swap=63.6MiB max=501.0MiB cpu.usage_usec=1750179 method=swap_current_delta_fallback detail={'delta_swap_current': 0, 'swap_saturated': False, 'workingset_refault_anon': 4511} events={'low': 0, 'high': 0, 'max': 65, 'oom': 0, 'oom_kill': 0, 'oom_group_kill': 0}
[container_monitor] pf-C: current=418.0MiB swap=63.6MiB max=501.0MiB cpu.usage_usec=1750927 method=swap_current_delta_fallback detail={'delta_swap_current': 0, 'swap_saturated': False, 'workingset_refault_anon': 4511} events={'low': 0, 'high': 0, 'max': 65, 'oom': 0, 'oom_kill': 0, 'oom_group_kill': 0}
[container_monitor] pf-C: current=418.0MiB swap=63.6MiB max=501.0MiB cpu.usage_usec=1751787 method=swap_current_delta_fallback detail={'delta_swap_current': 0, 'swap_saturated': False, 'workingset_refault_anon': 4511} events={'low': 0, 'high': 0, 'max': 65, 'oom': 0, 'oom_kill': 0, 'oom_group_kill': 0}
[container_monitor] pf-C: current=418.0MiB swap=63.6MiB max=501.0MiB cpu.usage_usec=1754543 method=swap_current_delta_fallback detail={'delta_swap_current': 0, 'swap_saturated': False, 'workingset_refault_anon': 4511} events={'low': 0, 'high': 0, 'max': 65, 'oom': 0, 'oom_kill': 0, 'oom_group_kill': 0}
[container_monitor] pf-C: current=418.0MiB swap=63.6MiB max=501.0MiB cpu.usage_usec=1755734 method=swap_current_delta_fallback detail={'delta_swap_current': 0, 'swap_saturated': False, 'workingset_refault_anon': 4511} events={'low': 0, 'high': 0, 'max': 65, 'oom': 0, 'oom_kill': 0, 'oom_group_kill': 0}
[container_monitor] pf-C: current=418.0MiB swap=63.6MiB max=501.0MiB cpu.usage_usec=1756566 method=swap_current_delta_fallback detail={'delta_swap_current': 0, 'swap_saturated': False, 'workingset_refault_anon': 4511} events={'low': 0, 'high': 0, 'max': 65, 'oom': 0, 'oom_kill': 0, 'oom_group_kill': 0}
[container_monitor] pf-C: current=418.2MiB swap=63.6MiB max=501.0MiB cpu.usage_usec=1758153 method=swap_current_delta_fallback detail={'delta_swap_current': 0, 'swap_saturated': False, 'workingset_refault_anon': 4511} events={'low': 0, 'high': 0, 'max': 65, 'oom': 0, 'oom_kill': 0, 'oom_group_kill': 0}
[container_monitor] pf-C: current=418.0MiB swap=63.6MiB max=501.0MiB cpu.usage_usec=1758788 method=swap_current_delta_fallback detail={'delta_swap_current': 0, 'swap_saturated': False, 'workingset_refault_anon': 4512} events={'low': 0, 'high': 0, 'max': 65, 'oom': 0, 'oom_kill': 0, 'oom_group_kill': 0}
[container_monitor] pf-C: current=418.2MiB swap=63.6MiB max=501.0MiB cpu.usage_usec=1763972 method=swap_current_delta_fallback detail={'delta_swap_current': 0, 'swap_saturated': False, 'workingset_refault_anon': 4512} events={'low': 0, 'high': 0, 'max': 65, 'oom': 0, 'oom_kill': 0, 'oom_group_kill': 0}
[container_monitor] pf-C: current=418.0MiB swap=63.6MiB max=501.0MiB cpu.usage_usec=1764721 method=swap_current_delta_fallback detail={'delta_swap_current': 0, 'swap_saturated': False, 'workingset_refault_anon': 4512} events={'low': 0, 'high': 0, 'max': 65, 'oom': 0, 'oom_kill': 0, 'oom_group_kill': 0}
[container_monitor] pf-C: current=418.0MiB swap=63.6MiB max=501.0MiB cpu.usage_usec=1765449 method=swap_current_delta_fallback detail={'delta_swap_current': 0, 'swap_saturated': False, 'workingset_refault_anon': 4512} events={'low': 0, 'high': 0, 'max': 65, 'oom': 0, 'oom_kill': 0, 'oom_group_kill': 0}
[container_monitor] pf-C: current=418.0MiB swap=63.6MiB max=501.0MiB cpu.usage_usec=1766389 method=swap_current_delta_fallback detail={'delta_swap_current': 0, 'swap_saturated': False, 'workingset_refault_anon': 4512} events={'low': 0, 'high': 0, 'max': 65, 'oom': 0, 'oom_kill': 0, 'oom_group_kill': 0}
[container_monitor] pf-C: current=418.0MiB swap=63.6MiB max=501.0MiB cpu.usage_usec=1769864 method=swap_current_delta_fallback detail={'delta_swap_current': 0, 'swap_saturated': False, 'workingset_refault_anon': 4512} events={'low': 0, 'high': 0, 'max': 65, 'oom': 0, 'oom_kill': 0, 'oom_group_kill': 0}
[container_monitor] pf-C: current=418.0MiB swap=63.6MiB max=501.0MiB cpu.usage_usec=1774613 method=swap_current_delta_fallback detail={'delta_swap_current': 0, 'swap_saturated': False, 'workingset_refault_anon': 4512} events={'low': 0, 'high': 0, 'max': 65, 'oom': 0, 'oom_kill': 0, 'oom_group_kill': 0}
[container_monitor] pf-C: current=418.0MiB swap=63.6MiB max=501.0MiB cpu.usage_usec=1779470 method=swap_current_delta_fallback detail={'delta_swap_current': 0, 'swap_saturated': False, 'workingset_refault_anon': 4512} events={'low': 0, 'high': 0, 'max': 65, 'oom': 0, 'oom_kill': 0, 'oom_group_kill': 0}
[container_monitor] pf-C: current=418.7MiB swap=63.1MiB max=501.0MiB cpu.usage_usec=1784571 method=swap_current_delta_fallback detail={'delta_swap_current': -524288, 'swap_saturated': False, 'workingset_refault_anon': 4705} events={'low': 0, 'high': 0, 'max': 65, 'oom': 0, 'oom_kill': 0, 'oom_group_kill': 0}
[container_monitor] pf-C: current=418.8MiB swap=62.9MiB max=501.0MiB cpu.usage_usec=1787395 method=swap_current_delta_fallback detail={'delta_swap_current': -262144, 'swap_saturated': False, 'workingset_refault_anon': 4733} events={'low': 0, 'high': 0, 'max': 65, 'oom': 0, 'oom_kill': 0, 'oom_group_kill': 0}
[container_monitor] pf-C: current=418.8MiB swap=62.9MiB max=501.0MiB cpu.usage_usec=1788152 method=swap_current_delta_fallback detail={'delta_swap_current': 0, 'swap_saturated': False, 'workingset_refault_anon': 4733} events={'low': 0, 'high': 0, 'max': 65, 'oom': 0, 'oom_kill': 0, 'oom_group_kill': 0}
[container_monitor] pf-C: current=418.8MiB swap=62.9MiB max=501.0MiB cpu.usage_usec=1788964 method=swap_current_delta_fallback detail={'delta_swap_current': 0, 'swap_saturated': False, 'workingset_refault_anon': 4733} events={'low': 0, 'high': 0, 'max': 65, 'oom': 0, 'oom_kill': 0, 'oom_group_kill': 0}
[container_monitor] pf-C: current=418.8MiB swap=62.9MiB max=501.0MiB cpu.usage_usec=1795189 method=swap_current_delta_fallback detail={'delta_swap_current': 0, 'swap_saturated': False, 'workingset_refault_anon': 4733} events={'low': 0, 'high': 0, 'max': 65, 'oom': 0, 'oom_kill': 0, 'oom_group_kill': 0}
[container_monitor] pf-C: current=421.4MiB swap=62.9MiB max=501.0MiB cpu.usage_usec=1799601 method=swap_current_delta_fallback detail={'delta_swap_current': 0, 'swap_saturated': False, 'workingset_refault_anon': 4733} events={'low': 0, 'high': 0, 'max': 65, 'oom': 0, 'oom_kill': 0, 'oom_group_kill': 0}
[container_monitor] pf-C: current=421.6MiB swap=62.9MiB max=501.0MiB cpu.usage_usec=1804803 method=swap_current_delta_fallback detail={'delta_swap_current': 0, 'swap_saturated': False, 'workingset_refault_anon': 4733} events={'low': 0, 'high': 0, 'max': 65, 'oom': 0, 'oom_kill': 0, 'oom_group_kill': 0}
[container_monitor] pf-C: current=421.6MiB swap=62.9MiB max=501.0MiB cpu.usage_usec=1806811 method=swap_current_delta_fallback detail={'delta_swap_current': 0, 'swap_saturated': False, 'workingset_refault_anon': 4741} events={'low': 0, 'high': 0, 'max': 65, 'oom': 0, 'oom_kill': 0, 'oom_group_kill': 0}
[container_monitor] pf-C: current=421.5MiB swap=62.9MiB max=501.0MiB cpu.usage_usec=1807831 method=swap_current_delta_fallback detail={'delta_swap_current': 0, 'swap_saturated': False, 'workingset_refault_anon': 4753} events={'low': 0, 'high': 0, 'max': 65, 'oom': 0, 'oom_kill': 0, 'oom_group_kill': 0}
[container_monitor] pf-C: current=421.5MiB swap=62.9MiB max=501.0MiB cpu.usage_usec=1808648 method=swap_current_delta_fallback detail={'delta_swap_current': 0, 'swap_saturated': False, 'workingset_refault_anon': 4753} events={'low': 0, 'high': 0, 'max': 65, 'oom': 0, 'oom_kill': 0, 'oom_group_kill': 0}
[container_monitor] pf-C: current=424.9MiB swap=62.9MiB max=501.0MiB cpu.usage_usec=1813376 method=swap_current_delta_fallback detail={'delta_swap_current': 0, 'swap_saturated': False, 'workingset_refault_anon': 4753} events={'low': 0, 'high': 0, 'max': 65, 'oom': 0, 'oom_kill': 0, 'oom_group_kill': 0}
[container_monitor] pf-C: current=425.3MiB swap=62.9MiB max=501.0MiB cpu.usage_usec=1818840 method=swap_current_delta_fallback detail={'delta_swap_current': 0, 'swap_saturated': False, 'workingset_refault_anon': 4753} events={'low': 0, 'high': 0, 'max': 65, 'oom': 0, 'oom_kill': 0, 'oom_group_kill': 0}
[container_monitor] pf-C: current=425.3MiB swap=62.9MiB max=501.0MiB cpu.usage_usec=1821147 method=swap_current_delta_fallback detail={'delta_swap_current': 0, 'swap_saturated': False, 'workingset_refault_anon': 4753} events={'low': 0, 'high': 0, 'max': 65, 'oom': 0, 'oom_kill': 0, 'oom_group_kill': 0}
[container_monitor] pf-C: current=425.3MiB swap=62.9MiB max=501.0MiB cpu.usage_usec=1821861 method=swap_current_delta_fallback detail={'delta_swap_current': 0, 'swap_saturated': False, 'workingset_refault_anon': 4753} events={'low': 0, 'high': 0, 'max': 65, 'oom': 0, 'oom_kill': 0, 'oom_group_kill': 0}
[container_monitor] pf-C: current=425.3MiB swap=62.9MiB max=501.0MiB cpu.usage_usec=1822649 method=swap_current_delta_fallback detail={'delta_swap_current': 0, 'swap_saturated': False, 'workingset_refault_anon': 4753} events={'low': 0, 'high': 0, 'max': 65, 'oom': 0, 'oom_kill': 0, 'oom_group_kill': 0}
[container_monitor] pf-C: current=425.3MiB swap=62.9MiB max=501.0MiB cpu.usage_usec=1823471 method=swap_current_delta_fallback detail={'delta_swap_current': 0, 'swap_saturated': False, 'workingset_refault_anon': 4753} events={'low': 0, 'high': 0, 'max': 65, 'oom': 0, 'oom_kill': 0, 'oom_group_kill': 0}
[container_monitor] pf-C: current=428.6MiB swap=62.9MiB max=501.0MiB cpu.usage_usec=1828810 method=swap_current_delta_fallback detail={'delta_swap_current': 0, 'swap_saturated': False, 'workingset_refault_anon': 4753} events={'low': 0, 'high': 0, 'max': 65, 'oom': 0, 'oom_kill': 0, 'oom_group_kill': 0}
[container_monitor] pf-C: current=429.4MiB swap=62.9MiB max=501.0MiB cpu.usage_usec=1834524 method=swap_current_delta_fallback detail={'delta_swap_current': 0, 'swap_saturated': False, 'workingset_refault_anon': 4753} events={'low': 0, 'high': 0, 'max': 65, 'oom': 0, 'oom_kill': 0, 'oom_group_kill': 0}
[container_monitor] pf-C: current=429.4MiB swap=62.9MiB max=501.0MiB cpu.usage_usec=1836193 method=swap_current_delta_fallback detail={'delta_swap_current': 0, 'swap_saturated': False, 'workingset_refault_anon': 4753} events={'low': 0, 'high': 0, 'max': 65, 'oom': 0, 'oom_kill': 0, 'oom_group_kill': 0}
[container_monitor] pf-C: current=429.4MiB swap=62.9MiB max=501.0MiB cpu.usage_usec=1837012 method=swap_current_delta_fallback detail={'delta_swap_current': 0, 'swap_saturated': False, 'workingset_refault_anon': 4753} events={'low': 0, 'high': 0, 'max': 65, 'oom': 0, 'oom_kill': 0, 'oom_group_kill': 0}
[container_monitor] pf-C: current=429.4MiB swap=62.9MiB max=501.0MiB cpu.usage_usec=1837832 method=swap_current_delta_fallback detail={'delta_swap_current': 0, 'swap_saturated': False, 'workingset_refault_anon': 4753} events={'low': 0, 'high': 0, 'max': 65, 'oom': 0, 'oom_kill': 0, 'oom_group_kill': 0}
[container_monitor] pf-C: current=429.4MiB swap=62.9MiB max=501.0MiB cpu.usage_usec=1838617 method=swap_current_delta_fallback detail={'delta_swap_current': 0, 'swap_saturated': False, 'workingset_refault_anon': 4753} events={'low': 0, 'high': 0, 'max': 65, 'oom': 0, 'oom_kill': 0, 'oom_group_kill': 0}
[container_monitor] pf-C: current=429.5MiB swap=62.9MiB max=501.0MiB cpu.usage_usec=1844127 method=swap_current_delta_fallback detail={'delta_swap_current': 0, 'swap_saturated': False, 'workingset_refault_anon': 4753} events={'low': 0, 'high': 0, 'max': 65, 'oom': 0, 'oom_kill': 0, 'oom_group_kill': 0}
[container_monitor] pf-C: current=429.5MiB swap=62.9MiB max=501.0MiB cpu.usage_usec=1849645 method=swap_current_delta_fallback detail={'delta_swap_current': 0, 'swap_saturated': False, 'workingset_refault_anon': 4753} events={'low': 0, 'high': 0, 'max': 65, 'oom': 0, 'oom_kill': 0, 'oom_group_kill': 0}
[container_monitor] pf-C: current=429.7MiB swap=62.9MiB max=501.0MiB cpu.usage_usec=1853907 method=swap_current_delta_fallback detail={'delta_swap_current': 0, 'swap_saturated': False, 'workingset_refault_anon': 4753} events={'low': 0, 'high': 0, 'max': 65, 'oom': 0, 'oom_kill': 0, 'oom_group_kill': 0}
[container_monitor] pf-C: current=429.5MiB swap=62.9MiB max=501.0MiB cpu.usage_usec=1854518 method=swap_current_delta_fallback detail={'delta_swap_current': 0, 'swap_saturated': False, 'workingset_refault_anon': 4753} events={'low': 0, 'high': 0, 'max': 65, 'oom': 0, 'oom_kill': 0, 'oom_group_kill': 0}
[container_monitor] pf-C: current=429.5MiB swap=62.9MiB max=501.0MiB cpu.usage_usec=1855417 method=swap_current_delta_fallback detail={'delta_swap_current': 0, 'swap_saturated': False, 'workingset_refault_anon': 4753} events={'low': 0, 'high': 0, 'max': 65, 'oom': 0, 'oom_kill': 0, 'oom_group_kill': 0}
[container_monitor] pf-C: current=429.5MiB swap=62.9MiB max=501.0MiB cpu.usage_usec=1856523 method=swap_current_delta_fallback detail={'delta_swap_current': 0, 'swap_saturated': False, 'workingset_refault_anon': 4753} events={'low': 0, 'high': 0, 'max': 65, 'oom': 0, 'oom_kill': 0, 'oom_group_kill': 0}
[container_monitor] pf-C: current=432.2MiB swap=62.9MiB max=501.0MiB cpu.usage_usec=1859688 method=swap_current_delta_fallback detail={'delta_swap_current': 0, 'swap_saturated': False, 'workingset_refault_anon': 4753} events={'low': 0, 'high': 0, 'max': 65, 'oom': 0, 'oom_kill': 0, 'oom_group_kill': 0}
[container_monitor] pf-C: current=435.7MiB swap=62.9MiB max=501.0MiB cpu.usage_usec=1865018 method=swap_current_delta_fallback detail={'delta_swap_current': 0, 'swap_saturated': False, 'workingset_refault_anon': 4753} events={'low': 0, 'high': 0, 'max': 65, 'oom': 0, 'oom_kill': 0, 'oom_group_kill': 0}
[container_monitor] pf-C: current=437.7MiB swap=62.9MiB max=501.0MiB cpu.usage_usec=1869602 method=swap_current_delta_fallback detail={'delta_swap_current': 0, 'swap_saturated': False, 'workingset_refault_anon': 4753} events={'low': 0, 'high': 0, 'max': 65, 'oom': 0, 'oom_kill': 0, 'oom_group_kill': 0}
[container_monitor] pf-C: current=437.7MiB swap=62.9MiB max=501.0MiB cpu.usage_usec=1872623 method=swap_current_delta_fallback detail={'delta_swap_current': 0, 'swap_saturated': False, 'workingset_refault_anon': 4753} events={'low': 0, 'high': 0, 'max': 65, 'oom': 0, 'oom_kill': 0, 'oom_group_kill': 0}
[container_monitor] pf-C: current=437.5MiB swap=62.9MiB max=501.0MiB cpu.usage_usec=1873429 method=swap_current_delta_fallback detail={'delta_swap_current': 0, 'swap_saturated': False, 'workingset_refault_anon': 4753} events={'low': 0, 'high': 0, 'max': 65, 'oom': 0, 'oom_kill': 0, 'oom_group_kill': 0}
[container_monitor] pf-C: current=437.5MiB swap=62.9MiB max=501.0MiB cpu.usage_usec=1874250 method=swap_current_delta_fallback detail={'delta_swap_current': 0, 'swap_saturated': False, 'workingset_refault_anon': 4753} events={'low': 0, 'high': 0, 'max': 65, 'oom': 0, 'oom_kill': 0, 'oom_group_kill': 0}
[container_monitor] pf-C: current=437.5MiB swap=62.9MiB max=501.0MiB cpu.usage_usec=1875094 method=swap_current_delta_fallback detail={'delta_swap_current': 0, 'swap_saturated': False, 'workingset_refault_anon': 4753} events={'low': 0, 'high': 0, 'max': 65, 'oom': 0, 'oom_kill': 0, 'oom_group_kill': 0}
[container_monitor] pf-C: current=445.5MiB swap=62.9MiB max=501.0MiB cpu.usage_usec=1879547 method=swap_current_delta_fallback detail={'delta_swap_current': 0, 'swap_saturated': False, 'workingset_refault_anon': 4757} events={'low': 0, 'high': 0, 'max': 65, 'oom': 0, 'oom_kill': 0, 'oom_group_kill': 0}
[container_monitor] pf-C: current=446.0MiB swap=62.6MiB max=501.0MiB cpu.usage_usec=1883831 method=swap_current_delta_fallback detail={'delta_swap_current': -262144, 'swap_saturated': False, 'workingset_refault_anon': 4860} events={'low': 0, 'high': 0, 'max': 65, 'oom': 0, 'oom_kill': 0, 'oom_group_kill': 0}
[container_monitor] pf-C: current=446.0MiB swap=62.6MiB max=501.0MiB cpu.usage_usec=1884703 method=swap_current_delta_fallback detail={'delta_swap_current': 0, 'swap_saturated': False, 'workingset_refault_anon': 4860} events={'low': 0, 'high': 0, 'max': 65, 'oom': 0, 'oom_kill': 0, 'oom_group_kill': 0}
[container_monitor] pf-C: current=446.0MiB swap=62.6MiB max=501.0MiB cpu.usage_usec=1885438 method=swap_current_delta_fallback detail={'delta_swap_current': 0, 'swap_saturated': False, 'workingset_refault_anon': 4860} events={'low': 0, 'high': 0, 'max': 65, 'oom': 0, 'oom_kill': 0, 'oom_group_kill': 0}
[container_monitor] pf-C: current=447.0MiB swap=62.6MiB max=501.0MiB cpu.usage_usec=1888412 method=swap_current_delta_fallback detail={'delta_swap_current': 0, 'swap_saturated': False, 'workingset_refault_anon': 4860} events={'low': 0, 'high': 0, 'max': 65, 'oom': 0, 'oom_kill': 0, 'oom_group_kill': 0}
[container_monitor] pf-C: current=454.1MiB swap=62.6MiB max=501.0MiB cpu.usage_usec=1894257 method=swap_current_delta_fallback detail={'delta_swap_current': 0, 'swap_saturated': False, 'workingset_refault_anon': 4860} events={'low': 0, 'high': 0, 'max': 65, 'oom': 0, 'oom_kill': 0, 'oom_group_kill': 0}
[container_monitor] pf-C: current=454.0MiB swap=62.6MiB max=501.0MiB cpu.usage_usec=1898621 method=swap_current_delta_fallback detail={'delta_swap_current': 0, 'swap_saturated': False, 'workingset_refault_anon': 4860} events={'low': 0, 'high': 0, 'max': 65, 'oom': 0, 'oom_kill': 0, 'oom_group_kill': 0}
[container_monitor] pf-C: current=454.0MiB swap=62.6MiB max=501.0MiB cpu.usage_usec=1900368 method=swap_current_delta_fallback detail={'delta_swap_current': 0, 'swap_saturated': False, 'workingset_refault_anon': 4860} events={'low': 0, 'high': 0, 'max': 65, 'oom': 0, 'oom_kill': 0, 'oom_group_kill': 0}
[container_monitor] pf-C: current=454.0MiB swap=62.6MiB max=501.0MiB cpu.usage_usec=1901612 method=swap_current_delta_fallback detail={'delta_swap_current': 0, 'swap_saturated': False, 'workingset_refault_anon': 4862} events={'low': 0, 'high': 0, 'max': 65, 'oom': 0, 'oom_kill': 0, 'oom_group_kill': 0}
[container_monitor] pf-C: current=454.0MiB swap=62.6MiB max=501.0MiB cpu.usage_usec=1902361 method=swap_current_delta_fallback detail={'delta_swap_current': 0, 'swap_saturated': False, 'workingset_refault_anon': 4862} events={'low': 0, 'high': 0, 'max': 65, 'oom': 0, 'oom_kill': 0, 'oom_group_kill': 0}
[container_monitor] pf-C: current=454.0MiB swap=62.6MiB max=501.0MiB cpu.usage_usec=1904119 method=swap_current_delta_fallback detail={'delta_swap_current': 0, 'swap_saturated': False, 'workingset_refault_anon': 4862} events={'low': 0, 'high': 0, 'max': 65, 'oom': 0, 'oom_kill': 0, 'oom_group_kill': 0}
[container_monitor] pf-C: current=454.8MiB swap=62.6MiB max=501.0MiB cpu.usage_usec=1909651 method=swap_current_delta_fallback detail={'delta_swap_current': 0, 'swap_saturated': False, 'workingset_refault_anon': 4862} events={'low': 0, 'high': 0, 'max': 65, 'oom': 0, 'oom_kill': 0, 'oom_group_kill': 0}
[container_monitor] pf-C: current=459.9MiB swap=62.6MiB max=501.0MiB cpu.usage_usec=1914927 method=swap_current_delta_fallback detail={'delta_swap_current': 0, 'swap_saturated': False, 'workingset_refault_anon': 4862} events={'low': 0, 'high': 0, 'max': 65, 'oom': 0, 'oom_kill': 0, 'oom_group_kill': 0}
[container_monitor] pf-C: current=462.0MiB swap=62.6MiB max=501.0MiB cpu.usage_usec=1919271 method=swap_current_delta_fallback detail={'delta_swap_current': 0, 'swap_saturated': False, 'workingset_refault_anon': 4862} events={'low': 0, 'high': 0, 'max': 65, 'oom': 0, 'oom_kill': 0, 'oom_group_kill': 0}
[container_monitor] pf-C: current=462.0MiB swap=62.6MiB max=501.0MiB cpu.usage_usec=1924943 method=swap_current_delta_fallback detail={'delta_swap_current': 0, 'swap_saturated': False, 'workingset_refault_anon': 4863} events={'low': 0, 'high': 0, 'max': 65, 'oom': 0, 'oom_kill': 0, 'oom_group_kill': 0}
[container_monitor] pf-C: current=462.0MiB swap=62.6MiB max=501.0MiB cpu.usage_usec=1929324 method=swap_current_delta_fallback detail={'delta_swap_current': 0, 'swap_saturated': False, 'workingset_refault_anon': 4863} events={'low': 0, 'high': 0, 'max': 65, 'oom': 0, 'oom_kill': 0, 'oom_group_kill': 0}
[container_monitor] pf-C: current=462.0MiB swap=62.6MiB max=501.0MiB cpu.usage_usec=1933610 method=swap_current_delta_fallback detail={'delta_swap_current': 0, 'swap_saturated': False, 'workingset_refault_anon': 4863} events={'low': 0, 'high': 0, 'max': 65, 'oom': 0, 'oom_kill': 0, 'oom_group_kill': 0}
[container_monitor] pf-C: current=462.0MiB swap=62.6MiB max=501.0MiB cpu.usage_usec=1934198 method=swap_current_delta_fallback detail={'delta_swap_current': 0, 'swap_saturated': False, 'workingset_refault_anon': 4864} events={'low': 0, 'high': 0, 'max': 65, 'oom': 0, 'oom_kill': 0, 'oom_group_kill': 0}
[container_monitor] pf-C: current=462.0MiB swap=62.6MiB max=501.0MiB cpu.usage_usec=1935130 method=swap_current_delta_fallback detail={'delta_swap_current': 0, 'swap_saturated': False, 'workingset_refault_anon': 4864} events={'low': 0, 'high': 0, 'max': 65, 'oom': 0, 'oom_kill': 0, 'oom_group_kill': 0}
[container_monitor] pf-C: current=462.0MiB swap=62.6MiB max=501.0MiB cpu.usage_usec=1935764 method=swap_current_delta_fallback detail={'delta_swap_current': 0, 'swap_saturated': False, 'workingset_refault_anon': 4864} events={'low': 0, 'high': 0, 'max': 65, 'oom': 0, 'oom_kill': 0, 'oom_group_kill': 0}
[container_monitor] pf-C: current=469.0MiB swap=62.6MiB max=501.0MiB cpu.usage_usec=1941209 method=swap_current_delta_fallback detail={'delta_swap_current': 0, 'swap_saturated': False, 'workingset_refault_anon': 4864} events={'low': 0, 'high': 0, 'max': 65, 'oom': 0, 'oom_kill': 0, 'oom_group_kill': 0}
[container_monitor] pf-C: current=470.0MiB swap=62.6MiB max=501.0MiB cpu.usage_usec=1944763 method=swap_current_delta_fallback detail={'delta_swap_current': 0, 'swap_saturated': False, 'workingset_refault_anon': 4864} events={'low': 0, 'high': 0, 'max': 65, 'oom': 0, 'oom_kill': 0, 'oom_group_kill': 0}
[container_monitor] pf-C: current=470.0MiB swap=62.6MiB max=501.0MiB cpu.usage_usec=1945562 method=swap_current_delta_fallback detail={'delta_swap_current': 0, 'swap_saturated': False, 'workingset_refault_anon': 4864} events={'low': 0, 'high': 0, 'max': 65, 'oom': 0, 'oom_kill': 0, 'oom_group_kill': 0}
[container_monitor] pf-C: current=470.0MiB swap=62.6MiB max=501.0MiB cpu.usage_usec=1946430 method=swap_current_delta_fallback detail={'delta_swap_current': 0, 'swap_saturated': False, 'workingset_refault_anon': 4864} events={'low': 0, 'high': 0, 'max': 65, 'oom': 0, 'oom_kill': 0, 'oom_group_kill': 0}
[container_monitor] pf-C: current=470.0MiB swap=62.6MiB max=501.0MiB cpu.usage_usec=1947463 method=swap_current_delta_fallback detail={'delta_swap_current': 0, 'swap_saturated': False, 'workingset_refault_anon': 4864} events={'low': 0, 'high': 0, 'max': 65, 'oom': 0, 'oom_kill': 0, 'oom_group_kill': 0}
[container_monitor] pf-C: current=473.1MiB swap=62.6MiB max=501.0MiB cpu.usage_usec=1950327 method=swap_current_delta_fallback detail={'delta_swap_current': 0, 'swap_saturated': False, 'workingset_refault_anon': 4864} events={'low': 0, 'high': 0, 'max': 65, 'oom': 0, 'oom_kill': 0, 'oom_group_kill': 0}
[container_monitor] pf-C: current=478.1MiB swap=62.6MiB max=501.0MiB cpu.usage_usec=1955804 method=swap_current_delta_fallback detail={'delta_swap_current': 0, 'swap_saturated': False, 'workingset_refault_anon': 4864} events={'low': 0, 'high': 0, 'max': 65, 'oom': 0, 'oom_kill': 0, 'oom_group_kill': 0}
[container_monitor] pf-C: current=478.1MiB swap=62.6MiB max=501.0MiB cpu.usage_usec=1957377 method=swap_current_delta_fallback detail={'delta_swap_current': 0, 'swap_saturated': False, 'workingset_refault_anon': 4864} events={'low': 0, 'high': 0, 'max': 65, 'oom': 0, 'oom_kill': 0, 'oom_group_kill': 0}
[container_monitor] pf-C: current=478.1MiB swap=62.6MiB max=501.0MiB cpu.usage_usec=1958306 method=swap_current_delta_fallback detail={'delta_swap_current': 0, 'swap_saturated': False, 'workingset_refault_anon': 4864} events={'low': 0, 'high': 0, 'max': 65, 'oom': 0, 'oom_kill': 0, 'oom_group_kill': 0}
[container_monitor] pf-C: current=478.1MiB swap=62.6MiB max=501.0MiB cpu.usage_usec=1959156 method=swap_current_delta_fallback detail={'delta_swap_current': 0, 'swap_saturated': False, 'workingset_refault_anon': 4864} events={'low': 0, 'high': 0, 'max': 65, 'oom': 0, 'oom_kill': 0, 'oom_group_kill': 0}
[container_monitor] pf-C: current=478.1MiB swap=62.6MiB max=501.0MiB cpu.usage_usec=1960033 method=swap_current_delta_fallback detail={'delta_swap_current': 0, 'swap_saturated': False, 'workingset_refault_anon': 4864} events={'low': 0, 'high': 0, 'max': 65, 'oom': 0, 'oom_kill': 0, 'oom_group_kill': 0}
[container_monitor] pf-C: current=481.0MiB swap=62.6MiB max=501.0MiB cpu.usage_usec=1965041 method=swap_current_delta_fallback detail={'delta_swap_current': 0, 'swap_saturated': False, 'workingset_refault_anon': 4864} events={'low': 0, 'high': 0, 'max': 65, 'oom': 0, 'oom_kill': 0, 'oom_group_kill': 0}
[container_monitor] pf-C: current=484.8MiB swap=62.6MiB max=501.0MiB cpu.usage_usec=1969492 method=swap_current_delta_fallback detail={'delta_swap_current': 0, 'swap_saturated': False, 'workingset_refault_anon': 4864} events={'low': 0, 'high': 0, 'max': 65, 'oom': 0, 'oom_kill': 0, 'oom_group_kill': 0}
[container_monitor] pf-C: current=486.1MiB swap=62.6MiB max=501.0MiB cpu.usage_usec=1974812 method=swap_current_delta_fallback detail={'delta_swap_current': 0, 'swap_saturated': False, 'workingset_refault_anon': 4864} events={'low': 0, 'high': 0, 'max': 65, 'oom': 0, 'oom_kill': 0, 'oom_group_kill': 0}
[container_monitor] pf-C: current=486.1MiB swap=62.6MiB max=501.0MiB cpu.usage_usec=1977943 method=swap_current_delta_fallback detail={'delta_swap_current': 0, 'swap_saturated': False, 'workingset_refault_anon': 4864} events={'low': 0, 'high': 0, 'max': 65, 'oom': 0, 'oom_kill': 0, 'oom_group_kill': 0}
[container_monitor] pf-C: current=486.1MiB swap=62.6MiB max=501.0MiB cpu.usage_usec=1978629 method=swap_current_delta_fallback detail={'delta_swap_current': 0, 'swap_saturated': False, 'workingset_refault_anon': 4864} events={'low': 0, 'high': 0, 'max': 65, 'oom': 0, 'oom_kill': 0, 'oom_group_kill': 0}
[container_monitor] pf-C: current=486.1MiB swap=62.6MiB max=501.0MiB cpu.usage_usec=1980281 method=swap_current_delta_fallback detail={'delta_swap_current': 0, 'swap_saturated': False, 'workingset_refault_anon': 4864} events={'low': 0, 'high': 0, 'max': 65, 'oom': 0, 'oom_kill': 0, 'oom_group_kill': 0}
[container_monitor] pf-C: current=486.1MiB swap=62.6MiB max=501.0MiB cpu.usage_usec=1981223 method=swap_current_delta_fallback detail={'delta_swap_current': 0, 'swap_saturated': False, 'workingset_refault_anon': 4864} events={'low': 0, 'high': 0, 'max': 65, 'oom': 0, 'oom_kill': 0, 'oom_group_kill': 0}
[container_monitor] pf-C: current=494.1MiB swap=62.6MiB max=501.0MiB cpu.usage_usec=1985209 method=swap_current_delta_fallback detail={'delta_swap_current': 0, 'swap_saturated': False, 'workingset_refault_anon': 4864} events={'low': 0, 'high': 0, 'max': 65, 'oom': 0, 'oom_kill': 0, 'oom_group_kill': 0}
[container_monitor] pf-C: current=494.1MiB swap=62.6MiB max=501.0MiB cpu.usage_usec=1988476 method=swap_current_delta_fallback detail={'delta_swap_current': 0, 'swap_saturated': False, 'workingset_refault_anon': 4864} events={'low': 0, 'high': 0, 'max': 65, 'oom': 0, 'oom_kill': 0, 'oom_group_kill': 0}
[container_monitor] pf-C: current=494.1MiB swap=62.6MiB max=501.0MiB cpu.usage_usec=1989347 method=swap_current_delta_fallback detail={'delta_swap_current': 0, 'swap_saturated': False, 'workingset_refault_anon': 4864} events={'low': 0, 'high': 0, 'max': 65, 'oom': 0, 'oom_kill': 0, 'oom_group_kill': 0}
[container_monitor] pf-C: current=494.1MiB swap=62.6MiB max=501.0MiB cpu.usage_usec=1990379 method=swap_current_delta_fallback detail={'delta_swap_current': 0, 'swap_saturated': False, 'workingset_refault_anon': 4864} events={'low': 0, 'high': 0, 'max': 65, 'oom': 0, 'oom_kill': 0, 'oom_group_kill': 0}
[container_monitor] pf-C: current=494.1MiB swap=62.6MiB max=501.0MiB cpu.usage_usec=1991321 method=swap_current_delta_fallback detail={'delta_swap_current': 0, 'swap_saturated': False, 'workingset_refault_anon': 4864} events={'low': 0, 'high': 0, 'max': 65, 'oom': 0, 'oom_kill': 0, 'oom_group_kill': 0}
[container_monitor] pf-C: current=499.1MiB swap=62.6MiB max=501.0MiB cpu.usage_usec=1997304 method=swap_current_delta_fallback detail={'delta_swap_current': 0, 'swap_saturated': False, 'workingset_refault_anon': 4864} events={'low': 0, 'high': 0, 'max': 65, 'oom': 0, 'oom_kill': 0, 'oom_group_kill': 0}
[container_monitor] pf-C: current=501.0MiB swap=62.6MiB max=501.0MiB cpu.usage_usec=2003063 method=swap_current_delta_fallback detail={'delta_swap_current': 0, 'swap_saturated': False, 'workingset_refault_anon': 4864} events={'low': 0, 'high': 0, 'max': 69, 'oom': 0, 'oom_kill': 0, 'oom_group_kill': 0}
[container_monitor] pf-C: current=500.9MiB swap=62.6MiB max=501.0MiB cpu.usage_usec=2007617 method=swap_current_delta_fallback detail={'delta_swap_current': 0, 'swap_saturated': False, 'workingset_refault_anon': 4864} events={'low': 0, 'high': 0, 'max': 70, 'oom': 0, 'oom_kill': 0, 'oom_group_kill': 0}
[container_monitor] pf-C: current=500.9MiB swap=62.6MiB max=501.0MiB cpu.usage_usec=2012549 method=swap_current_delta_fallback detail={'delta_swap_current': 0, 'swap_saturated': False, 'workingset_refault_anon': 4864} events={'low': 0, 'high': 0, 'max': 70, 'oom': 0, 'oom_kill': 0, 'oom_group_kill': 0}
[container_monitor] pf-C: current=500.9MiB swap=62.6MiB max=501.0MiB cpu.usage_usec=2015120 method=swap_current_delta_fallback detail={'delta_swap_current': 0, 'swap_saturated': False, 'workingset_refault_anon': 4864} events={'low': 0, 'high': 0, 'max': 70, 'oom': 0, 'oom_kill': 0, 'oom_group_kill': 0}
[container_monitor] pf-C: current=500.9MiB swap=62.6MiB max=501.0MiB cpu.usage_usec=2015939 method=swap_current_delta_fallback detail={'delta_swap_current': 0, 'swap_saturated': False, 'workingset_refault_anon': 4864} events={'low': 0, 'high': 0, 'max': 70, 'oom': 0, 'oom_kill': 0, 'oom_group_kill': 0}
[container_monitor] pf-C: current=500.9MiB swap=62.6MiB max=501.0MiB cpu.usage_usec=2016700 method=swap_current_delta_fallback detail={'delta_swap_current': 0, 'swap_saturated': False, 'workingset_refault_anon': 4864} events={'low': 0, 'high': 0, 'max': 70, 'oom': 0, 'oom_kill': 0, 'oom_group_kill': 0}
[container_monitor] pf-C: current=500.9MiB swap=62.6MiB max=501.0MiB cpu.usage_usec=2017793 method=swap_current_delta_fallback detail={'delta_swap_current': 0, 'swap_saturated': False, 'workingset_refault_anon': 4864} events={'low': 0, 'high': 0, 'max': 70, 'oom': 0, 'oom_kill': 0, 'oom_group_kill': 0}
[container_monitor] pf-C: current=501.0MiB swap=63.2MiB max=501.0MiB cpu.usage_usec=2022758 method=swap_current_delta_fallback detail={'delta_swap_current': 602112, 'swap_saturated': False, 'workingset_refault_anon': 4864} events={'low': 0, 'high': 0, 'max': 72, 'oom': 0, 'oom_kill': 0, 'oom_group_kill': 0}
[container_monitor] pf-C: OCM 감지 (method=swap_current_delta_fallback, detail={'delta_swap_current': 602112, 'swap_saturated': False, 'workingset_refault_anon': 4864})
[puff_manager] pf-C: puff 적용 501MiB -> 701MiB
[container_monitor] pf-C: puff 완료, 새 메모리 한도 701MiB
[container_monitor] pf-C: 이미 suspend 상태, 재적용 생략
[container_monitor] pf-C: current=508.1MiB swap=63.9MiB max=701.0MiB cpu.usage_usec=2026974 method=swap_current_delta_fallback detail={'delta_swap_current': 696320, 'swap_saturated': False, 'workingset_refault_anon': 4864} events={'low': 0, 'high': 0, 'max': 72, 'oom': 0, 'oom_kill': 0, 'oom_group_kill': 0}
[container_monitor] pf-C: current=508.1MiB swap=63.9MiB max=701.0MiB cpu.usage_usec=2027830 method=swap_current_delta_fallback detail={'delta_swap_current': 0, 'swap_saturated': False, 'workingset_refault_anon': 4864} events={'low': 0, 'high': 0, 'max': 72, 'oom': 0, 'oom_kill': 0, 'oom_group_kill': 0}
[container_monitor] pf-C: current=508.1MiB swap=63.9MiB max=701.0MiB cpu.usage_usec=2028700 method=swap_current_delta_fallback detail={'delta_swap_current': 0, 'swap_saturated': False, 'workingset_refault_anon': 4864} events={'low': 0, 'high': 0, 'max': 72, 'oom': 0, 'oom_kill': 0, 'oom_group_kill': 0}
[container_monitor] pf-C: current=508.1MiB swap=63.9MiB max=701.0MiB cpu.usage_usec=2029842 method=swap_current_delta_fallback detail={'delta_swap_current': 0, 'swap_saturated': False, 'workingset_refault_anon': 4864} events={'low': 0, 'high': 0, 'max': 72, 'oom': 0, 'oom_kill': 0, 'oom_group_kill': 0}
[container_monitor] pf-C: current=514.3MiB swap=63.9MiB max=701.0MiB cpu.usage_usec=2035003 method=swap_current_delta_fallback detail={'delta_swap_current': 0, 'swap_saturated': False, 'workingset_refault_anon': 4864} events={'low': 0, 'high': 0, 'max': 72, 'oom': 0, 'oom_kill': 0, 'oom_group_kill': 0}
[container_monitor] pf-C: current=516.2MiB swap=63.9MiB max=701.0MiB cpu.usage_usec=2039652 method=swap_current_delta_fallback detail={'delta_swap_current': 0, 'swap_saturated': False, 'workingset_refault_anon': 4864} events={'low': 0, 'high': 0, 'max': 72, 'oom': 0, 'oom_kill': 0, 'oom_group_kill': 0}
[container_monitor] pf-C: current=516.2MiB swap=63.9MiB max=701.0MiB cpu.usage_usec=2041575 method=swap_current_delta_fallback detail={'delta_swap_current': 0, 'swap_saturated': False, 'workingset_refault_anon': 4864} events={'low': 0, 'high': 0, 'max': 72, 'oom': 0, 'oom_kill': 0, 'oom_group_kill': 0}
[container_monitor] pf-C: current=516.2MiB swap=63.9MiB max=701.0MiB cpu.usage_usec=2043002 method=swap_current_delta_fallback detail={'delta_swap_current': 0, 'swap_saturated': False, 'workingset_refault_anon': 4864} events={'low': 0, 'high': 0, 'max': 72, 'oom': 0, 'oom_kill': 0, 'oom_group_kill': 0}
[container_monitor] pf-C: current=516.2MiB swap=63.9MiB max=701.0MiB cpu.usage_usec=2043992 method=swap_current_delta_fallback detail={'delta_swap_current': 0, 'swap_saturated': False, 'workingset_refault_anon': 4864} events={'low': 0, 'high': 0, 'max': 72, 'oom': 0, 'oom_kill': 0, 'oom_group_kill': 0}
[container_monitor] pf-C: current=516.2MiB swap=63.9MiB max=701.0MiB cpu.usage_usec=2047554 method=swap_current_delta_fallback detail={'delta_swap_current': 0, 'swap_saturated': False, 'workingset_refault_anon': 4864} events={'low': 0, 'high': 0, 'max': 72, 'oom': 0, 'oom_kill': 0, 'oom_group_kill': 0}