[container_monitor] pf-test-3: cgroup path = /sys/fs/cgroup/system.slice/docker-3597513f33c7e85f12ccd08c37564b0b1a9c646cdea98f992198b9b0b1585c35.scope
[container_monitor] pf-test-3: current=49.1MiB swap=0.0MiB max=256.0MiB cpu.usage_usec=98559 method=swap_current_delta_fallback detail={'delta_swap_current': 0, 'swap_saturated': False, 'workingset_refault_anon': 0} events={'low': 0, 'high': 0, 'max': 0, 'oom': 0, 'oom_kill': 0, 'oom_group_kill': 0}
[container_monitor] pf-test-3: current=57.7MiB swap=0.0MiB max=256.0MiB cpu.usage_usec=138382 method=swap_current_delta_fallback detail={'delta_swap_current': 0, 'swap_saturated': False, 'workingset_refault_anon': 0} events={'low': 0, 'high': 0, 'max': 0, 'oom': 0, 'oom_kill': 0, 'oom_group_kill': 0}
[container_monitor] pf-test-3: current=57.7MiB swap=0.0MiB max=256.0MiB cpu.usage_usec=139171 method=swap_current_delta_fallback detail={'delta_swap_current': 0, 'swap_saturated': False, 'workingset_refault_anon': 0} events={'low': 0, 'high': 0, 'max': 0, 'oom': 0, 'oom_kill': 0, 'oom_group_kill': 0}
[container_monitor] pf-test-3: current=57.7MiB swap=0.0MiB max=256.0MiB cpu.usage_usec=140325 method=swap_current_delta_fallback detail={'delta_swap_current': 0, 'swap_saturated': False, 'workingset_refault_anon': 0} events={'low': 0, 'high': 0, 'max': 0, 'oom': 0, 'oom_kill': 0, 'oom_group_kill': 0}
[container_monitor] pf-test-3: current=57.7MiB swap=0.0MiB max=256.0MiB cpu.usage_usec=140712 method=swap_current_delta_fallback detail={'delta_swap_current': 0, 'swap_saturated': False, 'workingset_refault_anon': 0} events={'low': 0, 'high': 0, 'max': 0, 'oom': 0, 'oom_kill': 0, 'oom_group_kill': 0}
[container_monitor] pf-test-3: current=64.4MiB swap=0.0MiB max=256.0MiB cpu.usage_usec=163189 method=swap_current_delta_fallback detail={'delta_swap_current': 0, 'swap_saturated': False, 'workingset_refault_anon': 0} events={'low': 0, 'high': 0, 'max': 0, 'oom': 0, 'oom_kill': 0, 'oom_group_kill': 0}
[container_monitor] pf-test-3: current=64.4MiB swap=0.0MiB max=256.0MiB cpu.usage_usec=163988 method=swap_current_delta_fallback detail={'delta_swap_current': 0, 'swap_saturated': False, 'workingset_refault_anon': 0} events={'low': 0, 'high': 0, 'max': 0, 'oom': 0, 'oom_kill': 0, 'oom_group_kill': 0}
[container_monitor] pf-test-3: current=64.4MiB swap=0.0MiB max=256.0MiB cpu.usage_usec=164850 method=swap_current_delta_fallback detail={'delta_swap_current': 0, 'swap_saturated': False, 'workingset_refault_anon': 0} events={'low': 0, 'high': 0, 'max': 0, 'oom': 0, 'oom_kill': 0, 'oom_group_kill': 0}
[container_monitor] pf-test-3: current=64.4MiB swap=0.0MiB max=256.0MiB cpu.usage_usec=166117 method=swap_current_delta_fallback detail={'delta_swap_current': 0, 'swap_saturated': False, 'workingset_refault_anon': 0} events={'low': 0, 'high': 0, 'max': 0, 'oom': 0, 'oom_kill': 0, 'oom_group_kill': 0}
[container_monitor] pf-test-3: current=72.5MiB swap=0.0MiB max=256.0MiB cpu.usage_usec=171832 method=swap_current_delta_fallback detail={'delta_swap_current': 0, 'swap_saturated': False, 'workingset_refault_anon': 0} events={'low': 0, 'high': 0, 'max': 0, 'oom': 0, 'oom_kill': 0, 'oom_group_kill': 0}
[container_monitor] pf-test-3: current=72.5MiB swap=0.0MiB max=256.0MiB cpu.usage_usec=172352 method=swap_current_delta_fallback detail={'delta_swap_current': 0, 'swap_saturated': False, 'workingset_refault_anon': 0} events={'low': 0, 'high': 0, 'max': 0, 'oom': 0, 'oom_kill': 0, 'oom_group_kill': 0}
[container_monitor] pf-test-3: current=72.5MiB swap=0.0MiB max=256.0MiB cpu.usage_usec=172997 method=swap_current_delta_fallback detail={'delta_swap_current': 0, 'swap_saturated': False, 'workingset_refault_anon': 0} events={'low': 0, 'high': 0, 'max': 0, 'oom': 0, 'oom_kill': 0, 'oom_group_kill': 0}
[container_monitor] pf-test-3: current=72.5MiB swap=0.0MiB max=256.0MiB cpu.usage_usec=174018 method=swap_current_delta_fallback detail={'delta_swap_current': 0, 'swap_saturated': False, 'workingset_refault_anon': 0} events={'low': 0, 'high': 0, 'max': 0, 'oom': 0, 'oom_kill': 0, 'oom_group_kill': 0}
[container_monitor] pf-test-3: current=80.6MiB swap=0.0MiB max=256.0MiB cpu.usage_usec=189111 method=swap_current_delta_fallback detail={'delta_swap_current': 0, 'swap_saturated': False, 'workingset_refault_anon': 0} events={'low': 0, 'high': 0, 'max': 0, 'oom': 0, 'oom_kill': 0, 'oom_group_kill': 0}
[container_monitor] pf-test-3: current=80.6MiB swap=0.0MiB max=256.0MiB cpu.usage_usec=189573 method=swap_current_delta_fallback detail={'delta_swap_current': 0, 'swap_saturated': False, 'workingset_refault_anon': 0} events={'low': 0, 'high': 0, 'max': 0, 'oom': 0, 'oom_kill': 0, 'oom_group_kill': 0}
[container_monitor] pf-test-3: current=80.6MiB swap=0.0MiB max=256.0MiB cpu.usage_usec=190458 method=swap_current_delta_fallback detail={'delta_swap_current': 0, 'swap_saturated': False, 'workingset_refault_anon': 0} events={'low': 0, 'high': 0, 'max': 0, 'oom': 0, 'oom_kill': 0, 'oom_group_kill': 0}
[container_monitor] pf-test-3: current=80.6MiB swap=0.0MiB max=256.0MiB cpu.usage_usec=191207 method=swap_current_delta_fallback detail={'delta_swap_current': 0, 'swap_saturated': False, 'workingset_refault_anon': 0} events={'low': 0, 'high': 0, 'max': 0, 'oom': 0, 'oom_kill': 0, 'oom_group_kill': 0}
[container_monitor] pf-test-3: current=88.6MiB swap=0.0MiB max=256.0MiB cpu.usage_usec=202713 method=swap_current_delta_fallback detail={'delta_swap_current': 0, 'swap_saturated': False, 'workingset_refault_anon': 0} events={'low': 0, 'high': 0, 'max': 0, 'oom': 0, 'oom_kill': 0, 'oom_group_kill': 0}
[container_monitor] pf-test-3: current=88.6MiB swap=0.0MiB max=256.0MiB cpu.usage_usec=203401 method=swap_current_delta_fallback detail={'delta_swap_current': 0, 'swap_saturated': False, 'workingset_refault_anon': 0} events={'low': 0, 'high': 0, 'max': 0, 'oom': 0, 'oom_kill': 0, 'oom_group_kill': 0}
[container_monitor] pf-test-3: current=88.6MiB swap=0.0MiB max=256.0MiB cpu.usage_usec=204139 method=swap_current_delta_fallback detail={'delta_swap_current': 0, 'swap_saturated': False, 'workingset_refault_anon': 0} events={'low': 0, 'high': 0, 'max': 0, 'oom': 0, 'oom_kill': 0, 'oom_group_kill': 0}
[container_monitor] pf-test-3: current=88.6MiB swap=0.0MiB max=256.0MiB cpu.usage_usec=205173 method=swap_current_delta_fallback detail={'delta_swap_current': 0, 'swap_saturated': False, 'workingset_refault_anon': 0} events={'low': 0, 'high': 0, 'max': 0, 'oom': 0, 'oom_kill': 0, 'oom_group_kill': 0}
[container_monitor] pf-test-3: current=104.7MiB swap=0.0MiB max=256.0MiB cpu.usage_usec=228977 method=swap_current_delta_fallback detail={'delta_swap_current': 0, 'swap_saturated': False, 'workingset_refault_anon': 0} events={'low': 0, 'high': 0, 'max': 0, 'oom': 0, 'oom_kill': 0, 'oom_group_kill': 0}
[container_monitor] pf-test-3: current=104.7MiB swap=0.0MiB max=256.0MiB cpu.usage_usec=229575 method=swap_current_delta_fallback detail={'delta_swap_current': 0, 'swap_saturated': False, 'workingset_refault_anon': 0} events={'low': 0, 'high': 0, 'max': 0, 'oom': 0, 'oom_kill': 0, 'oom_group_kill': 0}
[container_monitor] pf-test-3: current=104.7MiB swap=0.0MiB max=256.0MiB cpu.usage_usec=230419 method=swap_current_delta_fallback detail={'delta_swap_current': 0, 'swap_saturated': False, 'workingset_refault_anon': 0} events={'low': 0, 'high': 0, 'max': 0, 'oom': 0, 'oom_kill': 0, 'oom_group_kill': 0}
[container_monitor] pf-test-3: current=104.7MiB swap=0.0MiB max=256.0MiB cpu.usage_usec=231099 method=swap_current_delta_fallback detail={'delta_swap_current': 0, 'swap_saturated': False, 'workingset_refault_anon': 0} events={'low': 0, 'high': 0, 'max': 0, 'oom': 0, 'oom_kill': 0, 'oom_group_kill': 0}
[container_monitor] pf-test-3: current=104.7MiB swap=0.0MiB max=256.0MiB cpu.usage_usec=232913 method=swap_current_delta_fallback detail={'delta_swap_current': 0, 'swap_saturated': False, 'workingset_refault_anon': 0} events={'low': 0, 'high': 0, 'max': 0, 'oom': 0, 'oom_kill': 0, 'oom_group_kill': 0}
[container_monitor] pf-test-3: current=104.7MiB swap=0.0MiB max=256.0MiB cpu.usage_usec=233503 method=swap_current_delta_fallback detail={'delta_swap_current': 0, 'swap_saturated': False, 'workingset_refault_anon': 0} events={'low': 0, 'high': 0, 'max': 0, 'oom': 0, 'oom_kill': 0, 'oom_group_kill': 0}
[container_monitor] pf-test-3: current=104.7MiB swap=0.0MiB max=256.0MiB cpu.usage_usec=234210 method=swap_current_delta_fallback detail={'delta_swap_current': 0, 'swap_saturated': False, 'workingset_refault_anon': 0} events={'low': 0, 'high': 0, 'max': 0, 'oom': 0, 'oom_kill': 0, 'oom_group_kill': 0}
[container_monitor] pf-test-3: current=104.7MiB swap=0.0MiB max=256.0MiB cpu.usage_usec=235345 method=swap_current_delta_fallback detail={'delta_swap_current': 0, 'swap_saturated': False, 'workingset_refault_anon': 0} events={'low': 0, 'high': 0, 'max': 0, 'oom': 0, 'oom_kill': 0, 'oom_group_kill': 0}
[container_monitor] pf-test-3: current=120.9MiB swap=0.0MiB max=256.0MiB cpu.usage_usec=242939 method=swap_current_delta_fallback detail={'delta_swap_current': 0, 'swap_saturated': False, 'workingset_refault_anon': 0} events={'low': 0, 'high': 0, 'max': 0, 'oom': 0, 'oom_kill': 0, 'oom_group_kill': 0}
[container_monitor] pf-test-3: current=120.9MiB swap=0.0MiB max=256.0MiB cpu.usage_usec=243548 method=swap_current_delta_fallback detail={'delta_swap_current': 0, 'swap_saturated': False, 'workingset_refault_anon': 0} events={'low': 0, 'high': 0, 'max': 0, 'oom': 0, 'oom_kill': 0, 'oom_group_kill': 0}
[container_monitor] pf-test-3: current=120.9MiB swap=0.0MiB max=256.0MiB cpu.usage_usec=244334 method=swap_current_delta_fallback detail={'delta_swap_current': 0, 'swap_saturated': False, 'workingset_refault_anon': 0} events={'low': 0, 'high': 0, 'max': 0, 'oom': 0, 'oom_kill': 0, 'oom_group_kill': 0}
[container_monitor] pf-test-3: current=120.9MiB swap=0.0MiB max=256.0MiB cpu.usage_usec=245174 method=swap_current_delta_fallback detail={'delta_swap_current': 0, 'swap_saturated': False, 'workingset_refault_anon': 0} events={'low': 0, 'high': 0, 'max': 0, 'oom': 0, 'oom_kill': 0, 'oom_group_kill': 0}
[container_monitor] pf-test-3: current=121.3MiB swap=0.0MiB max=256.0MiB cpu.usage_usec=252441 method=swap_current_delta_fallback detail={'delta_swap_current': 0, 'swap_saturated': False, 'workingset_refault_anon': 0} events={'low': 0, 'high': 0, 'max': 0, 'oom': 0, 'oom_kill': 0, 'oom_group_kill': 0}
[container_monitor] pf-test-3: current=121.3MiB swap=0.0MiB max=256.0MiB cpu.usage_usec=253396 method=swap_current_delta_fallback detail={'delta_swap_current': 0, 'swap_saturated': False, 'workingset_refault_anon': 0} events={'low': 0, 'high': 0, 'max': 0, 'oom': 0, 'oom_kill': 0, 'oom_group_kill': 0}
[container_monitor] pf-test-3: current=121.3MiB swap=0.0MiB max=256.0MiB cpu.usage_usec=254468 method=swap_current_delta_fallback detail={'delta_swap_current': 0, 'swap_saturated': False, 'workingset_refault_anon': 0} events={'low': 0, 'high': 0, 'max': 0, 'oom': 0, 'oom_kill': 0, 'oom_group_kill': 0}
[container_monitor] pf-test-3: current=121.3MiB swap=0.0MiB max=256.0MiB cpu.usage_usec=255590 method=swap_current_delta_fallback detail={'delta_swap_current': 0, 'swap_saturated': False, 'workingset_refault_anon': 0} events={'low': 0, 'high': 0, 'max': 0, 'oom': 0, 'oom_kill': 0, 'oom_group_kill': 0}
[container_monitor] pf-test-3: current=129.3MiB swap=0.0MiB max=256.0MiB cpu.usage_usec=273851 method=swap_current_delta_fallback detail={'delta_swap_current': 0, 'swap_saturated': False, 'workingset_refault_anon': 0} events={'low': 0, 'high': 0, 'max': 0, 'oom': 0, 'oom_kill': 0, 'oom_group_kill': 0}
[container_monitor] pf-test-3: current=129.3MiB swap=0.0MiB max=256.0MiB cpu.usage_usec=274539 method=swap_current_delta_fallback detail={'delta_swap_current': 0, 'swap_saturated': False, 'workingset_refault_anon': 0} events={'low': 0, 'high': 0, 'max': 0, 'oom': 0, 'oom_kill': 0, 'oom_group_kill': 0}
[container_monitor] pf-test-3: current=129.3MiB swap=0.0MiB max=256.0MiB cpu.usage_usec=275261 method=swap_current_delta_fallback detail={'delta_swap_current': 0, 'swap_saturated': False, 'workingset_refault_anon': 0} events={'low': 0, 'high': 0, 'max': 0, 'oom': 0, 'oom_kill': 0, 'oom_group_kill': 0}
[container_monitor] pf-test-3: current=129.3MiB swap=0.0MiB max=256.0MiB cpu.usage_usec=276021 method=swap_current_delta_fallback detail={'delta_swap_current': 0, 'swap_saturated': False, 'workingset_refault_anon': 0} events={'low': 0, 'high': 0, 'max': 0, 'oom': 0, 'oom_kill': 0, 'oom_group_kill': 0}
[container_monitor] pf-test-3: current=137.4MiB swap=0.0MiB max=256.0MiB cpu.usage_usec=293421 method=swap_current_delta_fallback detail={'delta_swap_current': 0, 'swap_saturated': False, 'workingset_refault_anon': 0} events={'low': 0, 'high': 0, 'max': 0, 'oom': 0, 'oom_kill': 0, 'oom_group_kill': 0}
[container_monitor] pf-test-3: current=137.4MiB swap=0.0MiB max=256.0MiB cpu.usage_usec=294413 method=swap_current_delta_fallback detail={'delta_swap_current': 0, 'swap_saturated': False, 'workingset_refault_anon': 0} events={'low': 0, 'high': 0, 'max': 0, 'oom': 0, 'oom_kill': 0, 'oom_group_kill': 0}
[container_monitor] pf-test-3: current=137.4MiB swap=0.0MiB max=256.0MiB cpu.usage_usec=295354 method=swap_current_delta_fallback detail={'delta_swap_current': 0, 'swap_saturated': False, 'workingset_refault_anon': 0} events={'low': 0, 'high': 0, 'max': 0, 'oom': 0, 'oom_kill': 0, 'oom_group_kill': 0}
[container_monitor] pf-test-3: current=137.4MiB swap=0.0MiB max=256.0MiB cpu.usage_usec=296304 method=swap_current_delta_fallback detail={'delta_swap_current': 0, 'swap_saturated': False, 'workingset_refault_anon': 0} events={'low': 0, 'high': 0, 'max': 0, 'oom': 0, 'oom_kill': 0, 'oom_group_kill': 0}
[container_monitor] pf-test-3: current=145.4MiB swap=0.0MiB max=256.0MiB cpu.usage_usec=312635 method=swap_current_delta_fallback detail={'delta_swap_current': 0, 'swap_saturated': False, 'workingset_refault_anon': 0} events={'low': 0, 'high': 0, 'max': 0, 'oom': 0, 'oom_kill': 0, 'oom_group_kill': 0}
[container_monitor] pf-test-3: current=145.4MiB swap=0.0MiB max=256.0MiB cpu.usage_usec=313563 method=swap_current_delta_fallback detail={'delta_swap_current': 0, 'swap_saturated': False, 'workingset_refault_anon': 0} events={'low': 0, 'high': 0, 'max': 0, 'oom': 0, 'oom_kill': 0, 'oom_group_kill': 0}
[container_monitor] pf-test-3: current=145.4MiB swap=0.0MiB max=256.0MiB cpu.usage_usec=314577 method=swap_current_delta_fallback detail={'delta_swap_current': 0, 'swap_saturated': False, 'workingset_refault_anon': 0} events={'low': 0, 'high': 0, 'max': 0, 'oom': 0, 'oom_kill': 0, 'oom_group_kill': 0}
[container_monitor] pf-test-3: current=145.4MiB swap=0.0MiB max=256.0MiB cpu.usage_usec=315274 method=swap_current_delta_fallback detail={'delta_swap_current': 0, 'swap_saturated': False, 'workingset_refault_anon': 0} events={'low': 0, 'high': 0, 'max': 0, 'oom': 0, 'oom_kill': 0, 'oom_group_kill': 0}
[container_monitor] pf-test-3: current=185.5MiB swap=0.0MiB max=256.0MiB cpu.usage_usec=369477 method=swap_current_delta_fallback detail={'delta_swap_current': 0, 'swap_saturated': False, 'workingset_refault_anon': 0} events={'low': 0, 'high': 0, 'max': 0, 'oom': 0, 'oom_kill': 0, 'oom_group_kill': 0}
[container_monitor] pf-test-3: current=185.5MiB swap=0.0MiB max=256.0MiB cpu.usage_usec=370583 method=swap_current_delta_fallback detail={'delta_swap_current': 0, 'swap_saturated': False, 'workingset_refault_anon': 0} events={'low': 0, 'high': 0, 'max': 0, 'oom': 0, 'oom_kill': 0, 'oom_group_kill': 0}
[container_monitor] pf-test-3: current=185.5MiB swap=0.0MiB max=256.0MiB cpu.usage_usec=371553 method=swap_current_delta_fallback detail={'delta_swap_current': 0, 'swap_saturated': False, 'workingset_refault_anon': 0} events={'low': 0, 'high': 0, 'max': 0, 'oom': 0, 'oom_kill': 0, 'oom_group_kill': 0}
[container_monitor] pf-test-3: current=185.5MiB swap=0.0MiB max=256.0MiB cpu.usage_usec=372546 method=swap_current_delta_fallback detail={'delta_swap_current': 0, 'swap_saturated': False, 'workingset_refault_anon': 0} events={'low': 0, 'high': 0, 'max': 0, 'oom': 0, 'oom_kill': 0, 'oom_group_kill': 0}
[container_monitor] pf-test-3: current=185.6MiB swap=0.0MiB max=256.0MiB cpu.usage_usec=380758 method=swap_current_delta_fallback detail={'delta_swap_current': 0, 'swap_saturated': False, 'workingset_refault_anon': 0} events={'low': 0, 'high': 0, 'max': 0, 'oom': 0, 'oom_kill': 0, 'oom_group_kill': 0}
[container_monitor] pf-test-3: current=185.6MiB swap=0.0MiB max=256.0MiB cpu.usage_usec=381575 method=swap_current_delta_fallback detail={'delta_swap_current': 0, 'swap_saturated': False, 'workingset_refault_anon': 0} events={'low': 0, 'high': 0, 'max': 0, 'oom': 0, 'oom_kill': 0, 'oom_group_kill': 0}
[container_monitor] pf-test-3: current=185.6MiB swap=0.0MiB max=256.0MiB cpu.usage_usec=382160 method=swap_current_delta_fallback detail={'delta_swap_current': 0, 'swap_saturated': False, 'workingset_refault_anon': 0} events={'low': 0, 'high': 0, 'max': 0, 'oom': 0, 'oom_kill': 0, 'oom_group_kill': 0}
[container_monitor] pf-test-3: current=185.6MiB swap=0.0MiB max=256.0MiB cpu.usage_usec=382767 method=swap_current_delta_fallback detail={'delta_swap_current': 0, 'swap_saturated': False, 'workingset_refault_anon': 0} events={'low': 0, 'high': 0, 'max': 0, 'oom': 0, 'oom_kill': 0, 'oom_group_kill': 0}
[container_monitor] pf-test-3: current=185.6MiB swap=0.0MiB max=256.0MiB cpu.usage_usec=386390 method=swap_current_delta_fallback detail={'delta_swap_current': 0, 'swap_saturated': False, 'workingset_refault_anon': 0} events={'low': 0, 'high': 0, 'max': 0, 'oom': 0, 'oom_kill': 0, 'oom_group_kill': 0}
[container_monitor] pf-test-3: current=185.6MiB swap=0.0MiB max=256.0MiB cpu.usage_usec=386854 method=swap_current_delta_fallback detail={'delta_swap_current': 0, 'swap_saturated': False, 'workingset_refault_anon': 0} events={'low': 0, 'high': 0, 'max': 0, 'oom': 0, 'oom_kill': 0, 'oom_group_kill': 0}
[container_monitor] pf-test-3: current=185.6MiB swap=0.0MiB max=256.0MiB cpu.usage_usec=387602 method=swap_current_delta_fallback detail={'delta_swap_current': 0, 'swap_saturated': False, 'workingset_refault_anon': 0} events={'low': 0, 'high': 0, 'max': 0, 'oom': 0, 'oom_kill': 0, 'oom_group_kill': 0}
[container_monitor] pf-test-3: current=185.6MiB swap=0.0MiB max=256.0MiB cpu.usage_usec=388192 method=swap_current_delta_fallback detail={'delta_swap_current': 0, 'swap_saturated': False, 'workingset_refault_anon': 0} events={'low': 0, 'high': 0, 'max': 0, 'oom': 0, 'oom_kill': 0, 'oom_group_kill': 0}
[container_monitor] pf-test-3: current=185.6MiB swap=0.0MiB max=256.0MiB cpu.usage_usec=396091 method=swap_current_delta_fallback detail={'delta_swap_current': 0, 'swap_saturated': False, 'workingset_refault_anon': 0} events={'low': 0, 'high': 0, 'max': 0, 'oom': 0, 'oom_kill': 0, 'oom_group_kill': 0}
[container_monitor] pf-test-3: current=185.6MiB swap=0.0MiB max=256.0MiB cpu.usage_usec=397174 method=swap_current_delta_fallback detail={'delta_swap_current': 0, 'swap_saturated': False, 'workingset_refault_anon': 0} events={'low': 0, 'high': 0, 'max': 0, 'oom': 0, 'oom_kill': 0, 'oom_group_kill': 0}
[container_monitor] pf-test-3: current=185.6MiB swap=0.0MiB max=256.0MiB cpu.usage_usec=398217 method=swap_current_delta_fallback detail={'delta_swap_current': 0, 'swap_saturated': False, 'workingset_refault_anon': 0} events={'low': 0, 'high': 0, 'max': 0, 'oom': 0, 'oom_kill': 0, 'oom_group_kill': 0}
[container_monitor] pf-test-3: current=185.6MiB swap=0.0MiB max=256.0MiB cpu.usage_usec=399003 method=swap_current_delta_fallback detail={'delta_swap_current': 0, 'swap_saturated': False, 'workingset_refault_anon': 0} events={'low': 0, 'high': 0, 'max': 0, 'oom': 0, 'oom_kill': 0, 'oom_group_kill': 0}
[container_monitor] pf-test-3: current=185.6MiB swap=0.0MiB max=256.0MiB cpu.usage_usec=402535 method=swap_current_delta_fallback detail={'delta_swap_current': 0, 'swap_saturated': False, 'workingset_refault_anon': 0} events={'low': 0, 'high': 0, 'max': 0, 'oom': 0, 'oom_kill': 0, 'oom_group_kill': 0}
[container_monitor] pf-test-3: current=185.6MiB swap=0.0MiB max=256.0MiB cpu.usage_usec=403547 method=swap_current_delta_fallback detail={'delta_swap_current': 0, 'swap_saturated': False, 'workingset_refault_anon': 0} events={'low': 0, 'high': 0, 'max': 0, 'oom': 0, 'oom_kill': 0, 'oom_group_kill': 0}
[container_monitor] pf-test-3: current=185.6MiB swap=0.0MiB max=256.0MiB cpu.usage_usec=404203 method=swap_current_delta_fallback detail={'delta_swap_current': 0, 'swap_saturated': False, 'workingset_refault_anon': 0} events={'low': 0, 'high': 0, 'max': 0, 'oom': 0, 'oom_kill': 0, 'oom_group_kill': 0}
[container_monitor] pf-test-3: current=185.6MiB swap=0.0MiB max=256.0MiB cpu.usage_usec=405253 method=swap_current_delta_fallback detail={'delta_swap_current': 0, 'swap_saturated': False, 'workingset_refault_anon': 0} events={'low': 0, 'high': 0, 'max': 0, 'oom': 0, 'oom_kill': 0, 'oom_group_kill': 0}
[container_monitor] pf-test-3: current=208.3MiB swap=0.0MiB max=256.0MiB cpu.usage_usec=469086 method=swap_current_delta_fallback detail={'delta_swap_current': 0, 'swap_saturated': False, 'workingset_refault_anon': 0} events={'low': 0, 'high': 0, 'max': 0, 'oom': 0, 'oom_kill': 0, 'oom_group_kill': 0}
[container_monitor] pf-test-3: current=226.1MiB swap=0.0MiB max=256.0MiB cpu.usage_usec=516471 method=swap_current_delta_fallback detail={'delta_swap_current': 0, 'swap_saturated': False, 'workingset_refault_anon': 0} events={'low': 0, 'high': 0, 'max': 0, 'oom': 0, 'oom_kill': 0, 'oom_group_kill': 0}
[container_monitor] pf-test-3: current=226.1MiB swap=0.0MiB max=256.0MiB cpu.usage_usec=517230 method=swap_current_delta_fallback detail={'delta_swap_current': 0, 'swap_saturated': False, 'workingset_refault_anon': 0} events={'low': 0, 'high': 0, 'max': 0, 'oom': 0, 'oom_kill': 0, 'oom_group_kill': 0}
[container_monitor] pf-test-3: current=226.1MiB swap=0.0MiB max=256.0MiB cpu.usage_usec=517961 method=swap_current_delta_fallback detail={'delta_swap_current': 0, 'swap_saturated': False, 'workingset_refault_anon': 0} events={'low': 0, 'high': 0, 'max': 0, 'oom': 0, 'oom_kill': 0, 'oom_group_kill': 0}
[container_monitor] pf-test-3: current=226.1MiB swap=0.0MiB max=256.0MiB cpu.usage_usec=518759 method=swap_current_delta_fallback detail={'delta_swap_current': 0, 'swap_saturated': False, 'workingset_refault_anon': 0} events={'low': 0, 'high': 0, 'max': 0, 'oom': 0, 'oom_kill': 0, 'oom_group_kill': 0}
[container_monitor] pf-test-3: current=226.1MiB swap=0.0MiB max=256.0MiB cpu.usage_usec=525436 method=swap_current_delta_fallback detail={'delta_swap_current': 0, 'swap_saturated': False, 'workingset_refault_anon': 0} events={'low': 0, 'high': 0, 'max': 0, 'oom': 0, 'oom_kill': 0, 'oom_group_kill': 0}
[container_monitor] pf-test-3: current=226.1MiB swap=0.0MiB max=256.0MiB cpu.usage_usec=525986 method=swap_current_delta_fallback detail={'delta_swap_current': 0, 'swap_saturated': False, 'workingset_refault_anon': 0} events={'low': 0, 'high': 0, 'max': 0, 'oom': 0, 'oom_kill': 0, 'oom_group_kill': 0}
[container_monitor] pf-test-3: current=226.1MiB swap=0.0MiB max=256.0MiB cpu.usage_usec=526708 method=swap_current_delta_fallback detail={'delta_swap_current': 0, 'swap_saturated': False, 'workingset_refault_anon': 0} events={'low': 0, 'high': 0, 'max': 0, 'oom': 0, 'oom_kill': 0, 'oom_group_kill': 0}
[container_monitor] pf-test-3: current=226.1MiB swap=0.0MiB max=256.0MiB cpu.usage_usec=527535 method=swap_current_delta_fallback detail={'delta_swap_current': 0, 'swap_saturated': False, 'workingset_refault_anon': 0} events={'low': 0, 'high': 0, 'max': 0, 'oom': 0, 'oom_kill': 0, 'oom_group_kill': 0}
[container_monitor] pf-test-3: current=226.1MiB swap=0.0MiB max=256.0MiB cpu.usage_usec=531559 method=swap_current_delta_fallback detail={'delta_swap_current': 0, 'swap_saturated': False, 'workingset_refault_anon': 0} events={'low': 0, 'high': 0, 'max': 0, 'oom': 0, 'oom_kill': 0, 'oom_group_kill': 0}
[container_monitor] pf-test-3: current=226.1MiB swap=0.0MiB max=256.0MiB cpu.usage_usec=532465 method=swap_current_delta_fallback detail={'delta_swap_current': 0, 'swap_saturated': False, 'workingset_refault_anon': 0} events={'low': 0, 'high': 0, 'max': 0, 'oom': 0, 'oom_kill': 0, 'oom_group_kill': 0}
[container_monitor] pf-test-3: current=226.1MiB swap=0.0MiB max=256.0MiB cpu.usage_usec=533430 method=swap_current_delta_fallback detail={'delta_swap_current': 0, 'swap_saturated': False, 'workingset_refault_anon': 0} events={'low': 0, 'high': 0, 'max': 0, 'oom': 0, 'oom_kill': 0, 'oom_group_kill': 0}
[container_monitor] pf-test-3: current=226.1MiB swap=0.0MiB max=256.0MiB cpu.usage_usec=534028 method=swap_current_delta_fallback detail={'delta_swap_current': 0, 'swap_saturated': False, 'workingset_refault_anon': 0} events={'low': 0, 'high': 0, 'max': 0, 'oom': 0, 'oom_kill': 0, 'oom_group_kill': 0}
[container_monitor] pf-test-3: current=226.1MiB swap=0.0MiB max=256.0MiB cpu.usage_usec=535438 method=swap_current_delta_fallback detail={'delta_swap_current': 0, 'swap_saturated': False, 'workingset_refault_anon': 0} events={'low': 0, 'high': 0, 'max': 0, 'oom': 0, 'oom_kill': 0, 'oom_group_kill': 0}
[container_monitor] pf-test-3: current=226.1MiB swap=0.0MiB max=256.0MiB cpu.usage_usec=536129 method=swap_current_delta_fallback detail={'delta_swap_current': 0, 'swap_saturated': False, 'workingset_refault_anon': 0} events={'low': 0, 'high': 0, 'max': 0, 'oom': 0, 'oom_kill': 0, 'oom_group_kill': 0}
[container_monitor] pf-test-3: current=226.1MiB swap=0.0MiB max=256.0MiB cpu.usage_usec=537093 method=swap_current_delta_fallback detail={'delta_swap_current': 0, 'swap_saturated': False, 'workingset_refault_anon': 0} events={'low': 0, 'high': 0, 'max': 0, 'oom': 0, 'oom_kill': 0, 'oom_group_kill': 0}
[container_monitor] pf-test-3: current=226.1MiB swap=0.0MiB max=256.0MiB cpu.usage_usec=537742 method=swap_current_delta_fallback detail={'delta_swap_current': 0, 'swap_saturated': False, 'workingset_refault_anon': 0} events={'low': 0, 'high': 0, 'max': 0, 'oom': 0, 'oom_kill': 0, 'oom_group_kill': 0}
[container_monitor] pf-test-3: current=227.2MiB swap=0.0MiB max=256.0MiB cpu.usage_usec=543846 method=swap_current_delta_fallback detail={'delta_swap_current': 0, 'swap_saturated': False, 'workingset_refault_anon': 0} events={'low': 0, 'high': 0, 'max': 0, 'oom': 0, 'oom_kill': 0, 'oom_group_kill': 0}
[container_monitor] pf-test-3: current=227.2MiB swap=0.0MiB max=256.0MiB cpu.usage_usec=544760 method=swap_current_delta_fallback detail={'delta_swap_current': 0, 'swap_saturated': False, 'workingset_refault_anon': 0} events={'low': 0, 'high': 0, 'max': 0, 'oom': 0, 'oom_kill': 0, 'oom_group_kill': 0}
[container_monitor] pf-test-3: current=227.2MiB swap=0.0MiB max=256.0MiB cpu.usage_usec=545994 method=swap_current_delta_fallback detail={'delta_swap_current': 0, 'swap_saturated': False, 'workingset_refault_anon': 0} events={'low': 0, 'high': 0, 'max': 0, 'oom': 0, 'oom_kill': 0, 'oom_group_kill': 0}
[container_monitor] pf-test-3: current=227.2MiB swap=0.0MiB max=256.0MiB cpu.usage_usec=546995 method=swap_current_delta_fallback detail={'delta_swap_current': 0, 'swap_saturated': False, 'workingset_refault_anon': 0} events={'low': 0, 'high': 0, 'max': 0, 'oom': 0, 'oom_kill': 0, 'oom_group_kill': 0}
[container_monitor] pf-test-3: current=235.2MiB swap=0.0MiB max=256.0MiB cpu.usage_usec=564896 method=swap_current_delta_fallback detail={'delta_swap_current': 0, 'swap_saturated': False, 'workingset_refault_anon': 0} events={'low': 0, 'high': 0, 'max': 0, 'oom': 0, 'oom_kill': 0, 'oom_group_kill': 0}
[container_monitor] pf-test-3: current=235.2MiB swap=0.0MiB max=256.0MiB cpu.usage_usec=565994 method=swap_current_delta_fallback detail={'delta_swap_current': 0, 'swap_saturated': False, 'workingset_refault_anon': 0} events={'low': 0, 'high': 0, 'max': 0, 'oom': 0, 'oom_kill': 0, 'oom_group_kill': 0}
[container_monitor] pf-test-3: current=235.2MiB swap=0.0MiB max=256.0MiB cpu.usage_usec=566638 method=swap_current_delta_fallback detail={'delta_swap_current': 0, 'swap_saturated': False, 'workingset_refault_anon': 0} events={'low': 0, 'high': 0, 'max': 0, 'oom': 0, 'oom_kill': 0, 'oom_group_kill': 0}
[container_monitor] pf-test-3: current=235.2MiB swap=0.0MiB max=256.0MiB cpu.usage_usec=567744 method=swap_current_delta_fallback detail={'delta_swap_current': 0, 'swap_saturated': False, 'workingset_refault_anon': 0} events={'low': 0, 'high': 0, 'max': 0, 'oom': 0, 'oom_kill': 0, 'oom_group_kill': 0}
[container_monitor] pf-test-3: current=243.2MiB swap=0.0MiB max=256.0MiB cpu.usage_usec=577471 method=swap_current_delta_fallback detail={'delta_swap_current': 0, 'swap_saturated': False, 'workingset_refault_anon': 0} events={'low': 0, 'high': 0, 'max': 0, 'oom': 0, 'oom_kill': 0, 'oom_group_kill': 0}
[container_monitor] pf-test-3: current=243.2MiB swap=0.0MiB max=256.0MiB cpu.usage_usec=578466 method=swap_current_delta_fallback detail={'delta_swap_current': 0, 'swap_saturated': False, 'workingset_refault_anon': 0} events={'low': 0, 'high': 0, 'max': 0, 'oom': 0, 'oom_kill': 0, 'oom_group_kill': 0}
[container_monitor] pf-test-3: current=243.2MiB swap=0.0MiB max=256.0MiB cpu.usage_usec=579606 method=swap_current_delta_fallback detail={'delta_swap_current': 0, 'swap_saturated': False, 'workingset_refault_anon': 0} events={'low': 0, 'high': 0, 'max': 0, 'oom': 0, 'oom_kill': 0, 'oom_group_kill': 0}
[container_monitor] pf-test-3: current=243.2MiB swap=0.0MiB max=256.0MiB cpu.usage_usec=580762 method=swap_current_delta_fallback detail={'delta_swap_current': 0, 'swap_saturated': False, 'workingset_refault_anon': 0} events={'low': 0, 'high': 0, 'max': 0, 'oom': 0, 'oom_kill': 0, 'oom_group_kill': 0}
[container_monitor] pf-test-3: current=251.3MiB swap=0.0MiB max=256.0MiB cpu.usage_usec=599798 method=swap_current_delta_fallback detail={'delta_swap_current': 0, 'swap_saturated': False, 'workingset_refault_anon': 0} events={'low': 0, 'high': 0, 'max': 0, 'oom': 0, 'oom_kill': 0, 'oom_group_kill': 0}
[container_monitor] pf-test-3: current=251.3MiB swap=0.0MiB max=256.0MiB cpu.usage_usec=600857 method=swap_current_delta_fallback detail={'delta_swap_current': 0, 'swap_saturated': False, 'workingset_refault_anon': 0} events={'low': 0, 'high': 0, 'max': 0, 'oom': 0, 'oom_kill': 0, 'oom_group_kill': 0}
[container_monitor] pf-test-3: current=251.3MiB swap=0.0MiB max=256.0MiB cpu.usage_usec=601830 method=swap_current_delta_fallback detail={'delta_swap_current': 0, 'swap_saturated': False, 'workingset_refault_anon': 0} events={'low': 0, 'high': 0, 'max': 0, 'oom': 0, 'oom_kill': 0, 'oom_group_kill': 0}
[container_monitor] pf-test-3: current=251.3MiB swap=0.0MiB max=256.0MiB cpu.usage_usec=603178 method=swap_current_delta_fallback detail={'delta_swap_current': 0, 'swap_saturated': False, 'workingset_refault_anon': 0} events={'low': 0, 'high': 0, 'max': 0, 'oom': 0, 'oom_kill': 0, 'oom_group_kill': 0}
[container_monitor] pf-test-3: current=180.4MiB swap=83.4MiB max=256.0MiB cpu.usage_usec=709484 method=swap_current_delta_fallback detail={'delta_swap_current': 87429120, 'swap_saturated': False, 'workingset_refault_anon': 692} events={'low': 0, 'high': 0, 'max': 1, 'oom': 0, 'oom_kill': 0, 'oom_group_kill': 0}
[container_monitor] pf-test-3: OCM 감지 (method=swap_current_delta_fallback, detail={'delta_swap_current': 87429120, 'swap_saturated': False, 'workingset_refault_anon': 692})
[puff_manager] pf-test-3: 원래 메모리 한도 저장 256MiB
[puff_manager] pf-test-3: puff 적용 256MiB -> 358MiB
[container_monitor] pf-test-3: puff 완료, 새 메모리 한도 358MiB
[suspend_manager] pf-test-3: 원래 CPU 설정 저장 {'cpu_max': 'max 100000', 'cpuset_cpus': '0-1'}
[suspend_manager] pf-test-3: suspend 적용 (--cpus 0.01 --cpuset-cpus 0)
[suspend_manager] pf-test-3: cgroup cpu.max='1000 100000' cpuset.cpus='0'
[container_monitor] pf-test-3: current=180.5MiB swap=83.4MiB max=358.0MiB cpu.usage_usec=711142 method=swap_current_delta_fallback detail={'delta_swap_current': 0, 'swap_saturated': False, 'workingset_refault_anon': 692} events={'low': 0, 'high': 0, 'max': 1, 'oom': 0, 'oom_kill': 0, 'oom_group_kill': 0}
[container_monitor] pf-test-3: current=180.5MiB swap=83.4MiB max=358.0MiB cpu.usage_usec=712321 method=swap_current_delta_fallback detail={'delta_swap_current': 0, 'swap_saturated': False, 'workingset_refault_anon': 706} events={'low': 0, 'high': 0, 'max': 1, 'oom': 0, 'oom_kill': 0, 'oom_group_kill': 0}
[container_monitor] pf-test-3: current=180.5MiB swap=83.4MiB max=358.0MiB cpu.usage_usec=713351 method=swap_current_delta_fallback detail={'delta_swap_current': 0, 'swap_saturated': False, 'workingset_refault_anon': 706} events={'low': 0, 'high': 0, 'max': 1, 'oom': 0, 'oom_kill': 0, 'oom_group_kill': 0}
[container_monitor] pf-test-3: current=188.2MiB swap=83.4MiB max=358.0MiB cpu.usage_usec=719451 method=swap_current_delta_fallback detail={'delta_swap_current': -24576, 'swap_saturated': False, 'workingset_refault_anon': 709} events={'low': 0, 'high': 0, 'max': 1, 'oom': 0, 'oom_kill': 0, 'oom_group_kill': 0}
[container_monitor] pf-test-3: current=188.5MiB swap=83.4MiB max=358.0MiB cpu.usage_usec=723709 method=swap_current_delta_fallback detail={'delta_swap_current': 0, 'swap_saturated': False, 'workingset_refault_anon': 718} events={'low': 0, 'high': 0, 'max': 1, 'oom': 0, 'oom_kill': 0, 'oom_group_kill': 0}
[container_monitor] pf-test-3: current=188.7MiB swap=83.2MiB max=358.0MiB cpu.usage_usec=728572 method=swap_current_delta_fallback detail={'delta_swap_current': -143360, 'swap_saturated': False, 'workingset_refault_anon': 766} events={'low': 0, 'high': 0, 'max': 1, 'oom': 0, 'oom_kill': 0, 'oom_group_kill': 0}
[container_monitor] pf-test-3: current=189.0MiB swap=83.1MiB max=358.0MiB cpu.usage_usec=733615 method=swap_current_delta_fallback detail={'delta_swap_current': -159744, 'swap_saturated': False, 'workingset_refault_anon': 842} events={'low': 0, 'high': 0, 'max': 1, 'oom': 0, 'oom_kill': 0, 'oom_group_kill': 0}
[container_monitor] pf-test-3: current=189.2MiB swap=82.9MiB max=358.0MiB cpu.usage_usec=737668 method=swap_current_delta_fallback detail={'delta_swap_current': -212992, 'swap_saturated': False, 'workingset_refault_anon': 895} events={'low': 0, 'high': 0, 'max': 1, 'oom': 0, 'oom_kill': 0, 'oom_group_kill': 0}
[container_monitor] pf-test-3: current=189.2MiB swap=82.9MiB max=358.0MiB cpu.usage_usec=738724 method=swap_current_delta_fallback detail={'delta_swap_current': 0, 'swap_saturated': False, 'workingset_refault_anon': 895} events={'low': 0, 'high': 0, 'max': 1, 'oom': 0, 'oom_kill': 0, 'oom_group_kill': 0}
[container_monitor] pf-test-3: current=191.0MiB swap=82.9MiB max=358.0MiB cpu.usage_usec=744078 method=swap_current_delta_fallback detail={'delta_swap_current': 0, 'swap_saturated': False, 'workingset_refault_anon': 895} events={'low': 0, 'high': 0, 'max': 1, 'oom': 0, 'oom_kill': 0, 'oom_group_kill': 0}
[container_monitor] pf-test-3: current=192.5MiB swap=82.9MiB max=358.0MiB cpu.usage_usec=748807 method=swap_current_delta_fallback detail={'delta_swap_current': 0, 'swap_saturated': False, 'workingset_refault_anon': 895} events={'low': 0, 'high': 0, 'max': 1, 'oom': 0, 'oom_kill': 0, 'oom_group_kill': 0}
[container_monitor] pf-test-3: current=194.4MiB swap=82.9MiB max=358.0MiB cpu.usage_usec=754492 method=swap_current_delta_fallback detail={'delta_swap_current': 0, 'swap_saturated': False, 'workingset_refault_anon': 895} events={'low': 0, 'high': 0, 'max': 1, 'oom': 0, 'oom_kill': 0, 'oom_group_kill': 0}
[container_monitor] pf-test-3: current=196.6MiB swap=82.9MiB max=358.0MiB cpu.usage_usec=759085 method=swap_current_delta_fallback detail={'delta_swap_current': 0, 'swap_saturated': False, 'workingset_refault_anon': 895} events={'low': 0, 'high': 0, 'max': 1, 'oom': 0, 'oom_kill': 0, 'oom_group_kill': 0}
[container_monitor] pf-test-3: current=197.3MiB swap=82.9MiB max=358.0MiB cpu.usage_usec=763559 method=swap_current_delta_fallback detail={'delta_swap_current': 0, 'swap_saturated': False, 'workingset_refault_anon': 900} events={'low': 0, 'high': 0, 'max': 1, 'oom': 0, 'oom_kill': 0, 'oom_group_kill': 0}
[container_monitor] pf-test-3: current=197.8MiB swap=82.5MiB max=358.0MiB cpu.usage_usec=768568 method=swap_current_delta_fallback detail={'delta_swap_current': -397312, 'swap_saturated': False, 'workingset_refault_anon': 1026} events={'low': 0, 'high': 0, 'max': 1, 'oom': 0, 'oom_kill': 0, 'oom_group_kill': 0}
[container_monitor] pf-test-3: current=197.9MiB swap=82.4MiB max=358.0MiB cpu.usage_usec=770673 method=swap_current_delta_fallback detail={'delta_swap_current': -49152, 'swap_saturated': False, 'workingset_refault_anon': 1026} events={'low': 0, 'high': 0, 'max': 1, 'oom': 0, 'oom_kill': 0, 'oom_group_kill': 0}
[container_monitor] pf-test-3: current=197.9MiB swap=82.4MiB max=358.0MiB cpu.usage_usec=771826 method=swap_current_delta_fallback detail={'delta_swap_current': 0, 'swap_saturated': False, 'workingset_refault_anon': 1043} events={'low': 0, 'high': 0, 'max': 1, 'oom': 0, 'oom_kill': 0, 'oom_group_kill': 0}
[container_monitor] pf-test-3: current=197.9MiB swap=82.4MiB max=358.0MiB cpu.usage_usec=772830 method=swap_current_delta_fallback detail={'delta_swap_current': 0, 'swap_saturated': False, 'workingset_refault_anon': 1043} events={'low': 0, 'high': 0, 'max': 1, 'oom': 0, 'oom_kill': 0, 'oom_group_kill': 0}
[container_monitor] pf-test-3: current=198.0MiB swap=82.4MiB max=358.0MiB cpu.usage_usec=778574 method=swap_current_delta_fallback detail={'delta_swap_current': -36864, 'swap_saturated': False, 'workingset_refault_anon': 1069} events={'low': 0, 'high': 0, 'max': 1, 'oom': 0, 'oom_kill': 0, 'oom_group_kill': 0}
[container_monitor] pf-test-3: current=199.0MiB swap=81.9MiB max=358.0MiB cpu.usage_usec=783710 method=swap_current_delta_fallback detail={'delta_swap_current': -491520, 'swap_saturated': False, 'workingset_refault_anon': 1223} events={'low': 0, 'high': 0, 'max': 1, 'oom': 0, 'oom_kill': 0, 'oom_group_kill': 0}
[container_monitor] pf-test-3: current=199.6MiB swap=81.7MiB max=358.0MiB cpu.usage_usec=788567 method=swap_current_delta_fallback detail={'delta_swap_current': -245760, 'swap_saturated': False, 'workingset_refault_anon': 1311} events={'low': 0, 'high': 0, 'max': 1, 'oom': 0, 'oom_kill': 0, 'oom_group_kill': 0}
[container_monitor] pf-test-3: current=201.3MiB swap=80.9MiB max=358.0MiB cpu.usage_usec=793611 method=swap_current_delta_fallback detail={'delta_swap_current': -884736, 'swap_saturated': False, 'workingset_refault_anon': 1543} events={'low': 0, 'high': 0, 'max': 1, 'oom': 0, 'oom_kill': 0, 'oom_group_kill': 0}
[container_monitor] pf-test-3: current=202.6MiB swap=80.2MiB max=358.0MiB cpu.usage_usec=798626 method=swap_current_delta_fallback detail={'delta_swap_current': -651264, 'swap_saturated': False, 'workingset_refault_anon': 1702} events={'low': 0, 'high': 0, 'max': 1, 'oom': 0, 'oom_kill': 0, 'oom_group_kill': 0}
[container_monitor] pf-test-3: current=203.8MiB swap=79.8MiB max=358.0MiB cpu.usage_usec=803612 method=swap_current_delta_fallback detail={'delta_swap_current': -499712, 'swap_saturated': False, 'workingset_refault_anon': 1870} events={'low': 0, 'high': 0, 'max': 1, 'oom': 0, 'oom_kill': 0, 'oom_group_kill': 0}
[container_monitor] pf-test-3: current=205.1MiB swap=79.0MiB max=358.0MiB cpu.usage_usec=808537 method=swap_current_delta_fallback detail={'delta_swap_current': -749568, 'swap_saturated': False, 'workingset_refault_anon': 2038} events={'low': 0, 'high': 0, 'max': 1, 'oom': 0, 'oom_kill': 0, 'oom_group_kill': 0}
[container_monitor] pf-test-3: current=206.9MiB swap=78.1MiB max=358.0MiB cpu.usage_usec=813552 method=swap_current_delta_fallback detail={'delta_swap_current': -995328, 'swap_saturated': False, 'workingset_refault_anon': 2258} events={'low': 0, 'high': 0, 'max': 1, 'oom': 0, 'oom_kill': 0, 'oom_group_kill': 0}
[container_monitor] pf-test-3: current=207.9MiB swap=77.6MiB max=358.0MiB cpu.usage_usec=818578 method=swap_current_delta_fallback detail={'delta_swap_current': -524288, 'swap_saturated': False, 'workingset_refault_anon': 2390} events={'low': 0, 'high': 0, 'max': 1, 'oom': 0, 'oom_kill': 0, 'oom_group_kill': 0}
[container_monitor] pf-test-3: current=210.0MiB swap=76.7MiB max=358.0MiB cpu.usage_usec=823926 method=swap_current_delta_fallback detail={'delta_swap_current': -987136, 'swap_saturated': False, 'workingset_refault_anon': 2630} events={'low': 0, 'high': 0, 'max': 1, 'oom': 0, 'oom_kill': 0, 'oom_group_kill': 0}
[container_monitor] pf-test-3: current=211.1MiB swap=76.1MiB max=358.0MiB cpu.usage_usec=829180 method=swap_current_delta_fallback detail={'delta_swap_current': -532480, 'swap_saturated': False, 'workingset_refault_anon': 2782} events={'low': 0, 'high': 0, 'max': 1, 'oom': 0, 'oom_kill': 0, 'oom_group_kill': 0}
[container_monitor] pf-test-3: current=212.7MiB swap=75.4MiB max=358.0MiB cpu.usage_usec=834550 method=swap_current_delta_fallback detail={'delta_swap_current': -737280, 'swap_saturated': False, 'workingset_refault_anon': 2994} events={'low': 0, 'high': 0, 'max': 1, 'oom': 0, 'oom_kill': 0, 'oom_group_kill': 0}
[container_monitor] pf-test-3: current=214.2MiB swap=74.7MiB max=358.0MiB cpu.usage_usec=839581 method=swap_current_delta_fallback detail={'delta_swap_current': -782336, 'swap_saturated': False, 'workingset_refault_anon': 3187} events={'low': 0, 'high': 0, 'max': 1, 'oom': 0, 'oom_kill': 0, 'oom_group_kill': 0}
[container_monitor] pf-test-3: current=215.3MiB swap=74.0MiB max=358.0MiB cpu.usage_usec=844595 method=swap_current_delta_fallback detail={'delta_swap_current': -765952, 'swap_saturated': False, 'workingset_refault_anon': 3341} events={'low': 0, 'high': 0, 'max': 1, 'oom': 0, 'oom_kill': 0, 'oom_group_kill': 0}
[container_monitor] pf-test-3: current=216.7MiB swap=73.3MiB max=358.0MiB cpu.usage_usec=849593 method=swap_current_delta_fallback detail={'delta_swap_current': -651264, 'swap_saturated': False, 'workingset_refault_anon': 3512} events={'low': 0, 'high': 0, 'max': 1, 'oom': 0, 'oom_kill': 0, 'oom_group_kill': 0}
[container_monitor] pf-test-3: current=217.8MiB swap=72.6MiB max=358.0MiB cpu.usage_usec=854748 method=swap_current_delta_fallback detail={'delta_swap_current': -749568, 'swap_saturated': False, 'workingset_refault_anon': 3611} events={'low': 0, 'high': 0, 'max': 1, 'oom': 0, 'oom_kill': 0, 'oom_group_kill': 0}
[container_monitor] pf-test-3: current=219.0MiB swap=72.1MiB max=358.0MiB cpu.usage_usec=860010 method=swap_current_delta_fallback detail={'delta_swap_current': -524288, 'swap_saturated': False, 'workingset_refault_anon': 3611} events={'low': 0, 'high': 0, 'max': 1, 'oom': 0, 'oom_kill': 0, 'oom_group_kill': 0}
[container_monitor] pf-test-3: current=220.1MiB swap=71.9MiB max=358.0MiB cpu.usage_usec=864821 method=swap_current_delta_fallback detail={'delta_swap_current': -262144, 'swap_saturated': False, 'workingset_refault_anon': 3683} events={'low': 0, 'high': 0, 'max': 1, 'oom': 0, 'oom_kill': 0, 'oom_group_kill': 0}
[container_monitor] pf-test-3: current=221.1MiB swap=71.9MiB max=358.0MiB cpu.usage_usec=869991 method=swap_current_delta_fallback detail={'delta_swap_current': 0, 'swap_saturated': False, 'workingset_refault_anon': 3683} events={'low': 0, 'high': 0, 'max': 1, 'oom': 0, 'oom_kill': 0, 'oom_group_kill': 0}
[container_monitor] pf-test-3: current=222.2MiB swap=71.9MiB max=358.0MiB cpu.usage_usec=874560 method=swap_current_delta_fallback detail={'delta_swap_current': 0, 'swap_saturated': False, 'workingset_refault_anon': 3683} events={'low': 0, 'high': 0, 'max': 1, 'oom': 0, 'oom_kill': 0, 'oom_group_kill': 0}
[container_monitor] pf-test-3: current=224.5MiB swap=71.5MiB max=358.0MiB cpu.usage_usec=879889 method=swap_current_delta_fallback detail={'delta_swap_current': -438272, 'swap_saturated': False, 'workingset_refault_anon': 3755} events={'low': 0, 'high': 0, 'max': 1, 'oom': 0, 'oom_kill': 0, 'oom_group_kill': 0}
[container_monitor] pf-test-3: current=225.9MiB swap=71.3MiB max=358.0MiB cpu.usage_usec=885165 method=swap_current_delta_fallback detail={'delta_swap_current': -172032, 'swap_saturated': False, 'workingset_refault_anon': 3755} events={'low': 0, 'high': 0, 'max': 1, 'oom': 0, 'oom_kill': 0, 'oom_group_kill': 0}
[container_monitor] pf-test-3: current=229.5MiB swap=71.2MiB max=358.0MiB cpu.usage_usec=890193 method=swap_current_delta_fallback detail={'delta_swap_current': -126976, 'swap_saturated': False, 'workingset_refault_anon': 3755} events={'low': 0, 'high': 0, 'max': 1, 'oom': 0, 'oom_kill': 0, 'oom_group_kill': 0}
[container_monitor] pf-test-3: current=231.2MiB swap=71.1MiB max=358.0MiB cpu.usage_usec=895748 method=swap_current_delta_fallback detail={'delta_swap_current': -36864, 'swap_saturated': False, 'workingset_refault_anon': 3755} events={'low': 0, 'high': 0, 'max': 1, 'oom': 0, 'oom_kill': 0, 'oom_group_kill': 0}
[container_monitor] pf-test-3: current=232.5MiB swap=71.1MiB max=358.0MiB cpu.usage_usec=900181 method=swap_current_delta_fallback detail={'delta_swap_current': 0, 'swap_saturated': False, 'workingset_refault_anon': 3755} events={'low': 0, 'high': 0, 'max': 1, 'oom': 0, 'oom_kill': 0, 'oom_group_kill': 0}
[container_monitor] pf-test-3: current=233.6MiB swap=71.1MiB max=358.0MiB cpu.usage_usec=904753 method=swap_current_delta_fallback detail={'delta_swap_current': -65536, 'swap_saturated': False, 'workingset_refault_anon': 3755} events={'low': 0, 'high': 0, 'max': 1, 'oom': 0, 'oom_kill': 0, 'oom_group_kill': 0}
[container_monitor] pf-test-3: current=235.2MiB swap=71.1MiB max=358.0MiB cpu.usage_usec=910145 method=swap_current_delta_fallback detail={'delta_swap_current': 0, 'swap_saturated': False, 'workingset_refault_anon': 3755} events={'low': 0, 'high': 0, 'max': 1, 'oom': 0, 'oom_kill': 0, 'oom_group_kill': 0}
[container_monitor] pf-test-3: current=237.6MiB swap=71.0MiB max=358.0MiB cpu.usage_usec=915275 method=swap_current_delta_fallback detail={'delta_swap_current': -36864, 'swap_saturated': False, 'workingset_refault_anon': 3755} events={'low': 0, 'high': 0, 'max': 1, 'oom': 0, 'oom_kill': 0, 'oom_group_kill': 0}
[container_monitor] pf-test-3: current=239.8MiB swap=71.0MiB max=358.0MiB cpu.usage_usec=919861 method=swap_current_delta_fallback detail={'delta_swap_current': 0, 'swap_saturated': False, 'workingset_refault_anon': 3755} events={'low': 0, 'high': 0, 'max': 1, 'oom': 0, 'oom_kill': 0, 'oom_group_kill': 0}
[container_monitor] pf-test-3: current=241.4MiB swap=70.9MiB max=358.0MiB cpu.usage_usec=924857 method=swap_current_delta_fallback detail={'delta_swap_current': -192512, 'swap_saturated': False, 'workingset_refault_anon': 3838} events={'low': 0, 'high': 0, 'max': 1, 'oom': 0, 'oom_kill': 0, 'oom_group_kill': 0}
[container_monitor] pf-test-3: current=243.0MiB swap=70.6MiB max=358.0MiB cpu.usage_usec=930484 method=swap_current_delta_fallback detail={'delta_swap_current': -233472, 'swap_saturated': False, 'workingset_refault_anon': 3838} events={'low': 0, 'high': 0, 'max': 1, 'oom': 0, 'oom_kill': 0, 'oom_group_kill': 0}
[container_monitor] pf-test-3: current=244.9MiB swap=70.6MiB max=358.0MiB cpu.usage_usec=935504 method=swap_current_delta_fallback detail={'delta_swap_current': 0, 'swap_saturated': False, 'workingset_refault_anon': 3838} events={'low': 0, 'high': 0, 'max': 1, 'oom': 0, 'oom_kill': 0, 'oom_group_kill': 0}
[container_monitor] pf-test-3: current=246.8MiB swap=70.6MiB max=358.0MiB cpu.usage_usec=940400 method=swap_current_delta_fallback detail={'delta_swap_current': 0, 'swap_saturated': False, 'workingset_refault_anon': 3838} events={'low': 0, 'high': 0, 'max': 1, 'oom': 0, 'oom_kill': 0, 'oom_group_kill': 0}
[container_monitor] pf-test-3: current=248.5MiB swap=70.6MiB max=358.0MiB cpu.usage_usec=945020 method=swap_current_delta_fallback detail={'delta_swap_current': 0, 'swap_saturated': False, 'workingset_refault_anon': 3838} events={'low': 0, 'high': 0, 'max': 1, 'oom': 0, 'oom_kill': 0, 'oom_group_kill': 0}
[container_monitor] pf-test-3: current=250.0MiB swap=70.6MiB max=358.0MiB cpu.usage_usec=950526 method=swap_current_delta_fallback detail={'delta_swap_current': 0, 'swap_saturated': False, 'workingset_refault_anon': 3838} events={'low': 0, 'high': 0, 'max': 1, 'oom': 0, 'oom_kill': 0, 'oom_group_kill': 0}
[container_monitor] pf-test-3: current=251.2MiB swap=70.6MiB max=358.0MiB cpu.usage_usec=955468 method=swap_current_delta_fallback detail={'delta_swap_current': 0, 'swap_saturated': False, 'workingset_refault_anon': 3838} events={'low': 0, 'high': 0, 'max': 1, 'oom': 0, 'oom_kill': 0, 'oom_group_kill': 0}
[container_monitor] pf-test-3: current=252.4MiB swap=70.6MiB max=358.0MiB cpu.usage_usec=960212 method=swap_current_delta_fallback detail={'delta_swap_current': 0, 'swap_saturated': False, 'workingset_refault_anon': 3838} events={'low': 0, 'high': 0, 'max': 1, 'oom': 0, 'oom_kill': 0, 'oom_group_kill': 0}
[container_monitor] pf-test-3: current=254.3MiB swap=70.6MiB max=358.0MiB cpu.usage_usec=965295 method=swap_current_delta_fallback detail={'delta_swap_current': 0, 'swap_saturated': False, 'workingset_refault_anon': 3838} events={'low': 0, 'high': 0, 'max': 1, 'oom': 0, 'oom_kill': 0, 'oom_group_kill': 0}
[container_monitor] pf-test-3: current=255.4MiB swap=70.5MiB max=358.0MiB cpu.usage_usec=969671 method=swap_current_delta_fallback detail={'delta_swap_current': -122880, 'swap_saturated': False, 'workingset_refault_anon': 3838} events={'low': 0, 'high': 0, 'max': 1, 'oom': 0, 'oom_kill': 0, 'oom_group_kill': 0}
[container_monitor] pf-test-3: current=257.2MiB swap=70.5MiB max=358.0MiB cpu.usage_usec=974561 method=swap_current_delta_fallback detail={'delta_swap_current': 0, 'swap_saturated': False, 'workingset_refault_anon': 3838} events={'low': 0, 'high': 0, 'max': 1, 'oom': 0, 'oom_kill': 0, 'oom_group_kill': 0}
[container_monitor] pf-test-3: current=259.3MiB swap=70.5MiB max=358.0MiB cpu.usage_usec=979768 method=swap_current_delta_fallback detail={'delta_swap_current': -4096, 'swap_saturated': False, 'workingset_refault_anon': 3838} events={'low': 0, 'high': 0, 'max': 1, 'oom': 0, 'oom_kill': 0, 'oom_group_kill': 0}
[container_monitor] pf-test-3: current=262.3MiB swap=70.5MiB max=358.0MiB cpu.usage_usec=984775 method=swap_current_delta_fallback detail={'delta_swap_current': -45056, 'swap_saturated': False, 'workingset_refault_anon': 3838} events={'low': 0, 'high': 0, 'max': 1, 'oom': 0, 'oom_kill': 0, 'oom_group_kill': 0}
[container_monitor] pf-test-3: current=265.8MiB swap=70.5MiB max=358.0MiB cpu.usage_usec=989846 method=swap_current_delta_fallback detail={'delta_swap_current': 0, 'swap_saturated': False, 'workingset_refault_anon': 3838} events={'low': 0, 'high': 0, 'max': 1, 'oom': 0, 'oom_kill': 0, 'oom_group_kill': 0}
[container_monitor] pf-test-3: current=270.4MiB swap=70.5MiB max=358.0MiB cpu.usage_usec=995509 method=swap_current_delta_fallback detail={'delta_swap_current': 0, 'swap_saturated': False, 'workingset_refault_anon': 3838} events={'low': 0, 'high': 0, 'max': 1, 'oom': 0, 'oom_kill': 0, 'oom_group_kill': 0}
[container_monitor] pf-test-3: current=272.0MiB swap=70.5MiB max=358.0MiB cpu.usage_usec=999691 method=swap_current_delta_fallback detail={'delta_swap_current': 0, 'swap_saturated': False, 'workingset_refault_anon': 3838} events={'low': 0, 'high': 0, 'max': 1, 'oom': 0, 'oom_kill': 0, 'oom_group_kill': 0}
[container_monitor] pf-test-3: current=273.5MiB swap=70.5MiB max=358.0MiB cpu.usage_usec=1005052 method=swap_current_delta_fallback detail={'delta_swap_current': 0, 'swap_saturated': False, 'workingset_refault_anon': 3838} events={'low': 0, 'high': 0, 'max': 1, 'oom': 0, 'oom_kill': 0, 'oom_group_kill': 0}
[container_monitor] pf-test-3: current=274.9MiB swap=70.5MiB max=358.0MiB cpu.usage_usec=1009594 method=swap_current_delta_fallback detail={'delta_swap_current': 0, 'swap_saturated': False, 'workingset_refault_anon': 3838} events={'low': 0, 'high': 0, 'max': 1, 'oom': 0, 'oom_kill': 0, 'oom_group_kill': 0}
[container_monitor] pf-test-3: current=276.2MiB swap=70.5MiB max=358.0MiB cpu.usage_usec=1014689 method=swap_current_delta_fallback detail={'delta_swap_current': 0, 'swap_saturated': False, 'workingset_refault_anon': 3838} events={'low': 0, 'high': 0, 'max': 1, 'oom': 0, 'oom_kill': 0, 'oom_group_kill': 0}
[container_monitor] pf-test-3: current=277.9MiB swap=70.5MiB max=358.0MiB cpu.usage_usec=1020275 method=swap_current_delta_fallback detail={'delta_swap_current': 0, 'swap_saturated': False, 'workingset_refault_anon': 3838} events={'low': 0, 'high': 0, 'max': 1, 'oom': 0, 'oom_kill': 0, 'oom_group_kill': 0}
[container_monitor] pf-test-3: current=279.7MiB swap=70.4MiB max=358.0MiB cpu.usage_usec=1025145 method=swap_current_delta_fallback detail={'delta_swap_current': -45056, 'swap_saturated': False, 'workingset_refault_anon': 3838} events={'low': 0, 'high': 0, 'max': 1, 'oom': 0, 'oom_kill': 0, 'oom_group_kill': 0}
[container_monitor] pf-test-3: current=282.5MiB swap=70.4MiB max=358.0MiB cpu.usage_usec=1029924 method=swap_current_delta_fallback detail={'delta_swap_current': 0, 'swap_saturated': False, 'workingset_refault_anon': 3838} events={'low': 0, 'high': 0, 'max': 1, 'oom': 0, 'oom_kill': 0, 'oom_group_kill': 0}
[container_monitor] pf-test-3: current=283.8MiB swap=70.4MiB max=358.0MiB cpu.usage_usec=1034620 method=swap_current_delta_fallback detail={'delta_swap_current': 0, 'swap_saturated': False, 'workingset_refault_anon': 3838} events={'low': 0, 'high': 0, 'max': 1, 'oom': 0, 'oom_kill': 0, 'oom_group_kill': 0}
[container_monitor] pf-test-3: current=287.5MiB swap=70.4MiB max=358.0MiB cpu.usage_usec=1040110 method=swap_current_delta_fallback detail={'delta_swap_current': 0, 'swap_saturated': False, 'workingset_refault_anon': 3838} events={'low': 0, 'high': 0, 'max': 1, 'oom': 0, 'oom_kill': 0, 'oom_group_kill': 0}
[container_monitor] pf-test-3: current=289.3MiB swap=70.4MiB max=358.0MiB cpu.usage_usec=1044754 method=swap_current_delta_fallback detail={'delta_swap_current': 0, 'swap_saturated': False, 'workingset_refault_anon': 3838} events={'low': 0, 'high': 0, 'max': 1, 'oom': 0, 'oom_kill': 0, 'oom_group_kill': 0}
[container_monitor] pf-test-3: current=291.2MiB swap=70.4MiB max=358.0MiB cpu.usage_usec=1049705 method=swap_current_delta_fallback detail={'delta_swap_current': 0, 'swap_saturated': False, 'workingset_refault_anon': 3838} events={'low': 0, 'high': 0, 'max': 1, 'oom': 0, 'oom_kill': 0, 'oom_group_kill': 0}
[container_monitor] pf-test-3: current=293.4MiB swap=70.4MiB max=358.0MiB cpu.usage_usec=1054962 method=swap_current_delta_fallback detail={'delta_swap_current': 0, 'swap_saturated': False, 'workingset_refault_anon': 3838} events={'low': 0, 'high': 0, 'max': 1, 'oom': 0, 'oom_kill': 0, 'oom_group_kill': 0}
[container_monitor] pf-test-3: current=295.3MiB swap=70.4MiB max=358.0MiB cpu.usage_usec=1060464 method=swap_current_delta_fallback detail={'delta_swap_current': 0, 'swap_saturated': False, 'workingset_refault_anon': 3838} events={'low': 0, 'high': 0, 'max': 1, 'oom': 0, 'oom_kill': 0, 'oom_group_kill': 0}
[container_monitor] pf-test-3: current=296.6MiB swap=70.4MiB max=358.0MiB cpu.usage_usec=1064575 method=swap_current_delta_fallback detail={'delta_swap_current': 0, 'swap_saturated': False, 'workingset_refault_anon': 3838} events={'low': 0, 'high': 0, 'max': 1, 'oom': 0, 'oom_kill': 0, 'oom_group_kill': 0}
[container_monitor] pf-test-3: current=297.1MiB swap=70.4MiB max=358.0MiB cpu.usage_usec=1070302 method=swap_current_delta_fallback detail={'delta_swap_current': 0, 'swap_saturated': False, 'workingset_refault_anon': 3841} events={'low': 0, 'high': 0, 'max': 1, 'oom': 0, 'oom_kill': 0, 'oom_group_kill': 0}
[container_monitor] pf-test-3: current=297.1MiB swap=70.4MiB max=358.0MiB cpu.usage_usec=1075418 method=swap_current_delta_fallback detail={'delta_swap_current': 0, 'swap_saturated': False, 'workingset_refault_anon': 3841} events={'low': 0, 'high': 0, 'max': 1, 'oom': 0, 'oom_kill': 0, 'oom_group_kill': 0}
[container_monitor] pf-test-3: current=297.1MiB swap=70.4MiB max=358.0MiB cpu.usage_usec=1080259 method=swap_current_delta_fallback detail={'delta_swap_current': -12288, 'swap_saturated': False, 'workingset_refault_anon': 3841} events={'low': 0, 'high': 0, 'max': 1, 'oom': 0, 'oom_kill': 0, 'oom_group_kill': 0}
[container_monitor] pf-test-3: current=297.1MiB swap=70.4MiB max=358.0MiB cpu.usage_usec=1085057 method=swap_current_delta_fallback detail={'delta_swap_current': 0, 'swap_saturated': False, 'workingset_refault_anon': 3845} events={'low': 0, 'high': 0, 'max': 1, 'oom': 0, 'oom_kill': 0, 'oom_group_kill': 0}
[container_monitor] pf-test-3: current=297.2MiB swap=70.4MiB max=358.0MiB cpu.usage_usec=1087745 method=swap_current_delta_fallback detail={'delta_swap_current': 0, 'swap_saturated': False, 'workingset_refault_anon': 3845} events={'low': 0, 'high': 0, 'max': 1, 'oom': 0, 'oom_kill': 0, 'oom_group_kill': 0}
[container_monitor] pf-test-3: current=297.2MiB swap=70.4MiB max=358.0MiB cpu.usage_usec=1088555 method=swap_current_delta_fallback detail={'delta_swap_current': 0, 'swap_saturated': False, 'workingset_refault_anon': 3847} events={'low': 0, 'high': 0, 'max': 1, 'oom': 0, 'oom_kill': 0, 'oom_group_kill': 0}
[container_monitor] pf-test-3: current=297.2MiB swap=70.4MiB max=358.0MiB cpu.usage_usec=1089286 method=swap_current_delta_fallback detail={'delta_swap_current': 0, 'swap_saturated': False, 'workingset_refault_anon': 3847} events={'low': 0, 'high': 0, 'max': 1, 'oom': 0, 'oom_kill': 0, 'oom_group_kill': 0}
[container_monitor] pf-test-3: current=297.2MiB swap=70.4MiB max=358.0MiB cpu.usage_usec=1093785 method=swap_current_delta_fallback detail={'delta_swap_current': 0, 'swap_saturated': False, 'workingset_refault_anon': 3847} events={'low': 0, 'high': 0, 'max': 1, 'oom': 0, 'oom_kill': 0, 'oom_group_kill': 0}
[container_monitor] pf-test-3: current=297.2MiB swap=70.4MiB max=358.0MiB cpu.usage_usec=1097136 method=swap_current_delta_fallback detail={'delta_swap_current': 0, 'swap_saturated': False, 'workingset_refault_anon': 3847} events={'low': 0, 'high': 0, 'max': 1, 'oom': 0, 'oom_kill': 0, 'oom_group_kill': 0}
[container_monitor] pf-test-3: current=297.2MiB swap=70.4MiB max=358.0MiB cpu.usage_usec=1101787 method=swap_current_delta_fallback detail={'delta_swap_current': 0, 'swap_saturated': False, 'workingset_refault_anon': 3849} events={'low': 0, 'high': 0, 'max': 1, 'oom': 0, 'oom_kill': 0, 'oom_group_kill': 0}
[container_monitor] pf-test-3: current=297.2MiB swap=70.4MiB max=358.0MiB cpu.usage_usec=1106855 method=swap_current_delta_fallback detail={'delta_swap_current': 0, 'swap_saturated': False, 'workingset_refault_anon': 3849} events={'low': 0, 'high': 0, 'max': 1, 'oom': 0, 'oom_kill': 0, 'oom_group_kill': 0}
[container_monitor] pf-test-3: current=297.2MiB swap=70.4MiB max=358.0MiB cpu.usage_usec=1112081 method=swap_current_delta_fallback detail={'delta_swap_current': 0, 'swap_saturated': False, 'workingset_refault_anon': 3849} events={'low': 0, 'high': 0, 'max': 1, 'oom': 0, 'oom_kill': 0, 'oom_group_kill': 0}
[container_monitor] pf-test-3: current=297.2MiB swap=70.4MiB max=358.0MiB cpu.usage_usec=1112904 method=swap_current_delta_fallback detail={'delta_swap_current': 0, 'swap_saturated': False, 'workingset_refault_anon': 3849} events={'low': 0, 'high': 0, 'max': 1, 'oom': 0, 'oom_kill': 0, 'oom_group_kill': 0}
[container_monitor] pf-test-3: current=297.2MiB swap=70.4MiB max=358.0MiB cpu.usage_usec=1113355 method=swap_current_delta_fallback detail={'delta_swap_current': -24576, 'swap_saturated': False, 'workingset_refault_anon': 3849} events={'low': 0, 'high': 0, 'max': 1, 'oom': 0, 'oom_kill': 0, 'oom_group_kill': 0}
[container_monitor] pf-test-3: current=297.2MiB swap=70.4MiB max=358.0MiB cpu.usage_usec=1114815 method=swap_current_delta_fallback detail={'delta_swap_current': 0, 'swap_saturated': False, 'workingset_refault_anon': 3849} events={'low': 0, 'high': 0, 'max': 1, 'oom': 0, 'oom_kill': 0, 'oom_group_kill': 0}
[container_monitor] pf-test-3: current=297.2MiB swap=70.4MiB max=358.0MiB cpu.usage_usec=1254874 method=swap_current_delta_fallback detail={'delta_swap_current': 0, 'swap_saturated': False, 'workingset_refault_anon': 3849} events={'low': 0, 'high': 0, 'max': 1, 'oom': 0, 'oom_kill': 0, 'oom_group_kill': 0}
[container_monitor] pf-test-3: current=297.2MiB swap=70.4MiB max=358.0MiB cpu.usage_usec=1254874 method=swap_current_delta_fallback detail={'delta_swap_current': 0, 'swap_saturated': False, 'workingset_refault_anon': 3849} events={'low': 0, 'high': 0, 'max': 1, 'oom': 0, 'oom_kill': 0, 'oom_group_kill': 0}
[container_monitor] pf-test-3: current=297.2MiB swap=70.4MiB max=358.0MiB cpu.usage_usec=1254874 method=swap_current_delta_fallback detail={'delta_swap_current': 0, 'swap_saturated': False, 'workingset_refault_anon': 3849} events={'low': 0, 'high': 0, 'max': 1, 'oom': 0, 'oom_kill': 0, 'oom_group_kill': 0}
[container_monitor] pf-test-3: current=297.2MiB swap=70.4MiB max=358.0MiB cpu.usage_usec=1254874 method=swap_current_delta_fallback detail={'delta_swap_current': 0, 'swap_saturated': False, 'workingset_refault_anon': 3849} events={'low': 0, 'high': 0, 'max': 1, 'oom': 0, 'oom_kill': 0, 'oom_group_kill': 0}
[container_monitor] pf-test-3: current=297.2MiB swap=70.4MiB max=358.0MiB cpu.usage_usec=1254874 method=swap_current_delta_fallback detail={'delta_swap_current': 0, 'swap_saturated': False, 'workingset_refault_anon': 3849} events={'low': 0, 'high': 0, 'max': 1, 'oom': 0, 'oom_kill': 0, 'oom_group_kill': 0}
[container_monitor] pf-test-3: current=297.2MiB swap=70.4MiB max=358.0MiB cpu.usage_usec=1254874 method=swap_current_delta_fallback detail={'delta_swap_current': 0, 'swap_saturated': False, 'workingset_refault_anon': 3849} events={'low': 0, 'high': 0, 'max': 1, 'oom': 0, 'oom_kill': 0, 'oom_group_kill': 0}
[container_monitor] pf-test-3: current=297.2MiB swap=70.4MiB max=358.0MiB cpu.usage_usec=1254874 method=swap_current_delta_fallback detail={'delta_swap_current': 0, 'swap_saturated': False, 'workingset_refault_anon': 3849} events={'low': 0, 'high': 0, 'max': 1, 'oom': 0, 'oom_kill': 0, 'oom_group_kill': 0}
[container_monitor] pf-test-3: current=297.2MiB swap=70.4MiB max=358.0MiB cpu.usage_usec=1254874 method=swap_current_delta_fallback detail={'delta_swap_current': 0, 'swap_saturated': False, 'workingset_refault_anon': 3849} events={'low': 0, 'high': 0, 'max': 1, 'oom': 0, 'oom_kill': 0, 'oom_group_kill': 0}
[container_monitor] pf-test-3: current=297.2MiB swap=70.4MiB max=358.0MiB cpu.usage_usec=1254874 method=swap_current_delta_fallback detail={'delta_swap_current': 0, 'swap_saturated': False, 'workingset_refault_anon': 3853} events={'low': 0, 'high': 0, 'max': 1, 'oom': 0, 'oom_kill': 0, 'oom_group_kill': 0}
[container_monitor] pf-test-3: current=297.2MiB swap=70.4MiB max=358.0MiB cpu.usage_usec=1254874 method=swap_current_delta_fallback detail={'delta_swap_current': 0, 'swap_saturated': False, 'workingset_refault_anon': 3853} events={'low': 0, 'high': 0, 'max': 1, 'oom': 0, 'oom_kill': 0, 'oom_group_kill': 0}
[container_monitor] pf-test-3: current=297.2MiB swap=70.4MiB max=358.0MiB cpu.usage_usec=1254874 method=swap_current_delta_fallback detail={'delta_swap_current': 0, 'swap_saturated': False, 'workingset_refault_anon': 3853} events={'low': 0, 'high': 0, 'max': 1, 'oom': 0, 'oom_kill': 0, 'oom_group_kill': 0}
[container_monitor] pf-test-3: current=297.2MiB swap=70.4MiB max=358.0MiB cpu.usage_usec=1254874 method=swap_current_delta_fallback detail={'delta_swap_current': 0, 'swap_saturated': False, 'workingset_refault_anon': 3853} events={'low': 0, 'high': 0, 'max': 1, 'oom': 0, 'oom_kill': 0, 'oom_group_kill': 0}
[container_monitor] pf-test-3: current=297.2MiB swap=70.4MiB max=358.0MiB cpu.usage_usec=1254874 method=swap_current_delta_fallback detail={'delta_swap_current': 0, 'swap_saturated': False, 'workingset_refault_anon': 3853} events={'low': 0, 'high': 0, 'max': 1, 'oom': 0, 'oom_kill': 0, 'oom_group_kill': 0}
[container_monitor] pf-test-3: current=297.2MiB swap=70.4MiB max=358.0MiB cpu.usage_usec=1254874 method=swap_current_delta_fallback detail={'delta_swap_current': 0, 'swap_saturated': False, 'workingset_refault_anon': 3853} events={'low': 0, 'high': 0, 'max': 1, 'oom': 0, 'oom_kill': 0, 'oom_group_kill': 0}
[container_monitor] pf-test-3: current=297.2MiB swap=70.4MiB max=358.0MiB cpu.usage_usec=1254874 method=swap_current_delta_fallback detail={'delta_swap_current': 0, 'swap_saturated': False, 'workingset_refault_anon': 3853} events={'low': 0, 'high': 0, 'max': 1, 'oom': 0, 'oom_kill': 0, 'oom_group_kill': 0}
[container_monitor] pf-test-3: current=297.2MiB swap=70.4MiB max=358.0MiB cpu.usage_usec=1254874 method=swap_current_delta_fallback detail={'delta_swap_current': 0, 'swap_saturated': False, 'workingset_refault_anon': 3853} events={'low': 0, 'high': 0, 'max': 1, 'oom': 0, 'oom_kill': 0, 'oom_group_kill': 0}
[container_monitor] pf-test-3: current=297.2MiB swap=70.4MiB max=358.0MiB cpu.usage_usec=1254874 method=swap_current_delta_fallback detail={'delta_swap_current': 0, 'swap_saturated': False, 'workingset_refault_anon': 3853} events={'low': 0, 'high': 0, 'max': 1, 'oom': 0, 'oom_kill': 0, 'oom_group_kill': 0}
[container_monitor] pf-test-3: current=297.2MiB swap=70.4MiB max=358.0MiB cpu.usage_usec=1254874 method=swap_current_delta_fallback detail={'delta_swap_current': 0, 'swap_saturated': False, 'workingset_refault_anon': 3853} events={'low': 0, 'high': 0, 'max': 1, 'oom': 0, 'oom_kill': 0, 'oom_group_kill': 0}
[container_monitor] pf-test-3: current=297.2MiB swap=70.4MiB max=358.0MiB cpu.usage_usec=1254874 method=swap_current_delta_fallback detail={'delta_swap_current': 0, 'swap_saturated': False, 'workingset_refault_anon': 3853} events={'low': 0, 'high': 0, 'max': 1, 'oom': 0, 'oom_kill': 0, 'oom_group_kill': 0}
[container_monitor] pf-test-3: current=297.2MiB swap=70.4MiB max=358.0MiB cpu.usage_usec=1254874 method=swap_current_delta_fallback detail={'delta_swap_current': 0, 'swap_saturated': False, 'workingset_refault_anon': 3853} events={'low': 0, 'high': 0, 'max': 1, 'oom': 0, 'oom_kill': 0, 'oom_group_kill': 0}
[container_monitor] pf-test-3: current=297.2MiB swap=70.4MiB max=358.0MiB cpu.usage_usec=1254874 method=swap_current_delta_fallback detail={'delta_swap_current': 0, 'swap_saturated': False, 'workingset_refault_anon': 3853} events={'low': 0, 'high': 0, 'max': 1, 'oom': 0, 'oom_kill': 0, 'oom_group_kill': 0}
[container_monitor] pf-test-3: current=297.2MiB swap=70.4MiB max=358.0MiB cpu.usage_usec=1254874 method=swap_current_delta_fallback detail={'delta_swap_current': 0, 'swap_saturated': False, 'workingset_refault_anon': 3853} events={'low': 0, 'high': 0, 'max': 1, 'oom': 0, 'oom_kill': 0, 'oom_group_kill': 0}
[container_monitor] pf-test-3: current=297.2MiB swap=70.4MiB max=358.0MiB cpu.usage_usec=1254874 method=swap_current_delta_fallback detail={'delta_swap_current': 0, 'swap_saturated': False, 'workingset_refault_anon': 3853} events={'low': 0, 'high': 0, 'max': 1, 'oom': 0, 'oom_kill': 0, 'oom_group_kill': 0}
[container_monitor] pf-test-3: current=297.2MiB swap=70.4MiB max=358.0MiB cpu.usage_usec=1254874 method=swap_current_delta_fallback detail={'delta_swap_current': 0, 'swap_saturated': False, 'workingset_refault_anon': 3853} events={'low': 0, 'high': 0, 'max': 1, 'oom': 0, 'oom_kill': 0, 'oom_group_kill': 0}
[container_monitor] pf-test-3: current=297.2MiB swap=70.4MiB max=358.0MiB cpu.usage_usec=1254874 method=swap_current_delta_fallback detail={'delta_swap_current': 0, 'swap_saturated': False, 'workingset_refault_anon': 3853} events={'low': 0, 'high': 0, 'max': 1, 'oom': 0, 'oom_kill': 0, 'oom_group_kill': 0}
[container_monitor] pf-test-3: current=297.2MiB swap=70.4MiB max=358.0MiB cpu.usage_usec=1254874 method=swap_current_delta_fallback detail={'delta_swap_current': 0, 'swap_saturated': False, 'workingset_refault_anon': 3853} events={'low': 0, 'high': 0, 'max': 1, 'oom': 0, 'oom_kill': 0, 'oom_group_kill': 0}
[container_monitor] pf-test-3: current=297.2MiB swap=70.4MiB max=358.0MiB cpu.usage_usec=1254874 method=swap_current_delta_fallback detail={'delta_swap_current': 0, 'swap_saturated': False, 'workingset_refault_anon': 3853} events={'low': 0, 'high': 0, 'max': 1, 'oom': 0, 'oom_kill': 0, 'oom_group_kill': 0}
[container_monitor] pf-test-3: current=297.2MiB swap=70.4MiB max=358.0MiB cpu.usage_usec=1254874 method=swap_current_delta_fallback detail={'delta_swap_current': 0, 'swap_saturated': False, 'workingset_refault_anon': 3853} events={'low': 0, 'high': 0, 'max': 1, 'oom': 0, 'oom_kill': 0, 'oom_group_kill': 0}
[container_monitor] pf-test-3: current=297.2MiB swap=70.4MiB max=358.0MiB cpu.usage_usec=1258920 method=swap_current_delta_fallback detail={'delta_swap_current': 0, 'swap_saturated': False, 'workingset_refault_anon': 3853} events={'low': 0, 'high': 0, 'max': 1, 'oom': 0, 'oom_kill': 0, 'oom_group_kill': 0}
[container_monitor] pf-test-3: current=297.2MiB swap=70.4MiB max=358.0MiB cpu.usage_usec=1263627 method=swap_current_delta_fallback detail={'delta_swap_current': 0, 'swap_saturated': False, 'workingset_refault_anon': 3853} events={'low': 0, 'high': 0, 'max': 1, 'oom': 0, 'oom_kill': 0, 'oom_group_kill': 0}
[container_monitor] pf-test-3: current=297.2MiB swap=70.4MiB max=358.0MiB cpu.usage_usec=1269666 method=swap_current_delta_fallback detail={'delta_swap_current': 0, 'swap_saturated': False, 'workingset_refault_anon': 3853} events={'low': 0, 'high': 0, 'max': 1, 'oom': 0, 'oom_kill': 0, 'oom_group_kill': 0}
[container_monitor] pf-test-3: current=297.2MiB swap=70.4MiB max=358.0MiB cpu.usage_usec=1275737 method=swap_current_delta_fallback detail={'delta_swap_current': 0, 'swap_saturated': False, 'workingset_refault_anon': 3856} events={'low': 0, 'high': 0, 'max': 1, 'oom': 0, 'oom_kill': 0, 'oom_group_kill': 0}
[container_monitor] pf-test-3: current=297.3MiB swap=70.4MiB max=358.0MiB cpu.usage_usec=1280280 method=swap_current_delta_fallback detail={'delta_swap_current': 0, 'swap_saturated': False, 'workingset_refault_anon': 3863} events={'low': 0, 'high': 0, 'max': 1, 'oom': 0, 'oom_kill': 0, 'oom_group_kill': 0}
[container_monitor] pf-test-3: current=297.3MiB swap=70.4MiB max=358.0MiB cpu.usage_usec=1284712 method=swap_current_delta_fallback detail={'delta_swap_current': 0, 'swap_saturated': False, 'workingset_refault_anon': 3868} events={'low': 0, 'high': 0, 'max': 1, 'oom': 0, 'oom_kill': 0, 'oom_group_kill': 0}
[container_monitor] pf-test-3: current=297.4MiB swap=70.4MiB max=358.0MiB cpu.usage_usec=1287988 method=swap_current_delta_fallback detail={'delta_swap_current': 0, 'swap_saturated': False, 'workingset_refault_anon': 3888} events={'low': 0, 'high': 0, 'max': 1, 'oom': 0, 'oom_kill': 0, 'oom_group_kill': 0}
[container_monitor] pf-test-3: current=297.4MiB swap=70.4MiB max=358.0MiB cpu.usage_usec=1288951 method=swap_current_delta_fallback detail={'delta_swap_current': 0, 'swap_saturated': False, 'workingset_refault_anon': 3896} events={'low': 0, 'high': 0, 'max': 1, 'oom': 0, 'oom_kill': 0, 'oom_group_kill': 0}
[container_monitor] pf-test-3: current=297.4MiB swap=70.4MiB max=358.0MiB cpu.usage_usec=1289714 method=swap_current_delta_fallback detail={'delta_swap_current': 0, 'swap_saturated': False, 'workingset_refault_anon': 3896} events={'low': 0, 'high': 0, 'max': 1, 'oom': 0, 'oom_kill': 0, 'oom_group_kill': 0}
[container_monitor] pf-test-3: current=297.4MiB swap=70.4MiB max=358.0MiB cpu.usage_usec=1295493 method=swap_current_delta_fallback detail={'delta_swap_current': 0, 'swap_saturated': False, 'workingset_refault_anon': 3896} events={'low': 0, 'high': 0, 'max': 1, 'oom': 0, 'oom_kill': 0, 'oom_group_kill': 0}
[container_monitor] pf-test-3: current=297.4MiB swap=70.4MiB max=358.0MiB cpu.usage_usec=1299912 method=swap_current_delta_fallback detail={'delta_swap_current': 0, 'swap_saturated': False, 'workingset_refault_anon': 3896} events={'low': 0, 'high': 0, 'max': 1, 'oom': 0, 'oom_kill': 0, 'oom_group_kill': 0}
[container_monitor] pf-test-3: current=297.4MiB swap=70.4MiB max=358.0MiB cpu.usage_usec=1302829 method=swap_current_delta_fallback detail={'delta_swap_current': 0, 'swap_saturated': False, 'workingset_refault_anon': 3898} events={'low': 0, 'high': 0, 'max': 1, 'oom': 0, 'oom_kill': 0, 'oom_group_kill': 0}
[container_monitor] pf-test-3: current=297.4MiB swap=70.4MiB max=358.0MiB cpu.usage_usec=1304159 method=swap_current_delta_fallback detail={'delta_swap_current': 0, 'swap_saturated': False, 'workingset_refault_anon': 3898} events={'low': 0, 'high': 0, 'max': 1, 'oom': 0, 'oom_kill': 0, 'oom_group_kill': 0}
[container_monitor] pf-test-3: current=297.4MiB swap=70.4MiB max=358.0MiB cpu.usage_usec=1304976 method=swap_current_delta_fallback detail={'delta_swap_current': 0, 'swap_saturated': False, 'workingset_refault_anon': 3898} events={'low': 0, 'high': 0, 'max': 1, 'oom': 0, 'oom_kill': 0, 'oom_group_kill': 0}
[container_monitor] pf-test-3: current=297.4MiB swap=70.2MiB max=358.0MiB cpu.usage_usec=1306340 method=swap_current_delta_fallback detail={'delta_swap_current': -163840, 'swap_saturated': False, 'workingset_refault_anon': 3898} events={'low': 0, 'high': 0, 'max': 1, 'oom': 0, 'oom_kill': 0, 'oom_group_kill': 0}
[container_monitor] pf-test-3: current=297.4MiB swap=70.2MiB max=358.0MiB cpu.usage_usec=1311119 method=swap_current_delta_fallback detail={'delta_swap_current': 0, 'swap_saturated': False, 'workingset_refault_anon': 3898} events={'low': 0, 'high': 0, 'max': 1, 'oom': 0, 'oom_kill': 0, 'oom_group_kill': 0}
[container_monitor] pf-test-3: current=297.4MiB swap=70.2MiB max=358.0MiB cpu.usage_usec=1316188 method=swap_current_delta_fallback detail={'delta_swap_current': 0, 'swap_saturated': False, 'workingset_refault_anon': 3900} events={'low': 0, 'high': 0, 'max': 1, 'oom': 0, 'oom_kill': 0, 'oom_group_kill': 0}
[container_monitor] pf-test-3: current=297.4MiB swap=70.2MiB max=358.0MiB cpu.usage_usec=1319501 method=swap_current_delta_fallback detail={'delta_swap_current': 0, 'swap_saturated': False, 'workingset_refault_anon': 3900} events={'low': 0, 'high': 0, 'max': 1, 'oom': 0, 'oom_kill': 0, 'oom_group_kill': 0}
[container_monitor] pf-test-3: current=297.4MiB swap=70.2MiB max=358.0MiB cpu.usage_usec=1320603 method=swap_current_delta_fallback detail={'delta_swap_current': 0, 'swap_saturated': False, 'workingset_refault_anon': 3900} events={'low': 0, 'high': 0, 'max': 1, 'oom': 0, 'oom_kill': 0, 'oom_group_kill': 0}
[container_monitor] pf-test-3: current=297.4MiB swap=70.2MiB max=358.0MiB cpu.usage_usec=1321507 method=swap_current_delta_fallback detail={'delta_swap_current': 0, 'swap_saturated': False, 'workingset_refault_anon': 3900} events={'low': 0, 'high': 0, 'max': 1, 'oom': 0, 'oom_kill': 0, 'oom_group_kill': 0}
[container_monitor] pf-test-3: current=297.4MiB swap=70.2MiB max=358.0MiB cpu.usage_usec=1322608 method=swap_current_delta_fallback detail={'delta_swap_current': 0, 'swap_saturated': False, 'workingset_refault_anon': 3900} events={'low': 0, 'high': 0, 'max': 1, 'oom': 0, 'oom_kill': 0, 'oom_group_kill': 0}
[container_monitor] pf-test-3: current=297.4MiB swap=70.2MiB max=358.0MiB cpu.usage_usec=1325690 method=swap_current_delta_fallback detail={'delta_swap_current': -4096, 'swap_saturated': False, 'workingset_refault_anon': 3900} events={'low': 0, 'high': 0, 'max': 1, 'oom': 0, 'oom_kill': 0, 'oom_group_kill': 0}
[container_monitor] pf-test-3: current=297.4MiB swap=70.2MiB max=358.0MiB cpu.usage_usec=1331311 method=swap_current_delta_fallback detail={'delta_swap_current': -12288, 'swap_saturated': False, 'workingset_refault_anon': 3900} events={'low': 0, 'high': 0, 'max': 1, 'oom': 0, 'oom_kill': 0, 'oom_group_kill': 0}
[container_monitor] pf-test-3: current=297.4MiB swap=70.2MiB max=358.0MiB cpu.usage_usec=1335702 method=swap_current_delta_fallback detail={'delta_swap_current': 0, 'swap_saturated': False, 'workingset_refault_anon': 3900} events={'low': 0, 'high': 0, 'max': 1, 'oom': 0, 'oom_kill': 0, 'oom_group_kill': 0}
[container_monitor] pf-test-3: current=297.4MiB swap=70.2MiB max=358.0MiB cpu.usage_usec=1338962 method=swap_current_delta_fallback detail={'delta_swap_current': 0, 'swap_saturated': False, 'workingset_refault_anon': 3904} events={'low': 0, 'high': 0, 'max': 1, 'oom': 0, 'oom_kill': 0, 'oom_group_kill': 0}
[container_monitor] pf-test-3: current=297.4MiB swap=70.2MiB max=358.0MiB cpu.usage_usec=1340161 method=swap_current_delta_fallback detail={'delta_swap_current': 0, 'swap_saturated': False, 'workingset_refault_anon': 3908} events={'low': 0, 'high': 0, 'max': 1, 'oom': 0, 'oom_kill': 0, 'oom_group_kill': 0}
[container_monitor] pf-test-3: current=297.4MiB swap=70.2MiB max=358.0MiB cpu.usage_usec=1341180 method=swap_current_delta_fallback detail={'delta_swap_current': 0, 'swap_saturated': False, 'workingset_refault_anon': 3908} events={'low': 0, 'high': 0, 'max': 1, 'oom': 0, 'oom_kill': 0, 'oom_group_kill': 0}
[container_monitor] pf-test-3: current=297.4MiB swap=70.2MiB max=358.0MiB cpu.usage_usec=1341672 method=swap_current_delta_fallback detail={'delta_swap_current': 0, 'swap_saturated': False, 'workingset_refault_anon': 3908} events={'low': 0, 'high': 0, 'max': 1, 'oom': 0, 'oom_kill': 0, 'oom_group_kill': 0}
[container_monitor] pf-test-3: current=297.4MiB swap=70.2MiB max=358.0MiB cpu.usage_usec=1348402 method=swap_current_delta_fallback detail={'delta_swap_current': 0, 'swap_saturated': False, 'workingset_refault_anon': 3908} events={'low': 0, 'high': 0, 'max': 1, 'oom': 0, 'oom_kill': 0, 'oom_group_kill': 0}
[container_monitor] pf-test-3: current=297.4MiB swap=70.2MiB max=358.0MiB cpu.usage_usec=1353001 method=swap_current_delta_fallback detail={'delta_swap_current': 0, 'swap_saturated': False, 'workingset_refault_anon': 3908} events={'low': 0, 'high': 0, 'max': 1, 'oom': 0, 'oom_kill': 0, 'oom_group_kill': 0}
[container_monitor] pf-test-3: current=297.4MiB swap=70.2MiB max=358.0MiB cpu.usage_usec=1354491 method=swap_current_delta_fallback detail={'delta_swap_current': 0, 'swap_saturated': False, 'workingset_refault_anon': 3908} events={'low': 0, 'high': 0, 'max': 1, 'oom': 0, 'oom_kill': 0, 'oom_group_kill': 0}
[container_monitor] pf-test-3: current=297.4MiB swap=70.2MiB max=358.0MiB cpu.usage_usec=1355562 method=swap_current_delta_fallback detail={'delta_swap_current': 0, 'swap_saturated': False, 'workingset_refault_anon': 3908} events={'low': 0, 'high': 0, 'max': 1, 'oom': 0, 'oom_kill': 0, 'oom_group_kill': 0}
[container_monitor] pf-test-3: current=297.4MiB swap=70.2MiB max=358.0MiB cpu.usage_usec=1356624 method=swap_current_delta_fallback detail={'delta_swap_current': 0, 'swap_saturated': False, 'workingset_refault_anon': 3908} events={'low': 0, 'high': 0, 'max': 1, 'oom': 0, 'oom_kill': 0, 'oom_group_kill': 0}
[container_monitor] pf-test-3: current=297.4MiB swap=70.2MiB max=358.0MiB cpu.usage_usec=1359380 method=swap_current_delta_fallback detail={'delta_swap_current': 0, 'swap_saturated': False, 'workingset_refault_anon': 3908} events={'low': 0, 'high': 0, 'max': 1, 'oom': 0, 'oom_kill': 0, 'oom_group_kill': 0}
[container_monitor] pf-test-3: current=297.4MiB swap=70.2MiB max=358.0MiB cpu.usage_usec=1364138 method=swap_current_delta_fallback detail={'delta_swap_current': -32768, 'swap_saturated': False, 'workingset_refault_anon': 3908} events={'low': 0, 'high': 0, 'max': 1, 'oom': 0, 'oom_kill': 0, 'oom_group_kill': 0}
[container_monitor] pf-test-3: current=297.4MiB swap=70.2MiB max=358.0MiB cpu.usage_usec=1368803 method=swap_current_delta_fallback detail={'delta_swap_current': 0, 'swap_saturated': False, 'workingset_refault_anon': 3908} events={'low': 0, 'high': 0, 'max': 1, 'oom': 0, 'oom_kill': 0, 'oom_group_kill': 0}
[container_monitor] pf-test-3: current=297.4MiB swap=70.2MiB max=358.0MiB cpu.usage_usec=1369471 method=swap_current_delta_fallback detail={'delta_swap_current': 0, 'swap_saturated': False, 'workingset_refault_anon': 3908} events={'low': 0, 'high': 0, 'max': 1, 'oom': 0, 'oom_kill': 0, 'oom_group_kill': 0}
[container_monitor] pf-test-3: current=297.4MiB swap=70.2MiB max=358.0MiB cpu.usage_usec=1370420 method=swap_current_delta_fallback detail={'delta_swap_current': 0, 'swap_saturated': False, 'workingset_refault_anon': 3908} events={'low': 0, 'high': 0, 'max': 1, 'oom': 0, 'oom_kill': 0, 'oom_group_kill': 0}
[container_monitor] pf-test-3: current=297.4MiB swap=70.2MiB max=358.0MiB cpu.usage_usec=1371159 method=swap_current_delta_fallback detail={'delta_swap_current': 0, 'swap_saturated': False, 'workingset_refault_anon': 3908} events={'low': 0, 'high': 0, 'max': 1, 'oom': 0, 'oom_kill': 0, 'oom_group_kill': 0}
[container_monitor] pf-test-3: current=297.4MiB swap=70.2MiB max=358.0MiB cpu.usage_usec=1373963 method=swap_current_delta_fallback detail={'delta_swap_current': 0, 'swap_saturated': False, 'workingset_refault_anon': 3908} events={'low': 0, 'high': 0, 'max': 1, 'oom': 0, 'oom_kill': 0, 'oom_group_kill': 0}
[container_monitor] pf-test-3: current=297.4MiB swap=70.2MiB max=358.0MiB cpu.usage_usec=1378771 method=swap_current_delta_fallback detail={'delta_swap_current': 0, 'swap_saturated': False, 'workingset_refault_anon': 3908} events={'low': 0, 'high': 0, 'max': 1, 'oom': 0, 'oom_kill': 0, 'oom_group_kill': 0}
[container_monitor] pf-test-3: current=297.4MiB swap=70.2MiB max=358.0MiB cpu.usage_usec=1384409 method=swap_current_delta_fallback detail={'delta_swap_current': 0, 'swap_saturated': False, 'workingset_refault_anon': 3908} events={'low': 0, 'high': 0, 'max': 1, 'oom': 0, 'oom_kill': 0, 'oom_group_kill': 0}
[container_monitor] pf-test-3: current=297.4MiB swap=70.2MiB max=358.0MiB cpu.usage_usec=1389020 method=swap_current_delta_fallback detail={'delta_swap_current': 0, 'swap_saturated': False, 'workingset_refault_anon': 3908} events={'low': 0, 'high': 0, 'max': 1, 'oom': 0, 'oom_kill': 0, 'oom_group_kill': 0}
[container_monitor] pf-test-3: current=297.4MiB swap=70.2MiB max=358.0MiB cpu.usage_usec=1392334 method=swap_current_delta_fallback detail={'delta_swap_current': 0, 'swap_saturated': False, 'workingset_refault_anon': 3908} events={'low': 0, 'high': 0, 'max': 1, 'oom': 0, 'oom_kill': 0, 'oom_group_kill': 0}
[container_monitor] pf-test-3: current=297.4MiB swap=70.2MiB max=358.0MiB cpu.usage_usec=1393388 method=swap_current_delta_fallback detail={'delta_swap_current': 0, 'swap_saturated': False, 'workingset_refault_anon': 3908} events={'low': 0, 'high': 0, 'max': 1, 'oom': 0, 'oom_kill': 0, 'oom_group_kill': 0}
[container_monitor] pf-test-3: current=297.4MiB swap=70.2MiB max=358.0MiB cpu.usage_usec=1394420 method=swap_current_delta_fallback detail={'delta_swap_current': 0, 'swap_saturated': False, 'workingset_refault_anon': 3908} events={'low': 0, 'high': 0, 'max': 1, 'oom': 0, 'oom_kill': 0, 'oom_group_kill': 0}
[container_monitor] pf-test-3: current=297.4MiB swap=70.2MiB max=358.0MiB cpu.usage_usec=1395840 method=swap_current_delta_fallback detail={'delta_swap_current': 0, 'swap_saturated': False, 'workingset_refault_anon': 3908} events={'low': 0, 'high': 0, 'max': 1, 'oom': 0, 'oom_kill': 0, 'oom_group_kill': 0}
[container_monitor] pf-test-3: current=297.4MiB swap=70.2MiB max=358.0MiB cpu.usage_usec=1400097 method=swap_current_delta_fallback detail={'delta_swap_current': 0, 'swap_saturated': False, 'workingset_refault_anon': 3908} events={'low': 0, 'high': 0, 'max': 1, 'oom': 0, 'oom_kill': 0, 'oom_group_kill': 0}
[container_monitor] pf-test-3: current=297.4MiB swap=70.2MiB max=358.0MiB cpu.usage_usec=1404963 method=swap_current_delta_fallback detail={'delta_swap_current': 0, 'swap_saturated': False, 'workingset_refault_anon': 3908} events={'low': 0, 'high': 0, 'max': 1, 'oom': 0, 'oom_kill': 0, 'oom_group_kill': 0}
[container_monitor] pf-test-3: current=297.4MiB swap=70.2MiB max=358.0MiB cpu.usage_usec=1409772 method=swap_current_delta_fallback detail={'delta_swap_current': 0, 'swap_saturated': False, 'workingset_refault_anon': 3908} events={'low': 0, 'high': 0, 'max': 1, 'oom': 0, 'oom_kill': 0, 'oom_group_kill': 0}
[container_monitor] pf-test-3: current=297.4MiB swap=70.2MiB max=358.0MiB cpu.usage_usec=1414663 method=swap_current_delta_fallback detail={'delta_swap_current': 0, 'swap_saturated': False, 'workingset_refault_anon': 3908} events={'low': 0, 'high': 0, 'max': 1, 'oom': 0, 'oom_kill': 0, 'oom_group_kill': 0}
[container_monitor] pf-test-3: current=297.5MiB swap=70.2MiB max=358.0MiB cpu.usage_usec=1418746 method=swap_current_delta_fallback detail={'delta_swap_current': -36864, 'swap_saturated': False, 'workingset_refault_anon': 3910} events={'low': 0, 'high': 0, 'max': 1, 'oom': 0, 'oom_kill': 0, 'oom_group_kill': 0}
[container_monitor] pf-test-3: current=297.5MiB swap=70.2MiB max=358.0MiB cpu.usage_usec=1419888 method=swap_current_delta_fallback detail={'delta_swap_current': 0, 'swap_saturated': False, 'workingset_refault_anon': 3921} events={'low': 0, 'high': 0, 'max': 1, 'oom': 0, 'oom_kill': 0, 'oom_group_kill': 0}
[container_monitor] pf-test-3: current=297.5MiB swap=70.2MiB max=358.0MiB cpu.usage_usec=1420803 method=swap_current_delta_fallback detail={'delta_swap_current': 0, 'swap_saturated': False, 'workingset_refault_anon': 3921} events={'low': 0, 'high': 0, 'max': 1, 'oom': 0, 'oom_kill': 0, 'oom_group_kill': 0}
[container_monitor] pf-test-3: current=297.5MiB swap=70.2MiB max=358.0MiB cpu.usage_usec=1423934 method=swap_current_delta_fallback detail={'delta_swap_current': 0, 'swap_saturated': False, 'workingset_refault_anon': 3921} events={'low': 0, 'high': 0, 'max': 1, 'oom': 0, 'oom_kill': 0, 'oom_group_kill': 0}
[container_monitor] pf-test-3: current=297.5MiB swap=70.2MiB max=358.0MiB cpu.usage_usec=1429055 method=swap_current_delta_fallback detail={'delta_swap_current': 0, 'swap_saturated': False, 'workingset_refault_anon': 3921} events={'low': 0, 'high': 0, 'max': 1, 'oom': 0, 'oom_kill': 0, 'oom_group_kill': 0}
[container_monitor] pf-test-3: current=298.4MiB swap=70.2MiB max=358.0MiB cpu.usage_usec=1433911 method=swap_current_delta_fallback detail={'delta_swap_current': 0, 'swap_saturated': False, 'workingset_refault_anon': 3921} events={'low': 0, 'high': 0, 'max': 1, 'oom': 0, 'oom_kill': 0, 'oom_group_kill': 0}
[container_monitor] pf-test-3: current=298.5MiB swap=70.1MiB max=358.0MiB cpu.usage_usec=1437037 method=swap_current_delta_fallback detail={'delta_swap_current': -12288, 'swap_saturated': False, 'workingset_refault_anon': 3921} events={'low': 0, 'high': 0, 'max': 1, 'oom': 0, 'oom_kill': 0, 'oom_group_kill': 0}
[container_monitor] pf-test-3: current=298.5MiB swap=70.1MiB max=358.0MiB cpu.usage_usec=1438081 method=swap_current_delta_fallback detail={'delta_swap_current': -8192, 'swap_saturated': False, 'workingset_refault_anon': 3927} events={'low': 0, 'high': 0, 'max': 1, 'oom': 0, 'oom_kill': 0, 'oom_group_kill': 0}
[container_monitor] pf-test-3: current=298.5MiB swap=70.1MiB max=358.0MiB cpu.usage_usec=1439154 method=swap_current_delta_fallback detail={'delta_swap_current': 0, 'swap_saturated': False, 'workingset_refault_anon': 3927} events={'low': 0, 'high': 0, 'max': 1, 'oom': 0, 'oom_kill': 0, 'oom_group_kill': 0}
[container_monitor] pf-test-3: current=298.5MiB swap=70.1MiB max=358.0MiB cpu.usage_usec=1440534 method=swap_current_delta_fallback detail={'delta_swap_current': 0, 'swap_saturated': False, 'workingset_refault_anon': 3927} events={'low': 0, 'high': 0, 'max': 1, 'oom': 0, 'oom_kill': 0, 'oom_group_kill': 0}
[container_monitor] pf-test-3: current=300.2MiB swap=70.1MiB max=358.0MiB cpu.usage_usec=1447417 method=swap_current_delta_fallback detail={'delta_swap_current': -40960, 'swap_saturated': False, 'workingset_refault_anon': 3927} events={'low': 0, 'high': 0, 'max': 1, 'oom': 0, 'oom_kill': 0, 'oom_group_kill': 0}
[container_monitor] pf-test-3: current=302.7MiB swap=70.1MiB max=358.0MiB cpu.usage_usec=1451615 method=swap_current_delta_fallback detail={'delta_swap_current': 0, 'swap_saturated': False, 'workingset_refault_anon': 3927} events={'low': 0, 'high': 0, 'max': 1, 'oom': 0, 'oom_kill': 0, 'oom_group_kill': 0}
[container_monitor] pf-test-3: current=306.4MiB swap=70.1MiB max=358.0MiB cpu.usage_usec=1456571 method=swap_current_delta_fallback detail={'delta_swap_current': 0, 'swap_saturated': False, 'workingset_refault_anon': 3927} events={'low': 0, 'high': 0, 'max': 1, 'oom': 0, 'oom_kill': 0, 'oom_group_kill': 0}
[container_monitor] pf-test-3: current=310.2MiB swap=70.1MiB max=358.0MiB cpu.usage_usec=1462046 method=swap_current_delta_fallback detail={'delta_swap_current': 0, 'swap_saturated': False, 'workingset_refault_anon': 3927} events={'low': 0, 'high': 0, 'max': 1, 'oom': 0, 'oom_kill': 0, 'oom_group_kill': 0}
[container_monitor] pf-test-3: current=313.4MiB swap=70.1MiB max=358.0MiB cpu.usage_usec=1467470 method=swap_current_delta_fallback detail={'delta_swap_current': 0, 'swap_saturated': False, 'workingset_refault_anon': 3927} events={'low': 0, 'high': 0, 'max': 1, 'oom': 0, 'oom_kill': 0, 'oom_group_kill': 0}
[container_monitor] pf-test-3: current=316.0MiB swap=70.1MiB max=358.0MiB cpu.usage_usec=1472229 method=swap_current_delta_fallback detail={'delta_swap_current': 0, 'swap_saturated': False, 'workingset_refault_anon': 3927} events={'low': 0, 'high': 0, 'max': 1, 'oom': 0, 'oom_kill': 0, 'oom_group_kill': 0}
[container_monitor] pf-test-3: current=318.7MiB swap=70.1MiB max=358.0MiB cpu.usage_usec=1478263 method=swap_current_delta_fallback detail={'delta_swap_current': 0, 'swap_saturated': False, 'workingset_refault_anon': 3927} events={'low': 0, 'high': 0, 'max': 1, 'oom': 0, 'oom_kill': 0, 'oom_group_kill': 0}
[container_monitor] pf-test-3: current=319.9MiB swap=70.1MiB max=358.0MiB cpu.usage_usec=1482546 method=swap_current_delta_fallback detail={'delta_swap_current': 0, 'swap_saturated': False, 'workingset_refault_anon': 3927} events={'low': 0, 'high': 0, 'max': 1, 'oom': 0, 'oom_kill': 0, 'oom_group_kill': 0}
[container_monitor] pf-test-3: current=323.0MiB swap=70.1MiB max=358.0MiB cpu.usage_usec=1488531 method=swap_current_delta_fallback detail={'delta_swap_current': 0, 'swap_saturated': False, 'workingset_refault_anon': 3927} events={'low': 0, 'high': 0, 'max': 1, 'oom': 0, 'oom_kill': 0, 'oom_group_kill': 0}
[container_monitor] pf-test-3: current=325.3MiB swap=70.1MiB max=358.0MiB cpu.usage_usec=1493514 method=swap_current_delta_fallback detail={'delta_swap_current': 0, 'swap_saturated': False, 'workingset_refault_anon': 3927} events={'low': 0, 'high': 0, 'max': 1, 'oom': 0, 'oom_kill': 0, 'oom_group_kill': 0}
[container_monitor] pf-test-3: current=327.5MiB swap=70.1MiB max=358.0MiB cpu.usage_usec=1497549 method=swap_current_delta_fallback detail={'delta_swap_current': 0, 'swap_saturated': False, 'workingset_refault_anon': 3927} events={'low': 0, 'high': 0, 'max': 1, 'oom': 0, 'oom_kill': 0, 'oom_group_kill': 0}
[container_monitor] pf-test-3: current=334.5MiB swap=70.1MiB max=358.0MiB cpu.usage_usec=1502887 method=swap_current_delta_fallback detail={'delta_swap_current': 0, 'swap_saturated': False, 'workingset_refault_anon': 3927} events={'low': 0, 'high': 0, 'max': 1, 'oom': 0, 'oom_kill': 0, 'oom_group_kill': 0}
[container_monitor] pf-test-3: current=338.8MiB swap=70.1MiB max=358.0MiB cpu.usage_usec=1507546 method=swap_current_delta_fallback detail={'delta_swap_current': 0, 'swap_saturated': False, 'workingset_refault_anon': 3927} events={'low': 0, 'high': 0, 'max': 1, 'oom': 0, 'oom_kill': 0, 'oom_group_kill': 0}
[container_monitor] pf-test-3: current=341.2MiB swap=70.1MiB max=358.0MiB cpu.usage_usec=1512572 method=swap_current_delta_fallback detail={'delta_swap_current': 0, 'swap_saturated': False, 'workingset_refault_anon': 3927} events={'low': 0, 'high': 0, 'max': 1, 'oom': 0, 'oom_kill': 0, 'oom_group_kill': 0}
[container_monitor] pf-test-3: current=343.5MiB swap=70.1MiB max=358.0MiB cpu.usage_usec=1518101 method=swap_current_delta_fallback detail={'delta_swap_current': 0, 'swap_saturated': False, 'workingset_refault_anon': 3927} events={'low': 0, 'high': 0, 'max': 1, 'oom': 0, 'oom_kill': 0, 'oom_group_kill': 0}
[container_monitor] pf-test-3: current=345.1MiB swap=70.1MiB max=358.0MiB cpu.usage_usec=1522732 method=swap_current_delta_fallback detail={'delta_swap_current': 0, 'swap_saturated': False, 'workingset_refault_anon': 3927} events={'low': 0, 'high': 0, 'max': 1, 'oom': 0, 'oom_kill': 0, 'oom_group_kill': 0}
[container_monitor] pf-test-3: current=346.9MiB swap=70.1MiB max=358.0MiB cpu.usage_usec=1527538 method=swap_current_delta_fallback detail={'delta_swap_current': 0, 'swap_saturated': False, 'workingset_refault_anon': 3927} events={'low': 0, 'high': 0, 'max': 1, 'oom': 0, 'oom_kill': 0, 'oom_group_kill': 0}
[container_monitor] pf-test-3: current=348.9MiB swap=70.1MiB max=358.0MiB cpu.usage_usec=1532810 method=swap_current_delta_fallback detail={'delta_swap_current': 0, 'swap_saturated': False, 'workingset_refault_anon': 3927} events={'low': 0, 'high': 0, 'max': 1, 'oom': 0, 'oom_kill': 0, 'oom_group_kill': 0}
[container_monitor] pf-test-3: current=350.6MiB swap=70.1MiB max=358.0MiB cpu.usage_usec=1538423 method=swap_current_delta_fallback detail={'delta_swap_current': 0, 'swap_saturated': False, 'workingset_refault_anon': 3927} events={'low': 0, 'high': 0, 'max': 1, 'oom': 0, 'oom_kill': 0, 'oom_group_kill': 0}
[container_monitor] pf-test-3: current=352.2MiB swap=70.1MiB max=358.0MiB cpu.usage_usec=1543547 method=swap_current_delta_fallback detail={'delta_swap_current': 0, 'swap_saturated': False, 'workingset_refault_anon': 3927} events={'low': 0, 'high': 0, 'max': 1, 'oom': 0, 'oom_kill': 0, 'oom_group_kill': 0}
[container_monitor] pf-test-3: current=353.9MiB swap=70.1MiB max=358.0MiB cpu.usage_usec=1547594 method=swap_current_delta_fallback detail={'delta_swap_current': 0, 'swap_saturated': False, 'workingset_refault_anon': 3927} events={'low': 0, 'high': 0, 'max': 1, 'oom': 0, 'oom_kill': 0, 'oom_group_kill': 0}
[container_monitor] pf-test-3: current=356.5MiB swap=70.1MiB max=358.0MiB cpu.usage_usec=1552957 method=swap_current_delta_fallback detail={'delta_swap_current': 0, 'swap_saturated': False, 'workingset_refault_anon': 3927} events={'low': 0, 'high': 0, 'max': 1, 'oom': 0, 'oom_kill': 0, 'oom_group_kill': 0}
[container_monitor] pf-test-3: current=358.0MiB swap=70.1MiB max=358.0MiB cpu.usage_usec=1558124 method=swap_current_delta_fallback detail={'delta_swap_current': 53248, 'swap_saturated': False, 'workingset_refault_anon': 3927} events={'low': 0, 'high': 0, 'max': 2, 'oom': 0, 'oom_kill': 0, 'oom_group_kill': 0}
[container_monitor] pf-test-3: OCM 감지 (method=swap_current_delta_fallback, detail={'delta_swap_current': 53248, 'swap_saturated': False, 'workingset_refault_anon': 3927})
[puff_manager] pf-test-3: puff 적용 358MiB -> 501MiB
[container_monitor] pf-test-3: puff 완료, 새 메모리 한도 501MiB
[container_monitor] pf-test-3: 이미 suspend 상태, 재적용 생략
[container_monitor] pf-test-3: current=366.9MiB swap=72.1MiB max=501.0MiB cpu.usage_usec=1565469 method=swap_current_delta_fallback detail={'delta_swap_current': 2064384, 'swap_saturated': False, 'workingset_refault_anon': 3927} events={'low': 0, 'high': 0, 'max': 2, 'oom': 0, 'oom_kill': 0, 'oom_group_kill': 0}
[container_monitor] pf-test-3: current=370.9MiB swap=72.1MiB max=501.0MiB cpu.usage_usec=1570417 method=swap_current_delta_fallback detail={'delta_swap_current': 0, 'swap_saturated': False, 'workingset_refault_anon': 3927} events={'low': 0, 'high': 0, 'max': 2, 'oom': 0, 'oom_kill': 0, 'oom_group_kill': 0}
[container_monitor] pf-test-3: current=373.4MiB swap=72.1MiB max=501.0MiB cpu.usage_usec=1574915 method=swap_current_delta_fallback detail={'delta_swap_current': 0, 'swap_saturated': False, 'workingset_refault_anon': 3927} events={'low': 0, 'high': 0, 'max': 2, 'oom': 0, 'oom_kill': 0, 'oom_group_kill': 0}
[container_monitor] pf-test-3: current=375.3MiB swap=72.1MiB max=501.0MiB cpu.usage_usec=1580247 method=swap_current_delta_fallback detail={'delta_swap_current': 0, 'swap_saturated': False, 'workingset_refault_anon': 3927} events={'low': 0, 'high': 0, 'max': 2, 'oom': 0, 'oom_kill': 0, 'oom_group_kill': 0}
[container_monitor] pf-test-3: current=378.8MiB swap=72.1MiB max=501.0MiB cpu.usage_usec=1585937 method=swap_current_delta_fallback detail={'delta_swap_current': 0, 'swap_saturated': False, 'workingset_refault_anon': 3927} events={'low': 0, 'high': 0, 'max': 2, 'oom': 0, 'oom_kill': 0, 'oom_group_kill': 0}
[container_monitor] pf-test-3: current=381.4MiB swap=72.1MiB max=501.0MiB cpu.usage_usec=1590748 method=swap_current_delta_fallback detail={'delta_swap_current': 0, 'swap_saturated': False, 'workingset_refault_anon': 3927} events={'low': 0, 'high': 0, 'max': 2, 'oom': 0, 'oom_kill': 0, 'oom_group_kill': 0}
[container_monitor] pf-test-3: current=383.7MiB swap=72.1MiB max=501.0MiB cpu.usage_usec=1595016 method=swap_current_delta_fallback detail={'delta_swap_current': 0, 'swap_saturated': False, 'workingset_refault_anon': 3927} events={'low': 0, 'high': 0, 'max': 2, 'oom': 0, 'oom_kill': 0, 'oom_group_kill': 0}
[container_monitor] pf-test-3: current=386.9MiB swap=72.1MiB max=501.0MiB cpu.usage_usec=1600810 method=swap_current_delta_fallback detail={'delta_swap_current': 0, 'swap_saturated': False, 'workingset_refault_anon': 3927} events={'low': 0, 'high': 0, 'max': 2, 'oom': 0, 'oom_kill': 0, 'oom_group_kill': 0}
[container_monitor] pf-test-3: current=390.4MiB swap=72.1MiB max=501.0MiB cpu.usage_usec=1605659 method=swap_current_delta_fallback detail={'delta_swap_current': 0, 'swap_saturated': False, 'workingset_refault_anon': 3927} events={'low': 0, 'high': 0, 'max': 2, 'oom': 0, 'oom_kill': 0, 'oom_group_kill': 0}
[container_monitor] pf-test-3: current=394.5MiB swap=72.1MiB max=501.0MiB cpu.usage_usec=1610184 method=swap_current_delta_fallback detail={'delta_swap_current': 0, 'swap_saturated': False, 'workingset_refault_anon': 3935} events={'low': 0, 'high': 0, 'max': 2, 'oom': 0, 'oom_kill': 0, 'oom_group_kill': 0}
[container_monitor] pf-test-3: current=394.8MiB swap=72.0MiB max=501.0MiB cpu.usage_usec=1615073 method=swap_current_delta_fallback detail={'delta_swap_current': -147456, 'swap_saturated': False, 'workingset_refault_anon': 3996} events={'low': 0, 'high': 0, 'max': 2, 'oom': 0, 'oom_kill': 0, 'oom_group_kill': 0}
[container_monitor] pf-test-3: current=395.1MiB swap=71.7MiB max=501.0MiB cpu.usage_usec=1619967 method=swap_current_delta_fallback detail={'delta_swap_current': -253952, 'swap_saturated': False, 'workingset_refault_anon': 4079} events={'low': 0, 'high': 0, 'max': 2, 'oom': 0, 'oom_kill': 0, 'oom_group_kill': 0}
[container_monitor] pf-test-3: current=395.6MiB swap=71.5MiB max=501.0MiB cpu.usage_usec=1624994 method=swap_current_delta_fallback detail={'delta_swap_current': -245760, 'swap_saturated': False, 'workingset_refault_anon': 4208} events={'low': 0, 'high': 0, 'max': 2, 'oom': 0, 'oom_kill': 0, 'oom_group_kill': 0}
[container_monitor] pf-test-3: current=396.0MiB swap=71.2MiB max=501.0MiB cpu.usage_usec=1629956 method=swap_current_delta_fallback detail={'delta_swap_current': -262144, 'swap_saturated': False, 'workingset_refault_anon': 4307} events={'low': 0, 'high': 0, 'max': 2, 'oom': 0, 'oom_kill': 0, 'oom_group_kill': 0}
[container_monitor] pf-test-3: current=396.4MiB swap=70.8MiB max=501.0MiB cpu.usage_usec=1635093 method=swap_current_delta_fallback detail={'delta_swap_current': -524288, 'swap_saturated': False, 'workingset_refault_anon': 4411} events={'low': 0, 'high': 0, 'max': 2, 'oom': 0, 'oom_kill': 0, 'oom_group_kill': 0}
[container_monitor] pf-test-3: current=396.9MiB swap=70.5MiB max=501.0MiB cpu.usage_usec=1639911 method=swap_current_delta_fallback detail={'delta_swap_current': -262144, 'swap_saturated': False, 'workingset_refault_anon': 4528} events={'low': 0, 'high': 0, 'max': 2, 'oom': 0, 'oom_kill': 0, 'oom_group_kill': 0}
[container_monitor] pf-test-3: current=397.4MiB swap=70.0MiB max=501.0MiB cpu.usage_usec=1644995 method=swap_current_delta_fallback detail={'delta_swap_current': -524288, 'swap_saturated': False, 'workingset_refault_anon': 4660} events={'low': 0, 'high': 0, 'max': 2, 'oom': 0, 'oom_kill': 0, 'oom_group_kill': 0}
[container_monitor] pf-test-3: current=398.0MiB swap=69.3MiB max=501.0MiB cpu.usage_usec=1649981 method=swap_current_delta_fallback detail={'delta_swap_current': -778240, 'swap_saturated': False, 'workingset_refault_anon': 4826} events={'low': 0, 'high': 0, 'max': 2, 'oom': 0, 'oom_kill': 0, 'oom_group_kill': 0}
[container_monitor] pf-test-3: current=398.1MiB swap=69.3MiB max=501.0MiB cpu.usage_usec=1655752 method=swap_current_delta_fallback detail={'delta_swap_current': 0, 'swap_saturated': False, 'workingset_refault_anon': 4854} events={'low': 0, 'high': 0, 'max': 2, 'oom': 0, 'oom_kill': 0, 'oom_group_kill': 0}
[container_monitor] pf-test-3: current=398.6MiB swap=68.5MiB max=501.0MiB cpu.usage_usec=1660125 method=swap_current_delta_fallback detail={'delta_swap_current': -782336, 'swap_saturated': False, 'workingset_refault_anon': 4980} events={'low': 0, 'high': 0, 'max': 2, 'oom': 0, 'oom_kill': 0, 'oom_group_kill': 0}
[container_monitor] pf-test-3: current=398.9MiB swap=68.3MiB max=501.0MiB cpu.usage_usec=1665019 method=swap_current_delta_fallback detail={'delta_swap_current': -253952, 'swap_saturated': False, 'workingset_refault_anon': 5058} events={'low': 0, 'high': 0, 'max': 2, 'oom': 0, 'oom_kill': 0, 'oom_group_kill': 0}
[container_monitor] pf-test-3: current=399.4MiB swap=68.0MiB max=501.0MiB cpu.usage_usec=1670502 method=swap_current_delta_fallback detail={'delta_swap_current': -262144, 'swap_saturated': False, 'workingset_refault_anon': 5133} events={'low': 0, 'high': 0, 'max': 2, 'oom': 0, 'oom_kill': 0, 'oom_group_kill': 0}
[container_monitor] pf-test-3: current=399.4MiB swap=67.8MiB max=501.0MiB cpu.usage_usec=1675001 method=swap_current_delta_fallback detail={'delta_swap_current': -253952, 'swap_saturated': False, 'workingset_refault_anon': 5185} events={'low': 0, 'high': 0, 'max': 2, 'oom': 0, 'oom_kill': 0, 'oom_group_kill': 0}
[container_monitor] pf-test-3: current=399.5MiB swap=67.8MiB max=501.0MiB cpu.usage_usec=1679931 method=swap_current_delta_fallback detail={'delta_swap_current': 0, 'swap_saturated': False, 'workingset_refault_anon': 5215} events={'low': 0, 'high': 0, 'max': 2, 'oom': 0, 'oom_kill': 0, 'oom_group_kill': 0}
[container_monitor] pf-test-3: current=399.5MiB swap=67.8MiB max=501.0MiB cpu.usage_usec=1685314 method=swap_current_delta_fallback detail={'delta_swap_current': 0, 'swap_saturated': False, 'workingset_refault_anon': 5215} events={'low': 0, 'high': 0, 'max': 2, 'oom': 0, 'oom_kill': 0, 'oom_group_kill': 0}
[container_monitor] pf-test-3: current=400.8MiB swap=67.5MiB max=501.0MiB cpu.usage_usec=1690039 method=swap_current_delta_fallback detail={'delta_swap_current': -262144, 'swap_saturated': False, 'workingset_refault_anon': 5258} events={'low': 0, 'high': 0, 'max': 2, 'oom': 0, 'oom_kill': 0, 'oom_group_kill': 0}
[container_monitor] pf-test-3: current=401.9MiB swap=66.3MiB max=501.0MiB cpu.usage_usec=1695001 method=swap_current_delta_fallback detail={'delta_swap_current': -1310720, 'swap_saturated': False, 'workingset_refault_anon': 5543} events={'low': 0, 'high': 0, 'max': 2, 'oom': 0, 'oom_kill': 0, 'oom_group_kill': 0}
[container_monitor] pf-test-3: current=402.0MiB swap=66.3MiB max=501.0MiB cpu.usage_usec=1700705 method=swap_current_delta_fallback detail={'delta_swap_current': 0, 'swap_saturated': False, 'workingset_refault_anon': 5569} events={'low': 0, 'high': 0, 'max': 2, 'oom': 0, 'oom_kill': 0, 'oom_group_kill': 0}
[container_monitor] pf-test-3: current=402.0MiB swap=66.3MiB max=501.0MiB cpu.usage_usec=1705846 method=swap_current_delta_fallback detail={'delta_swap_current': 0, 'swap_saturated': False, 'workingset_refault_anon': 5569} events={'low': 0, 'high': 0, 'max': 2, 'oom': 0, 'oom_kill': 0, 'oom_group_kill': 0}
[container_monitor] pf-test-3: current=402.0MiB swap=66.3MiB max=501.0MiB cpu.usage_usec=1708749 method=swap_current_delta_fallback detail={'delta_swap_current': 0, 'swap_saturated': False, 'workingset_refault_anon': 5569} events={'low': 0, 'high': 0, 'max': 2, 'oom': 0, 'oom_kill': 0, 'oom_group_kill': 0}
[container_monitor] pf-test-3: current=402.0MiB swap=66.3MiB max=501.0MiB cpu.usage_usec=1709457 method=swap_current_delta_fallback detail={'delta_swap_current': 0, 'swap_saturated': False, 'workingset_refault_anon': 5571} events={'low': 0, 'high': 0, 'max': 2, 'oom': 0, 'oom_kill': 0, 'oom_group_kill': 0}
[container_monitor] pf-test-3: current=402.0MiB swap=66.3MiB max=501.0MiB cpu.usage_usec=1710570 method=swap_current_delta_fallback detail={'delta_swap_current': 0, 'swap_saturated': False, 'workingset_refault_anon': 5571} events={'low': 0, 'high': 0, 'max': 2, 'oom': 0, 'oom_kill': 0, 'oom_group_kill': 0}
[container_monitor] pf-test-3: current=402.0MiB swap=66.3MiB max=501.0MiB cpu.usage_usec=1711752 method=swap_current_delta_fallback detail={'delta_swap_current': 0, 'swap_saturated': False, 'workingset_refault_anon': 5571} events={'low': 0, 'high': 0, 'max': 2, 'oom': 0, 'oom_kill': 0, 'oom_group_kill': 0}
[container_monitor] pf-test-3: current=402.0MiB swap=66.3MiB max=501.0MiB cpu.usage_usec=1716815 method=swap_current_delta_fallback detail={'delta_swap_current': 0, 'swap_saturated': False, 'workingset_refault_anon': 5571} events={'low': 0, 'high': 0, 'max': 2, 'oom': 0, 'oom_kill': 0, 'oom_group_kill': 0}
[container_monitor] pf-test-3: current=402.0MiB swap=66.3MiB max=501.0MiB cpu.usage_usec=1721083 method=swap_current_delta_fallback detail={'delta_swap_current': 0, 'swap_saturated': False, 'workingset_refault_anon': 5571} events={'low': 0, 'high': 0, 'max': 2, 'oom': 0, 'oom_kill': 0, 'oom_group_kill': 0}
[container_monitor] pf-test-3: current=402.0MiB swap=66.3MiB max=501.0MiB cpu.usage_usec=1722571 method=swap_current_delta_fallback detail={'delta_swap_current': 0, 'swap_saturated': False, 'workingset_refault_anon': 5571} events={'low': 0, 'high': 0, 'max': 2, 'oom': 0, 'oom_kill': 0, 'oom_group_kill': 0}
[container_monitor] pf-test-3: current=402.0MiB swap=66.0MiB max=501.0MiB cpu.usage_usec=1723386 method=swap_current_delta_fallback detail={'delta_swap_current': -241664, 'swap_saturated': False, 'workingset_refault_anon': 5571} events={'low': 0, 'high': 0, 'max': 2, 'oom': 0, 'oom_kill': 0, 'oom_group_kill': 0}
[container_monitor] pf-test-3: current=402.0MiB swap=66.0MiB max=501.0MiB cpu.usage_usec=1724419 method=swap_current_delta_fallback detail={'delta_swap_current': 0, 'swap_saturated': False, 'workingset_refault_anon': 5571} events={'low': 0, 'high': 0, 'max': 2, 'oom': 0, 'oom_kill': 0, 'oom_group_kill': 0}
[container_monitor] pf-test-3: current=402.0MiB swap=66.0MiB max=501.0MiB cpu.usage_usec=1725335 method=swap_current_delta_fallback detail={'delta_swap_current': 0, 'swap_saturated': False, 'workingset_refault_anon': 5571} events={'low': 0, 'high': 0, 'max': 2, 'oom': 0, 'oom_kill': 0, 'oom_group_kill': 0}
[container_monitor] pf-test-3: current=402.0MiB swap=66.0MiB max=501.0MiB cpu.usage_usec=1731010 method=swap_current_delta_fallback detail={'delta_swap_current': 0, 'swap_saturated': False, 'workingset_refault_anon': 5571} events={'low': 0, 'high': 0, 'max': 2, 'oom': 0, 'oom_kill': 0, 'oom_group_kill': 0}
[container_monitor] pf-test-3: current=402.0MiB swap=66.0MiB max=501.0MiB cpu.usage_usec=1736092 method=swap_current_delta_fallback detail={'delta_swap_current': 0, 'swap_saturated': False, 'workingset_refault_anon': 5571} events={'low': 0, 'high': 0, 'max': 2, 'oom': 0, 'oom_kill': 0, 'oom_group_kill': 0}
[container_monitor] pf-test-3: current=402.3MiB swap=66.0MiB max=501.0MiB cpu.usage_usec=1740968 method=swap_current_delta_fallback detail={'delta_swap_current': 0, 'swap_saturated': False, 'workingset_refault_anon': 5635} events={'low': 0, 'high': 0, 'max': 2, 'oom': 0, 'oom_kill': 0, 'oom_group_kill': 0}
[container_monitor] pf-test-3: current=402.6MiB swap=65.6MiB max=501.0MiB cpu.usage_usec=1745948 method=swap_current_delta_fallback detail={'delta_swap_current': -512000, 'swap_saturated': False, 'workingset_refault_anon': 5727} events={'low': 0, 'high': 0, 'max': 2, 'oom': 0, 'oom_kill': 0, 'oom_group_kill': 0}
[container_monitor] pf-test-3: current=402.7MiB swap=65.6MiB max=501.0MiB cpu.usage_usec=1749782 method=swap_current_delta_fallback detail={'delta_swap_current': 0, 'swap_saturated': False, 'workingset_refault_anon': 5727} events={'low': 0, 'high': 0, 'max': 2, 'oom': 0, 'oom_kill': 0, 'oom_group_kill': 0}
[container_monitor] pf-test-3: current=402.7MiB swap=65.4MiB max=501.0MiB cpu.usage_usec=1752821 method=swap_current_delta_fallback detail={'delta_swap_current': -147456, 'swap_saturated': False, 'workingset_refault_anon': 5736} events={'low': 0, 'high': 0, 'max': 2, 'oom': 0, 'oom_kill': 0, 'oom_group_kill': 0}
[container_monitor] pf-test-3: current=402.7MiB swap=65.4MiB max=501.0MiB cpu.usage_usec=1757983 method=swap_current_delta_fallback detail={'delta_swap_current': 0, 'swap_saturated': False, 'workingset_refault_anon': 5736} events={'low': 0, 'high': 0, 'max': 2, 'oom': 0, 'oom_kill': 0, 'oom_group_kill': 0}
[container_monitor] pf-test-3: current=402.7MiB swap=65.4MiB max=501.0MiB cpu.usage_usec=1760277 method=swap_current_delta_fallback detail={'delta_swap_current': 0, 'swap_saturated': False, 'workingset_refault_anon': 5736} events={'low': 0, 'high': 0, 'max': 2, 'oom': 0, 'oom_kill': 0, 'oom_group_kill': 0}
[container_monitor] pf-test-3: current=402.7MiB swap=65.4MiB max=501.0MiB cpu.usage_usec=1761269 method=swap_current_delta_fallback detail={'delta_swap_current': 0, 'swap_saturated': False, 'workingset_refault_anon': 5736} events={'low': 0, 'high': 0, 'max': 2, 'oom': 0, 'oom_kill': 0, 'oom_group_kill': 0}
[container_monitor] pf-test-3: current=402.7MiB swap=65.4MiB max=501.0MiB cpu.usage_usec=1762522 method=swap_current_delta_fallback detail={'delta_swap_current': 0, 'swap_saturated': False, 'workingset_refault_anon': 5736} events={'low': 0, 'high': 0, 'max': 2, 'oom': 0, 'oom_kill': 0, 'oom_group_kill': 0}
[container_monitor] pf-test-3: current=402.7MiB swap=65.4MiB max=501.0MiB cpu.usage_usec=1763529 method=swap_current_delta_fallback detail={'delta_swap_current': 0, 'swap_saturated': False, 'workingset_refault_anon': 5736} events={'low': 0, 'high': 0, 'max': 2, 'oom': 0, 'oom_kill': 0, 'oom_group_kill': 0}
[container_monitor] pf-test-3: current=402.7MiB swap=65.4MiB max=501.0MiB cpu.usage_usec=1768999 method=swap_current_delta_fallback detail={'delta_swap_current': 0, 'swap_saturated': False, 'workingset_refault_anon': 5736} events={'low': 0, 'high': 0, 'max': 2, 'oom': 0, 'oom_kill': 0, 'oom_group_kill': 0}
[container_monitor] pf-test-3: current=402.7MiB swap=65.4MiB max=501.0MiB cpu.usage_usec=1772497 method=swap_current_delta_fallback detail={'delta_swap_current': 0, 'swap_saturated': False, 'workingset_refault_anon': 5736} events={'low': 0, 'high': 0, 'max': 2, 'oom': 0, 'oom_kill': 0, 'oom_group_kill': 0}
[container_monitor] pf-test-3: current=402.7MiB swap=65.4MiB max=501.0MiB cpu.usage_usec=1773518 method=swap_current_delta_fallback detail={'delta_swap_current': 0, 'swap_saturated': False, 'workingset_refault_anon': 5737} events={'low': 0, 'high': 0, 'max': 2, 'oom': 0, 'oom_kill': 0, 'oom_group_kill': 0}
[container_monitor] pf-test-3: current=402.7MiB swap=65.4MiB max=501.0MiB cpu.usage_usec=1774414 method=swap_current_delta_fallback detail={'delta_swap_current': 0, 'swap_saturated': False, 'workingset_refault_anon': 5737} events={'low': 0, 'high': 0, 'max': 2, 'oom': 0, 'oom_kill': 0, 'oom_group_kill': 0}
[container_monitor] pf-test-3: current=402.7MiB swap=65.4MiB max=501.0MiB cpu.usage_usec=1777021 method=swap_current_delta_fallback detail={'delta_swap_current': 0, 'swap_saturated': False, 'workingset_refault_anon': 5737} events={'low': 0, 'high': 0, 'max': 2, 'oom': 0, 'oom_kill': 0, 'oom_group_kill': 0}
[container_monitor] pf-test-3: current=402.7MiB swap=65.4MiB max=501.0MiB cpu.usage_usec=1781890 method=swap_current_delta_fallback detail={'delta_swap_current': 0, 'swap_saturated': False, 'workingset_refault_anon': 5737} events={'low': 0, 'high': 0, 'max': 2, 'oom': 0, 'oom_kill': 0, 'oom_group_kill': 0}
[container_monitor] pf-test-3: current=402.7MiB swap=65.4MiB max=501.0MiB cpu.usage_usec=1784716 method=swap_current_delta_fallback detail={'delta_swap_current': 0, 'swap_saturated': False, 'workingset_refault_anon': 5737} events={'low': 0, 'high': 0, 'max': 2, 'oom': 0, 'oom_kill': 0, 'oom_group_kill': 0}
[container_monitor] pf-test-3: current=402.7MiB swap=65.4MiB max=501.0MiB cpu.usage_usec=1786344 method=swap_current_delta_fallback detail={'delta_swap_current': 0, 'swap_saturated': False, 'workingset_refault_anon': 5737} events={'low': 0, 'high': 0, 'max': 2, 'oom': 0, 'oom_kill': 0, 'oom_group_kill': 0}
[container_monitor] pf-test-3: current=402.7MiB swap=65.4MiB max=501.0MiB cpu.usage_usec=1787257 method=swap_current_delta_fallback detail={'delta_swap_current': 0, 'swap_saturated': False, 'workingset_refault_anon': 5737} events={'low': 0, 'high': 0, 'max': 2, 'oom': 0, 'oom_kill': 0, 'oom_group_kill': 0}
[container_monitor] pf-test-3: current=402.7MiB swap=65.4MiB max=501.0MiB cpu.usage_usec=1787834 method=swap_current_delta_fallback detail={'delta_swap_current': 0, 'swap_saturated': False, 'workingset_refault_anon': 5737} events={'low': 0, 'high': 0, 'max': 2, 'oom': 0, 'oom_kill': 0, 'oom_group_kill': 0}
[container_monitor] pf-test-3: current=402.7MiB swap=65.4MiB max=501.0MiB cpu.usage_usec=1792064 method=swap_current_delta_fallback detail={'delta_swap_current': 0, 'swap_saturated': False, 'workingset_refault_anon': 5737} events={'low': 0, 'high': 0, 'max': 2, 'oom': 0, 'oom_kill': 0, 'oom_group_kill': 0}
[container_monitor] pf-test-3: current=402.7MiB swap=65.4MiB max=501.0MiB cpu.usage_usec=1797876 method=swap_current_delta_fallback detail={'delta_swap_current': 0, 'swap_saturated': False, 'workingset_refault_anon': 5737} events={'low': 0, 'high': 0, 'max': 2, 'oom': 0, 'oom_kill': 0, 'oom_group_kill': 0}
[container_monitor] pf-test-3: current=402.7MiB swap=65.4MiB max=501.0MiB cpu.usage_usec=1802881 method=swap_current_delta_fallback detail={'delta_swap_current': 0, 'swap_saturated': False, 'workingset_refault_anon': 5737} events={'low': 0, 'high': 0, 'max': 2, 'oom': 0, 'oom_kill': 0, 'oom_group_kill': 0}
[container_monitor] pf-test-3: current=402.7MiB swap=65.4MiB max=501.0MiB cpu.usage_usec=1806949 method=swap_current_delta_fallback detail={'delta_swap_current': 0, 'swap_saturated': False, 'workingset_refault_anon': 5737} events={'low': 0, 'high': 0, 'max': 2, 'oom': 0, 'oom_kill': 0, 'oom_group_kill': 0}
[container_monitor] pf-test-3: current=402.9MiB swap=65.4MiB max=501.0MiB cpu.usage_usec=1811963 method=swap_current_delta_fallback detail={'delta_swap_current': -65536, 'swap_saturated': False, 'workingset_refault_anon': 5801} events={'low': 0, 'high': 0, 'max': 2, 'oom': 0, 'oom_kill': 0, 'oom_group_kill': 0}
[container_monitor] pf-test-3: current=403.1MiB swap=65.4MiB max=501.0MiB cpu.usage_usec=1815162 method=swap_current_delta_fallback detail={'delta_swap_current': 0, 'swap_saturated': False, 'workingset_refault_anon': 5838} events={'low': 0, 'high': 0, 'max': 2, 'oom': 0, 'oom_kill': 0, 'oom_group_kill': 0}
[container_monitor] pf-test-3: current=403.1MiB swap=65.4MiB max=501.0MiB cpu.usage_usec=1816210 method=swap_current_delta_fallback detail={'delta_swap_current': 0, 'swap_saturated': False, 'workingset_refault_anon': 5838} events={'low': 0, 'high': 0, 'max': 2, 'oom': 0, 'oom_kill': 0, 'oom_group_kill': 0}
[container_monitor] pf-test-3: current=403.1MiB swap=65.4MiB max=501.0MiB cpu.usage_usec=1817177 method=swap_current_delta_fallback detail={'delta_swap_current': 0, 'swap_saturated': False, 'workingset_refault_anon': 5838} events={'low': 0, 'high': 0, 'max': 2, 'oom': 0, 'oom_kill': 0, 'oom_group_kill': 0}
[container_monitor] pf-test-3: current=403.1MiB swap=65.4MiB max=501.0MiB cpu.usage_usec=1823352 method=swap_current_delta_fallback detail={'delta_swap_current': 0, 'swap_saturated': False, 'workingset_refault_anon': 5838} events={'low': 0, 'high': 0, 'max': 2, 'oom': 0, 'oom_kill': 0, 'oom_group_kill': 0}
[container_monitor] pf-test-3: current=403.1MiB swap=65.4MiB max=501.0MiB cpu.usage_usec=1828246 method=swap_current_delta_fallback detail={'delta_swap_current': 0, 'swap_saturated': False, 'workingset_refault_anon': 5838} events={'low': 0, 'high': 0, 'max': 2, 'oom': 0, 'oom_kill': 0, 'oom_group_kill': 0}
[container_monitor] pf-test-3: current=403.1MiB swap=65.4MiB max=501.0MiB cpu.usage_usec=1833347 method=swap_current_delta_fallback detail={'delta_swap_current': 0, 'swap_saturated': False, 'workingset_refault_anon': 5838} events={'low': 0, 'high': 0, 'max': 2, 'oom': 0, 'oom_kill': 0, 'oom_group_kill': 0}
[container_monitor] pf-test-3: current=403.1MiB swap=65.1MiB max=501.0MiB cpu.usage_usec=1835970 method=swap_current_delta_fallback detail={'delta_swap_current': -253952, 'swap_saturated': False, 'workingset_refault_anon': 5842} events={'low': 0, 'high': 0, 'max': 2, 'oom': 0, 'oom_kill': 0, 'oom_group_kill': 0}
[container_monitor] pf-test-3: current=403.1MiB swap=65.1MiB max=501.0MiB cpu.usage_usec=1836895 method=swap_current_delta_fallback detail={'delta_swap_current': 0, 'swap_saturated': False, 'workingset_refault_anon': 5848} events={'low': 0, 'high': 0, 'max': 2, 'oom': 0, 'oom_kill': 0, 'oom_group_kill': 0}
[container_monitor] pf-test-3: current=403.1MiB swap=65.1MiB max=501.0MiB cpu.usage_usec=1837722 method=swap_current_delta_fallback detail={'delta_swap_current': 0, 'swap_saturated': False, 'workingset_refault_anon': 5848} events={'low': 0, 'high': 0, 'max': 2, 'oom': 0, 'oom_kill': 0, 'oom_group_kill': 0}
[container_monitor] pf-test-3: current=403.1MiB swap=65.1MiB max=501.0MiB cpu.usage_usec=1840017 method=swap_current_delta_fallback detail={'delta_swap_current': 0, 'swap_saturated': False, 'workingset_refault_anon': 5848} events={'low': 0, 'high': 0, 'max': 2, 'oom': 0, 'oom_kill': 0, 'oom_group_kill': 0}
[container_monitor] pf-test-3: current=403.1MiB swap=65.1MiB max=501.0MiB cpu.usage_usec=1845117 method=swap_current_delta_fallback detail={'delta_swap_current': 0, 'swap_saturated': False, 'workingset_refault_anon': 5848} events={'low': 0, 'high': 0, 'max': 2, 'oom': 0, 'oom_kill': 0, 'oom_group_kill': 0}
[container_monitor] pf-test-3: current=403.1MiB swap=65.1MiB max=501.0MiB cpu.usage_usec=1850895 method=swap_current_delta_fallback detail={'delta_swap_current': 0, 'swap_saturated': False, 'workingset_refault_anon': 5848} events={'low': 0, 'high': 0, 'max': 2, 'oom': 0, 'oom_kill': 0, 'oom_group_kill': 0}
[container_monitor] pf-test-3: current=403.1MiB swap=65.1MiB max=501.0MiB cpu.usage_usec=1854935 method=swap_current_delta_fallback detail={'delta_swap_current': 0, 'swap_saturated': False, 'workingset_refault_anon': 5848} events={'low': 0, 'high': 0, 'max': 2, 'oom': 0, 'oom_kill': 0, 'oom_group_kill': 0}
[container_monitor] pf-test-3: current=403.1MiB swap=65.1MiB max=501.0MiB cpu.usage_usec=1855789 method=swap_current_delta_fallback detail={'delta_swap_current': 0, 'swap_saturated': False, 'workingset_refault_anon': 5848} events={'low': 0, 'high': 0, 'max': 2, 'oom': 0, 'oom_kill': 0, 'oom_group_kill': 0}
[container_monitor] pf-test-3: current=403.1MiB swap=65.1MiB max=501.0MiB cpu.usage_usec=1856851 method=swap_current_delta_fallback detail={'delta_swap_current': 0, 'swap_saturated': False, 'workingset_refault_anon': 5848} events={'low': 0, 'high': 0, 'max': 2, 'oom': 0, 'oom_kill': 0, 'oom_group_kill': 0}
[container_monitor] pf-test-3: current=403.1MiB swap=65.1MiB max=501.0MiB cpu.usage_usec=1857831 method=swap_current_delta_fallback detail={'delta_swap_current': 0, 'swap_saturated': False, 'workingset_refault_anon': 5848} events={'low': 0, 'high': 0, 'max': 2, 'oom': 0, 'oom_kill': 0, 'oom_group_kill': 0}
[container_monitor] pf-test-3: current=403.1MiB swap=65.1MiB max=501.0MiB cpu.usage_usec=1860402 method=swap_current_delta_fallback detail={'delta_swap_current': 0, 'swap_saturated': False, 'workingset_refault_anon': 5848} events={'low': 0, 'high': 0, 'max': 2, 'oom': 0, 'oom_kill': 0, 'oom_group_kill': 0}
[container_monitor] pf-test-3: current=403.1MiB swap=65.1MiB max=501.0MiB cpu.usage_usec=1865125 method=swap_current_delta_fallback detail={'delta_swap_current': 0, 'swap_saturated': False, 'workingset_refault_anon': 5848} events={'low': 0, 'high': 0, 'max': 2, 'oom': 0, 'oom_kill': 0, 'oom_group_kill': 0}
[container_monitor] pf-test-3: current=405.3MiB swap=65.1MiB max=501.0MiB cpu.usage_usec=1870716 method=swap_current_delta_fallback detail={'delta_swap_current': 0, 'swap_saturated': False, 'workingset_refault_anon': 5848} events={'low': 0, 'high': 0, 'max': 2, 'oom': 0, 'oom_kill': 0, 'oom_group_kill': 0}
[container_monitor] pf-test-3: current=405.7MiB swap=65.1MiB max=501.0MiB cpu.usage_usec=1875022 method=swap_current_delta_fallback detail={'delta_swap_current': 0, 'swap_saturated': False, 'workingset_refault_anon': 5848} events={'low': 0, 'high': 0, 'max': 2, 'oom': 0, 'oom_kill': 0, 'oom_group_kill': 0}
[container_monitor] pf-test-3: current=405.7MiB swap=65.1MiB max=501.0MiB cpu.usage_usec=1876060 method=swap_current_delta_fallback detail={'delta_swap_current': 0, 'swap_saturated': False, 'workingset_refault_anon': 5848} events={'low': 0, 'high': 0, 'max': 2, 'oom': 0, 'oom_kill': 0, 'oom_group_kill': 0}
[container_monitor] pf-test-3: current=405.7MiB swap=65.1MiB max=501.0MiB cpu.usage_usec=1876831 method=swap_current_delta_fallback detail={'delta_swap_current': 0, 'swap_saturated': False, 'workingset_refault_anon': 5848} events={'low': 0, 'high': 0, 'max': 2, 'oom': 0, 'oom_kill': 0, 'oom_group_kill': 0}
[container_monitor] pf-test-3: current=405.7MiB swap=65.1MiB max=501.0MiB cpu.usage_usec=1877719 method=swap_current_delta_fallback detail={'delta_swap_current': 0, 'swap_saturated': False, 'workingset_refault_anon': 5848} events={'low': 0, 'high': 0, 'max': 2, 'oom': 0, 'oom_kill': 0, 'oom_group_kill': 0}
[container_monitor] pf-test-3: current=406.6MiB swap=65.1MiB max=501.0MiB cpu.usage_usec=1880305 method=swap_current_delta_fallback detail={'delta_swap_current': 0, 'swap_saturated': False, 'workingset_refault_anon': 5848} events={'low': 0, 'high': 0, 'max': 2, 'oom': 0, 'oom_kill': 0, 'oom_group_kill': 0}
[container_monitor] pf-test-3: current=409.5MiB swap=65.1MiB max=501.0MiB cpu.usage_usec=1885386 method=swap_current_delta_fallback detail={'delta_swap_current': 0, 'swap_saturated': False, 'workingset_refault_anon': 5848} events={'low': 0, 'high': 0, 'max': 2, 'oom': 0, 'oom_kill': 0, 'oom_group_kill': 0}
[container_monitor] pf-test-3: current=409.5MiB swap=65.1MiB max=501.0MiB cpu.usage_usec=1890513 method=swap_current_delta_fallback detail={'delta_swap_current': 0, 'swap_saturated': False, 'workingset_refault_anon': 5848} events={'low': 0, 'high': 0, 'max': 2, 'oom': 0, 'oom_kill': 0, 'oom_group_kill': 0}
[container_monitor] pf-test-3: current=409.5MiB swap=65.1MiB max=501.0MiB cpu.usage_usec=1892106 method=swap_current_delta_fallback detail={'delta_swap_current': 0, 'swap_saturated': False, 'workingset_refault_anon': 5848} events={'low': 0, 'high': 0, 'max': 2, 'oom': 0, 'oom_kill': 0, 'oom_group_kill': 0}
[container_monitor] pf-test-3: current=409.5MiB swap=65.1MiB max=501.0MiB cpu.usage_usec=1893164 method=swap_current_delta_fallback detail={'delta_swap_current': 0, 'swap_saturated': False, 'workingset_refault_anon': 5848} events={'low': 0, 'high': 0, 'max': 2, 'oom': 0, 'oom_kill': 0, 'oom_group_kill': 0}
[container_monitor] pf-test-3: current=409.5MiB swap=65.1MiB max=501.0MiB cpu.usage_usec=1894079 method=swap_current_delta_fallback detail={'delta_swap_current': 0, 'swap_saturated': False, 'workingset_refault_anon': 5848} events={'low': 0, 'high': 0, 'max': 2, 'oom': 0, 'oom_kill': 0, 'oom_group_kill': 0}
[container_monitor] pf-test-3: current=409.5MiB swap=65.1MiB max=501.0MiB cpu.usage_usec=1895257 method=swap_current_delta_fallback detail={'delta_swap_current': 0, 'swap_saturated': False, 'workingset_refault_anon': 5848} events={'low': 0, 'high': 0, 'max': 2, 'oom': 0, 'oom_kill': 0, 'oom_group_kill': 0}
[container_monitor] pf-test-3: current=411.6MiB swap=65.1MiB max=501.0MiB cpu.usage_usec=1900681 method=swap_current_delta_fallback detail={'delta_swap_current': 0, 'swap_saturated': False, 'workingset_refault_anon': 5848} events={'low': 0, 'high': 0, 'max': 2, 'oom': 0, 'oom_kill': 0, 'oom_group_kill': 0}
[container_monitor] pf-test-3: current=413.6MiB swap=65.1MiB max=501.0MiB cpu.usage_usec=1905032 method=swap_current_delta_fallback detail={'delta_swap_current': 0, 'swap_saturated': False, 'workingset_refault_anon': 5848} events={'low': 0, 'high': 0, 'max': 2, 'oom': 0, 'oom_kill': 0, 'oom_group_kill': 0}
[container_monitor] pf-test-3: current=413.6MiB swap=65.1MiB max=501.0MiB cpu.usage_usec=1910058 method=swap_current_delta_fallback detail={'delta_swap_current': 0, 'swap_saturated': False, 'workingset_refault_anon': 5848} events={'low': 0, 'high': 0, 'max': 2, 'oom': 0, 'oom_kill': 0, 'oom_group_kill': 0}
[container_monitor] pf-test-3: current=413.6MiB swap=65.1MiB max=501.0MiB cpu.usage_usec=1910956 method=swap_current_delta_fallback detail={'delta_swap_current': 0, 'swap_saturated': False, 'workingset_refault_anon': 5854} events={'low': 0, 'high': 0, 'max': 2, 'oom': 0, 'oom_kill': 0, 'oom_group_kill': 0}
[container_monitor] pf-test-3: current=413.6MiB swap=65.1MiB max=501.0MiB cpu.usage_usec=1911829 method=swap_current_delta_fallback detail={'delta_swap_current': 0, 'swap_saturated': False, 'workingset_refault_anon': 5854} events={'low': 0, 'high': 0, 'max': 2, 'oom': 0, 'oom_kill': 0, 'oom_group_kill': 0}
[container_monitor] pf-test-3: current=413.6MiB swap=65.1MiB max=501.0MiB cpu.usage_usec=1912858 method=swap_current_delta_fallback detail={'delta_swap_current': 0, 'swap_saturated': False, 'workingset_refault_anon': 5854} events={'low': 0, 'high': 0, 'max': 2, 'oom': 0, 'oom_kill': 0, 'oom_group_kill': 0}
[container_monitor] pf-test-3: current=413.6MiB swap=65.1MiB max=501.0MiB cpu.usage_usec=1918670 method=swap_current_delta_fallback detail={'delta_swap_current': 0, 'swap_saturated': False, 'workingset_refault_anon': 5854} events={'low': 0, 'high': 0, 'max': 2, 'oom': 0, 'oom_kill': 0, 'oom_group_kill': 0}
[container_monitor] pf-test-3: current=413.7MiB swap=65.1MiB max=501.0MiB cpu.usage_usec=1922928 method=swap_current_delta_fallback detail={'delta_swap_current': 0, 'swap_saturated': False, 'workingset_refault_anon': 5854} events={'low': 0, 'high': 0, 'max': 2, 'oom': 0, 'oom_kill': 0, 'oom_group_kill': 0}
[container_monitor] pf-test-3: current=413.7MiB swap=65.1MiB max=501.0MiB cpu.usage_usec=1924823 method=swap_current_delta_fallback detail={'delta_swap_current': 0, 'swap_saturated': False, 'workingset_refault_anon': 5854} events={'low': 0, 'high': 0, 'max': 2, 'oom': 0, 'oom_kill': 0, 'oom_group_kill': 0}
[container_monitor] pf-test-3: current=413.7MiB swap=65.1MiB max=501.0MiB cpu.usage_usec=1925709 method=swap_current_delta_fallback detail={'delta_swap_current': 0, 'swap_saturated': False, 'workingset_refault_anon': 5854} events={'low': 0, 'high': 0, 'max': 2, 'oom': 0, 'oom_kill': 0, 'oom_group_kill': 0}
[container_monitor] pf-test-3: current=413.7MiB swap=65.1MiB max=501.0MiB cpu.usage_usec=1926716 method=swap_current_delta_fallback detail={'delta_swap_current': 0, 'swap_saturated': False, 'workingset_refault_anon': 5854} events={'low': 0, 'high': 0, 'max': 2, 'oom': 0, 'oom_kill': 0, 'oom_group_kill': 0}
[container_monitor] pf-test-3: current=413.7MiB swap=65.1MiB max=501.0MiB cpu.usage_usec=1927746 method=swap_current_delta_fallback detail={'delta_swap_current': 0, 'swap_saturated': False, 'workingset_refault_anon': 5854} events={'low': 0, 'high': 0, 'max': 2, 'oom': 0, 'oom_kill': 0, 'oom_group_kill': 0}
[container_monitor] pf-test-3: current=417.7MiB swap=65.1MiB max=501.0MiB cpu.usage_usec=1932914 method=swap_current_delta_fallback detail={'delta_swap_current': 0, 'swap_saturated': False, 'workingset_refault_anon': 5854} events={'low': 0, 'high': 0, 'max': 2, 'oom': 0, 'oom_kill': 0, 'oom_group_kill': 0}
[container_monitor] pf-test-3: current=421.7MiB swap=65.1MiB max=501.0MiB cpu.usage_usec=1938855 method=swap_current_delta_fallback detail={'delta_swap_current': 0, 'swap_saturated': False, 'workingset_refault_anon': 5854} events={'low': 0, 'high': 0, 'max': 2, 'oom': 0, 'oom_kill': 0, 'oom_group_kill': 0}
[container_monitor] pf-test-3: current=421.7MiB swap=65.1MiB max=501.0MiB cpu.usage_usec=1940742 method=swap_current_delta_fallback detail={'delta_swap_current': 0, 'swap_saturated': False, 'workingset_refault_anon': 5854} events={'low': 0, 'high': 0, 'max': 2, 'oom': 0, 'oom_kill': 0, 'oom_group_kill': 0}
[container_monitor] pf-test-3: current=421.7MiB swap=65.1MiB max=501.0MiB cpu.usage_usec=1941854 method=swap_current_delta_fallback detail={'delta_swap_current': 0, 'swap_saturated': False, 'workingset_refault_anon': 5854} events={'low': 0, 'high': 0, 'max': 2, 'oom': 0, 'oom_kill': 0, 'oom_group_kill': 0}
[container_monitor] pf-test-3: current=421.7MiB swap=65.1MiB max=501.0MiB cpu.usage_usec=1942905 method=swap_current_delta_fallback detail={'delta_swap_current': 0, 'swap_saturated': False, 'workingset_refault_anon': 5854} events={'low': 0, 'high': 0, 'max': 2, 'oom': 0, 'oom_kill': 0, 'oom_group_kill': 0}
[container_monitor] pf-test-3: current=421.7MiB swap=65.1MiB max=501.0MiB cpu.usage_usec=1943831 method=swap_current_delta_fallback detail={'delta_swap_current': 0, 'swap_saturated': False, 'workingset_refault_anon': 5854} events={'low': 0, 'high': 0, 'max': 2, 'oom': 0, 'oom_kill': 0, 'oom_group_kill': 0}
[container_monitor] pf-test-3: current=429.8MiB swap=65.1MiB max=501.0MiB cpu.usage_usec=1946735 method=swap_current_delta_fallback detail={'delta_swap_current': 0, 'swap_saturated': False, 'workingset_refault_anon': 5866} events={'low': 0, 'high': 0, 'max': 2, 'oom': 0, 'oom_kill': 0, 'oom_group_kill': 0}
[container_monitor] pf-test-3: current=429.8MiB swap=65.1MiB max=501.0MiB cpu.usage_usec=1947795 method=swap_current_delta_fallback detail={'delta_swap_current': 0, 'swap_saturated': False, 'workingset_refault_anon': 5866} events={'low': 0, 'high': 0, 'max': 2, 'oom': 0, 'oom_kill': 0, 'oom_group_kill': 0}
[container_monitor] pf-test-3: current=429.8MiB swap=65.1MiB max=501.0MiB cpu.usage_usec=1948760 method=swap_current_delta_fallback detail={'delta_swap_current': 0, 'swap_saturated': False, 'workingset_refault_anon': 5866} events={'low': 0, 'high': 0, 'max': 2, 'oom': 0, 'oom_kill': 0, 'oom_group_kill': 0}
[container_monitor] pf-test-3: current=429.8MiB swap=65.1MiB max=501.0MiB cpu.usage_usec=1949501 method=swap_current_delta_fallback detail={'delta_swap_current': 0, 'swap_saturated': False, 'workingset_refault_anon': 5866} events={'low': 0, 'high': 0, 'max': 2, 'oom': 0, 'oom_kill': 0, 'oom_group_kill': 0}
[container_monitor] pf-test-3: current=435.1MiB swap=65.1MiB max=501.0MiB cpu.usage_usec=1954643 method=swap_current_delta_fallback detail={'delta_swap_current': 0, 'swap_saturated': False, 'workingset_refault_anon': 5866} events={'low': 0, 'high': 0, 'max': 2, 'oom': 0, 'oom_kill': 0, 'oom_group_kill': 0}
[container_monitor] pf-test-3: current=437.8MiB swap=65.1MiB max=501.0MiB cpu.usage_usec=1959077 method=swap_current_delta_fallback detail={'delta_swap_current': 0, 'swap_saturated': False, 'workingset_refault_anon': 5866} events={'low': 0, 'high': 0, 'max': 2, 'oom': 0, 'oom_kill': 0, 'oom_group_kill': 0}
[container_monitor] pf-test-3: current=437.8MiB swap=65.1MiB max=501.0MiB cpu.usage_usec=1964000 method=swap_current_delta_fallback detail={'delta_swap_current': 0, 'swap_saturated': False, 'workingset_refault_anon': 5866} events={'low': 0, 'high': 0, 'max': 2, 'oom': 0, 'oom_kill': 0, 'oom_group_kill': 0}
[container_monitor] pf-test-3: current=437.9MiB swap=65.1MiB max=501.0MiB cpu.usage_usec=1967711 method=swap_current_delta_fallback detail={'delta_swap_current': 0, 'swap_saturated': False, 'workingset_refault_anon': 5869} events={'low': 0, 'high': 0, 'max': 2, 'oom': 0, 'oom_kill': 0, 'oom_group_kill': 0}
[container_monitor] pf-test-3: current=437.9MiB swap=65.1MiB max=501.0MiB cpu.usage_usec=1968616 method=swap_current_delta_fallback detail={'delta_swap_current': 0, 'swap_saturated': False, 'workingset_refault_anon': 5873} events={'low': 0, 'high': 0, 'max': 2, 'oom': 0, 'oom_kill': 0, 'oom_group_kill': 0}
[container_monitor] pf-test-3: current=437.9MiB swap=65.1MiB max=501.0MiB cpu.usage_usec=1969800 method=swap_current_delta_fallback detail={'delta_swap_current': 0, 'swap_saturated': False, 'workingset_refault_anon': 5873} events={'low': 0, 'high': 0, 'max': 2, 'oom': 0, 'oom_kill': 0, 'oom_group_kill': 0}
[container_monitor] pf-test-3: current=440.2MiB swap=65.1MiB max=501.0MiB cpu.usage_usec=1973921 method=swap_current_delta_fallback detail={'delta_swap_current': 0, 'swap_saturated': False, 'workingset_refault_anon': 5873} events={'low': 0, 'high': 0, 'max': 2, 'oom': 0, 'oom_kill': 0, 'oom_group_kill': 0}
[container_monitor] pf-test-3: current=445.9MiB swap=65.1MiB max=501.0MiB cpu.usage_usec=1979548 method=swap_current_delta_fallback detail={'delta_swap_current': 0, 'swap_saturated': False, 'workingset_refault_anon': 5873} events={'low': 0, 'high': 0, 'max': 2, 'oom': 0, 'oom_kill': 0, 'oom_group_kill': 0}
[container_monitor] pf-test-3: current=445.9MiB swap=65.1MiB max=501.0MiB cpu.usage_usec=1981972 method=swap_current_delta_fallback detail={'delta_swap_current': -61440, 'swap_saturated': False, 'workingset_refault_anon': 5873} events={'low': 0, 'high': 0, 'max': 2, 'oom': 0, 'oom_kill': 0, 'oom_group_kill': 0}
[container_monitor] pf-test-3: current=445.9MiB swap=65.1MiB max=501.0MiB cpu.usage_usec=1982947 method=swap_current_delta_fallback detail={'delta_swap_current': 0, 'swap_saturated': False, 'workingset_refault_anon': 5873} events={'low': 0, 'high': 0, 'max': 2, 'oom': 0, 'oom_kill': 0, 'oom_group_kill': 0}
[container_monitor] pf-test-3: current=445.9MiB swap=65.1MiB max=501.0MiB cpu.usage_usec=1983803 method=swap_current_delta_fallback detail={'delta_swap_current': 0, 'swap_saturated': False, 'workingset_refault_anon': 5873} events={'low': 0, 'high': 0, 'max': 2, 'oom': 0, 'oom_kill': 0, 'oom_group_kill': 0}
[container_monitor] pf-test-3: current=445.9MiB swap=65.1MiB max=501.0MiB cpu.usage_usec=1984899 method=swap_current_delta_fallback detail={'delta_swap_current': 0, 'swap_saturated': False, 'workingset_refault_anon': 5873} events={'low': 0, 'high': 0, 'max': 2, 'oom': 0, 'oom_kill': 0, 'oom_group_kill': 0}
[container_monitor] pf-test-3: current=450.2MiB swap=65.1MiB max=501.0MiB cpu.usage_usec=1989988 method=swap_current_delta_fallback detail={'delta_swap_current': 0, 'swap_saturated': False, 'workingset_refault_anon': 5873} events={'low': 0, 'high': 0, 'max': 2, 'oom': 0, 'oom_kill': 0, 'oom_group_kill': 0}
[container_monitor] pf-test-3: current=453.9MiB swap=65.1MiB max=501.0MiB cpu.usage_usec=1995786 method=swap_current_delta_fallback detail={'delta_swap_current': 0, 'swap_saturated': False, 'workingset_refault_anon': 5873} events={'low': 0, 'high': 0, 'max': 2, 'oom': 0, 'oom_kill': 0, 'oom_group_kill': 0}
[container_monitor] pf-test-3: current=453.9MiB swap=65.1MiB max=501.0MiB cpu.usage_usec=1998958 method=swap_current_delta_fallback detail={'delta_swap_current': 0, 'swap_saturated': False, 'workingset_refault_anon': 5873} events={'low': 0, 'high': 0, 'max': 2, 'oom': 0, 'oom_kill': 0, 'oom_group_kill': 0}
[container_monitor] pf-test-3: current=453.9MiB swap=65.1MiB max=501.0MiB cpu.usage_usec=1999977 method=swap_current_delta_fallback detail={'delta_swap_current': 0, 'swap_saturated': False, 'workingset_refault_anon': 5873} events={'low': 0, 'high': 0, 'max': 2, 'oom': 0, 'oom_kill': 0, 'oom_group_kill': 0}
[container_monitor] pf-test-3: current=453.9MiB swap=65.1MiB max=501.0MiB cpu.usage_usec=2001001 method=swap_current_delta_fallback detail={'delta_swap_current': 0, 'swap_saturated': False, 'workingset_refault_anon': 5873} events={'low': 0, 'high': 0, 'max': 2, 'oom': 0, 'oom_kill': 0, 'oom_group_kill': 0}
[container_monitor] pf-test-3: current=453.9MiB swap=65.1MiB max=501.0MiB cpu.usage_usec=2002098 method=swap_current_delta_fallback detail={'delta_swap_current': 0, 'swap_saturated': False, 'workingset_refault_anon': 5873} events={'low': 0, 'high': 0, 'max': 2, 'oom': 0, 'oom_kill': 0, 'oom_group_kill': 0}
[container_monitor] pf-test-3: current=456.4MiB swap=65.1MiB max=501.0MiB cpu.usage_usec=2005194 method=swap_current_delta_fallback detail={'delta_swap_current': 0, 'swap_saturated': False, 'workingset_refault_anon': 5873} events={'low': 0, 'high': 0, 'max': 2, 'oom': 0, 'oom_kill': 0, 'oom_group_kill': 0}
[container_monitor] pf-test-3: current=461.7MiB swap=65.1MiB max=501.0MiB cpu.usage_usec=2010639 method=swap_current_delta_fallback detail={'delta_swap_current': 0, 'swap_saturated': False, 'workingset_refault_anon': 5873} events={'low': 0, 'high': 0, 'max': 2, 'oom': 0, 'oom_kill': 0, 'oom_group_kill': 0}
[container_monitor] pf-test-3: current=461.9MiB swap=65.1MiB max=501.0MiB cpu.usage_usec=2015605 method=swap_current_delta_fallback detail={'delta_swap_current': 0, 'swap_saturated': False, 'workingset_refault_anon': 5873} events={'low': 0, 'high': 0, 'max': 2, 'oom': 0, 'oom_kill': 0, 'oom_group_kill': 0}
[container_monitor] pf-test-3: current=461.9MiB swap=65.1MiB max=501.0MiB cpu.usage_usec=2017380 method=swap_current_delta_fallback detail={'delta_swap_current': 0, 'swap_saturated': False, 'workingset_refault_anon': 5873} events={'low': 0, 'high': 0, 'max': 2, 'oom': 0, 'oom_kill': 0, 'oom_group_kill': 0}
[container_monitor] pf-test-3: current=461.9MiB swap=65.1MiB max=501.0MiB cpu.usage_usec=2018572 method=swap_current_delta_fallback detail={'delta_swap_current': 0, 'swap_saturated': False, 'workingset_refault_anon': 5873} events={'low': 0, 'high': 0, 'max': 2, 'oom': 0, 'oom_kill': 0, 'oom_group_kill': 0}
[container_monitor] pf-test-3: current=461.9MiB swap=65.1MiB max=501.0MiB cpu.usage_usec=2019640 method=swap_current_delta_fallback detail={'delta_swap_current': 0, 'swap_saturated': False, 'workingset_refault_anon': 5873} events={'low': 0, 'high': 0, 'max': 2, 'oom': 0, 'oom_kill': 0, 'oom_group_kill': 0}
[container_monitor] pf-test-3: current=461.9MiB swap=65.1MiB max=501.0MiB cpu.usage_usec=2020157 method=swap_current_delta_fallback detail={'delta_swap_current': 0, 'swap_saturated': False, 'workingset_refault_anon': 5873} events={'low': 0, 'high': 0, 'max': 2, 'oom': 0, 'oom_kill': 0, 'oom_group_kill': 0}
[container_monitor] pf-test-3: current=466.5MiB swap=65.1MiB max=501.0MiB cpu.usage_usec=2025235 method=swap_current_delta_fallback detail={'delta_swap_current': 0, 'swap_saturated': False, 'workingset_refault_anon': 5873} events={'low': 0, 'high': 0, 'max': 2, 'oom': 0, 'oom_kill': 0, 'oom_group_kill': 0}
[container_monitor] pf-test-3: current=469.6MiB swap=65.1MiB max=501.0MiB cpu.usage_usec=2030518 method=swap_current_delta_fallback detail={'delta_swap_current': 0, 'swap_saturated': False, 'workingset_refault_anon': 5873} events={'low': 0, 'high': 0, 'max': 2, 'oom': 0, 'oom_kill': 0, 'oom_group_kill': 0}
[container_monitor] pf-test-3: current=469.9MiB swap=65.1MiB max=501.0MiB cpu.usage_usec=2034931 method=swap_current_delta_fallback detail={'delta_swap_current': 0, 'swap_saturated': False, 'workingset_refault_anon': 5873} events={'low': 0, 'high': 0, 'max': 2, 'oom': 0, 'oom_kill': 0, 'oom_group_kill': 0}
[container_monitor] pf-test-3: current=469.9MiB swap=65.1MiB max=501.0MiB cpu.usage_usec=2035793 method=swap_current_delta_fallback detail={'delta_swap_current': 0, 'swap_saturated': False, 'workingset_refault_anon': 5873} events={'low': 0, 'high': 0, 'max': 2, 'oom': 0, 'oom_kill': 0, 'oom_group_kill': 0}
[container_monitor] pf-test-3: current=469.9MiB swap=65.1MiB max=501.0MiB cpu.usage_usec=2036993 method=swap_current_delta_fallback detail={'delta_swap_current': 0, 'swap_saturated': False, 'workingset_refault_anon': 5873} events={'low': 0, 'high': 0, 'max': 2, 'oom': 0, 'oom_kill': 0, 'oom_group_kill': 0}
[container_monitor] pf-test-3: current=469.9MiB swap=65.1MiB max=501.0MiB cpu.usage_usec=2037850 method=swap_current_delta_fallback detail={'delta_swap_current': 0, 'swap_saturated': False, 'workingset_refault_anon': 5873} events={'low': 0, 'high': 0, 'max': 2, 'oom': 0, 'oom_kill': 0, 'oom_group_kill': 0}
[container_monitor] pf-test-3: current=470.8MiB swap=65.1MiB max=501.0MiB cpu.usage_usec=2039957 method=swap_current_delta_fallback detail={'delta_swap_current': 0, 'swap_saturated': False, 'workingset_refault_anon': 5873} events={'low': 0, 'high': 0, 'max': 2, 'oom': 0, 'oom_kill': 0, 'oom_group_kill': 0}
[container_monitor] pf-test-3: current=475.9MiB swap=65.1MiB max=501.0MiB cpu.usage_usec=2044920 method=swap_current_delta_fallback detail={'delta_swap_current': 0, 'swap_saturated': False, 'workingset_refault_anon': 5873} events={'low': 0, 'high': 0, 'max': 2, 'oom': 0, 'oom_kill': 0, 'oom_group_kill': 0}
[container_monitor] pf-test-3: current=477.9MiB swap=65.1MiB max=501.0MiB cpu.usage_usec=2050010 method=swap_current_delta_fallback detail={'delta_swap_current': 0, 'swap_saturated': False, 'workingset_refault_anon': 5873} events={'low': 0, 'high': 0, 'max': 2, 'oom': 0, 'oom_kill': 0, 'oom_group_kill': 0}
[container_monitor] pf-test-3: current=477.9MiB swap=65.1MiB max=501.0MiB cpu.usage_usec=2051178 method=swap_current_delta_fallback detail={'delta_swap_current': -4096, 'swap_saturated': False, 'workingset_refault_anon': 5873} events={'low': 0, 'high': 0, 'max': 2, 'oom': 0, 'oom_kill': 0, 'oom_group_kill': 0}
[container_monitor] pf-test-3: current=477.9MiB swap=65.1MiB max=501.0MiB cpu.usage_usec=2052093 method=swap_current_delta_fallback detail={'delta_swap_current': 0, 'swap_saturated': False, 'workingset_refault_anon': 5873} events={'low': 0, 'high': 0, 'max': 2, 'oom': 0, 'oom_kill': 0, 'oom_group_kill': 0}
[container_monitor] pf-test-3: current=477.9MiB swap=65.1MiB max=501.0MiB cpu.usage_usec=2052964 method=swap_current_delta_fallback detail={'delta_swap_current': 0, 'swap_saturated': False, 'workingset_refault_anon': 5873} events={'low': 0, 'high': 0, 'max': 2, 'oom': 0, 'oom_kill': 0, 'oom_group_kill': 0}
[container_monitor] pf-test-3: current=477.9MiB swap=65.1MiB max=501.0MiB cpu.usage_usec=2053658 method=swap_current_delta_fallback detail={'delta_swap_current': 0, 'swap_saturated': False, 'workingset_refault_anon': 5873} events={'low': 0, 'high': 0, 'max': 2, 'oom': 0, 'oom_kill': 0, 'oom_group_kill': 0}
[container_monitor] pf-test-3: current=486.0MiB swap=65.1MiB max=501.0MiB cpu.usage_usec=2058136 method=swap_current_delta_fallback detail={'delta_swap_current': 0, 'swap_saturated': False, 'workingset_refault_anon': 5873} events={'low': 0, 'high': 0, 'max': 2, 'oom': 0, 'oom_kill': 0, 'oom_group_kill': 0}
[container_monitor] pf-test-3: current=486.0MiB swap=65.1MiB max=501.0MiB cpu.usage_usec=2059151 method=swap_current_delta_fallback detail={'delta_swap_current': 0, 'swap_saturated': False, 'workingset_refault_anon': 5873} events={'low': 0, 'high': 0, 'max': 2, 'oom': 0, 'oom_kill': 0, 'oom_group_kill': 0}
[container_monitor] pf-test-3: current=486.0MiB swap=65.1MiB max=501.0MiB cpu.usage_usec=2059794 method=swap_current_delta_fallback detail={'delta_swap_current': 0, 'swap_saturated': False, 'workingset_refault_anon': 5873} events={'low': 0, 'high': 0, 'max': 2, 'oom': 0, 'oom_kill': 0, 'oom_group_kill': 0}
[container_monitor] pf-test-3: current=486.0MiB swap=65.1MiB max=501.0MiB cpu.usage_usec=2060915 method=swap_current_delta_fallback detail={'delta_swap_current': 0, 'swap_saturated': False, 'workingset_refault_anon': 5873} events={'low': 0, 'high': 0, 'max': 2, 'oom': 0, 'oom_kill': 0, 'oom_group_kill': 0}
[container_monitor] pf-test-3: current=494.0MiB swap=65.1MiB max=501.0MiB cpu.usage_usec=2063300 method=swap_current_delta_fallback detail={'delta_swap_current': 0, 'swap_saturated': False, 'workingset_refault_anon': 5873} events={'low': 0, 'high': 0, 'max': 2, 'oom': 0, 'oom_kill': 0, 'oom_group_kill': 0}
[container_monitor] pf-test-3: current=494.0MiB swap=65.1MiB max=501.0MiB cpu.usage_usec=2064309 method=swap_current_delta_fallback detail={'delta_swap_current': 0, 'swap_saturated': False, 'workingset_refault_anon': 5873} events={'low': 0, 'high': 0, 'max': 2, 'oom': 0, 'oom_kill': 0, 'oom_group_kill': 0}
[container_monitor] pf-test-3: current=494.0MiB swap=65.1MiB max=501.0MiB cpu.usage_usec=2065419 method=swap_current_delta_fallback detail={'delta_swap_current': 0, 'swap_saturated': False, 'workingset_refault_anon': 5873} events={'low': 0, 'high': 0, 'max': 2, 'oom': 0, 'oom_kill': 0, 'oom_group_kill': 0}
[container_monitor] pf-test-3: current=494.0MiB swap=65.1MiB max=501.0MiB cpu.usage_usec=2066297 method=swap_current_delta_fallback detail={'delta_swap_current': 0, 'swap_saturated': False, 'workingset_refault_anon': 5873} events={'low': 0, 'high': 0, 'max': 2, 'oom': 0, 'oom_kill': 0, 'oom_group_kill': 0}
[container_monitor] pf-test-3: current=496.8MiB swap=65.1MiB max=501.0MiB cpu.usage_usec=2069763 method=swap_current_delta_fallback detail={'delta_swap_current': 0, 'swap_saturated': False, 'workingset_refault_anon': 5873} events={'low': 0, 'high': 0, 'max': 2, 'oom': 0, 'oom_kill': 0, 'oom_group_kill': 0}
[container_monitor] pf-test-3: current=499.7MiB swap=65.1MiB max=501.0MiB cpu.usage_usec=2073929 method=swap_current_delta_fallback detail={'delta_swap_current': 0, 'swap_saturated': False, 'workingset_refault_anon': 5873} events={'low': 0, 'high': 0, 'max': 2, 'oom': 0, 'oom_kill': 0, 'oom_group_kill': 0}
[container_monitor] pf-test-3: current=501.0MiB swap=65.1MiB max=501.0MiB cpu.usage_usec=2079490 method=swap_current_delta_fallback detail={'delta_swap_current': 0, 'swap_saturated': False, 'workingset_refault_anon': 5873} events={'low': 0, 'high': 0, 'max': 6, 'oom': 0, 'oom_kill': 0, 'oom_group_kill': 0}
[container_monitor] pf-test-3: current=501.0MiB swap=65.1MiB max=501.0MiB cpu.usage_usec=2084242 method=swap_current_delta_fallback detail={'delta_swap_current': 0, 'swap_saturated': False, 'workingset_refault_anon': 5873} events={'low': 0, 'high': 0, 'max': 6, 'oom': 0, 'oom_kill': 0, 'oom_group_kill': 0}
[container_monitor] pf-test-3: current=500.8MiB swap=65.1MiB max=501.0MiB cpu.usage_usec=2089468 method=swap_current_delta_fallback detail={'delta_swap_current': 0, 'swap_saturated': False, 'workingset_refault_anon': 5882} events={'low': 0, 'high': 0, 'max': 7, 'oom': 0, 'oom_kill': 0, 'oom_group_kill': 0}
[container_monitor] pf-test-3: current=500.9MiB swap=65.1MiB max=501.0MiB cpu.usage_usec=2094110 method=swap_current_delta_fallback detail={'delta_swap_current': 0, 'swap_saturated': False, 'workingset_refault_anon': 5882} events={'low': 0, 'high': 0, 'max': 7, 'oom': 0, 'oom_kill': 0, 'oom_group_kill': 0}
[container_monitor] pf-test-3: current=500.9MiB swap=65.1MiB max=501.0MiB cpu.usage_usec=2099576 method=swap_current_delta_fallback detail={'delta_swap_current': 0, 'swap_saturated': False, 'workingset_refault_anon': 5903} events={'low': 0, 'high': 0, 'max': 7, 'oom': 0, 'oom_kill': 0, 'oom_group_kill': 0}
[container_monitor] pf-test-3: current=500.9MiB swap=65.1MiB max=501.0MiB cpu.usage_usec=2101604 method=swap_current_delta_fallback detail={'delta_swap_current': 0, 'swap_saturated': False, 'workingset_refault_anon': 5907} events={'low': 0, 'high': 0, 'max': 7, 'oom': 0, 'oom_kill': 0, 'oom_group_kill': 0}
[container_monitor] pf-test-3: current=500.9MiB swap=65.1MiB max=501.0MiB cpu.usage_usec=2106157 method=swap_current_delta_fallback detail={'delta_swap_current': 0, 'swap_saturated': False, 'workingset_refault_anon': 5907} events={'low': 0, 'high': 0, 'max': 7, 'oom': 0, 'oom_kill': 0, 'oom_group_kill': 0}
[container_monitor] pf-test-3: current=500.9MiB swap=65.1MiB max=501.0MiB cpu.usage_usec=2111985 method=swap_current_delta_fallback detail={'delta_swap_current': 0, 'swap_saturated': False, 'workingset_refault_anon': 5907} events={'low': 0, 'high': 0, 'max': 7, 'oom': 0, 'oom_kill': 0, 'oom_group_kill': 0}
[container_monitor] pf-test-3: current=501.0MiB swap=65.6MiB max=501.0MiB cpu.usage_usec=2117480 method=swap_current_delta_fallback detail={'delta_swap_current': 524288, 'swap_saturated': False, 'workingset_refault_anon': 5907} events={'low': 0, 'high': 0, 'max': 9, 'oom': 0, 'oom_kill': 0, 'oom_group_kill': 0}
[container_monitor] pf-test-3: OCM 감지 (method=swap_current_delta_fallback, detail={'delta_swap_current': 524288, 'swap_saturated': False, 'workingset_refault_anon': 5907})
[puff_manager] pf-test-3: puff 적용 501MiB -> 701MiB
[container_monitor] pf-test-3: puff 완료, 새 메모리 한도 701MiB
[container_monitor] pf-test-3: 이미 suspend 상태, 재적용 생략
[container_monitor] pf-test-3: current=508.1MiB swap=65.6MiB max=701.0MiB cpu.usage_usec=2124479 method=swap_current_delta_fallback detail={'delta_swap_current': 0, 'swap_saturated': False, 'workingset_refault_anon': 5907} events={'low': 0, 'high': 0, 'max': 9, 'oom': 0, 'oom_kill': 0, 'oom_group_kill': 0}
[container_monitor] pf-test-3: current=510.3MiB swap=65.6MiB max=701.0MiB cpu.usage_usec=2128944 method=swap_current_delta_fallback detail={'delta_swap_current': 0, 'swap_saturated': False, 'workingset_refault_anon': 5907} events={'low': 0, 'high': 0, 'max': 9, 'oom': 0, 'oom_kill': 0, 'oom_group_kill': 0}
[container_monitor] pf-test-3: current=512.0MiB swap=65.6MiB max=701.0MiB cpu.usage_usec=2133927 method=swap_current_delta_fallback detail={'delta_swap_current': 0, 'swap_saturated': False, 'workingset_refault_anon': 5907} events={'low': 0, 'high': 0, 'max': 9, 'oom': 0, 'oom_kill': 0, 'oom_group_kill': 0}
[container_monitor] pf-test-3: current=514.4MiB swap=65.6MiB max=701.0MiB cpu.usage_usec=2139879 method=swap_current_delta_fallback detail={'delta_swap_current': 0, 'swap_saturated': False, 'workingset_refault_anon': 5907} events={'low': 0, 'high': 0, 'max': 9, 'oom': 0, 'oom_kill': 0, 'oom_group_kill': 0}
[container_monitor] pf-test-3: current=516.2MiB swap=65.6MiB max=701.0MiB cpu.usage_usec=2144714 method=swap_current_delta_fallback detail={'delta_swap_current': 0, 'swap_saturated': False, 'workingset_refault_anon': 5907} events={'low': 0, 'high': 0, 'max': 9, 'oom': 0, 'oom_kill': 0, 'oom_group_kill': 0}
[container_monitor] pf-test-3: current=518.5MiB swap=65.6MiB max=701.0MiB cpu.usage_usec=2149643 method=swap_current_delta_fallback detail={'delta_swap_current': 0, 'swap_saturated': False, 'workingset_refault_anon': 5907} events={'low': 0, 'high': 0, 'max': 9, 'oom': 0, 'oom_kill': 0, 'oom_group_kill': 0}
[container_monitor] pf-test-3: current=520.7MiB swap=65.6MiB max=701.0MiB cpu.usage_usec=2154304 method=swap_current_delta_fallback detail={'delta_swap_current': 0, 'swap_saturated': False, 'workingset_refault_anon': 5907} events={'low': 0, 'high': 0, 'max': 9, 'oom': 0, 'oom_kill': 0, 'oom_group_kill': 0}
[container_monitor] pf-test-3: current=522.2MiB swap=65.6MiB max=701.0MiB cpu.usage_usec=2159522 method=swap_current_delta_fallback detail={'delta_swap_current': 0, 'swap_saturated': False, 'workingset_refault_anon': 5907} events={'low': 0, 'high': 0, 'max': 9, 'oom': 0, 'oom_kill': 0, 'oom_group_kill': 0}
[container_monitor] pf-test-3: current=523.4MiB swap=65.6MiB max=701.0MiB cpu.usage_usec=2164257 method=swap_current_delta_fallback detail={'delta_swap_current': 0, 'swap_saturated': False, 'workingset_refault_anon': 5907} events={'low': 0, 'high': 0, 'max': 9, 'oom': 0, 'oom_kill': 0, 'oom_group_kill': 0}
[container_monitor] pf-test-3: current=525.6MiB swap=65.6MiB max=701.0MiB cpu.usage_usec=2169758 method=swap_current_delta_fallback detail={'delta_swap_current': 0, 'swap_saturated': False, 'workingset_refault_anon': 5907} events={'low': 0, 'high': 0, 'max': 9, 'oom': 0, 'oom_kill': 0, 'oom_group_kill': 0}
[container_monitor] pf-test-3: current=527.3MiB swap=65.6MiB max=701.0MiB cpu.usage_usec=2174898 method=swap_current_delta_fallback detail={'delta_swap_current': 0, 'swap_saturated': False, 'workingset_refault_anon': 5907} events={'low': 0, 'high': 0, 'max': 9, 'oom': 0, 'oom_kill': 0, 'oom_group_kill': 0}
[container_monitor] pf-test-3: current=529.0MiB swap=65.6MiB max=701.0MiB cpu.usage_usec=2179172 method=swap_current_delta_fallback detail={'delta_swap_current': 0, 'swap_saturated': False, 'workingset_refault_anon': 5907} events={'low': 0, 'high': 0, 'max': 9, 'oom': 0, 'oom_kill': 0, 'oom_group_kill': 0}
[container_monitor] pf-test-3: current=532.8MiB swap=65.6MiB max=701.0MiB cpu.usage_usec=2184525 method=swap_current_delta_fallback detail={'delta_swap_current': 0, 'swap_saturated': False, 'workingset_refault_anon': 5907} events={'low': 0, 'high': 0, 'max': 9, 'oom': 0, 'oom_kill': 0, 'oom_group_kill': 0}
[container_monitor] pf-test-3: current=534.6MiB swap=65.6MiB max=701.0MiB cpu.usage_usec=2189778 method=swap_current_delta_fallback detail={'delta_swap_current': 0, 'swap_saturated': False, 'workingset_refault_anon': 5907} events={'low': 0, 'high': 0, 'max': 9, 'oom': 0, 'oom_kill': 0, 'oom_group_kill': 0}
[container_monitor] pf-test-3: current=536.5MiB swap=65.6MiB max=701.0MiB cpu.usage_usec=2194404 method=swap_current_delta_fallback detail={'delta_swap_current': 0, 'swap_saturated': False, 'workingset_refault_anon': 5907} events={'low': 0, 'high': 0, 'max': 9, 'oom': 0, 'oom_kill': 0, 'oom_group_kill': 0}
[container_monitor] pf-test-3: current=539.8MiB swap=65.6MiB max=701.0MiB cpu.usage_usec=2199858 method=swap_current_delta_fallback detail={'delta_swap_current': 0, 'swap_saturated': False, 'workingset_refault_anon': 5907} events={'low': 0, 'high': 0, 'max': 9, 'oom': 0, 'oom_kill': 0, 'oom_group_kill': 0}
[container_monitor] pf-test-3: current=541.3MiB swap=65.6MiB max=701.0MiB cpu.usage_usec=2204204 method=swap_current_delta_fallback detail={'delta_swap_current': 0, 'swap_saturated': False, 'workingset_refault_anon': 5907} events={'low': 0, 'high': 0, 'max': 9, 'oom': 0, 'oom_kill': 0, 'oom_group_kill': 0}
[container_monitor] pf-test-3: current=542.8MiB swap=65.6MiB max=701.0MiB cpu.usage_usec=2209523 method=swap_current_delta_fallback detail={'delta_swap_current': 0, 'swap_saturated': False, 'workingset_refault_anon': 5907} events={'low': 0, 'high': 0, 'max': 9, 'oom': 0, 'oom_kill': 0, 'oom_group_kill': 0}
[container_monitor] pf-test-3: current=544.0MiB swap=65.6MiB max=701.0MiB cpu.usage_usec=2214219 method=swap_current_delta_fallback detail={'delta_swap_current': 0, 'swap_saturated': False, 'workingset_refault_anon': 5907} events={'low': 0, 'high': 0, 'max': 9, 'oom': 0, 'oom_kill': 0, 'oom_group_kill': 0}
[container_monitor] pf-test-3: current=546.4MiB swap=65.6MiB max=701.0MiB cpu.usage_usec=2219760 method=swap_current_delta_fallback detail={'delta_swap_current': 0, 'swap_saturated': False, 'workingset_refault_anon': 5907} events={'low': 0, 'high': 0, 'max': 9, 'oom': 0, 'oom_kill': 0, 'oom_group_kill': 0}
[container_monitor] pf-test-3: current=548.9MiB swap=65.6MiB max=701.0MiB cpu.usage_usec=2224336 method=swap_current_delta_fallback detail={'delta_swap_current': 0, 'swap_saturated': False, 'workingset_refault_anon': 5907} events={'low': 0, 'high': 0, 'max': 9, 'oom': 0, 'oom_kill': 0, 'oom_group_kill': 0}
[container_monitor] pf-test-3: current=552.8MiB swap=65.4MiB max=701.0MiB cpu.usage_usec=2229115 method=swap_current_delta_fallback detail={'delta_swap_current': -110592, 'swap_saturated': False, 'workingset_refault_anon': 5907} events={'low': 0, 'high': 0, 'max': 9, 'oom': 0, 'oom_kill': 0, 'oom_group_kill': 0}
[container_monitor] pf-test-3: current=554.7MiB swap=65.4MiB max=701.0MiB cpu.usage_usec=2234601 method=swap_current_delta_fallback detail={'delta_swap_current': 0, 'swap_saturated': False, 'workingset_refault_anon': 5907} events={'low': 0, 'high': 0, 'max': 9, 'oom': 0, 'oom_kill': 0, 'oom_group_kill': 0}
[container_monitor] pf-test-3: current=556.1MiB swap=65.4MiB max=701.0MiB cpu.usage_usec=2239320 method=swap_current_delta_fallback detail={'delta_swap_current': 0, 'swap_saturated': False, 'workingset_refault_anon': 5907} events={'low': 0, 'high': 0, 'max': 9, 'oom': 0, 'oom_kill': 0, 'oom_group_kill': 0}
[container_monitor] pf-test-3: current=560.3MiB swap=65.4MiB max=701.0MiB cpu.usage_usec=2244401 method=swap_current_delta_fallback detail={'delta_swap_current': 0, 'swap_saturated': False, 'workingset_refault_anon': 5907} events={'low': 0, 'high': 0, 'max': 9, 'oom': 0, 'oom_kill': 0, 'oom_group_kill': 0}
[container_monitor] pf-test-3: current=562.5MiB swap=65.4MiB max=701.0MiB cpu.usage_usec=2248982 method=swap_current_delta_fallback detail={'delta_swap_current': 0, 'swap_saturated': False, 'workingset_refault_anon': 5907} events={'low': 0, 'high': 0, 'max': 9, 'oom': 0, 'oom_kill': 0, 'oom_group_kill': 0}
[container_monitor] pf-test-3: current=564.8MiB swap=65.4MiB max=701.0MiB cpu.usage_usec=2254281 method=swap_current_delta_fallback detail={'delta_swap_current': 0, 'swap_saturated': False, 'workingset_refault_anon': 5907} events={'low': 0, 'high': 0, 'max': 9, 'oom': 0, 'oom_kill': 0, 'oom_group_kill': 0}
[container_monitor] pf-test-3: current=567.1MiB swap=65.4MiB max=701.0MiB cpu.usage_usec=2259666 method=swap_current_delta_fallback detail={'delta_swap_current': 0, 'swap_saturated': False, 'workingset_refault_anon': 5907} events={'low': 0, 'high': 0, 'max': 9, 'oom': 0, 'oom_kill': 0, 'oom_group_kill': 0}
[container_monitor] pf-test-3: current=572.7MiB swap=65.4MiB max=701.0MiB cpu.usage_usec=2264927 method=swap_current_delta_fallback detail={'delta_swap_current': 0, 'swap_saturated': False, 'workingset_refault_anon': 5907} events={'low': 0, 'high': 0, 'max': 9, 'oom': 0, 'oom_kill': 0, 'oom_group_kill': 0}
[container_monitor] pf-test-3: current=576.0MiB swap=65.4MiB max=701.0MiB cpu.usage_usec=2269704 method=swap_current_delta_fallback detail={'delta_swap_current': 0, 'swap_saturated': False, 'workingset_refault_anon': 5907} events={'low': 0, 'high': 0, 'max': 9, 'oom': 0, 'oom_kill': 0, 'oom_group_kill': 0}
[container_monitor] pf-test-3: current=577.5MiB swap=65.4MiB max=701.0MiB cpu.usage_usec=2274107 method=swap_current_delta_fallback detail={'delta_swap_current': 0, 'swap_saturated': False, 'workingset_refault_anon': 5907} events={'low': 0, 'high': 0, 'max': 9, 'oom': 0, 'oom_kill': 0, 'oom_group_kill': 0}
[container_monitor] pf-test-3: current=581.0MiB swap=65.4MiB max=701.0MiB cpu.usage_usec=2279882 method=swap_current_delta_fallback detail={'delta_swap_current': 0, 'swap_saturated': False, 'workingset_refault_anon': 5907} events={'low': 0, 'high': 0, 'max': 9, 'oom': 0, 'oom_kill': 0, 'oom_group_kill': 0}
[container_monitor] pf-test-3: current=582.7MiB swap=65.4MiB max=701.0MiB cpu.usage_usec=2284864 method=swap_current_delta_fallback detail={'delta_swap_current': 0, 'swap_saturated': False, 'workingset_refault_anon': 5907} events={'low': 0, 'high': 0, 'max': 9, 'oom': 0, 'oom_kill': 0, 'oom_group_kill': 0}
[container_monitor] pf-test-3: current=584.4MiB swap=65.4MiB max=701.0MiB cpu.usage_usec=2289385 method=swap_current_delta_fallback detail={'delta_swap_current': 0, 'swap_saturated': False, 'workingset_refault_anon': 5907} events={'low': 0, 'high': 0, 'max': 9, 'oom': 0, 'oom_kill': 0, 'oom_group_kill': 0}
[container_monitor] pf-test-3: current=586.8MiB swap=65.4MiB max=701.0MiB cpu.usage_usec=2294307 method=swap_current_delta_fallback detail={'delta_swap_current': 0, 'swap_saturated': False, 'workingset_refault_anon': 5907} events={'low': 0, 'high': 0, 'max': 9, 'oom': 0, 'oom_kill': 0, 'oom_group_kill': 0}
[container_monitor] pf-test-3: current=592.7MiB swap=65.4MiB max=701.0MiB cpu.usage_usec=2299438 method=swap_current_delta_fallback detail={'delta_swap_current': 0, 'swap_saturated': False, 'workingset_refault_anon': 5907} events={'low': 0, 'high': 0, 'max': 9, 'oom': 0, 'oom_kill': 0, 'oom_group_kill': 0}
[container_monitor] pf-test-3: current=594.6MiB swap=65.4MiB max=701.0MiB cpu.usage_usec=2303980 method=swap_current_delta_fallback detail={'delta_swap_current': 0, 'swap_saturated': False, 'workingset_refault_anon': 5907} events={'low': 0, 'high': 0, 'max': 9, 'oom': 0, 'oom_kill': 0, 'oom_group_kill': 0}
[container_monitor] pf-test-3: current=598.6MiB swap=65.4MiB max=701.0MiB cpu.usage_usec=2309906 method=swap_current_delta_fallback detail={'delta_swap_current': 0, 'swap_saturated': False, 'workingset_refault_anon': 5907} events={'low': 0, 'high': 0, 'max': 9, 'oom': 0, 'oom_kill': 0, 'oom_group_kill': 0}
[container_monitor] pf-test-3: current=600.3MiB swap=65.4MiB max=701.0MiB cpu.usage_usec=2313993 method=swap_current_delta_fallback detail={'delta_swap_current': 0, 'swap_saturated': False, 'workingset_refault_anon': 5907} events={'low': 0, 'high': 0, 'max': 9, 'oom': 0, 'oom_kill': 0, 'oom_group_kill': 0}
[container_monitor] pf-test-3: current=602.9MiB swap=65.4MiB max=701.0MiB cpu.usage_usec=2319269 method=swap_current_delta_fallback detail={'delta_swap_current': 0, 'swap_saturated': False, 'workingset_refault_anon': 5907} events={'low': 0, 'high': 0, 'max': 9, 'oom': 0, 'oom_kill': 0, 'oom_group_kill': 0}
[container_monitor] pf-test-3: current=609.5MiB swap=65.4MiB max=701.0MiB cpu.usage_usec=2324656 method=swap_current_delta_fallback detail={'delta_swap_current': 0, 'swap_saturated': False, 'workingset_refault_anon': 5907} events={'low': 0, 'high': 0, 'max': 9, 'oom': 0, 'oom_kill': 0, 'oom_group_kill': 0}
[container_monitor] pf-test-3: current=612.7MiB swap=65.4MiB max=701.0MiB cpu.usage_usec=2329804 method=swap_current_delta_fallback detail={'delta_swap_current': 0, 'swap_saturated': False, 'workingset_refault_anon': 5907} events={'low': 0, 'high': 0, 'max': 9, 'oom': 0, 'oom_kill': 0, 'oom_group_kill': 0}
[container_monitor] pf-test-3: current=620.5MiB swap=65.4MiB max=701.0MiB cpu.usage_usec=2334676 method=swap_current_delta_fallback detail={'delta_swap_current': 0, 'swap_saturated': False, 'workingset_refault_anon': 5907} events={'low': 0, 'high': 0, 'max': 9, 'oom': 0, 'oom_kill': 0, 'oom_group_kill': 0}
[container_monitor] pf-test-3: current=622.5MiB swap=65.4MiB max=701.0MiB cpu.usage_usec=2338946 method=swap_current_delta_fallback detail={'delta_swap_current': 0, 'swap_saturated': False, 'workingset_refault_anon': 5907} events={'low': 0, 'high': 0, 'max': 9, 'oom': 0, 'oom_kill': 0, 'oom_group_kill': 0}
[container_monitor] pf-test-3: current=624.7MiB swap=65.4MiB max=701.0MiB cpu.usage_usec=2344400 method=swap_current_delta_fallback detail={'delta_swap_current': 0, 'swap_saturated': False, 'workingset_refault_anon': 5907} events={'low': 0, 'high': 0, 'max': 9, 'oom': 0, 'oom_kill': 0, 'oom_group_kill': 0}
[container_monitor] pf-test-3: current=627.3MiB swap=65.4MiB max=701.0MiB cpu.usage_usec=2349386 method=swap_current_delta_fallback detail={'delta_swap_current': 0, 'swap_saturated': False, 'workingset_refault_anon': 5907} events={'low': 0, 'high': 0, 'max': 9, 'oom': 0, 'oom_kill': 0, 'oom_group_kill': 0}
[container_monitor] pf-test-3: current=628.8MiB swap=65.4MiB max=701.0MiB cpu.usage_usec=2354056 method=swap_current_delta_fallback detail={'delta_swap_current': 0, 'swap_saturated': False, 'workingset_refault_anon': 5907} events={'low': 0, 'high': 0, 'max': 9, 'oom': 0, 'oom_kill': 0, 'oom_group_kill': 0}
[container_monitor] pf-test-3: current=633.2MiB swap=65.4MiB max=701.0MiB cpu.usage_usec=2359727 method=swap_current_delta_fallback detail={'delta_swap_current': 0, 'swap_saturated': False, 'workingset_refault_anon': 5907} events={'low': 0, 'high': 0, 'max': 9, 'oom': 0, 'oom_kill': 0, 'oom_group_kill': 0}
[container_monitor] pf-test-3: current=636.1MiB swap=65.4MiB max=701.0MiB cpu.usage_usec=2364501 method=swap_current_delta_fallback detail={'delta_swap_current': 0, 'swap_saturated': False, 'workingset_refault_anon': 5907} events={'low': 0, 'high': 0, 'max': 9, 'oom': 0, 'oom_kill': 0, 'oom_group_kill': 0}
[container_monitor] pf-test-3: current=639.2MiB swap=65.4MiB max=701.0MiB cpu.usage_usec=2368915 method=swap_current_delta_fallback detail={'delta_swap_current': 0, 'swap_saturated': False, 'workingset_refault_anon': 5907} events={'low': 0, 'high': 0, 'max': 9, 'oom': 0, 'oom_kill': 0, 'oom_group_kill': 0}
[container_monitor] pf-test-3: current=641.8MiB swap=65.4MiB max=701.0MiB cpu.usage_usec=2374035 method=swap_current_delta_fallback detail={'delta_swap_current': 0, 'swap_saturated': False, 'workingset_refault_anon': 5907} events={'low': 0, 'high': 0, 'max': 9, 'oom': 0, 'oom_kill': 0, 'oom_group_kill': 0}
[container_monitor] pf-test-3: current=646.3MiB swap=65.4MiB max=701.0MiB cpu.usage_usec=2379767 method=swap_current_delta_fallback detail={'delta_swap_current': 0, 'swap_saturated': False, 'workingset_refault_anon': 5907} events={'low': 0, 'high': 0, 'max': 9, 'oom': 0, 'oom_kill': 0, 'oom_group_kill': 0}
[container_monitor] pf-test-3: current=649.9MiB swap=65.4MiB max=701.0MiB cpu.usage_usec=2385271 method=swap_current_delta_fallback detail={'delta_swap_current': 0, 'swap_saturated': False, 'workingset_refault_anon': 5907} events={'low': 0, 'high': 0, 'max': 9, 'oom': 0, 'oom_kill': 0, 'oom_group_kill': 0}
[container_monitor] pf-test-3: current=653.2MiB swap=65.4MiB max=701.0MiB cpu.usage_usec=2390073 method=swap_current_delta_fallback detail={'delta_swap_current': 0, 'swap_saturated': False, 'workingset_refault_anon': 5907} events={'low': 0, 'high': 0, 'max': 9, 'oom': 0, 'oom_kill': 0, 'oom_group_kill': 0}
[container_monitor] pf-test-3: current=656.5MiB swap=65.4MiB max=701.0MiB cpu.usage_usec=2395680 method=swap_current_delta_fallback detail={'delta_swap_current': 0, 'swap_saturated': False, 'workingset_refault_anon': 5907} events={'low': 0, 'high': 0, 'max': 9, 'oom': 0, 'oom_kill': 0, 'oom_group_kill': 0}
[container_monitor] pf-test-3: current=658.9MiB swap=65.4MiB max=701.0MiB cpu.usage_usec=2400451 method=swap_current_delta_fallback detail={'delta_swap_current': 0, 'swap_saturated': False, 'workingset_refault_anon': 5907} events={'low': 0, 'high': 0, 'max': 9, 'oom': 0, 'oom_kill': 0, 'oom_group_kill': 0}
[container_monitor] pf-test-3: current=661.1MiB swap=65.4MiB max=701.0MiB cpu.usage_usec=2405630 method=swap_current_delta_fallback detail={'delta_swap_current': 0, 'swap_saturated': False, 'workingset_refault_anon': 5907} events={'low': 0, 'high': 0, 'max': 9, 'oom': 0, 'oom_kill': 0, 'oom_group_kill': 0}
[container_monitor] pf-test-3: current=662.9MiB swap=65.4MiB max=701.0MiB cpu.usage_usec=2410088 method=swap_current_delta_fallback detail={'delta_swap_current': 0, 'swap_saturated': False, 'workingset_refault_anon': 5907} events={'low': 0, 'high': 0, 'max': 9, 'oom': 0, 'oom_kill': 0, 'oom_group_kill': 0}
[container_monitor] pf-test-3: current=664.5MiB swap=65.4MiB max=701.0MiB cpu.usage_usec=2415137 method=swap_current_delta_fallback detail={'delta_swap_current': 0, 'swap_saturated': False, 'workingset_refault_anon': 5907} events={'low': 0, 'high': 0, 'max': 9, 'oom': 0, 'oom_kill': 0, 'oom_group_kill': 0}
[container_monitor] pf-test-3: current=666.4MiB swap=65.4MiB max=701.0MiB cpu.usage_usec=2419928 method=swap_current_delta_fallback detail={'delta_swap_current': 0, 'swap_saturated': False, 'workingset_refault_anon': 5907} events={'low': 0, 'high': 0, 'max': 9, 'oom': 0, 'oom_kill': 0, 'oom_group_kill': 0}
[container_monitor] pf-test-3: current=670.1MiB swap=65.4MiB max=701.0MiB cpu.usage_usec=2425282 method=swap_current_delta_fallback detail={'delta_swap_current': 0, 'swap_saturated': False, 'workingset_refault_anon': 5907} events={'low': 0, 'high': 0, 'max': 9, 'oom': 0, 'oom_kill': 0, 'oom_group_kill': 0}
[container_monitor] pf-test-3: current=672.3MiB swap=65.4MiB max=701.0MiB cpu.usage_usec=2430242 method=swap_current_delta_fallback detail={'delta_swap_current': 0, 'swap_saturated': False, 'workingset_refault_anon': 5907} events={'low': 0, 'high': 0, 'max': 9, 'oom': 0, 'oom_kill': 0, 'oom_group_kill': 0}
[container_monitor] pf-test-3: current=675.7MiB swap=65.4MiB max=701.0MiB cpu.usage_usec=2435337 method=swap_current_delta_fallback detail={'delta_swap_current': 0, 'swap_saturated': False, 'workingset_refault_anon': 5907} events={'low': 0, 'high': 0, 'max': 9, 'oom': 0, 'oom_kill': 0, 'oom_group_kill': 0}
[container_monitor] pf-test-3: current=678.4MiB swap=65.4MiB max=701.0MiB cpu.usage_usec=2440060 method=swap_current_delta_fallback detail={'delta_swap_current': 0, 'swap_saturated': False, 'workingset_refault_anon': 5907} events={'low': 0, 'high': 0, 'max': 9, 'oom': 0, 'oom_kill': 0, 'oom_group_kill': 0}
[container_monitor] pf-test-3: current=680.7MiB swap=65.4MiB max=701.0MiB cpu.usage_usec=2445733 method=swap_current_delta_fallback detail={'delta_swap_current': 0, 'swap_saturated': False, 'workingset_refault_anon': 5907} events={'low': 0, 'high': 0, 'max': 9, 'oom': 0, 'oom_kill': 0, 'oom_group_kill': 0}
[container_monitor] pf-test-3: current=682.4MiB swap=65.4MiB max=701.0MiB cpu.usage_usec=2450501 method=swap_current_delta_fallback detail={'delta_swap_current': 0, 'swap_saturated': False, 'workingset_refault_anon': 5907} events={'low': 0, 'high': 0, 'max': 9, 'oom': 0, 'oom_kill': 0, 'oom_group_kill': 0}
[container_monitor] pf-test-3: current=684.0MiB swap=65.4MiB max=701.0MiB cpu.usage_usec=2454976 method=swap_current_delta_fallback detail={'delta_swap_current': 0, 'swap_saturated': False, 'workingset_refault_anon': 5907} events={'low': 0, 'high': 0, 'max': 9, 'oom': 0, 'oom_kill': 0, 'oom_group_kill': 0}
[container_monitor] pf-test-3: current=685.8MiB swap=65.4MiB max=701.0MiB cpu.usage_usec=2460164 method=swap_current_delta_fallback detail={'delta_swap_current': 0, 'swap_saturated': False, 'workingset_refault_anon': 5907} events={'low': 0, 'high': 0, 'max': 9, 'oom': 0, 'oom_kill': 0, 'oom_group_kill': 0}
[container_monitor] pf-test-3: current=687.2MiB swap=65.4MiB max=701.0MiB cpu.usage_usec=2465309 method=swap_current_delta_fallback detail={'delta_swap_current': 0, 'swap_saturated': False, 'workingset_refault_anon': 5907} events={'low': 0, 'high': 0, 'max': 9, 'oom': 0, 'oom_kill': 0, 'oom_group_kill': 0}
[container_monitor] pf-test-3: current=689.0MiB swap=65.4MiB max=701.0MiB cpu.usage_usec=2470042 method=swap_current_delta_fallback detail={'delta_swap_current': 0, 'swap_saturated': False, 'workingset_refault_anon': 5907} events={'low': 0, 'high': 0, 'max': 9, 'oom': 0, 'oom_kill': 0, 'oom_group_kill': 0}
[container_monitor] pf-test-3: current=690.9MiB swap=65.4MiB max=701.0MiB cpu.usage_usec=2475052 method=swap_current_delta_fallback detail={'delta_swap_current': 0, 'swap_saturated': False, 'workingset_refault_anon': 5907} events={'low': 0, 'high': 0, 'max': 9, 'oom': 0, 'oom_kill': 0, 'oom_group_kill': 0}
[container_monitor] pf-test-3: current=693.4MiB swap=65.4MiB max=701.0MiB cpu.usage_usec=2480002 method=swap_current_delta_fallback detail={'delta_swap_current': 0, 'swap_saturated': False, 'workingset_refault_anon': 5907} events={'low': 0, 'high': 0, 'max': 9, 'oom': 0, 'oom_kill': 0, 'oom_group_kill': 0}
[container_monitor] pf-test-3: current=695.3MiB swap=65.4MiB max=701.0MiB cpu.usage_usec=2485771 method=swap_current_delta_fallback detail={'delta_swap_current': 0, 'swap_saturated': False, 'workingset_refault_anon': 5907} events={'low': 0, 'high': 0, 'max': 9, 'oom': 0, 'oom_kill': 0, 'oom_group_kill': 0}
[container_monitor] pf-test-3: current=697.1MiB swap=65.4MiB max=701.0MiB cpu.usage_usec=2490401 method=swap_current_delta_fallback detail={'delta_swap_current': 0, 'swap_saturated': False, 'workingset_refault_anon': 5907} events={'low': 0, 'high': 0, 'max': 9, 'oom': 0, 'oom_kill': 0, 'oom_group_kill': 0}
[container_monitor] pf-test-3: current=699.2MiB swap=65.4MiB max=701.0MiB cpu.usage_usec=2494937 method=swap_current_delta_fallback detail={'delta_swap_current': 0, 'swap_saturated': False, 'workingset_refault_anon': 5907} events={'low': 0, 'high': 0, 'max': 9, 'oom': 0, 'oom_kill': 0, 'oom_group_kill': 0}
[container_monitor] pf-test-3: current=700.9MiB swap=65.4MiB max=701.0MiB cpu.usage_usec=2500111 method=swap_current_delta_fallback detail={'delta_swap_current': 0, 'swap_saturated': False, 'workingset_refault_anon': 5907} events={'low': 0, 'high': 0, 'max': 9, 'oom': 0, 'oom_kill': 0, 'oom_group_kill': 0}
[container_monitor] pf-test-3: current=700.9MiB swap=65.4MiB max=701.0MiB cpu.usage_usec=2505802 method=swap_current_delta_fallback detail={'delta_swap_current': 0, 'swap_saturated': False, 'workingset_refault_anon': 5907} events={'low': 0, 'high': 0, 'max': 9, 'oom': 0, 'oom_kill': 0, 'oom_group_kill': 0}
[container_monitor] pf-test-3: current=700.9MiB swap=65.4MiB max=701.0MiB cpu.usage_usec=2510905 method=swap_current_delta_fallback detail={'delta_swap_current': 0, 'swap_saturated': False, 'workingset_refault_anon': 5907} events={'low': 0, 'high': 0, 'max': 9, 'oom': 0, 'oom_kill': 0, 'oom_group_kill': 0}
[container_monitor] pf-test-3: current=700.9MiB swap=65.4MiB max=701.0MiB cpu.usage_usec=2515095 method=swap_current_delta_fallback detail={'delta_swap_current': 0, 'swap_saturated': False, 'workingset_refault_anon': 5907} events={'low': 0, 'high': 0, 'max': 9, 'oom': 0, 'oom_kill': 0, 'oom_group_kill': 0}
[container_monitor] pf-test-3: current=700.9MiB swap=65.4MiB max=701.0MiB cpu.usage_usec=2518794 method=swap_current_delta_fallback detail={'delta_swap_current': 0, 'swap_saturated': False, 'workingset_refault_anon': 5907} events={'low': 0, 'high': 0, 'max': 9, 'oom': 0, 'oom_kill': 0, 'oom_group_kill': 0}
[container_monitor] pf-test-3: current=700.9MiB swap=65.4MiB max=701.0MiB cpu.usage_usec=2519652 method=swap_current_delta_fallback detail={'delta_swap_current': 0, 'swap_saturated': False, 'workingset_refault_anon': 5907} events={'low': 0, 'high': 0, 'max': 9, 'oom': 0, 'oom_kill': 0, 'oom_group_kill': 0}
[container_monitor] pf-test-3: current=700.9MiB swap=65.4MiB max=701.0MiB cpu.usage_usec=2520773 method=swap_current_delta_fallback detail={'delta_swap_current': 0, 'swap_saturated': False, 'workingset_refault_anon': 5907} events={'low': 0, 'high': 0, 'max': 9, 'oom': 0, 'oom_kill': 0, 'oom_group_kill': 0}
[container_monitor] pf-test-3: current=700.9MiB swap=65.4MiB max=701.0MiB cpu.usage_usec=2521590 method=swap_current_delta_fallback detail={'delta_swap_current': 0, 'swap_saturated': False, 'workingset_refault_anon': 5907} events={'low': 0, 'high': 0, 'max': 9, 'oom': 0, 'oom_kill': 0, 'oom_group_kill': 0}
[container_monitor] pf-test-3: current=700.9MiB swap=65.4MiB max=701.0MiB cpu.usage_usec=2525257 method=swap_current_delta_fallback detail={'delta_swap_current': 0, 'swap_saturated': False, 'workingset_refault_anon': 5907} events={'low': 0, 'high': 0, 'max': 9, 'oom': 0, 'oom_kill': 0, 'oom_group_kill': 0}
[container_monitor] pf-test-3: current=700.9MiB swap=65.4MiB max=701.0MiB cpu.usage_usec=2529927 method=swap_current_delta_fallback detail={'delta_swap_current': 0, 'swap_saturated': False, 'workingset_refault_anon': 5907} events={'low': 0, 'high': 0, 'max': 9, 'oom': 0, 'oom_kill': 0, 'oom_group_kill': 0}
[container_monitor] pf-test-3: current=700.9MiB swap=65.4MiB max=701.0MiB cpu.usage_usec=2534948 method=swap_current_delta_fallback detail={'delta_swap_current': 0, 'swap_saturated': False, 'workingset_refault_anon': 5907} events={'low': 0, 'high': 0, 'max': 9, 'oom': 0, 'oom_kill': 0, 'oom_group_kill': 0}
[container_monitor] pf-test-3: current=700.9MiB swap=65.4MiB max=701.0MiB cpu.usage_usec=2536100 method=swap_current_delta_fallback detail={'delta_swap_current': 0, 'swap_saturated': False, 'workingset_refault_anon': 5907} events={'low': 0, 'high': 0, 'max': 9, 'oom': 0, 'oom_kill': 0, 'oom_group_kill': 0}
[container_monitor] pf-test-3: current=700.9MiB swap=65.4MiB max=701.0MiB cpu.usage_usec=2536780 method=swap_current_delta_fallback detail={'delta_swap_current': 0, 'swap_saturated': False, 'workingset_refault_anon': 5907} events={'low': 0, 'high': 0, 'max': 9, 'oom': 0, 'oom_kill': 0, 'oom_group_kill': 0}
[container_monitor] pf-test-3: current=700.9MiB swap=65.4MiB max=701.0MiB cpu.usage_usec=2537561 method=swap_current_delta_fallback detail={'delta_swap_current': 0, 'swap_saturated': False, 'workingset_refault_anon': 5907} events={'low': 0, 'high': 0, 'max': 9, 'oom': 0, 'oom_kill': 0, 'oom_group_kill': 0}
[container_monitor] pf-test-3: current=700.9MiB swap=65.4MiB max=701.0MiB cpu.usage_usec=2538638 method=swap_current_delta_fallback detail={'delta_swap_current': 0, 'swap_saturated': False, 'workingset_refault_anon': 5907} events={'low': 0, 'high': 0, 'max': 9, 'oom': 0, 'oom_kill': 0, 'oom_group_kill': 0}
[container_monitor] pf-test-3: current=700.9MiB swap=65.4MiB max=701.0MiB cpu.usage_usec=2544769 method=swap_current_delta_fallback detail={'delta_swap_current': 0, 'swap_saturated': False, 'workingset_refault_anon': 5907} events={'low': 0, 'high': 0, 'max': 9, 'oom': 0, 'oom_kill': 0, 'oom_group_kill': 0}
[container_monitor] pf-test-3: current=700.9MiB swap=65.4MiB max=701.0MiB cpu.usage_usec=2548988 method=swap_current_delta_fallback detail={'delta_swap_current': 0, 'swap_saturated': False, 'workingset_refault_anon': 5907} events={'low': 0, 'high': 0, 'max': 9, 'oom': 0, 'oom_kill': 0, 'oom_group_kill': 0}
[container_monitor] pf-test-3: current=700.9MiB swap=65.4MiB max=701.0MiB cpu.usage_usec=2550975 method=swap_current_delta_fallback detail={'delta_swap_current': 0, 'swap_saturated': False, 'workingset_refault_anon': 5907} events={'low': 0, 'high': 0, 'max': 9, 'oom': 0, 'oom_kill': 0, 'oom_group_kill': 0}
[container_monitor] pf-test-3: current=700.9MiB swap=65.4MiB max=701.0MiB cpu.usage_usec=2556366 method=swap_current_delta_fallback detail={'delta_swap_current': 0, 'swap_saturated': False, 'workingset_refault_anon': 5907} events={'low': 0, 'high': 0, 'max': 9, 'oom': 0, 'oom_kill': 0, 'oom_group_kill': 0}
[container_monitor] pf-test-3: current=700.9MiB swap=65.4MiB max=701.0MiB cpu.usage_usec=2556861 method=swap_current_delta_fallback detail={'delta_swap_current': 0, 'swap_saturated': False, 'workingset_refault_anon': 5907} events={'low': 0, 'high': 0, 'max': 9, 'oom': 0, 'oom_kill': 0, 'oom_group_kill': 0}
[container_monitor] pf-test-3: current=700.9MiB swap=65.4MiB max=701.0MiB cpu.usage_usec=2558662 method=swap_current_delta_fallback detail={'delta_swap_current': 0, 'swap_saturated': False, 'workingset_refault_anon': 5907} events={'low': 0, 'high': 0, 'max': 9, 'oom': 0, 'oom_kill': 0, 'oom_group_kill': 0}
[container_monitor] pf-test-3: current=700.9MiB swap=65.4MiB max=701.0MiB cpu.usage_usec=2564227 method=swap_current_delta_fallback detail={'delta_swap_current': 0, 'swap_saturated': False, 'workingset_refault_anon': 5907} events={'low': 0, 'high': 0, 'max': 9, 'oom': 0, 'oom_kill': 0, 'oom_group_kill': 0}
[container_monitor] pf-test-3: current=700.9MiB swap=65.4MiB max=701.0MiB cpu.usage_usec=2569473 method=swap_current_delta_fallback detail={'delta_swap_current': 0, 'swap_saturated': False, 'workingset_refault_anon': 5907} events={'low': 0, 'high': 0, 'max': 9, 'oom': 0, 'oom_kill': 0, 'oom_group_kill': 0}
[container_monitor] pf-test-3: current=700.9MiB swap=65.4MiB max=701.0MiB cpu.usage_usec=2570998 method=swap_current_delta_fallback detail={'delta_swap_current': 0, 'swap_saturated': False, 'workingset_refault_anon': 5907} events={'low': 0, 'high': 0, 'max': 9, 'oom': 0, 'oom_kill': 0, 'oom_group_kill': 0}
[container_monitor] pf-test-3: current=700.9MiB swap=65.4MiB max=701.0MiB cpu.usage_usec=2572173 method=swap_current_delta_fallback detail={'delta_swap_current': 0, 'swap_saturated': False, 'workingset_refault_anon': 5907} events={'low': 0, 'high': 0, 'max': 9, 'oom': 0, 'oom_kill': 0, 'oom_group_kill': 0}
[container_monitor] pf-test-3: current=700.9MiB swap=65.4MiB max=701.0MiB cpu.usage_usec=2573215 method=swap_current_delta_fallback detail={'delta_swap_current': 0, 'swap_saturated': False, 'workingset_refault_anon': 5907} events={'low': 0, 'high': 0, 'max': 9, 'oom': 0, 'oom_kill': 0, 'oom_group_kill': 0}
[container_monitor] pf-test-3: current=700.9MiB swap=65.4MiB max=701.0MiB cpu.usage_usec=2574251 method=swap_current_delta_fallback detail={'delta_swap_current': 0, 'swap_saturated': False, 'workingset_refault_anon': 5907} events={'low': 0, 'high': 0, 'max': 9, 'oom': 0, 'oom_kill': 0, 'oom_group_kill': 0}
[container_monitor] pf-test-3: current=700.9MiB swap=65.4MiB max=701.0MiB cpu.usage_usec=2580635 method=swap_current_delta_fallback detail={'delta_swap_current': 0, 'swap_saturated': False, 'workingset_refault_anon': 5907} events={'low': 0, 'high': 0, 'max': 9, 'oom': 0, 'oom_kill': 0, 'oom_group_kill': 0}
[container_monitor] pf-test-3: current=700.9MiB swap=65.4MiB max=701.0MiB cpu.usage_usec=2585485 method=swap_current_delta_fallback detail={'delta_swap_current': 0, 'swap_saturated': False, 'workingset_refault_anon': 5907} events={'low': 0, 'high': 0, 'max': 9, 'oom': 0, 'oom_kill': 0, 'oom_group_kill': 0}
[container_monitor] pf-test-3: current=700.9MiB swap=65.4MiB max=701.0MiB cpu.usage_usec=2587173 method=swap_current_delta_fallback detail={'delta_swap_current': 0, 'swap_saturated': False, 'workingset_refault_anon': 5907} events={'low': 0, 'high': 0, 'max': 9, 'oom': 0, 'oom_kill': 0, 'oom_group_kill': 0}
[container_monitor] pf-test-3: current=700.9MiB swap=65.4MiB max=701.0MiB cpu.usage_usec=2587978 method=swap_current_delta_fallback detail={'delta_swap_current': 0, 'swap_saturated': False, 'workingset_refault_anon': 5907} events={'low': 0, 'high': 0, 'max': 9, 'oom': 0, 'oom_kill': 0, 'oom_group_kill': 0}
[container_monitor] pf-test-3: current=700.9MiB swap=65.4MiB max=701.0MiB cpu.usage_usec=2588889 method=swap_current_delta_fallback detail={'delta_swap_current': 0, 'swap_saturated': False, 'workingset_refault_anon': 5907} events={'low': 0, 'high': 0, 'max': 9, 'oom': 0, 'oom_kill': 0, 'oom_group_kill': 0}
[container_monitor] pf-test-3: current=700.9MiB swap=65.4MiB max=701.0MiB cpu.usage_usec=2589787 method=swap_current_delta_fallback detail={'delta_swap_current': 0, 'swap_saturated': False, 'workingset_refault_anon': 5907} events={'low': 0, 'high': 0, 'max': 9, 'oom': 0, 'oom_kill': 0, 'oom_group_kill': 0}
[container_monitor] pf-test-3: current=700.9MiB swap=65.4MiB max=701.0MiB cpu.usage_usec=2594179 method=swap_current_delta_fallback detail={'delta_swap_current': 0, 'swap_saturated': False, 'workingset_refault_anon': 5907} events={'low': 0, 'high': 0, 'max': 9, 'oom': 0, 'oom_kill': 0, 'oom_group_kill': 0}
[container_monitor] pf-test-3: current=700.9MiB swap=65.4MiB max=701.0MiB cpu.usage_usec=2600102 method=swap_current_delta_fallback detail={'delta_swap_current': 0, 'swap_saturated': False, 'workingset_refault_anon': 5907} events={'low': 0, 'high': 0, 'max': 9, 'oom': 0, 'oom_kill': 0, 'oom_group_kill': 0}
[container_monitor] pf-test-3: current=700.9MiB swap=65.4MiB max=701.0MiB cpu.usage_usec=2605816 method=swap_current_delta_fallback detail={'delta_swap_current': 0, 'swap_saturated': False, 'workingset_refault_anon': 5907} events={'low': 0, 'high': 0, 'max': 9, 'oom': 0, 'oom_kill': 0, 'oom_group_kill': 0}
[container_monitor] pf-test-3: current=700.9MiB swap=65.4MiB max=701.0MiB cpu.usage_usec=2607432 method=swap_current_delta_fallback detail={'delta_swap_current': 0, 'swap_saturated': False, 'workingset_refault_anon': 5907} events={'low': 0, 'high': 0, 'max': 9, 'oom': 0, 'oom_kill': 0, 'oom_group_kill': 0}
[container_monitor] pf-test-3: current=700.9MiB swap=65.4MiB max=701.0MiB cpu.usage_usec=2608079 method=swap_current_delta_fallback detail={'delta_swap_current': 0, 'swap_saturated': False, 'workingset_refault_anon': 5907} events={'low': 0, 'high': 0, 'max': 9, 'oom': 0, 'oom_kill': 0, 'oom_group_kill': 0}
[container_monitor] pf-test-3: current=700.9MiB swap=65.4MiB max=701.0MiB cpu.usage_usec=2608991 method=swap_current_delta_fallback detail={'delta_swap_current': 0, 'swap_saturated': False, 'workingset_refault_anon': 5907} events={'low': 0, 'high': 0, 'max': 9, 'oom': 0, 'oom_kill': 0, 'oom_group_kill': 0}
[container_monitor] pf-test-3: current=700.9MiB swap=65.4MiB max=701.0MiB cpu.usage_usec=2609613 method=swap_current_delta_fallback detail={'delta_swap_current': 0, 'swap_saturated': False, 'workingset_refault_anon': 5907} events={'low': 0, 'high': 0, 'max': 9, 'oom': 0, 'oom_kill': 0, 'oom_group_kill': 0}
[container_monitor] pf-test-3: current=700.9MiB swap=65.4MiB max=701.0MiB cpu.usage_usec=2615520 method=swap_current_delta_fallback detail={'delta_swap_current': 0, 'swap_saturated': False, 'workingset_refault_anon': 5907} events={'low': 0, 'high': 0, 'max': 9, 'oom': 0, 'oom_kill': 0, 'oom_group_kill': 0}
[container_monitor] pf-test-3: current=700.9MiB swap=65.4MiB max=701.0MiB cpu.usage_usec=2620418 method=swap_current_delta_fallback detail={'delta_swap_current': 0, 'swap_saturated': False, 'workingset_refault_anon': 5907} events={'low': 0, 'high': 0, 'max': 9, 'oom': 0, 'oom_kill': 0, 'oom_group_kill': 0}
[container_monitor] pf-test-3: current=700.9MiB swap=65.4MiB max=701.0MiB cpu.usage_usec=2623742 method=swap_current_delta_fallback detail={'delta_swap_current': 0, 'swap_saturated': False, 'workingset_refault_anon': 5907} events={'low': 0, 'high': 0, 'max': 9, 'oom': 0, 'oom_kill': 0, 'oom_group_kill': 0}
[container_monitor] pf-test-3: current=700.9MiB swap=65.4MiB max=701.0MiB cpu.usage_usec=2624379 method=swap_current_delta_fallback detail={'delta_swap_current': 0, 'swap_saturated': False, 'workingset_refault_anon': 5911} events={'low': 0, 'high': 0, 'max': 9, 'oom': 0, 'oom_kill': 0, 'oom_group_kill': 0}
[container_monitor] pf-test-3: current=700.9MiB swap=65.4MiB max=701.0MiB cpu.usage_usec=2625318 method=swap_current_delta_fallback detail={'delta_swap_current': 0, 'swap_saturated': False, 'workingset_refault_anon': 5911} events={'low': 0, 'high': 0, 'max': 9, 'oom': 0, 'oom_kill': 0, 'oom_group_kill': 0}
[container_monitor] pf-test-3: current=700.9MiB swap=65.4MiB max=701.0MiB cpu.usage_usec=2626143 method=swap_current_delta_fallback detail={'delta_swap_current': 0, 'swap_saturated': False, 'workingset_refault_anon': 5911} events={'low': 0, 'high': 0, 'max': 9, 'oom': 0, 'oom_kill': 0, 'oom_group_kill': 0}
[container_monitor] pf-test-3: current=700.9MiB swap=65.4MiB max=701.0MiB cpu.usage_usec=2629546 method=swap_current_delta_fallback detail={'delta_swap_current': 0, 'swap_saturated': False, 'workingset_refault_anon': 5911} events={'low': 0, 'high': 0, 'max': 9, 'oom': 0, 'oom_kill': 0, 'oom_group_kill': 0}
[container_monitor] pf-test-3: current=700.9MiB swap=65.4MiB max=701.0MiB cpu.usage_usec=2634833 method=swap_current_delta_fallback detail={'delta_swap_current': 0, 'swap_saturated': False, 'workingset_refault_anon': 5911} events={'low': 0, 'high': 0, 'max': 9, 'oom': 0, 'oom_kill': 0, 'oom_group_kill': 0}
[container_monitor] pf-test-3: current=700.9MiB swap=65.4MiB max=701.0MiB cpu.usage_usec=2639335 method=swap_current_delta_fallback detail={'delta_swap_current': 0, 'swap_saturated': False, 'workingset_refault_anon': 5911} events={'low': 0, 'high': 0, 'max': 9, 'oom': 0, 'oom_kill': 0, 'oom_group_kill': 0}
[container_monitor] pf-test-3: current=700.9MiB swap=65.4MiB max=701.0MiB cpu.usage_usec=2644157 method=swap_current_delta_fallback detail={'delta_swap_current': 0, 'swap_saturated': False, 'workingset_refault_anon': 5911} events={'low': 0, 'high': 0, 'max': 9, 'oom': 0, 'oom_kill': 0, 'oom_group_kill': 0}
[container_monitor] pf-test-3: current=700.9MiB swap=65.4MiB max=701.0MiB cpu.usage_usec=2649460 method=swap_current_delta_fallback detail={'delta_swap_current': 0, 'swap_saturated': False, 'workingset_refault_anon': 5911} events={'low': 0, 'high': 0, 'max': 9, 'oom': 0, 'oom_kill': 0, 'oom_group_kill': 0}
[container_monitor] pf-test-3: current=700.9MiB swap=65.4MiB max=701.0MiB cpu.usage_usec=2654006 method=swap_current_delta_fallback detail={'delta_swap_current': 0, 'swap_saturated': False, 'workingset_refault_anon': 5914} events={'low': 0, 'high': 0, 'max': 9, 'oom': 0, 'oom_kill': 0, 'oom_group_kill': 0}
[container_monitor] pf-test-3: current=700.9MiB swap=65.4MiB max=701.0MiB cpu.usage_usec=2654911 method=swap_current_delta_fallback detail={'delta_swap_current': 0, 'swap_saturated': False, 'workingset_refault_anon': 5914} events={'low': 0, 'high': 0, 'max': 9, 'oom': 0, 'oom_kill': 0, 'oom_group_kill': 0}
[container_monitor] pf-test-3: current=700.9MiB swap=65.4MiB max=701.0MiB cpu.usage_usec=2656169 method=swap_current_delta_fallback detail={'delta_swap_current': 0, 'swap_saturated': False, 'workingset_refault_anon': 5914} events={'low': 0, 'high': 0, 'max': 9, 'oom': 0, 'oom_kill': 0, 'oom_group_kill': 0}
[container_monitor] pf-test-3: current=700.9MiB swap=65.4MiB max=701.0MiB cpu.usage_usec=2657534 method=swap_current_delta_fallback detail={'delta_swap_current': 0, 'swap_saturated': False, 'workingset_refault_anon': 5914} events={'low': 0, 'high': 0, 'max': 9, 'oom': 0, 'oom_kill': 0, 'oom_group_kill': 0}
[container_monitor] pf-test-3: current=700.9MiB swap=65.4MiB max=701.0MiB cpu.usage_usec=2662143 method=swap_current_delta_fallback detail={'delta_swap_current': 0, 'swap_saturated': False, 'workingset_refault_anon': 5914} events={'low': 0, 'high': 0, 'max': 9, 'oom': 0, 'oom_kill': 0, 'oom_group_kill': 0}
[container_monitor] pf-test-3: current=700.9MiB swap=65.4MiB max=701.0MiB cpu.usage_usec=2667383 method=swap_current_delta_fallback detail={'delta_swap_current': -12288, 'swap_saturated': False, 'workingset_refault_anon': 5914} events={'low': 0, 'high': 0, 'max': 9, 'oom': 0, 'oom_kill': 0, 'oom_group_kill': 0}
[container_monitor] pf-test-3: current=700.9MiB swap=65.4MiB max=701.0MiB cpu.usage_usec=2671618 method=swap_current_delta_fallback detail={'delta_swap_current': 0, 'swap_saturated': False, 'workingset_refault_anon': 5914} events={'low': 0, 'high': 0, 'max': 9, 'oom': 0, 'oom_kill': 0, 'oom_group_kill': 0}
[container_monitor] pf-test-3: current=700.9MiB swap=65.4MiB max=701.0MiB cpu.usage_usec=2672818 method=swap_current_delta_fallback detail={'delta_swap_current': 0, 'swap_saturated': False, 'workingset_refault_anon': 5914} events={'low': 0, 'high': 0, 'max': 9, 'oom': 0, 'oom_kill': 0, 'oom_group_kill': 0}
[container_monitor] pf-test-3: current=700.9MiB swap=65.4MiB max=701.0MiB cpu.usage_usec=2673607 method=swap_current_delta_fallback detail={'delta_swap_current': 0, 'swap_saturated': False, 'workingset_refault_anon': 5914} events={'low': 0, 'high': 0, 'max': 9, 'oom': 0, 'oom_kill': 0, 'oom_group_kill': 0}
[container_monitor] pf-test-3: current=700.9MiB swap=65.4MiB max=701.0MiB cpu.usage_usec=2674387 method=swap_current_delta_fallback detail={'delta_swap_current': 0, 'swap_saturated': False, 'workingset_refault_anon': 5914} events={'low': 0, 'high': 0, 'max': 9, 'oom': 0, 'oom_kill': 0, 'oom_group_kill': 0}
[container_monitor] pf-test-3: current=700.9MiB swap=65.4MiB max=701.0MiB cpu.usage_usec=2678266 method=swap_current_delta_fallback detail={'delta_swap_current': 0, 'swap_saturated': False, 'workingset_refault_anon': 5914} events={'low': 0, 'high': 0, 'max': 9, 'oom': 0, 'oom_kill': 0, 'oom_group_kill': 0}
[container_monitor] pf-test-3: current=700.9MiB swap=65.4MiB max=701.0MiB cpu.usage_usec=2683885 method=swap_current_delta_fallback detail={'delta_swap_current': 0, 'swap_saturated': False, 'workingset_refault_anon': 5914} events={'low': 0, 'high': 0, 'max': 9, 'oom': 0, 'oom_kill': 0, 'oom_group_kill': 0}
[container_monitor] pf-test-3: current=700.9MiB swap=65.4MiB max=701.0MiB cpu.usage_usec=2687955 method=swap_current_delta_fallback detail={'delta_swap_current': 0, 'swap_saturated': False, 'workingset_refault_anon': 5914} events={'low': 0, 'high': 0, 'max': 9, 'oom': 0, 'oom_kill': 0, 'oom_group_kill': 0}
[container_monitor] pf-test-3: current=700.9MiB swap=65.4MiB max=701.0MiB cpu.usage_usec=2689540 method=swap_current_delta_fallback detail={'delta_swap_current': 0, 'swap_saturated': False, 'workingset_refault_anon': 5914} events={'low': 0, 'high': 0, 'max': 9, 'oom': 0, 'oom_kill': 0, 'oom_group_kill': 0}
[container_monitor] pf-test-3: current=700.9MiB swap=65.4MiB max=701.0MiB cpu.usage_usec=2690561 method=swap_current_delta_fallback detail={'delta_swap_current': 0, 'swap_saturated': False, 'workingset_refault_anon': 5914} events={'low': 0, 'high': 0, 'max': 9, 'oom': 0, 'oom_kill': 0, 'oom_group_kill': 0}
[container_monitor] pf-test-3: current=700.9MiB swap=65.4MiB max=701.0MiB cpu.usage_usec=2691173 method=swap_current_delta_fallback detail={'delta_swap_current': 0, 'swap_saturated': False, 'workingset_refault_anon': 5914} events={'low': 0, 'high': 0, 'max': 9, 'oom': 0, 'oom_kill': 0, 'oom_group_kill': 0}
[container_monitor] pf-test-3: current=700.9MiB swap=65.4MiB max=701.0MiB cpu.usage_usec=2691971 method=swap_current_delta_fallback detail={'delta_swap_current': 0, 'swap_saturated': False, 'workingset_refault_anon': 5914} events={'low': 0, 'high': 0, 'max': 9, 'oom': 0, 'oom_kill': 0, 'oom_group_kill': 0}
[container_monitor] pf-test-3: current=700.9MiB swap=65.4MiB max=701.0MiB cpu.usage_usec=2698155 method=swap_current_delta_fallback detail={'delta_swap_current': 0, 'swap_saturated': False, 'workingset_refault_anon': 5914} events={'low': 0, 'high': 0, 'max': 9, 'oom': 0, 'oom_kill': 0, 'oom_group_kill': 0}
[container_monitor] pf-test-3: current=700.9MiB swap=65.4MiB max=701.0MiB cpu.usage_usec=2703603 method=swap_current_delta_fallback detail={'delta_swap_current': 0, 'swap_saturated': False, 'workingset_refault_anon': 5914} events={'low': 0, 'high': 0, 'max': 9, 'oom': 0, 'oom_kill': 0, 'oom_group_kill': 0}
[container_monitor] pf-test-3: current=700.9MiB swap=65.4MiB max=701.0MiB cpu.usage_usec=2707742 method=swap_current_delta_fallback detail={'delta_swap_current': 0, 'swap_saturated': False, 'workingset_refault_anon': 5914} events={'low': 0, 'high': 0, 'max': 9, 'oom': 0, 'oom_kill': 0, 'oom_group_kill': 0}
[container_monitor] pf-test-3: current=700.9MiB swap=65.4MiB max=701.0MiB cpu.usage_usec=2708744 method=swap_current_delta_fallback detail={'delta_swap_current': 0, 'swap_saturated': False, 'workingset_refault_anon': 5914} events={'low': 0, 'high': 0, 'max': 9, 'oom': 0, 'oom_kill': 0, 'oom_group_kill': 0}
[container_monitor] pf-test-3: current=700.9MiB swap=65.4MiB max=701.0MiB cpu.usage_usec=2709808 method=swap_current_delta_fallback detail={'delta_swap_current': 0, 'swap_saturated': False, 'workingset_refault_anon': 5914} events={'low': 0, 'high': 0, 'max': 9, 'oom': 0, 'oom_kill': 0, 'oom_group_kill': 0}
[container_monitor] pf-test-3: current=700.9MiB swap=65.4MiB max=701.0MiB cpu.usage_usec=2710615 method=swap_current_delta_fallback detail={'delta_swap_current': 0, 'swap_saturated': False, 'workingset_refault_anon': 5914} events={'low': 0, 'high': 0, 'max': 9, 'oom': 0, 'oom_kill': 0, 'oom_group_kill': 0}
[container_monitor] pf-test-3: current=700.9MiB swap=65.4MiB max=701.0MiB cpu.usage_usec=2713530 method=swap_current_delta_fallback detail={'delta_swap_current': 0, 'swap_saturated': False, 'workingset_refault_anon': 5914} events={'low': 0, 'high': 0, 'max': 9, 'oom': 0, 'oom_kill': 0, 'oom_group_kill': 0}
[container_monitor] pf-test-3: current=700.9MiB swap=65.4MiB max=701.0MiB cpu.usage_usec=2717976 method=swap_current_delta_fallback detail={'delta_swap_current': 0, 'swap_saturated': False, 'workingset_refault_anon': 5914} events={'low': 0, 'high': 0, 'max': 9, 'oom': 0, 'oom_kill': 0, 'oom_group_kill': 0}
[container_monitor] pf-test-3: current=700.9MiB swap=65.4MiB max=701.0MiB cpu.usage_usec=2720124 method=swap_current_delta_fallback detail={'delta_swap_current': 0, 'swap_saturated': False, 'workingset_refault_anon': 5914} events={'low': 0, 'high': 0, 'max': 9, 'oom': 0, 'oom_kill': 0, 'oom_group_kill': 0}
[container_monitor] pf-test-3: current=700.9MiB swap=65.4MiB max=701.0MiB cpu.usage_usec=2720968 method=swap_current_delta_fallback detail={'delta_swap_current': 0, 'swap_saturated': False, 'workingset_refault_anon': 5914} events={'low': 0, 'high': 0, 'max': 9, 'oom': 0, 'oom_kill': 0, 'oom_group_kill': 0}
[container_monitor] pf-test-3: current=700.9MiB swap=65.4MiB max=701.0MiB cpu.usage_usec=2721929 method=swap_current_delta_fallback detail={'delta_swap_current': 0, 'swap_saturated': False, 'workingset_refault_anon': 5914} events={'low': 0, 'high': 0, 'max': 9, 'oom': 0, 'oom_kill': 0, 'oom_group_kill': 0}
[container_monitor] pf-test-3: current=700.9MiB swap=65.4MiB max=701.0MiB cpu.usage_usec=2722615 method=swap_current_delta_fallback detail={'delta_swap_current': 0, 'swap_saturated': False, 'workingset_refault_anon': 5914} events={'low': 0, 'high': 0, 'max': 9, 'oom': 0, 'oom_kill': 0, 'oom_group_kill': 0}
[container_monitor] pf-test-3: current=700.9MiB swap=65.4MiB max=701.0MiB cpu.usage_usec=2728520 method=swap_current_delta_fallback detail={'delta_swap_current': 0, 'swap_saturated': False, 'workingset_refault_anon': 5914} events={'low': 0, 'high': 0, 'max': 9, 'oom': 0, 'oom_kill': 0, 'oom_group_kill': 0}
[container_monitor] pf-test-3: current=700.9MiB swap=65.4MiB max=701.0MiB cpu.usage_usec=2730897 method=swap_current_delta_fallback detail={'delta_swap_current': 0, 'swap_saturated': False, 'workingset_refault_anon': 5914} events={'low': 0, 'high': 0, 'max': 9, 'oom': 0, 'oom_kill': 0, 'oom_group_kill': 0}
[container_monitor] pf-test-3: current=700.9MiB swap=65.4MiB max=701.0MiB cpu.usage_usec=2731808 method=swap_current_delta_fallback detail={'delta_swap_current': 0, 'swap_saturated': False, 'workingset_refault_anon': 5914} events={'low': 0, 'high': 0, 'max': 9, 'oom': 0, 'oom_kill': 0, 'oom_group_kill': 0}
[container_monitor] pf-test-3: current=700.9MiB swap=65.4MiB max=701.0MiB cpu.usage_usec=2732766 method=swap_current_delta_fallback detail={'delta_swap_current': 0, 'swap_saturated': False, 'workingset_refault_anon': 5914} events={'low': 0, 'high': 0, 'max': 9, 'oom': 0, 'oom_kill': 0, 'oom_group_kill': 0}
[container_monitor] pf-test-3: current=700.9MiB swap=65.4MiB max=701.0MiB cpu.usage_usec=2733674 method=swap_current_delta_fallback detail={'delta_swap_current': 0, 'swap_saturated': False, 'workingset_refault_anon': 5914} events={'low': 0, 'high': 0, 'max': 9, 'oom': 0, 'oom_kill': 0, 'oom_group_kill': 0}
[container_monitor] pf-test-3: current=700.9MiB swap=65.4MiB max=701.0MiB cpu.usage_usec=2738399 method=swap_current_delta_fallback detail={'delta_swap_current': 0, 'swap_saturated': False, 'workingset_refault_anon': 5914} events={'low': 0, 'high': 0, 'max': 9, 'oom': 0, 'oom_kill': 0, 'oom_group_kill': 0}
[container_monitor] pf-test-3: current=700.9MiB swap=65.4MiB max=701.0MiB cpu.usage_usec=2742738 method=swap_current_delta_fallback detail={'delta_swap_current': 0, 'swap_saturated': False, 'workingset_refault_anon': 5914} events={'low': 0, 'high': 0, 'max': 9, 'oom': 0, 'oom_kill': 0, 'oom_group_kill': 0}
[container_monitor] pf-test-3: current=700.9MiB swap=65.4MiB max=701.0MiB cpu.usage_usec=2743467 method=swap_current_delta_fallback detail={'delta_swap_current': 0, 'swap_saturated': False, 'workingset_refault_anon': 5914} events={'low': 0, 'high': 0, 'max': 9, 'oom': 0, 'oom_kill': 0, 'oom_group_kill': 0}
[container_monitor] pf-test-3: current=700.9MiB swap=65.4MiB max=701.0MiB cpu.usage_usec=2744434 method=swap_current_delta_fallback detail={'delta_swap_current': 0, 'swap_saturated': False, 'workingset_refault_anon': 5914} events={'low': 0, 'high': 0, 'max': 9, 'oom': 0, 'oom_kill': 0, 'oom_group_kill': 0}
[container_monitor] pf-test-3: current=700.9MiB swap=65.4MiB max=701.0MiB cpu.usage_usec=2745188 method=swap_current_delta_fallback detail={'delta_swap_current': 0, 'swap_saturated': False, 'workingset_refault_anon': 5914} events={'low': 0, 'high': 0, 'max': 9, 'oom': 0, 'oom_kill': 0, 'oom_group_kill': 0}
[container_monitor] pf-test-3: current=700.9MiB swap=65.4MiB max=701.0MiB cpu.usage_usec=2748571 method=swap_current_delta_fallback detail={'delta_swap_current': 0, 'swap_saturated': False, 'workingset_refault_anon': 5914} events={'low': 0, 'high': 0, 'max': 9, 'oom': 0, 'oom_kill': 0, 'oom_group_kill': 0}
[container_monitor] pf-test-3: current=700.9MiB swap=65.4MiB max=701.0MiB cpu.usage_usec=2753445 method=swap_current_delta_fallback detail={'delta_swap_current': 0, 'swap_saturated': False, 'workingset_refault_anon': 5914} events={'low': 0, 'high': 0, 'max': 9, 'oom': 0, 'oom_kill': 0, 'oom_group_kill': 0}
[container_monitor] pf-test-3: current=700.9MiB swap=65.4MiB max=701.0MiB cpu.usage_usec=2755101 method=swap_current_delta_fallback detail={'delta_swap_current': 0, 'swap_saturated': False, 'workingset_refault_anon': 5914} events={'low': 0, 'high': 0, 'max': 9, 'oom': 0, 'oom_kill': 0, 'oom_group_kill': 0}
[container_monitor] pf-test-3: current=700.9MiB swap=65.4MiB max=701.0MiB cpu.usage_usec=2755766 method=swap_current_delta_fallback detail={'delta_swap_current': 0, 'swap_saturated': False, 'workingset_refault_anon': 5914} events={'low': 0, 'high': 0, 'max': 9, 'oom': 0, 'oom_kill': 0, 'oom_group_kill': 0}
[container_monitor] pf-test-3: current=700.9MiB swap=65.4MiB max=701.0MiB cpu.usage_usec=2756699 method=swap_current_delta_fallback detail={'delta_swap_current': 0, 'swap_saturated': False, 'workingset_refault_anon': 5914} events={'low': 0, 'high': 0, 'max': 9, 'oom': 0, 'oom_kill': 0, 'oom_group_kill': 0}
[container_monitor] pf-test-3: current=700.9MiB swap=65.4MiB max=701.0MiB cpu.usage_usec=2757459 method=swap_current_delta_fallback detail={'delta_swap_current': 0, 'swap_saturated': False, 'workingset_refault_anon': 5914} events={'low': 0, 'high': 0, 'max': 9, 'oom': 0, 'oom_kill': 0, 'oom_group_kill': 0}
[container_monitor] pf-test-3: current=700.9MiB swap=65.4MiB max=701.0MiB cpu.usage_usec=2762586 method=swap_current_delta_fallback detail={'delta_swap_current': 0, 'swap_saturated': False, 'workingset_refault_anon': 5914} events={'low': 0, 'high': 0, 'max': 9, 'oom': 0, 'oom_kill': 0, 'oom_group_kill': 0}
[container_monitor] pf-test-3: current=700.9MiB swap=65.4MiB max=701.0MiB cpu.usage_usec=2767085 method=swap_current_delta_fallback detail={'delta_swap_current': 0, 'swap_saturated': False, 'workingset_refault_anon': 5914} events={'low': 0, 'high': 0, 'max': 9, 'oom': 0, 'oom_kill': 0, 'oom_group_kill': 0}
[container_monitor] pf-test-3: current=701.0MiB swap=65.4MiB max=701.0MiB cpu.usage_usec=2772082 method=swap_current_delta_fallback detail={'delta_swap_current': 0, 'swap_saturated': False, 'workingset_refault_anon': 5914} events={'low': 0, 'high': 0, 'max': 9, 'oom': 0, 'oom_kill': 0, 'oom_group_kill': 0}
[container_monitor] pf-test-3: current=701.0MiB swap=65.4MiB max=701.0MiB cpu.usage_usec=2773446 method=swap_current_delta_fallback detail={'delta_swap_current': 0, 'swap_saturated': False, 'workingset_refault_anon': 5915} events={'low': 0, 'high': 0, 'max': 9, 'oom': 0, 'oom_kill': 0, 'oom_group_kill': 0}
[container_monitor] pf-test-3: current=701.0MiB swap=65.4MiB max=701.0MiB cpu.usage_usec=2774430 method=swap_current_delta_fallback detail={'delta_swap_current': 0, 'swap_saturated': False, 'workingset_refault_anon': 5915} events={'low': 0, 'high': 0, 'max': 9, 'oom': 0, 'oom_kill': 0, 'oom_group_kill': 0}
[container_monitor] pf-test-3: current=701.0MiB swap=65.4MiB max=701.0MiB cpu.usage_usec=2775223 method=swap_current_delta_fallback detail={'delta_swap_current': 0, 'swap_saturated': False, 'workingset_refault_anon': 5915} events={'low': 0, 'high': 0, 'max': 9, 'oom': 0, 'oom_kill': 0, 'oom_group_kill': 0}
[container_monitor] pf-test-3: current=701.0MiB swap=65.4MiB max=701.0MiB cpu.usage_usec=2775987 method=swap_current_delta_fallback detail={'delta_swap_current': 0, 'swap_saturated': False, 'workingset_refault_anon': 5915} events={'low': 0, 'high': 0, 'max': 9, 'oom': 0, 'oom_kill': 0, 'oom_group_kill': 0}
[container_monitor] pf-test-3: current=701.0MiB swap=65.4MiB max=701.0MiB cpu.usage_usec=2782027 method=swap_current_delta_fallback detail={'delta_swap_current': 0, 'swap_saturated': False, 'workingset_refault_anon': 5915} events={'low': 0, 'high': 0, 'max': 9, 'oom': 0, 'oom_kill': 0, 'oom_group_kill': 0}
[container_monitor] pf-test-3: current=701.0MiB swap=65.4MiB max=701.0MiB cpu.usage_usec=2784796 method=swap_current_delta_fallback detail={'delta_swap_current': 0, 'swap_saturated': False, 'workingset_refault_anon': 5915} events={'low': 0, 'high': 0, 'max': 9, 'oom': 0, 'oom_kill': 0, 'oom_group_kill': 0}
[container_monitor] pf-test-3: current=701.0MiB swap=65.4MiB max=701.0MiB cpu.usage_usec=2785517 method=swap_current_delta_fallback detail={'delta_swap_current': 0, 'swap_saturated': False, 'workingset_refault_anon': 5915} events={'low': 0, 'high': 0, 'max': 9, 'oom': 0, 'oom_kill': 0, 'oom_group_kill': 0}
[container_monitor] pf-test-3: current=701.0MiB swap=65.4MiB max=701.0MiB cpu.usage_usec=2786267 method=swap_current_delta_fallback detail={'delta_swap_current': 0, 'swap_saturated': False, 'workingset_refault_anon': 5915} events={'low': 0, 'high': 0, 'max': 9, 'oom': 0, 'oom_kill': 0, 'oom_group_kill': 0}
[container_monitor] pf-test-3: current=701.0MiB swap=65.4MiB max=701.0MiB cpu.usage_usec=2788879 method=swap_current_delta_fallback detail={'delta_swap_current': 0, 'swap_saturated': False, 'workingset_refault_anon': 5915} events={'low': 0, 'high': 0, 'max': 9, 'oom': 0, 'oom_kill': 0, 'oom_group_kill': 0}
[container_monitor] pf-test-3: current=701.0MiB swap=65.4MiB max=701.0MiB cpu.usage_usec=2793045 method=swap_current_delta_fallback detail={'delta_swap_current': 0, 'swap_saturated': False, 'workingset_refault_anon': 5915} events={'low': 0, 'high': 0, 'max': 9, 'oom': 0, 'oom_kill': 0, 'oom_group_kill': 0}
[container_monitor] pf-test-3: current=701.0MiB swap=65.4MiB max=701.0MiB cpu.usage_usec=2798113 method=swap_current_delta_fallback detail={'delta_swap_current': 0, 'swap_saturated': False, 'workingset_refault_anon': 5915} events={'low': 0, 'high': 0, 'max': 9, 'oom': 0, 'oom_kill': 0, 'oom_group_kill': 0}
[container_monitor] pf-test-3: current=701.0MiB swap=65.4MiB max=701.0MiB cpu.usage_usec=2798834 method=swap_current_delta_fallback detail={'delta_swap_current': 0, 'swap_saturated': False, 'workingset_refault_anon': 5915} events={'low': 0, 'high': 0, 'max': 9, 'oom': 0, 'oom_kill': 0, 'oom_group_kill': 0}
[container_monitor] pf-test-3: current=701.0MiB swap=65.4MiB max=701.0MiB cpu.usage_usec=2799716 method=swap_current_delta_fallback detail={'delta_swap_current': 0, 'swap_saturated': False, 'workingset_refault_anon': 5915} events={'low': 0, 'high': 0, 'max': 9, 'oom': 0, 'oom_kill': 0, 'oom_group_kill': 0}
[container_monitor] pf-test-3: current=701.0MiB swap=65.4MiB max=701.0MiB cpu.usage_usec=2800504 method=swap_current_delta_fallback detail={'delta_swap_current': 0, 'swap_saturated': False, 'workingset_refault_anon': 5915} events={'low': 0, 'high': 0, 'max': 9, 'oom': 0, 'oom_kill': 0, 'oom_group_kill': 0}
[container_monitor] pf-test-3: current=701.0MiB swap=65.4MiB max=701.0MiB cpu.usage_usec=2803268 method=swap_current_delta_fallback detail={'delta_swap_current': 0, 'swap_saturated': False, 'workingset_refault_anon': 5915} events={'low': 0, 'high': 0, 'max': 9, 'oom': 0, 'oom_kill': 0, 'oom_group_kill': 0}
[container_monitor] pf-test-3: current=701.0MiB swap=65.4MiB max=701.0MiB cpu.usage_usec=2808798 method=swap_current_delta_fallback detail={'delta_swap_current': 0, 'swap_saturated': False, 'workingset_refault_anon': 5915} events={'low': 0, 'high': 0, 'max': 9, 'oom': 0, 'oom_kill': 0, 'oom_group_kill': 0}
[container_monitor] pf-test-3: current=701.0MiB swap=65.4MiB max=701.0MiB cpu.usage_usec=2813697 method=swap_current_delta_fallback detail={'delta_swap_current': 0, 'swap_saturated': False, 'workingset_refault_anon': 5915} events={'low': 0, 'high': 0, 'max': 9, 'oom': 0, 'oom_kill': 0, 'oom_group_kill': 0}
[container_monitor] pf-test-3: current=701.0MiB swap=65.4MiB max=701.0MiB cpu.usage_usec=2816965 method=swap_current_delta_fallback detail={'delta_swap_current': 0, 'swap_saturated': False, 'workingset_refault_anon': 5915} events={'low': 0, 'high': 0, 'max': 9, 'oom': 0, 'oom_kill': 0, 'oom_group_kill': 0}
[container_monitor] pf-test-3: current=701.0MiB swap=65.4MiB max=701.0MiB cpu.usage_usec=2818105 method=swap_current_delta_fallback detail={'delta_swap_current': 0, 'swap_saturated': False, 'workingset_refault_anon': 5915} events={'low': 0, 'high': 0, 'max': 9, 'oom': 0, 'oom_kill': 0, 'oom_group_kill': 0}
[container_monitor] pf-test-3: current=701.0MiB swap=65.4MiB max=701.0MiB cpu.usage_usec=2819016 method=swap_current_delta_fallback detail={'delta_swap_current': -12288, 'swap_saturated': False, 'workingset_refault_anon': 5915} events={'low': 0, 'high': 0, 'max': 9, 'oom': 0, 'oom_kill': 0, 'oom_group_kill': 0}
[container_monitor] pf-test-3: current=701.0MiB swap=65.4MiB max=701.0MiB cpu.usage_usec=2819873 method=swap_current_delta_fallback detail={'delta_swap_current': 0, 'swap_saturated': False, 'workingset_refault_anon': 5915} events={'low': 0, 'high': 0, 'max': 9, 'oom': 0, 'oom_kill': 0, 'oom_group_kill': 0}
[container_monitor] pf-test-3: current=701.0MiB swap=65.4MiB max=701.0MiB cpu.usage_usec=2823104 method=swap_current_delta_fallback detail={'delta_swap_current': 0, 'swap_saturated': False, 'workingset_refault_anon': 5915} events={'low': 0, 'high': 0, 'max': 9, 'oom': 0, 'oom_kill': 0, 'oom_group_kill': 0}
[container_monitor] pf-test-3: current=701.0MiB swap=65.4MiB max=701.0MiB cpu.usage_usec=2828006 method=swap_current_delta_fallback detail={'delta_swap_current': 0, 'swap_saturated': False, 'workingset_refault_anon': 5915} events={'low': 0, 'high': 0, 'max': 9, 'oom': 0, 'oom_kill': 0, 'oom_group_kill': 0}
[container_monitor] pf-test-3: current=701.0MiB swap=65.9MiB max=701.0MiB cpu.usage_usec=2833825 method=swap_current_delta_fallback detail={'delta_swap_current': 552960, 'swap_saturated': False, 'workingset_refault_anon': 5924} events={'low': 0, 'high': 0, 'max': 10, 'oom': 0, 'oom_kill': 0, 'oom_group_kill': 0}
[container_monitor] pf-test-3: OCM 감지 (method=swap_current_delta_fallback, detail={'delta_swap_current': 552960, 'swap_saturated': False, 'workingset_refault_anon': 5924})
[puff_manager] pf-test-3: puff 적용 701MiB -> 981MiB
[container_monitor] pf-test-3: puff 완료, 새 메모리 한도 981MiB
[container_monitor] pf-test-3: 이미 suspend 상태, 재적용 생략
[container_monitor] pf-test-3: current=700.3MiB swap=66.4MiB max=981.0MiB cpu.usage_usec=2835432 method=swap_current_delta_fallback detail={'delta_swap_current': 471040, 'swap_saturated': False, 'workingset_refault_anon': 5937} events={'low': 0, 'high': 0, 'max': 10, 'oom': 0, 'oom_kill': 0, 'oom_group_kill': 0}
[container_monitor] pf-test-3: current=700.3MiB swap=66.4MiB max=981.0MiB cpu.usage_usec=2836338 method=swap_current_delta_fallback detail={'delta_swap_current': 0, 'swap_saturated': False, 'workingset_refault_anon': 5937} events={'low': 0, 'high': 0, 'max': 10, 'oom': 0, 'oom_kill': 0, 'oom_group_kill': 0}
[container_monitor] pf-test-3: current=700.3MiB swap=66.4MiB max=981.0MiB cpu.usage_usec=2839174 method=swap_current_delta_fallback detail={'delta_swap_current': 0, 'swap_saturated': False, 'workingset_refault_anon': 5937} events={'low': 0, 'high': 0, 'max': 10, 'oom': 0, 'oom_kill': 0, 'oom_group_kill': 0}
[container_monitor] pf-test-3: current=700.3MiB swap=66.4MiB max=981.0MiB cpu.usage_usec=2843427 method=swap_current_delta_fallback detail={'delta_swap_current': 0, 'swap_saturated': False, 'workingset_refault_anon': 5937} events={'low': 0, 'high': 0, 'max': 10, 'oom': 0, 'oom_kill': 0, 'oom_group_kill': 0}
[container_monitor] pf-test-3: current=700.6MiB swap=66.4MiB max=981.0MiB cpu.usage_usec=2848478 method=swap_current_delta_fallback detail={'delta_swap_current': 0, 'swap_saturated': False, 'workingset_refault_anon': 5937} events={'low': 0, 'high': 0, 'max': 10, 'oom': 0, 'oom_kill': 0, 'oom_group_kill': 0}
[container_monitor] pf-test-3: current=700.4MiB swap=66.4MiB max=981.0MiB cpu.usage_usec=2850663 method=swap_current_delta_fallback detail={'delta_swap_current': 0, 'swap_saturated': False, 'workingset_refault_anon': 5942} events={'low': 0, 'high': 0, 'max': 10, 'oom': 0, 'oom_kill': 0, 'oom_group_kill': 0}
[container_monitor] pf-test-3: current=700.4MiB swap=66.4MiB max=981.0MiB cpu.usage_usec=2851497 method=swap_current_delta_fallback detail={'delta_swap_current': 0, 'swap_saturated': False, 'workingset_refault_anon': 5949} events={'low': 0, 'high': 0, 'max': 10, 'oom': 0, 'oom_kill': 0, 'oom_group_kill': 0}
[container_monitor] pf-test-3: current=700.4MiB swap=66.4MiB max=981.0MiB cpu.usage_usec=2852388 method=swap_current_delta_fallback detail={'delta_swap_current': 0, 'swap_saturated': False, 'workingset_refault_anon': 5949} events={'low': 0, 'high': 0, 'max': 10, 'oom': 0, 'oom_kill': 0, 'oom_group_kill': 0}
[container_monitor] pf-test-3: current=700.4MiB swap=66.4MiB max=981.0MiB cpu.usage_usec=2855911 method=swap_current_delta_fallback detail={'delta_swap_current': 0, 'swap_saturated': False, 'workingset_refault_anon': 5949} events={'low': 0, 'high': 0, 'max': 10, 'oom': 0, 'oom_kill': 0, 'oom_group_kill': 0}
[container_monitor] pf-test-3: current=700.4MiB swap=66.4MiB max=981.0MiB cpu.usage_usec=2860499 method=swap_current_delta_fallback detail={'delta_swap_current': 0, 'swap_saturated': False, 'workingset_refault_anon': 5949} events={'low': 0, 'high': 0, 'max': 10, 'oom': 0, 'oom_kill': 0, 'oom_group_kill': 0}
[container_monitor] pf-test-3: current=700.4MiB swap=66.4MiB max=981.0MiB cpu.usage_usec=2865600 method=swap_current_delta_fallback detail={'delta_swap_current': 0, 'swap_saturated': False, 'workingset_refault_anon': 5949} events={'low': 0, 'high': 0, 'max': 10, 'oom': 0, 'oom_kill': 0, 'oom_group_kill': 0}
[container_monitor] pf-test-3: current=700.5MiB swap=66.4MiB max=981.0MiB cpu.usage_usec=2869134 method=swap_current_delta_fallback detail={'delta_swap_current': 0, 'swap_saturated': False, 'workingset_refault_anon': 5957} events={'low': 0, 'high': 0, 'max': 10, 'oom': 0, 'oom_kill': 0, 'oom_group_kill': 0}
[container_monitor] pf-test-3: current=700.5MiB swap=66.4MiB max=981.0MiB cpu.usage_usec=2870023 method=swap_current_delta_fallback detail={'delta_swap_current': 0, 'swap_saturated': False, 'workingset_refault_anon': 5963} events={'low': 0, 'high': 0, 'max': 10, 'oom': 0, 'oom_kill': 0, 'oom_group_kill': 0}
[container_monitor] pf-test-3: current=700.5MiB swap=66.4MiB max=981.0MiB cpu.usage_usec=2870791 method=swap_current_delta_fallback detail={'delta_swap_current': 0, 'swap_saturated': False, 'workingset_refault_anon': 5963} events={'low': 0, 'high': 0, 'max': 10, 'oom': 0, 'oom_kill': 0, 'oom_group_kill': 0}
[container_monitor] pf-test-3: current=700.5MiB swap=66.4MiB max=981.0MiB cpu.usage_usec=2874067 method=swap_current_delta_fallback detail={'delta_swap_current': 0, 'swap_saturated': False, 'workingset_refault_anon': 5963} events={'low': 0, 'high': 0, 'max': 10, 'oom': 0, 'oom_kill': 0, 'oom_group_kill': 0}
[container_monitor] pf-test-3: current=700.5MiB swap=66.4MiB max=981.0MiB cpu.usage_usec=2878217 method=swap_current_delta_fallback detail={'delta_swap_current': 0, 'swap_saturated': False, 'workingset_refault_anon': 5963} events={'low': 0, 'high': 0, 'max': 10, 'oom': 0, 'oom_kill': 0, 'oom_group_kill': 0}
[container_monitor] pf-test-3: current=700.5MiB swap=66.4MiB max=981.0MiB cpu.usage_usec=2879090 method=swap_current_delta_fallback detail={'delta_swap_current': 0, 'swap_saturated': False, 'workingset_refault_anon': 5963} events={'low': 0, 'high': 0, 'max': 10, 'oom': 0, 'oom_kill': 0, 'oom_group_kill': 0}
[container_monitor] pf-test-3: current=700.5MiB swap=66.4MiB max=981.0MiB cpu.usage_usec=2880002 method=swap_current_delta_fallback detail={'delta_swap_current': 0, 'swap_saturated': False, 'workingset_refault_anon': 5963} events={'low': 0, 'high': 0, 'max': 10, 'oom': 0, 'oom_kill': 0, 'oom_group_kill': 0}
[container_monitor] pf-test-3: current=700.5MiB swap=66.4MiB max=981.0MiB cpu.usage_usec=2880885 method=swap_current_delta_fallback detail={'delta_swap_current': 0, 'swap_saturated': False, 'workingset_refault_anon': 5963} events={'low': 0, 'high': 0, 'max': 10, 'oom': 0, 'oom_kill': 0, 'oom_group_kill': 0}
[container_monitor] pf-test-3: current=700.5MiB swap=66.4MiB max=981.0MiB cpu.usage_usec=2884072 method=swap_current_delta_fallback detail={'delta_swap_current': 0, 'swap_saturated': False, 'workingset_refault_anon': 5963} events={'low': 0, 'high': 0, 'max': 10, 'oom': 0, 'oom_kill': 0, 'oom_group_kill': 0}
[container_monitor] pf-test-3: current=700.5MiB swap=66.4MiB max=981.0MiB cpu.usage_usec=2888627 method=swap_current_delta_fallback detail={'delta_swap_current': 0, 'swap_saturated': False, 'workingset_refault_anon': 5963} events={'low': 0, 'high': 0, 'max': 10, 'oom': 0, 'oom_kill': 0, 'oom_group_kill': 0}
[container_monitor] pf-test-3: current=700.5MiB swap=66.4MiB max=981.0MiB cpu.usage_usec=2894058 method=swap_current_delta_fallback detail={'delta_swap_current': 0, 'swap_saturated': False, 'workingset_refault_anon': 5963} events={'low': 0, 'high': 0, 'max': 10, 'oom': 0, 'oom_kill': 0, 'oom_group_kill': 0}
[container_monitor] pf-test-3: current=700.5MiB swap=66.4MiB max=981.0MiB cpu.usage_usec=2898709 method=swap_current_delta_fallback detail={'delta_swap_current': 0, 'swap_saturated': False, 'workingset_refault_anon': 5963} events={'low': 0, 'high': 0, 'max': 10, 'oom': 0, 'oom_kill': 0, 'oom_group_kill': 0}
[container_monitor] pf-test-3: current=700.5MiB swap=66.4MiB max=981.0MiB cpu.usage_usec=2901539 method=swap_current_delta_fallback detail={'delta_swap_current': 0, 'swap_saturated': False, 'workingset_refault_anon': 5968} events={'low': 0, 'high': 0, 'max': 10, 'oom': 0, 'oom_kill': 0, 'oom_group_kill': 0}
[container_monitor] pf-test-3: current=700.5MiB swap=66.4MiB max=981.0MiB cpu.usage_usec=2902521 method=swap_current_delta_fallback detail={'delta_swap_current': 0, 'swap_saturated': False, 'workingset_refault_anon': 5968} events={'low': 0, 'high': 0, 'max': 10, 'oom': 0, 'oom_kill': 0, 'oom_group_kill': 0}
[container_monitor] pf-test-3: current=700.5MiB swap=66.4MiB max=981.0MiB cpu.usage_usec=2903277 method=swap_current_delta_fallback detail={'delta_swap_current': 0, 'swap_saturated': False, 'workingset_refault_anon': 5968} events={'low': 0, 'high': 0, 'max': 10, 'oom': 0, 'oom_kill': 0, 'oom_group_kill': 0}
[container_monitor] pf-test-3: current=700.5MiB swap=66.4MiB max=981.0MiB cpu.usage_usec=2907410 method=swap_current_delta_fallback detail={'delta_swap_current': 0, 'swap_saturated': False, 'workingset_refault_anon': 5968} events={'low': 0, 'high': 0, 'max': 10, 'oom': 0, 'oom_kill': 0, 'oom_group_kill': 0}
[container_monitor] pf-test-3: current=700.5MiB swap=66.4MiB max=981.0MiB cpu.usage_usec=2912431 method=swap_current_delta_fallback detail={'delta_swap_current': 0, 'swap_saturated': False, 'workingset_refault_anon': 5968} events={'low': 0, 'high': 0, 'max': 10, 'oom': 0, 'oom_kill': 0, 'oom_group_kill': 0}
[container_monitor] pf-test-3: current=700.5MiB swap=66.4MiB max=981.0MiB cpu.usage_usec=2914358 method=swap_current_delta_fallback detail={'delta_swap_current': 0, 'swap_saturated': False, 'workingset_refault_anon': 5968} events={'low': 0, 'high': 0, 'max': 10, 'oom': 0, 'oom_kill': 0, 'oom_group_kill': 0}
[container_monitor] pf-test-3: current=700.5MiB swap=66.4MiB max=981.0MiB cpu.usage_usec=2915111 method=swap_current_delta_fallback detail={'delta_swap_current': 0, 'swap_saturated': False, 'workingset_refault_anon': 5968} events={'low': 0, 'high': 0, 'max': 10, 'oom': 0, 'oom_kill': 0, 'oom_group_kill': 0}
[container_monitor] pf-test-3: current=700.5MiB swap=66.4MiB max=981.0MiB cpu.usage_usec=2916187 method=swap_current_delta_fallback detail={'delta_swap_current': 0, 'swap_saturated': False, 'workingset_refault_anon': 5968} events={'low': 0, 'high': 0, 'max': 10, 'oom': 0, 'oom_kill': 0, 'oom_group_kill': 0}
[container_monitor] pf-test-3: current=700.5MiB swap=66.4MiB max=981.0MiB cpu.usage_usec=2917051 method=swap_current_delta_fallback detail={'delta_swap_current': 0, 'swap_saturated': False, 'workingset_refault_anon': 5968} events={'low': 0, 'high': 0, 'max': 10, 'oom': 0, 'oom_kill': 0, 'oom_group_kill': 0}
[container_monitor] pf-test-3: current=703.5MiB swap=66.4MiB max=981.0MiB cpu.usage_usec=2922809 method=swap_current_delta_fallback detail={'delta_swap_current': 0, 'swap_saturated': False, 'workingset_refault_anon': 5968} events={'low': 0, 'high': 0, 'max': 10, 'oom': 0, 'oom_kill': 0, 'oom_group_kill': 0}
[container_monitor] pf-test-3: current=705.6MiB swap=66.4MiB max=981.0MiB cpu.usage_usec=2927710 method=swap_current_delta_fallback detail={'delta_swap_current': 0, 'swap_saturated': False, 'workingset_refault_anon': 5968} events={'low': 0, 'high': 0, 'max': 10, 'oom': 0, 'oom_kill': 0, 'oom_group_kill': 0}
[container_monitor] pf-test-3: current=708.6MiB swap=66.4MiB max=981.0MiB cpu.usage_usec=2932591 method=swap_current_delta_fallback detail={'delta_swap_current': 0, 'swap_saturated': False, 'workingset_refault_anon': 5968} events={'low': 0, 'high': 0, 'max': 10, 'oom': 0, 'oom_kill': 0, 'oom_group_kill': 0}
[container_monitor] pf-test-3: current=712.3MiB swap=66.4MiB max=981.0MiB cpu.usage_usec=2938081 method=swap_current_delta_fallback detail={'delta_swap_current': 0, 'swap_saturated': False, 'workingset_refault_anon': 5968} events={'low': 0, 'high': 0, 'max': 10, 'oom': 0, 'oom_kill': 0, 'oom_group_kill': 0}
[container_monitor] pf-test-3: current=716.1MiB swap=66.4MiB max=981.0MiB cpu.usage_usec=2943323 method=swap_current_delta_fallback detail={'delta_swap_current': 0, 'swap_saturated': False, 'workingset_refault_anon': 5968} events={'low': 0, 'high': 0, 'max': 10, 'oom': 0, 'oom_kill': 0, 'oom_group_kill': 0}
[container_monitor] pf-test-3: current=718.8MiB swap=66.4MiB max=981.0MiB cpu.usage_usec=2948057 method=swap_current_delta_fallback detail={'delta_swap_current': 0, 'swap_saturated': False, 'workingset_refault_anon': 5968} events={'low': 0, 'high': 0, 'max': 10, 'oom': 0, 'oom_kill': 0, 'oom_group_kill': 0}
[container_monitor] pf-test-3: current=721.9MiB swap=66.4MiB max=981.0MiB cpu.usage_usec=2953040 method=swap_current_delta_fallback detail={'delta_swap_current': 0, 'swap_saturated': False, 'workingset_refault_anon': 5968} events={'low': 0, 'high': 0, 'max': 10, 'oom': 0, 'oom_kill': 0, 'oom_group_kill': 0}
[container_monitor] pf-test-3: current=723.6MiB swap=66.4MiB max=981.0MiB cpu.usage_usec=2957975 method=swap_current_delta_fallback detail={'delta_swap_current': 0, 'swap_saturated': False, 'workingset_refault_anon': 5968} events={'low': 0, 'high': 0, 'max': 10, 'oom': 0, 'oom_kill': 0, 'oom_group_kill': 0}
[container_monitor] pf-test-3: current=724.6MiB swap=66.4MiB max=981.0MiB cpu.usage_usec=2962379 method=swap_current_delta_fallback detail={'delta_swap_current': 0, 'swap_saturated': False, 'workingset_refault_anon': 5968} events={'low': 0, 'high': 0, 'max': 10, 'oom': 0, 'oom_kill': 0, 'oom_group_kill': 0}
[container_monitor] pf-test-3: current=726.3MiB swap=66.4MiB max=981.0MiB cpu.usage_usec=2967555 method=swap_current_delta_fallback detail={'delta_swap_current': 0, 'swap_saturated': False, 'workingset_refault_anon': 5968} events={'low': 0, 'high': 0, 'max': 10, 'oom': 0, 'oom_kill': 0, 'oom_group_kill': 0}
[container_monitor] pf-test-3: current=728.4MiB swap=66.4MiB max=981.0MiB cpu.usage_usec=2972423 method=swap_current_delta_fallback detail={'delta_swap_current': 0, 'swap_saturated': False, 'workingset_refault_anon': 5968} events={'low': 0, 'high': 0, 'max': 10, 'oom': 0, 'oom_kill': 0, 'oom_group_kill': 0}
[container_monitor] pf-test-3: current=730.0MiB swap=66.4MiB max=981.0MiB cpu.usage_usec=2978040 method=swap_current_delta_fallback detail={'delta_swap_current': 0, 'swap_saturated': False, 'workingset_refault_anon': 5968} events={'low': 0, 'high': 0, 'max': 10, 'oom': 0, 'oom_kill': 0, 'oom_group_kill': 0}
[container_monitor] pf-test-3: current=731.0MiB swap=66.4MiB max=981.0MiB cpu.usage_usec=2982442 method=swap_current_delta_fallback detail={'delta_swap_current': 0, 'swap_saturated': False, 'workingset_refault_anon': 5968} events={'low': 0, 'high': 0, 'max': 10, 'oom': 0, 'oom_kill': 0, 'oom_group_kill': 0}
[container_monitor] pf-test-3: current=732.1MiB swap=66.4MiB max=981.0MiB cpu.usage_usec=2987592 method=swap_current_delta_fallback detail={'delta_swap_current': 0, 'swap_saturated': False, 'workingset_refault_anon': 5968} events={'low': 0, 'high': 0, 'max': 10, 'oom': 0, 'oom_kill': 0, 'oom_group_kill': 0}
[container_monitor] pf-test-3: current=733.6MiB swap=66.4MiB max=981.0MiB cpu.usage_usec=2995711 method=swap_current_delta_fallback detail={'delta_swap_current': 0, 'swap_saturated': False, 'workingset_refault_anon': 5968} events={'low': 0, 'high': 0, 'max': 10, 'oom': 0, 'oom_kill': 0, 'oom_group_kill': 0}
[container_monitor] pf-test-3: current=734.0MiB swap=66.4MiB max=981.0MiB cpu.usage_usec=2998265 method=swap_current_delta_fallback detail={'delta_swap_current': 0, 'swap_saturated': False, 'workingset_refault_anon': 5968} events={'low': 0, 'high': 0, 'max': 10, 'oom': 0, 'oom_kill': 0, 'oom_group_kill': 0}
[container_monitor] pf-test-3: current=735.4MiB swap=66.2MiB max=981.0MiB cpu.usage_usec=3003533 method=swap_current_delta_fallback detail={'delta_swap_current': -208896, 'swap_saturated': False, 'workingset_refault_anon': 5968} events={'low': 0, 'high': 0, 'max': 10, 'oom': 0, 'oom_kill': 0, 'oom_group_kill': 0}
[container_monitor] pf-test-3: current=736.3MiB swap=66.2MiB max=981.0MiB cpu.usage_usec=3008047 method=swap_current_delta_fallback detail={'delta_swap_current': 0, 'swap_saturated': False, 'workingset_refault_anon': 5968} events={'low': 0, 'high': 0, 'max': 10, 'oom': 0, 'oom_kill': 0, 'oom_group_kill': 0}
[container_monitor] pf-test-3: current=738.2MiB swap=66.2MiB max=981.0MiB cpu.usage_usec=3013353 method=swap_current_delta_fallback detail={'delta_swap_current': 0, 'swap_saturated': False, 'workingset_refault_anon': 5968} events={'low': 0, 'high': 0, 'max': 10, 'oom': 0, 'oom_kill': 0, 'oom_group_kill': 0}
[container_monitor] pf-test-3: current=739.4MiB swap=66.2MiB max=981.0MiB cpu.usage_usec=3017407 method=swap_current_delta_fallback detail={'delta_swap_current': 0, 'swap_saturated': False, 'workingset_refault_anon': 5968} events={'low': 0, 'high': 0, 'max': 10, 'oom': 0, 'oom_kill': 0, 'oom_group_kill': 0}
[container_monitor] pf-test-3: current=740.7MiB swap=66.2MiB max=981.0MiB cpu.usage_usec=3022994 method=swap_current_delta_fallback detail={'delta_swap_current': 0, 'swap_saturated': False, 'workingset_refault_anon': 5968} events={'low': 0, 'high': 0, 'max': 10, 'oom': 0, 'oom_kill': 0, 'oom_group_kill': 0}
[container_monitor] pf-test-3: current=741.6MiB swap=66.2MiB max=981.0MiB cpu.usage_usec=3028243 method=swap_current_delta_fallback detail={'delta_swap_current': 0, 'swap_saturated': False, 'workingset_refault_anon': 5968} events={'low': 0, 'high': 0, 'max': 10, 'oom': 0, 'oom_kill': 0, 'oom_group_kill': 0}
[container_monitor] pf-test-3: current=742.5MiB swap=66.2MiB max=981.0MiB cpu.usage_usec=3033110 method=swap_current_delta_fallback detail={'delta_swap_current': 0, 'swap_saturated': False, 'workingset_refault_anon': 5968} events={'low': 0, 'high': 0, 'max': 10, 'oom': 0, 'oom_kill': 0, 'oom_group_kill': 0}
[container_monitor] pf-test-3: current=743.2MiB swap=66.2MiB max=981.0MiB cpu.usage_usec=3037370 method=swap_current_delta_fallback detail={'delta_swap_current': 0, 'swap_saturated': False, 'workingset_refault_anon': 5968} events={'low': 0, 'high': 0, 'max': 10, 'oom': 0, 'oom_kill': 0, 'oom_group_kill': 0}
[container_monitor] pf-test-3: current=744.5MiB swap=66.2MiB max=981.0MiB cpu.usage_usec=3043630 method=swap_current_delta_fallback detail={'delta_swap_current': 0, 'swap_saturated': False, 'workingset_refault_anon': 5968} events={'low': 0, 'high': 0, 'max': 10, 'oom': 0, 'oom_kill': 0, 'oom_group_kill': 0}
[container_monitor] pf-test-3: current=739.9MiB swap=72.5MiB max=981.0MiB cpu.usage_usec=3048484 method=swap_current_delta_fallback detail={'delta_swap_current': 6569984, 'swap_saturated': False, 'workingset_refault_anon': 5968} events={'low': 0, 'high': 0, 'max': 10, 'oom': 0, 'oom_kill': 0, 'oom_group_kill': 0}
[container_monitor] pf-test-3: current=740.9MiB swap=72.5MiB max=981.0MiB cpu.usage_usec=3053386 method=swap_current_delta_fallback detail={'delta_swap_current': 0, 'swap_saturated': False, 'workingset_refault_anon': 5968} events={'low': 0, 'high': 0, 'max': 10, 'oom': 0, 'oom_kill': 0, 'oom_group_kill': 0}
[container_monitor] pf-test-3: current=741.9MiB swap=72.5MiB max=981.0MiB cpu.usage_usec=3058597 method=swap_current_delta_fallback detail={'delta_swap_current': 0, 'swap_saturated': False, 'workingset_refault_anon': 5968} events={'low': 0, 'high': 0, 'max': 10, 'oom': 0, 'oom_kill': 0, 'oom_group_kill': 0}
[container_monitor] pf-test-3: current=742.8MiB swap=72.5MiB max=981.0MiB cpu.usage_usec=3064292 method=swap_current_delta_fallback detail={'delta_swap_current': 0, 'swap_saturated': False, 'workingset_refault_anon': 5968} events={'low': 0, 'high': 0, 'max': 10, 'oom': 0, 'oom_kill': 0, 'oom_group_kill': 0}
[container_monitor] pf-test-3: current=743.8MiB swap=72.5MiB max=981.0MiB cpu.usage_usec=3068771 method=swap_current_delta_fallback detail={'delta_swap_current': 0, 'swap_saturated': False, 'workingset_refault_anon': 5968} events={'low': 0, 'high': 0, 'max': 10, 'oom': 0, 'oom_kill': 0, 'oom_group_kill': 0}
[container_monitor] pf-test-3: current=745.7MiB swap=72.5MiB max=981.0MiB cpu.usage_usec=3073827 method=swap_current_delta_fallback detail={'delta_swap_current': 0, 'swap_saturated': False, 'workingset_refault_anon': 5968} events={'low': 0, 'high': 0, 'max': 10, 'oom': 0, 'oom_kill': 0, 'oom_group_kill': 0}
[container_monitor] pf-test-3: current=745.4MiB swap=75.6MiB max=981.0MiB cpu.usage_usec=3079037 method=swap_current_delta_fallback detail={'delta_swap_current': 3280896, 'swap_saturated': False, 'workingset_refault_anon': 5968} events={'low': 0, 'high': 0, 'max': 10, 'oom': 0, 'oom_kill': 0, 'oom_group_kill': 0}
[container_monitor] pf-test-3: current=746.2MiB swap=75.6MiB max=981.0MiB cpu.usage_usec=3083924 method=swap_current_delta_fallback detail={'delta_swap_current': 0, 'swap_saturated': False, 'workingset_refault_anon': 5968} events={'low': 0, 'high': 0, 'max': 10, 'oom': 0, 'oom_kill': 0, 'oom_group_kill': 0}
[container_monitor] pf-test-3: current=746.9MiB swap=75.6MiB max=981.0MiB cpu.usage_usec=3088797 method=swap_current_delta_fallback detail={'delta_swap_current': 0, 'swap_saturated': False, 'workingset_refault_anon': 5968} events={'low': 0, 'high': 0, 'max': 10, 'oom': 0, 'oom_kill': 0, 'oom_group_kill': 0}
[container_monitor] pf-test-3: current=748.2MiB swap=75.6MiB max=981.0MiB cpu.usage_usec=3094266 method=swap_current_delta_fallback detail={'delta_swap_current': 0, 'swap_saturated': False, 'workingset_refault_anon': 5968} events={'low': 0, 'high': 0, 'max': 10, 'oom': 0, 'oom_kill': 0, 'oom_group_kill': 0}
[container_monitor] pf-test-3: current=750.0MiB swap=75.6MiB max=981.0MiB cpu.usage_usec=3099259 method=swap_current_delta_fallback detail={'delta_swap_current': 0, 'swap_saturated': False, 'workingset_refault_anon': 5968} events={'low': 0, 'high': 0, 'max': 10, 'oom': 0, 'oom_kill': 0, 'oom_group_kill': 0}
[container_monitor] pf-test-3: current=750.9MiB swap=75.6MiB max=981.0MiB cpu.usage_usec=3104355 method=swap_current_delta_fallback detail={'delta_swap_current': 0, 'swap_saturated': False, 'workingset_refault_anon': 5968} events={'low': 0, 'high': 0, 'max': 10, 'oom': 0, 'oom_kill': 0, 'oom_group_kill': 0}
[container_monitor] pf-test-3: current=751.7MiB swap=75.6MiB max=981.0MiB cpu.usage_usec=3108706 method=swap_current_delta_fallback detail={'delta_swap_current': 0, 'swap_saturated': False, 'workingset_refault_anon': 5968} events={'low': 0, 'high': 0, 'max': 10, 'oom': 0, 'oom_kill': 0, 'oom_group_kill': 0}
[container_monitor] pf-test-3: current=746.6MiB swap=80.8MiB max=981.0MiB cpu.usage_usec=3113426 method=swap_current_delta_fallback detail={'delta_swap_current': 5455872, 'swap_saturated': False, 'workingset_refault_anon': 5968} events={'low': 0, 'high': 0, 'max': 10, 'oom': 0, 'oom_kill': 0, 'oom_group_kill': 0}
[container_monitor] pf-test-3: current=747.6MiB swap=80.8MiB max=981.0MiB cpu.usage_usec=3119256 method=swap_current_delta_fallback detail={'delta_swap_current': 0, 'swap_saturated': False, 'workingset_refault_anon': 5968} events={'low': 0, 'high': 0, 'max': 10, 'oom': 0, 'oom_kill': 0, 'oom_group_kill': 0}
[container_monitor] pf-test-3: current=748.7MiB swap=80.8MiB max=981.0MiB cpu.usage_usec=3123529 method=swap_current_delta_fallback detail={'delta_swap_current': 0, 'swap_saturated': False, 'workingset_refault_anon': 5968} events={'low': 0, 'high': 0, 'max': 10, 'oom': 0, 'oom_kill': 0, 'oom_group_kill': 0}
[container_monitor] pf-test-3: current=743.7MiB swap=86.4MiB max=981.0MiB cpu.usage_usec=3128862 method=swap_current_delta_fallback detail={'delta_swap_current': 5926912, 'swap_saturated': False, 'workingset_refault_anon': 5968} events={'low': 0, 'high': 0, 'max': 10, 'oom': 0, 'oom_kill': 0, 'oom_group_kill': 0}
[container_monitor] pf-test-3: current=744.4MiB swap=86.4MiB max=981.0MiB cpu.usage_usec=3133785 method=swap_current_delta_fallback detail={'delta_swap_current': 0, 'swap_saturated': False, 'workingset_refault_anon': 5968} events={'low': 0, 'high': 0, 'max': 10, 'oom': 0, 'oom_kill': 0, 'oom_group_kill': 0}
[container_monitor] pf-test-3: current=745.7MiB swap=86.4MiB max=981.0MiB cpu.usage_usec=3139302 method=swap_current_delta_fallback detail={'delta_swap_current': 0, 'swap_saturated': False, 'workingset_refault_anon': 5968} events={'low': 0, 'high': 0, 'max': 10, 'oom': 0, 'oom_kill': 0, 'oom_group_kill': 0}
[container_monitor] pf-test-3: current=746.6MiB swap=86.4MiB max=981.0MiB cpu.usage_usec=3143499 method=swap_current_delta_fallback detail={'delta_swap_current': 0, 'swap_saturated': False, 'workingset_refault_anon': 5968} events={'low': 0, 'high': 0, 'max': 10, 'oom': 0, 'oom_kill': 0, 'oom_group_kill': 0}
[container_monitor] pf-test-3: current=741.9MiB swap=92.6MiB max=981.0MiB cpu.usage_usec=3148877 method=swap_current_delta_fallback detail={'delta_swap_current': 6447104, 'swap_saturated': False, 'workingset_refault_anon': 5968} events={'low': 0, 'high': 0, 'max': 10, 'oom': 0, 'oom_kill': 0, 'oom_group_kill': 0}
[container_monitor] pf-test-3: current=742.9MiB swap=92.6MiB max=981.0MiB cpu.usage_usec=3153407 method=swap_current_delta_fallback detail={'delta_swap_current': 0, 'swap_saturated': False, 'workingset_refault_anon': 5968} events={'low': 0, 'high': 0, 'max': 10, 'oom': 0, 'oom_kill': 0, 'oom_group_kill': 0}
[container_monitor] pf-test-3: current=744.1MiB swap=92.6MiB max=981.0MiB cpu.usage_usec=3158555 method=swap_current_delta_fallback detail={'delta_swap_current': 0, 'swap_saturated': False, 'workingset_refault_anon': 5968} events={'low': 0, 'high': 0, 'max': 10, 'oom': 0, 'oom_kill': 0, 'oom_group_kill': 0}
[container_monitor] pf-test-3: current=742.5MiB swap=94.7MiB max=981.0MiB cpu.usage_usec=3164301 method=swap_current_delta_fallback detail={'delta_swap_current': 2187264, 'swap_saturated': False, 'workingset_refault_anon': 5968} events={'low': 0, 'high': 0, 'max': 10, 'oom': 0, 'oom_kill': 0, 'oom_group_kill': 0}
[container_monitor] pf-test-3: current=743.5MiB swap=94.7MiB max=981.0MiB cpu.usage_usec=3168754 method=swap_current_delta_fallback detail={'delta_swap_current': 0, 'swap_saturated': False, 'workingset_refault_anon': 5968} events={'low': 0, 'high': 0, 'max': 10, 'oom': 0, 'oom_kill': 0, 'oom_group_kill': 0}
[container_monitor] pf-test-3: current=744.6MiB swap=94.7MiB max=981.0MiB cpu.usage_usec=3174035 method=swap_current_delta_fallback detail={'delta_swap_current': 0, 'swap_saturated': False, 'workingset_refault_anon': 5968} events={'low': 0, 'high': 0, 'max': 10, 'oom': 0, 'oom_kill': 0, 'oom_group_kill': 0}
[container_monitor] pf-test-3: current=745.4MiB swap=94.7MiB max=981.0MiB cpu.usage_usec=3178514 method=swap_current_delta_fallback detail={'delta_swap_current': 0, 'swap_saturated': False, 'workingset_refault_anon': 5968} events={'low': 0, 'high': 0, 'max': 10, 'oom': 0, 'oom_kill': 0, 'oom_group_kill': 0}
[container_monitor] pf-test-3: current=746.6MiB swap=94.7MiB max=981.0MiB cpu.usage_usec=3183967 method=swap_current_delta_fallback detail={'delta_swap_current': 0, 'swap_saturated': False, 'workingset_refault_anon': 5968} events={'low': 0, 'high': 0, 'max': 10, 'oom': 0, 'oom_kill': 0, 'oom_group_kill': 0}
[container_monitor] pf-test-3: current=747.6MiB swap=94.7MiB max=981.0MiB cpu.usage_usec=3188928 method=swap_current_delta_fallback detail={'delta_swap_current': 0, 'swap_saturated': False, 'workingset_refault_anon': 5968} events={'low': 0, 'high': 0, 'max': 10, 'oom': 0, 'oom_kill': 0, 'oom_group_kill': 0}
[container_monitor] pf-test-3: current=749.1MiB swap=94.7MiB max=981.0MiB cpu.usage_usec=3193750 method=swap_current_delta_fallback detail={'delta_swap_current': 0, 'swap_saturated': False, 'workingset_refault_anon': 5968} events={'low': 0, 'high': 0, 'max': 10, 'oom': 0, 'oom_kill': 0, 'oom_group_kill': 0}
[container_monitor] pf-test-3: current=750.8MiB swap=94.7MiB max=981.0MiB cpu.usage_usec=3198621 method=swap_current_delta_fallback detail={'delta_swap_current': 0, 'swap_saturated': False, 'workingset_refault_anon': 5968} events={'low': 0, 'high': 0, 'max': 10, 'oom': 0, 'oom_kill': 0, 'oom_group_kill': 0}
[container_monitor] pf-test-3: current=751.7MiB swap=94.7MiB max=981.0MiB cpu.usage_usec=3203386 method=swap_current_delta_fallback detail={'delta_swap_current': 0, 'swap_saturated': False, 'workingset_refault_anon': 5968} events={'low': 0, 'high': 0, 'max': 10, 'oom': 0, 'oom_kill': 0, 'oom_group_kill': 0}
[container_monitor] pf-test-3: current=752.5MiB swap=94.7MiB max=981.0MiB cpu.usage_usec=3208676 method=swap_current_delta_fallback detail={'delta_swap_current': 0, 'swap_saturated': False, 'workingset_refault_anon': 5968} events={'low': 0, 'high': 0, 'max': 10, 'oom': 0, 'oom_kill': 0, 'oom_group_kill': 0}
[container_monitor] pf-test-3: current=753.4MiB swap=94.7MiB max=981.0MiB cpu.usage_usec=3213836 method=swap_current_delta_fallback detail={'delta_swap_current': 0, 'swap_saturated': False, 'workingset_refault_anon': 5968} events={'low': 0, 'high': 0, 'max': 10, 'oom': 0, 'oom_kill': 0, 'oom_group_kill': 0}
[container_monitor] pf-test-3: current=754.1MiB swap=94.7MiB max=981.0MiB cpu.usage_usec=3218454 method=swap_current_delta_fallback detail={'delta_swap_current': 0, 'swap_saturated': False, 'workingset_refault_anon': 5968} events={'low': 0, 'high': 0, 'max': 10, 'oom': 0, 'oom_kill': 0, 'oom_group_kill': 0}
[container_monitor] pf-test-3: current=755.0MiB swap=94.7MiB max=981.0MiB cpu.usage_usec=3223910 method=swap_current_delta_fallback detail={'delta_swap_current': 0, 'swap_saturated': False, 'workingset_refault_anon': 5968} events={'low': 0, 'high': 0, 'max': 10, 'oom': 0, 'oom_kill': 0, 'oom_group_kill': 0}
[container_monitor] pf-test-3: current=755.6MiB swap=94.7MiB max=981.0MiB cpu.usage_usec=3229553 method=swap_current_delta_fallback detail={'delta_swap_current': 0, 'swap_saturated': False, 'workingset_refault_anon': 5968} events={'low': 0, 'high': 0, 'max': 10, 'oom': 0, 'oom_kill': 0, 'oom_group_kill': 0}
[container_monitor] pf-test-3: current=756.1MiB swap=94.7MiB max=981.0MiB cpu.usage_usec=3233552 method=swap_current_delta_fallback detail={'delta_swap_current': 0, 'swap_saturated': False, 'workingset_refault_anon': 5968} events={'low': 0, 'high': 0, 'max': 10, 'oom': 0, 'oom_kill': 0, 'oom_group_kill': 0}
[container_monitor] pf-test-3: current=757.6MiB swap=94.7MiB max=981.0MiB cpu.usage_usec=3238658 method=swap_current_delta_fallback detail={'delta_swap_current': 0, 'swap_saturated': False, 'workingset_refault_anon': 5968} events={'low': 0, 'high': 0, 'max': 10, 'oom': 0, 'oom_kill': 0, 'oom_group_kill': 0}
[container_monitor] pf-test-3: current=758.5MiB swap=94.7MiB max=981.0MiB cpu.usage_usec=3243461 method=swap_current_delta_fallback detail={'delta_swap_current': 0, 'swap_saturated': False, 'workingset_refault_anon': 5968} events={'low': 0, 'high': 0, 'max': 10, 'oom': 0, 'oom_kill': 0, 'oom_group_kill': 0}
[container_monitor] pf-test-3: current=760.1MiB swap=94.7MiB max=981.0MiB cpu.usage_usec=3249172 method=swap_current_delta_fallback detail={'delta_swap_current': 0, 'swap_saturated': False, 'workingset_refault_anon': 5968} events={'low': 0, 'high': 0, 'max': 10, 'oom': 0, 'oom_kill': 0, 'oom_group_kill': 0}
[container_monitor] pf-test-3: current=761.0MiB swap=94.7MiB max=981.0MiB cpu.usage_usec=3254177 method=swap_current_delta_fallback detail={'delta_swap_current': 0, 'swap_saturated': False, 'workingset_refault_anon': 5968} events={'low': 0, 'high': 0, 'max': 10, 'oom': 0, 'oom_kill': 0, 'oom_group_kill': 0}
[container_monitor] pf-test-3: current=762.0MiB swap=94.7MiB max=981.0MiB cpu.usage_usec=3258888 method=swap_current_delta_fallback detail={'delta_swap_current': 0, 'swap_saturated': False, 'workingset_refault_anon': 5968} events={'low': 0, 'high': 0, 'max': 10, 'oom': 0, 'oom_kill': 0, 'oom_group_kill': 0}
[container_monitor] pf-test-3: current=760.9MiB swap=98.7MiB max=981.0MiB cpu.usage_usec=3263634 method=swap_current_delta_fallback detail={'delta_swap_current': 4161536, 'swap_saturated': False, 'workingset_refault_anon': 5968} events={'low': 0, 'high': 0, 'max': 10, 'oom': 0, 'oom_kill': 0, 'oom_group_kill': 0}
[container_monitor] pf-test-3: current=762.3MiB swap=98.7MiB max=981.0MiB cpu.usage_usec=3268582 method=swap_current_delta_fallback detail={'delta_swap_current': 0, 'swap_saturated': False, 'workingset_refault_anon': 5968} events={'low': 0, 'high': 0, 'max': 10, 'oom': 0, 'oom_kill': 0, 'oom_group_kill': 0}
[container_monitor] pf-test-3: current=763.8MiB swap=98.7MiB max=981.0MiB cpu.usage_usec=3273546 method=swap_current_delta_fallback detail={'delta_swap_current': 0, 'swap_saturated': False, 'workingset_refault_anon': 5968} events={'low': 0, 'high': 0, 'max': 10, 'oom': 0, 'oom_kill': 0, 'oom_group_kill': 0}
[container_monitor] pf-test-3: current=765.1MiB swap=98.7MiB max=981.0MiB cpu.usage_usec=3278581 method=swap_current_delta_fallback detail={'delta_swap_current': 0, 'swap_saturated': False, 'workingset_refault_anon': 5968} events={'low': 0, 'high': 0, 'max': 10, 'oom': 0, 'oom_kill': 0, 'oom_group_kill': 0}
[container_monitor] pf-test-3: current=766.8MiB swap=98.7MiB max=981.0MiB cpu.usage_usec=3283989 method=swap_current_delta_fallback detail={'delta_swap_current': 0, 'swap_saturated': False, 'workingset_refault_anon': 5968} events={'low': 0, 'high': 0, 'max': 10, 'oom': 0, 'oom_kill': 0, 'oom_group_kill': 0}
[container_monitor] pf-test-3: current=762.9MiB swap=103.0MiB max=981.0MiB cpu.usage_usec=3288996 method=swap_current_delta_fallback detail={'delta_swap_current': 4521984, 'swap_saturated': False, 'workingset_refault_anon': 5968} events={'low': 0, 'high': 0, 'max': 10, 'oom': 0, 'oom_kill': 0, 'oom_group_kill': 0}
[container_monitor] pf-test-3: current=763.9MiB swap=103.0MiB max=981.0MiB cpu.usage_usec=3293794 method=swap_current_delta_fallback detail={'delta_swap_current': 0, 'swap_saturated': False, 'workingset_refault_anon': 5968} events={'low': 0, 'high': 0, 'max': 10, 'oom': 0, 'oom_kill': 0, 'oom_group_kill': 0}
[container_monitor] pf-test-3: current=765.1MiB swap=103.0MiB max=981.0MiB cpu.usage_usec=3299077 method=swap_current_delta_fallback detail={'delta_swap_current': 0, 'swap_saturated': False, 'workingset_refault_anon': 5968} events={'low': 0, 'high': 0, 'max': 10, 'oom': 0, 'oom_kill': 0, 'oom_group_kill': 0}
[container_monitor] pf-test-3: current=760.9MiB swap=109.2MiB max=981.0MiB cpu.usage_usec=3303871 method=swap_current_delta_fallback detail={'delta_swap_current': 6516736, 'swap_saturated': False, 'workingset_refault_anon': 5968} events={'low': 0, 'high': 0, 'max': 10, 'oom': 0, 'oom_kill': 0, 'oom_group_kill': 0}
[container_monitor] pf-test-3: current=759.6MiB swap=114.7MiB max=981.0MiB cpu.usage_usec=3309156 method=swap_current_delta_fallback detail={'delta_swap_current': 5795840, 'swap_saturated': False, 'workingset_refault_anon': 5968} events={'low': 0, 'high': 0, 'max': 10, 'oom': 0, 'oom_kill': 0, 'oom_group_kill': 0}
[container_monitor] pf-test-3: current=760.7MiB swap=114.7MiB max=981.0MiB cpu.usage_usec=3314349 method=swap_current_delta_fallback detail={'delta_swap_current': 0, 'swap_saturated': False, 'workingset_refault_anon': 5968} events={'low': 0, 'high': 0, 'max': 10, 'oom': 0, 'oom_kill': 0, 'oom_group_kill': 0}
[container_monitor] pf-test-3: current=761.8MiB swap=114.7MiB max=981.0MiB cpu.usage_usec=3318652 method=swap_current_delta_fallback detail={'delta_swap_current': 0, 'swap_saturated': False, 'workingset_refault_anon': 5968} events={'low': 0, 'high': 0, 'max': 10, 'oom': 0, 'oom_kill': 0, 'oom_group_kill': 0}
[container_monitor] pf-test-3: current=763.8MiB swap=114.7MiB max=981.0MiB cpu.usage_usec=3323529 method=swap_current_delta_fallback detail={'delta_swap_current': 0, 'swap_saturated': False, 'workingset_refault_anon': 5968} events={'low': 0, 'high': 0, 'max': 10, 'oom': 0, 'oom_kill': 0, 'oom_group_kill': 0}
[container_monitor] pf-test-3: current=766.2MiB swap=114.7MiB max=981.0MiB cpu.usage_usec=3328949 method=swap_current_delta_fallback detail={'delta_swap_current': 0, 'swap_saturated': False, 'workingset_refault_anon': 5968} events={'low': 0, 'high': 0, 'max': 10, 'oom': 0, 'oom_kill': 0, 'oom_group_kill': 0}
[container_monitor] pf-test-3: current=769.2MiB swap=114.7MiB max=981.0MiB cpu.usage_usec=3334038 method=swap_current_delta_fallback detail={'delta_swap_current': 0, 'swap_saturated': False, 'workingset_refault_anon': 5968} events={'low': 0, 'high': 0, 'max': 10, 'oom': 0, 'oom_kill': 0, 'oom_group_kill': 0}
[container_monitor] pf-test-3: current=771.6MiB swap=114.7MiB max=981.0MiB cpu.usage_usec=3338694 method=swap_current_delta_fallback detail={'delta_swap_current': 0, 'swap_saturated': False, 'workingset_refault_anon': 5968} events={'low': 0, 'high': 0, 'max': 10, 'oom': 0, 'oom_kill': 0, 'oom_group_kill': 0}
[container_monitor] pf-test-3: current=775.1MiB swap=114.7MiB max=981.0MiB cpu.usage_usec=3343651 method=swap_current_delta_fallback detail={'delta_swap_current': 0, 'swap_saturated': False, 'workingset_refault_anon': 5968} events={'low': 0, 'high': 0, 'max': 10, 'oom': 0, 'oom_kill': 0, 'oom_group_kill': 0}
[container_monitor] pf-test-3: current=772.4MiB swap=122.3MiB max=981.0MiB cpu.usage_usec=3348700 method=swap_current_delta_fallback detail={'delta_swap_current': 7950336, 'swap_saturated': True, 'workingset_refault_anon': 5968} events={'low': 0, 'high': 0, 'max': 10, 'oom': 0, 'oom_kill': 0, 'oom_group_kill': 0}
[container_monitor] pf-test-3: current=776.1MiB swap=122.3MiB max=981.0MiB cpu.usage_usec=3353484 method=swap_current_delta_fallback detail={'delta_swap_current': 0, 'swap_saturated': True, 'workingset_refault_anon': 5968} events={'low': 0, 'high': 0, 'max': 10, 'oom': 0, 'oom_kill': 0, 'oom_group_kill': 0}
[container_monitor] pf-test-3: current=778.1MiB swap=122.3MiB max=981.0MiB cpu.usage_usec=3358424 method=swap_current_delta_fallback detail={'delta_swap_current': 0, 'swap_saturated': True, 'workingset_refault_anon': 5968} events={'low': 0, 'high': 0, 'max': 10, 'oom': 0, 'oom_kill': 0, 'oom_group_kill': 0}
[container_monitor] pf-test-3: current=780.4MiB swap=122.3MiB max=981.0MiB cpu.usage_usec=3364744 method=swap_current_delta_fallback detail={'delta_swap_current': 0, 'swap_saturated': True, 'workingset_refault_anon': 5968} events={'low': 0, 'high': 0, 'max': 10, 'oom': 0, 'oom_kill': 0, 'oom_group_kill': 0}
[container_monitor] pf-test-3: current=776.2MiB swap=127.5MiB max=981.0MiB cpu.usage_usec=3370130 method=swap_current_delta_fallback detail={'delta_swap_current': 5476352, 'swap_saturated': True, 'workingset_refault_anon': 5968} events={'low': 0, 'high': 0, 'max': 10, 'oom': 0, 'oom_kill': 0, 'oom_group_kill': 0}
[container_monitor] pf-test-3: current=779.4MiB swap=127.5MiB max=981.0MiB cpu.usage_usec=3375189 method=swap_current_delta_fallback detail={'delta_swap_current': 0, 'swap_saturated': True, 'workingset_refault_anon': 5968} events={'low': 0, 'high': 0, 'max': 10, 'oom': 0, 'oom_kill': 0, 'oom_group_kill': 0}
[container_monitor] pf-test-3: current=782.9MiB swap=128.0MiB max=981.0MiB cpu.usage_usec=3379590 method=swap_current_delta_fallback detail={'delta_swap_current': 512000, 'swap_saturated': True, 'workingset_refault_anon': 5968} events={'low': 0, 'high': 0, 'max': 10, 'oom': 0, 'oom_kill': 0, 'oom_group_kill': 0}
[container_monitor] pf-test-3: current=788.4MiB swap=128.0MiB max=981.0MiB cpu.usage_usec=3384431 method=swap_current_delta_fallback detail={'delta_swap_current': 0, 'swap_saturated': True, 'workingset_refault_anon': 5968} events={'low': 0, 'high': 0, 'max': 10, 'oom': 0, 'oom_kill': 0, 'oom_group_kill': 0}
[container_monitor] pf-test-3: current=794.9MiB swap=128.0MiB max=981.0MiB cpu.usage_usec=3390356 method=swap_current_delta_fallback detail={'delta_swap_current': 0, 'swap_saturated': True, 'workingset_refault_anon': 5968} events={'low': 0, 'high': 0, 'max': 10, 'oom': 0, 'oom_kill': 0, 'oom_group_kill': 0}
[container_monitor] pf-test-3: current=800.4MiB swap=128.0MiB max=981.0MiB cpu.usage_usec=3394388 method=swap_current_delta_fallback detail={'delta_swap_current': 0, 'swap_saturated': True, 'workingset_refault_anon': 5968} events={'low': 0, 'high': 0, 'max': 10, 'oom': 0, 'oom_kill': 0, 'oom_group_kill': 0}
[container_monitor] pf-test-3: current=803.8MiB swap=128.0MiB max=981.0MiB cpu.usage_usec=3399448 method=swap_current_delta_fallback detail={'delta_swap_current': 0, 'swap_saturated': True, 'workingset_refault_anon': 5968} events={'low': 0, 'high': 0, 'max': 10, 'oom': 0, 'oom_kill': 0, 'oom_group_kill': 0}
[container_monitor] pf-test-3: current=808.1MiB swap=128.0MiB max=981.0MiB cpu.usage_usec=3404837 method=swap_current_delta_fallback detail={'delta_swap_current': 0, 'swap_saturated': True, 'workingset_refault_anon': 5968} events={'low': 0, 'high': 0, 'max': 10, 'oom': 0, 'oom_kill': 0, 'oom_group_kill': 0}
[container_monitor] pf-test-3: current=815.0MiB swap=128.0MiB max=981.0MiB cpu.usage_usec=3410348 method=swap_current_delta_fallback detail={'delta_swap_current': 0, 'swap_saturated': True, 'workingset_refault_anon': 5968} events={'low': 0, 'high': 0, 'max': 10, 'oom': 0, 'oom_kill': 0, 'oom_group_kill': 0}
[container_monitor] pf-test-3: current=820.3MiB swap=128.0MiB max=981.0MiB cpu.usage_usec=3414847 method=swap_current_delta_fallback detail={'delta_swap_current': 0, 'swap_saturated': True, 'workingset_refault_anon': 5968} events={'low': 0, 'high': 0, 'max': 10, 'oom': 0, 'oom_kill': 0, 'oom_group_kill': 0}
[container_monitor] pf-test-3: current=829.5MiB swap=128.0MiB max=981.0MiB cpu.usage_usec=3420110 method=swap_current_delta_fallback detail={'delta_swap_current': 0, 'swap_saturated': True, 'workingset_refault_anon': 5968} events={'low': 0, 'high': 0, 'max': 10, 'oom': 0, 'oom_kill': 0, 'oom_group_kill': 0}
[container_monitor] pf-test-3: current=831.3MiB swap=128.0MiB max=981.0MiB cpu.usage_usec=3424403 method=swap_current_delta_fallback detail={'delta_swap_current': 0, 'swap_saturated': True, 'workingset_refault_anon': 5968} events={'low': 0, 'high': 0, 'max': 10, 'oom': 0, 'oom_kill': 0, 'oom_group_kill': 0}
[container_monitor] pf-test-3: current=834.2MiB swap=128.0MiB max=981.0MiB cpu.usage_usec=3429706 method=swap_current_delta_fallback detail={'delta_swap_current': 0, 'swap_saturated': True, 'workingset_refault_anon': 5968} events={'low': 0, 'high': 0, 'max': 10, 'oom': 0, 'oom_kill': 0, 'oom_group_kill': 0}
[container_monitor] pf-test-3: current=837.8MiB swap=128.0MiB max=981.0MiB cpu.usage_usec=3434886 method=swap_current_delta_fallback detail={'delta_swap_current': 0, 'swap_saturated': True, 'workingset_refault_anon': 5968} events={'low': 0, 'high': 0, 'max': 10, 'oom': 0, 'oom_kill': 0, 'oom_group_kill': 0}
[container_monitor] pf-test-3: current=839.7MiB swap=128.0MiB max=981.0MiB cpu.usage_usec=3439371 method=swap_current_delta_fallback detail={'delta_swap_current': 0, 'swap_saturated': True, 'workingset_refault_anon': 5968} events={'low': 0, 'high': 0, 'max': 10, 'oom': 0, 'oom_kill': 0, 'oom_group_kill': 0}
[container_monitor] pf-test-3: current=840.9MiB swap=128.0MiB max=981.0MiB cpu.usage_usec=3444599 method=swap_current_delta_fallback detail={'delta_swap_current': 0, 'swap_saturated': True, 'workingset_refault_anon': 5968} events={'low': 0, 'high': 0, 'max': 10, 'oom': 0, 'oom_kill': 0, 'oom_group_kill': 0}
[container_monitor] pf-test-3: current=842.2MiB swap=128.0MiB max=981.0MiB cpu.usage_usec=3450054 method=swap_current_delta_fallback detail={'delta_swap_current': 0, 'swap_saturated': True, 'workingset_refault_anon': 5968} events={'low': 0, 'high': 0, 'max': 10, 'oom': 0, 'oom_kill': 0, 'oom_group_kill': 0}
[container_monitor] pf-test-3: current=847.1MiB swap=128.0MiB max=981.0MiB cpu.usage_usec=3454555 method=swap_current_delta_fallback detail={'delta_swap_current': 0, 'swap_saturated': True, 'workingset_refault_anon': 5968} events={'low': 0, 'high': 0, 'max': 10, 'oom': 0, 'oom_kill': 0, 'oom_group_kill': 0}
[container_monitor] pf-test-3: current=851.1MiB swap=128.0MiB max=981.0MiB cpu.usage_usec=3459867 method=swap_current_delta_fallback detail={'delta_swap_current': 0, 'swap_saturated': True, 'workingset_refault_anon': 5968} events={'low': 0, 'high': 0, 'max': 10, 'oom': 0, 'oom_kill': 0, 'oom_group_kill': 0}
[container_monitor] pf-test-3: current=857.2MiB swap=128.0MiB max=981.0MiB cpu.usage_usec=3465259 method=swap_current_delta_fallback detail={'delta_swap_current': 0, 'swap_saturated': True, 'workingset_refault_anon': 5968} events={'low': 0, 'high': 0, 'max': 10, 'oom': 0, 'oom_kill': 0, 'oom_group_kill': 0}
[container_monitor] pf-test-3: OCM 감지 (method=swap_current_delta_fallback, detail={'delta_swap_current': 0, 'swap_saturated': True, 'workingset_refault_anon': 5968})
[puff_manager] pf-test-3: 호스트 여유 없음 (assigned=3119MiB budget=3119MiB), puff 건너뜀
[container_monitor] pf-test-3: 이미 suspend 상태, 재적용 생략
[container_monitor] pf-test-3: current=861.2MiB swap=128.0MiB max=981.0MiB cpu.usage_usec=3469815 method=swap_current_delta_fallback detail={'delta_swap_current': 0, 'swap_saturated': True, 'workingset_refault_anon': 5968} events={'low': 0, 'high': 0, 'max': 10, 'oom': 0, 'oom_kill': 0, 'oom_group_kill': 0}
[container_monitor] pf-test-3: OCM 감지 (method=swap_current_delta_fallback, detail={'delta_swap_current': 0, 'swap_saturated': True, 'workingset_refault_anon': 5968})
[puff_manager] pf-test-3: 호스트 여유 없음 (assigned=3119MiB budget=3119MiB), puff 건너뜀
[container_monitor] pf-test-3: 이미 suspend 상태, 재적용 생략
[container_monitor] pf-test-3: current=863.8MiB swap=128.0MiB max=981.0MiB cpu.usage_usec=3475717 method=swap_current_delta_fallback detail={'delta_swap_current': 0, 'swap_saturated': True, 'workingset_refault_anon': 5968} events={'low': 0, 'high': 0, 'max': 10, 'oom': 0, 'oom_kill': 0, 'oom_group_kill': 0}
[container_monitor] pf-test-3: OCM 감지 (method=swap_current_delta_fallback, detail={'delta_swap_current': 0, 'swap_saturated': True, 'workingset_refault_anon': 5968})
[puff_manager] pf-test-3: 호스트 여유 없음 (assigned=3119MiB budget=3119MiB), puff 건너뜀
[container_monitor] pf-test-3: 이미 suspend 상태, 재적용 생략
[container_monitor] pf-test-3: current=863.8MiB swap=128.0MiB max=981.0MiB cpu.usage_usec=3481737 method=swap_current_delta_fallback detail={'delta_swap_current': 0, 'swap_saturated': True, 'workingset_refault_anon': 5968} events={'low': 0, 'high': 0, 'max': 10, 'oom': 0, 'oom_kill': 0, 'oom_group_kill': 0}
[container_monitor] pf-test-3: OCM 감지 (method=swap_current_delta_fallback, detail={'delta_swap_current': 0, 'swap_saturated': True, 'workingset_refault_anon': 5968})
[puff_manager] pf-test-3: 호스트 여유 없음 (assigned=3119MiB budget=3119MiB), puff 건너뜀
[container_monitor] pf-test-3: 이미 suspend 상태, 재적용 생략
[container_monitor] pf-test-3: current=864.7MiB swap=127.1MiB max=981.0MiB cpu.usage_usec=3486387 method=swap_current_delta_fallback detail={'delta_swap_current': -909312, 'swap_saturated': True, 'workingset_refault_anon': 6043} events={'low': 0, 'high': 0, 'max': 10, 'oom': 0, 'oom_kill': 0, 'oom_group_kill': 0}
[container_monitor] pf-test-3: OCM 감지 (method=swap_current_delta_fallback, detail={'delta_swap_current': -909312, 'swap_saturated': True, 'workingset_refault_anon': 6043})
[puff_manager] pf-test-3: 호스트 여유 없음 (assigned=3119MiB budget=3119MiB), puff 건너뜀
[container_monitor] pf-test-3: 이미 suspend 상태, 재적용 생략
[container_monitor] pf-test-3: current=867.0MiB swap=124.8MiB max=981.0MiB cpu.usage_usec=3492399 method=swap_current_delta_fallback detail={'delta_swap_current': -2420736, 'swap_saturated': True, 'workingset_refault_anon': 6077} events={'low': 0, 'high': 0, 'max': 10, 'oom': 0, 'oom_kill': 0, 'oom_group_kill': 0}
[container_monitor] pf-test-3: OCM 감지 (method=swap_current_delta_fallback, detail={'delta_swap_current': -2420736, 'swap_saturated': True, 'workingset_refault_anon': 6077})
[puff_manager] pf-test-3: 호스트 여유 없음 (assigned=3119MiB budget=3119MiB), puff 건너뜀
[container_monitor] pf-test-3: 이미 suspend 상태, 재적용 생략
[container_monitor] pf-test-3: current=864.4MiB swap=127.2MiB max=981.0MiB cpu.usage_usec=3498460 method=swap_current_delta_fallback detail={'delta_swap_current': 2506752, 'swap_saturated': True, 'workingset_refault_anon': 6162} events={'low': 0, 'high': 0, 'max': 10, 'oom': 0, 'oom_kill': 0, 'oom_group_kill': 0}
[container_monitor] pf-test-3: OCM 감지 (method=swap_current_delta_fallback, detail={'delta_swap_current': 2506752, 'swap_saturated': True, 'workingset_refault_anon': 6162})
[puff_manager] pf-test-3: 호스트 여유 없음 (assigned=3119MiB budget=3119MiB), puff 건너뜀
[container_monitor] pf-test-3: 이미 suspend 상태, 재적용 생략
[container_monitor] pf-test-3: current=868.6MiB swap=122.9MiB max=981.0MiB cpu.usage_usec=3503378 method=swap_current_delta_fallback detail={'delta_swap_current': -4567040, 'swap_saturated': True, 'workingset_refault_anon': 6333} events={'low': 0, 'high': 0, 'max': 10, 'oom': 0, 'oom_kill': 0, 'oom_group_kill': 0}
[container_monitor] pf-test-3: OCM 감지 (method=swap_current_delta_fallback, detail={'delta_swap_current': -4567040, 'swap_saturated': True, 'workingset_refault_anon': 6333})
[puff_manager] pf-test-3: 호스트 여유 없음 (assigned=3119MiB budget=3119MiB), puff 건너뜀
[container_monitor] pf-test-3: 이미 suspend 상태, 재적용 생략
[container_monitor] pf-test-3: current=871.4MiB swap=120.1MiB max=981.0MiB cpu.usage_usec=3509441 method=swap_current_delta_fallback detail={'delta_swap_current': -2932736, 'swap_saturated': False, 'workingset_refault_anon': 6333} events={'low': 0, 'high': 0, 'max': 10, 'oom': 0, 'oom_kill': 0, 'oom_group_kill': 0}
[container_monitor] pf-test-3: current=873.0MiB swap=118.4MiB max=981.0MiB cpu.usage_usec=3514398 method=swap_current_delta_fallback detail={'delta_swap_current': -1785856, 'swap_saturated': False, 'workingset_refault_anon': 6483} events={'low': 0, 'high': 0, 'max': 10, 'oom': 0, 'oom_kill': 0, 'oom_group_kill': 0}
[container_monitor] pf-test-3: current=875.7MiB swap=115.7MiB max=981.0MiB cpu.usage_usec=3519380 method=swap_current_delta_fallback detail={'delta_swap_current': -2781184, 'swap_saturated': False, 'workingset_refault_anon': 6515} events={'low': 0, 'high': 0, 'max': 10, 'oom': 0, 'oom_kill': 0, 'oom_group_kill': 0}
[container_monitor] pf-test-3: current=876.8MiB swap=114.6MiB max=981.0MiB cpu.usage_usec=3524463 method=swap_current_delta_fallback detail={'delta_swap_current': -1171456, 'swap_saturated': False, 'workingset_refault_anon': 6530} events={'low': 0, 'high': 0, 'max': 10, 'oom': 0, 'oom_kill': 0, 'oom_group_kill': 0}
[container_monitor] pf-test-3: current=877.7MiB swap=113.6MiB max=981.0MiB cpu.usage_usec=3529416 method=swap_current_delta_fallback detail={'delta_swap_current': -991232, 'swap_saturated': False, 'workingset_refault_anon': 6543} events={'low': 0, 'high': 0, 'max': 10, 'oom': 0, 'oom_kill': 0, 'oom_group_kill': 0}
[container_monitor] pf-test-3: current=878.7MiB swap=112.7MiB max=981.0MiB cpu.usage_usec=3534490 method=swap_current_delta_fallback detail={'delta_swap_current': -966656, 'swap_saturated': False, 'workingset_refault_anon': 6583} events={'low': 0, 'high': 0, 'max': 10, 'oom': 0, 'oom_kill': 0, 'oom_group_kill': 0}
[container_monitor] pf-test-3: current=879.8MiB swap=111.6MiB max=981.0MiB cpu.usage_usec=3539410 method=swap_current_delta_fallback detail={'delta_swap_current': -1179648, 'swap_saturated': False, 'workingset_refault_anon': 6583} events={'low': 0, 'high': 0, 'max': 10, 'oom': 0, 'oom_kill': 0, 'oom_group_kill': 0}
[container_monitor] pf-test-3: current=880.3MiB swap=111.1MiB max=981.0MiB cpu.usage_usec=3544448 method=swap_current_delta_fallback detail={'delta_swap_current': -524288, 'swap_saturated': False, 'workingset_refault_anon': 6583} events={'low': 0, 'high': 0, 'max': 10, 'oom': 0, 'oom_kill': 0, 'oom_group_kill': 0}
[container_monitor] pf-test-3: current=880.9MiB swap=110.5MiB max=981.0MiB cpu.usage_usec=3549589 method=swap_current_delta_fallback detail={'delta_swap_current': -618496, 'swap_saturated': False, 'workingset_refault_anon': 6643} events={'low': 0, 'high': 0, 'max': 10, 'oom': 0, 'oom_kill': 0, 'oom_group_kill': 0}
[container_monitor] pf-test-3: current=881.7MiB swap=109.7MiB max=981.0MiB cpu.usage_usec=3554556 method=swap_current_delta_fallback detail={'delta_swap_current': -819200, 'swap_saturated': False, 'workingset_refault_anon': 6643} events={'low': 0, 'high': 0, 'max': 10, 'oom': 0, 'oom_kill': 0, 'oom_group_kill': 0}
[container_monitor] pf-test-3: current=882.5MiB swap=108.9MiB max=981.0MiB cpu.usage_usec=3559417 method=swap_current_delta_fallback detail={'delta_swap_current': -892928, 'swap_saturated': False, 'workingset_refault_anon': 6643} events={'low': 0, 'high': 0, 'max': 10, 'oom': 0, 'oom_kill': 0, 'oom_group_kill': 0}
[container_monitor] pf-test-3: current=883.2MiB swap=108.1MiB max=981.0MiB cpu.usage_usec=3564420 method=swap_current_delta_fallback detail={'delta_swap_current': -765952, 'swap_saturated': False, 'workingset_refault_anon': 6643} events={'low': 0, 'high': 0, 'max': 10, 'oom': 0, 'oom_kill': 0, 'oom_group_kill': 0}
[container_monitor] pf-test-3: current=884.0MiB swap=107.4MiB max=981.0MiB cpu.usage_usec=3569453 method=swap_current_delta_fallback detail={'delta_swap_current': -815104, 'swap_saturated': False, 'workingset_refault_anon': 6679} events={'low': 0, 'high': 0, 'max': 10, 'oom': 0, 'oom_kill': 0, 'oom_group_kill': 0}
[container_monitor] pf-test-3: current=884.9MiB swap=106.6MiB max=981.0MiB cpu.usage_usec=3574468 method=swap_current_delta_fallback detail={'delta_swap_current': -794624, 'swap_saturated': False, 'workingset_refault_anon': 6680} events={'low': 0, 'high': 0, 'max': 10, 'oom': 0, 'oom_kill': 0, 'oom_group_kill': 0}
[container_monitor] pf-test-3: current=886.3MiB swap=105.1MiB max=981.0MiB cpu.usage_usec=3579384 method=swap_current_delta_fallback detail={'delta_swap_current': -1630208, 'swap_saturated': False, 'workingset_refault_anon': 6680} events={'low': 0, 'high': 0, 'max': 10, 'oom': 0, 'oom_kill': 0, 'oom_group_kill': 0}
[container_monitor] pf-test-3: current=888.7MiB swap=102.7MiB max=981.0MiB cpu.usage_usec=3584398 method=swap_current_delta_fallback detail={'delta_swap_current': -2424832, 'swap_saturated': False, 'workingset_refault_anon': 6743} events={'low': 0, 'high': 0, 'max': 10, 'oom': 0, 'oom_kill': 0, 'oom_group_kill': 0}
[container_monitor] pf-test-3: current=889.6MiB swap=101.8MiB max=981.0MiB cpu.usage_usec=3589429 method=swap_current_delta_fallback detail={'delta_swap_current': -1003520, 'swap_saturated': False, 'workingset_refault_anon': 6743} events={'low': 0, 'high': 0, 'max': 10, 'oom': 0, 'oom_kill': 0, 'oom_group_kill': 0}
[container_monitor] pf-test-3: current=890.4MiB swap=101.0MiB max=981.0MiB cpu.usage_usec=3594437 method=swap_current_delta_fallback detail={'delta_swap_current': -839680, 'swap_saturated': False, 'workingset_refault_anon': 6743} events={'low': 0, 'high': 0, 'max': 10, 'oom': 0, 'oom_kill': 0, 'oom_group_kill': 0}
[container_monitor] pf-test-3: current=892.5MiB swap=98.9MiB max=981.0MiB cpu.usage_usec=3599380 method=swap_current_delta_fallback detail={'delta_swap_current': -2215936, 'swap_saturated': False, 'workingset_refault_anon': 6791} events={'low': 0, 'high': 0, 'max': 10, 'oom': 0, 'oom_kill': 0, 'oom_group_kill': 0}
[container_monitor] pf-test-3: current=892.2MiB swap=111.8MiB max=981.0MiB cpu.usage_usec=3604395 method=swap_current_delta_fallback detail={'delta_swap_current': 13508608, 'swap_saturated': False, 'workingset_refault_anon': 6791} events={'low': 0, 'high': 0, 'max': 10, 'oom': 0, 'oom_kill': 0, 'oom_group_kill': 0}
[container_monitor] pf-test-3: OCM 감지 (method=swap_current_delta_fallback, detail={'delta_swap_current': 13508608, 'swap_saturated': False, 'workingset_refault_anon': 6791})
[puff_manager] pf-test-3: 호스트 여유 없음 (assigned=3119MiB budget=3119MiB), puff 건너뜀
[container_monitor] pf-test-3: 이미 suspend 상태, 재적용 생략
[container_monitor] pf-test-3: current=895.7MiB swap=108.3MiB max=981.0MiB cpu.usage_usec=3610403 method=swap_current_delta_fallback detail={'delta_swap_current': -3608576, 'swap_saturated': False, 'workingset_refault_anon': 6791} events={'low': 0, 'high': 0, 'max': 10, 'oom': 0, 'oom_kill': 0, 'oom_group_kill': 0}
[container_monitor] pf-test-3: current=896.8MiB swap=107.2MiB max=981.0MiB cpu.usage_usec=3615412 method=swap_current_delta_fallback detail={'delta_swap_current': -1146880, 'swap_saturated': False, 'workingset_refault_anon': 6791} events={'low': 0, 'high': 0, 'max': 10, 'oom': 0, 'oom_kill': 0, 'oom_group_kill': 0}
[container_monitor] pf-test-3: current=897.7MiB swap=106.2MiB max=981.0MiB cpu.usage_usec=3620446 method=swap_current_delta_fallback detail={'delta_swap_current': -1024000, 'swap_saturated': False, 'workingset_refault_anon': 6791} events={'low': 0, 'high': 0, 'max': 10, 'oom': 0, 'oom_kill': 0, 'oom_group_kill': 0}
[container_monitor] pf-test-3: current=898.6MiB swap=105.4MiB max=981.0MiB cpu.usage_usec=3625403 method=swap_current_delta_fallback detail={'delta_swap_current': -917504, 'swap_saturated': False, 'workingset_refault_anon': 6791} events={'low': 0, 'high': 0, 'max': 10, 'oom': 0, 'oom_kill': 0, 'oom_group_kill': 0}
[container_monitor] pf-test-3: current=899.6MiB swap=104.4MiB max=981.0MiB cpu.usage_usec=3630393 method=swap_current_delta_fallback detail={'delta_swap_current': -983040, 'swap_saturated': False, 'workingset_refault_anon': 6805} events={'low': 0, 'high': 0, 'max': 10, 'oom': 0, 'oom_kill': 0, 'oom_group_kill': 0}
[container_monitor] pf-test-3: current=900.4MiB swap=103.6MiB max=981.0MiB cpu.usage_usec=3635477 method=swap_current_delta_fallback detail={'delta_swap_current': -884736, 'swap_saturated': False, 'workingset_refault_anon': 6805} events={'low': 0, 'high': 0, 'max': 10, 'oom': 0, 'oom_kill': 0, 'oom_group_kill': 0}
[container_monitor] pf-test-3: current=890.8MiB swap=100.4MiB max=981.0MiB cpu.usage_usec=3640383 method=swap_current_delta_fallback detail={'delta_swap_current': -3342336, 'swap_saturated': False, 'workingset_refault_anon': 6805} events={'low': 0, 'high': 0, 'max': 10, 'oom': 0, 'oom_kill': 0, 'oom_group_kill': 0}
[container_monitor] pf-test-3: current=891.8MiB swap=99.4MiB max=981.0MiB cpu.usage_usec=3645425 method=swap_current_delta_fallback detail={'delta_swap_current': -1081344, 'swap_saturated': False, 'workingset_refault_anon': 6805} events={'low': 0, 'high': 0, 'max': 10, 'oom': 0, 'oom_kill': 0, 'oom_group_kill': 0}
[container_monitor] pf-test-3: current=893.0MiB swap=98.2MiB max=981.0MiB cpu.usage_usec=3650511 method=swap_current_delta_fallback detail={'delta_swap_current': -1212416, 'swap_saturated': False, 'workingset_refault_anon': 6805} events={'low': 0, 'high': 0, 'max': 10, 'oom': 0, 'oom_kill': 0, 'oom_group_kill': 0}
[container_monitor] pf-test-3: current=894.1MiB swap=97.1MiB max=981.0MiB cpu.usage_usec=3655408 method=swap_current_delta_fallback detail={'delta_swap_current': -1179648, 'swap_saturated': False, 'workingset_refault_anon': 6805} events={'low': 0, 'high': 0, 'max': 10, 'oom': 0, 'oom_kill': 0, 'oom_group_kill': 0}
[container_monitor] pf-test-3: current=895.8MiB swap=95.4MiB max=981.0MiB cpu.usage_usec=3660371 method=swap_current_delta_fallback detail={'delta_swap_current': -1753088, 'swap_saturated': False, 'workingset_refault_anon': 6809} events={'low': 0, 'high': 0, 'max': 10, 'oom': 0, 'oom_kill': 0, 'oom_group_kill': 0}
[container_monitor] pf-test-3: current=896.8MiB swap=94.4MiB max=981.0MiB cpu.usage_usec=3665517 method=swap_current_delta_fallback detail={'delta_swap_current': -1032192, 'swap_saturated': False, 'workingset_refault_anon': 6809} events={'low': 0, 'high': 0, 'max': 10, 'oom': 0, 'oom_kill': 0, 'oom_group_kill': 0}
[container_monitor] pf-test-3: current=897.5MiB swap=93.7MiB max=981.0MiB cpu.usage_usec=3670509 method=swap_current_delta_fallback detail={'delta_swap_current': -753664, 'swap_saturated': False, 'workingset_refault_anon': 6809} events={'low': 0, 'high': 0, 'max': 10, 'oom': 0, 'oom_kill': 0, 'oom_group_kill': 0}
[container_monitor] pf-test-3: current=898.5MiB swap=92.7MiB max=981.0MiB cpu.usage_usec=3675382 method=swap_current_delta_fallback detail={'delta_swap_current': -1081344, 'swap_saturated': False, 'workingset_refault_anon': 6809} events={'low': 0, 'high': 0, 'max': 10, 'oom': 0, 'oom_kill': 0, 'oom_group_kill': 0}
[container_monitor] pf-test-3: current=899.6MiB swap=91.7MiB max=981.0MiB cpu.usage_usec=3680391 method=swap_current_delta_fallback detail={'delta_swap_current': -1028096, 'swap_saturated': False, 'workingset_refault_anon': 6809} events={'low': 0, 'high': 0, 'max': 10, 'oom': 0, 'oom_kill': 0, 'oom_group_kill': 0}
[container_monitor] pf-test-3: current=900.6MiB swap=90.6MiB max=981.0MiB cpu.usage_usec=3685388 method=swap_current_delta_fallback detail={'delta_swap_current': -1126400, 'swap_saturated': False, 'workingset_refault_anon': 6809} events={'low': 0, 'high': 0, 'max': 10, 'oom': 0, 'oom_kill': 0, 'oom_group_kill': 0}
[container_monitor] pf-test-3: current=901.7MiB swap=89.5MiB max=981.0MiB cpu.usage_usec=3690730 method=swap_current_delta_fallback detail={'delta_swap_current': -1204224, 'swap_saturated': False, 'workingset_refault_anon': 6809} events={'low': 0, 'high': 0, 'max': 10, 'oom': 0, 'oom_kill': 0, 'oom_group_kill': 0}
[container_monitor] pf-test-3: current=902.7MiB swap=88.8MiB max=981.0MiB cpu.usage_usec=3695371 method=swap_current_delta_fallback detail={'delta_swap_current': -724992, 'swap_saturated': False, 'workingset_refault_anon': 6809} events={'low': 0, 'high': 0, 'max': 10, 'oom': 0, 'oom_kill': 0, 'oom_group_kill': 0}
[container_monitor] pf-test-3: current=903.9MiB swap=87.5MiB max=981.0MiB cpu.usage_usec=3700428 method=swap_current_delta_fallback detail={'delta_swap_current': -1306624, 'swap_saturated': False, 'workingset_refault_anon': 6841} events={'low': 0, 'high': 0, 'max': 10, 'oom': 0, 'oom_kill': 0, 'oom_group_kill': 0}
[container_monitor] pf-test-3: current=904.9MiB swap=86.5MiB max=981.0MiB cpu.usage_usec=3705382 method=swap_current_delta_fallback detail={'delta_swap_current': -1040384, 'swap_saturated': False, 'workingset_refault_anon': 6857} events={'low': 0, 'high': 0, 'max': 10, 'oom': 0, 'oom_kill': 0, 'oom_group_kill': 0}
[container_monitor] pf-test-3: current=906.3MiB swap=85.0MiB max=981.0MiB cpu.usage_usec=3710452 method=swap_current_delta_fallback detail={'delta_swap_current': -1572864, 'swap_saturated': False, 'workingset_refault_anon': 6857} events={'low': 0, 'high': 0, 'max': 10, 'oom': 0, 'oom_kill': 0, 'oom_group_kill': 0}
[container_monitor] pf-test-3: current=907.4MiB swap=84.0MiB max=981.0MiB cpu.usage_usec=3715371 method=swap_current_delta_fallback detail={'delta_swap_current': -1048576, 'swap_saturated': False, 'workingset_refault_anon': 6857} events={'low': 0, 'high': 0, 'max': 10, 'oom': 0, 'oom_kill': 0, 'oom_group_kill': 0}
[container_monitor] pf-test-3: current=908.3MiB swap=83.1MiB max=981.0MiB cpu.usage_usec=3720406 method=swap_current_delta_fallback detail={'delta_swap_current': -1044480, 'swap_saturated': False, 'workingset_refault_anon': 6865} events={'low': 0, 'high': 0, 'max': 10, 'oom': 0, 'oom_kill': 0, 'oom_group_kill': 0}
[container_monitor] pf-test-3: current=909.3MiB swap=82.1MiB max=981.0MiB cpu.usage_usec=3725409 method=swap_current_delta_fallback detail={'delta_swap_current': -1048576, 'swap_saturated': False, 'workingset_refault_anon': 6865} events={'low': 0, 'high': 0, 'max': 10, 'oom': 0, 'oom_kill': 0, 'oom_group_kill': 0}
[container_monitor] pf-test-3: current=910.2MiB swap=81.1MiB max=981.0MiB cpu.usage_usec=3730412 method=swap_current_delta_fallback detail={'delta_swap_current': -1048576, 'swap_saturated': False, 'workingset_refault_anon': 6865} events={'low': 0, 'high': 0, 'max': 10, 'oom': 0, 'oom_kill': 0, 'oom_group_kill': 0}
[container_monitor] pf-test-3: current=911.3MiB swap=80.2MiB max=981.0MiB cpu.usage_usec=3735748 method=swap_current_delta_fallback detail={'delta_swap_current': -856064, 'swap_saturated': False, 'workingset_refault_anon': 6865} events={'low': 0, 'high': 0, 'max': 10, 'oom': 0, 'oom_kill': 0, 'oom_group_kill': 0}
[container_monitor] pf-test-3: current=912.3MiB swap=79.2MiB max=981.0MiB cpu.usage_usec=3741543 method=swap_current_delta_fallback detail={'delta_swap_current': -1040384, 'swap_saturated': False, 'workingset_refault_anon': 6865} events={'low': 0, 'high': 0, 'max': 10, 'oom': 0, 'oom_kill': 0, 'oom_group_kill': 0}
[container_monitor] pf-test-3: current=913.1MiB swap=78.5MiB max=981.0MiB cpu.usage_usec=3746432 method=swap_current_delta_fallback detail={'delta_swap_current': -786432, 'swap_saturated': False, 'workingset_refault_anon': 6865} events={'low': 0, 'high': 0, 'max': 10, 'oom': 0, 'oom_kill': 0, 'oom_group_kill': 0}
[container_monitor] pf-test-3: current=913.8MiB swap=77.5MiB max=981.0MiB cpu.usage_usec=3751461 method=swap_current_delta_fallback detail={'delta_swap_current': -1044480, 'swap_saturated': False, 'workingset_refault_anon': 6865} events={'low': 0, 'high': 0, 'max': 10, 'oom': 0, 'oom_kill': 0, 'oom_group_kill': 0}
[container_monitor] pf-test-3: current=914.9MiB swap=76.5MiB max=981.0MiB cpu.usage_usec=3756452 method=swap_current_delta_fallback detail={'delta_swap_current': -1048576, 'swap_saturated': False, 'workingset_refault_anon': 6865} events={'low': 0, 'high': 0, 'max': 10, 'oom': 0, 'oom_kill': 0, 'oom_group_kill': 0}
[container_monitor] pf-test-3: current=915.6MiB swap=75.8MiB max=981.0MiB cpu.usage_usec=3761422 method=swap_current_delta_fallback detail={'delta_swap_current': -745472, 'swap_saturated': False, 'workingset_refault_anon': 6865} events={'low': 0, 'high': 0, 'max': 10, 'oom': 0, 'oom_kill': 0, 'oom_group_kill': 0}
[container_monitor] pf-test-3: current=916.2MiB swap=75.3MiB max=981.0MiB cpu.usage_usec=3766453 method=swap_current_delta_fallback detail={'delta_swap_current': -524288, 'swap_saturated': False, 'workingset_refault_anon': 6865} events={'low': 0, 'high': 0, 'max': 10, 'oom': 0, 'oom_kill': 0, 'oom_group_kill': 0}
[container_monitor] pf-test-3: current=916.8MiB swap=74.5MiB max=981.0MiB cpu.usage_usec=3771390 method=swap_current_delta_fallback detail={'delta_swap_current': -786432, 'swap_saturated': False, 'workingset_refault_anon': 6865} events={'low': 0, 'high': 0, 'max': 10, 'oom': 0, 'oom_kill': 0, 'oom_group_kill': 0}
[container_monitor] pf-test-3: current=917.7MiB swap=73.5MiB max=981.0MiB cpu.usage_usec=3776379 method=swap_current_delta_fallback detail={'delta_swap_current': -1048576, 'swap_saturated': False, 'workingset_refault_anon': 6865} events={'low': 0, 'high': 0, 'max': 10, 'oom': 0, 'oom_kill': 0, 'oom_group_kill': 0}
[container_monitor] pf-test-3: current=919.0MiB swap=72.3MiB max=981.0MiB cpu.usage_usec=3781676 method=swap_current_delta_fallback detail={'delta_swap_current': -1310720, 'swap_saturated': False, 'workingset_refault_anon': 6865} events={'low': 0, 'high': 0, 'max': 10, 'oom': 0, 'oom_kill': 0, 'oom_group_kill': 0}
[container_monitor] pf-test-3: current=921.1MiB swap=70.2MiB max=981.0MiB cpu.usage_usec=3786413 method=swap_current_delta_fallback detail={'delta_swap_current': -2174976, 'swap_saturated': False, 'workingset_refault_anon': 6865} events={'low': 0, 'high': 0, 'max': 10, 'oom': 0, 'oom_kill': 0, 'oom_group_kill': 0}
[container_monitor] pf-test-3: current=922.0MiB swap=69.2MiB max=981.0MiB cpu.usage_usec=3791394 method=swap_current_delta_fallback detail={'delta_swap_current': -1048576, 'swap_saturated': False, 'workingset_refault_anon': 6865} events={'low': 0, 'high': 0, 'max': 10, 'oom': 0, 'oom_kill': 0, 'oom_group_kill': 0}
[container_monitor] pf-test-3: current=923.1MiB swap=68.2MiB max=981.0MiB cpu.usage_usec=3796404 method=swap_current_delta_fallback detail={'delta_swap_current': -1048576, 'swap_saturated': False, 'workingset_refault_anon': 6865} events={'low': 0, 'high': 0, 'max': 10, 'oom': 0, 'oom_kill': 0, 'oom_group_kill': 0}
[container_monitor] pf-test-3: current=925.2MiB swap=66.2MiB max=981.0MiB cpu.usage_usec=3801386 method=swap_current_delta_fallback detail={'delta_swap_current': -2072576, 'swap_saturated': False, 'workingset_refault_anon': 6905} events={'low': 0, 'high': 0, 'max': 10, 'oom': 0, 'oom_kill': 0, 'oom_group_kill': 0}
[container_monitor] pf-test-3: current=926.9MiB swap=64.5MiB max=981.0MiB cpu.usage_usec=3806396 method=swap_current_delta_fallback detail={'delta_swap_current': -1814528, 'swap_saturated': False, 'workingset_refault_anon': 6905} events={'low': 0, 'high': 0, 'max': 10, 'oom': 0, 'oom_kill': 0, 'oom_group_kill': 0}
[container_monitor] pf-test-3: current=928.7MiB swap=63.8MiB max=981.0MiB cpu.usage_usec=3811372 method=swap_current_delta_fallback detail={'delta_swap_current': -770048, 'swap_saturated': False, 'workingset_refault_anon': 6905} events={'low': 0, 'high': 0, 'max': 10, 'oom': 0, 'oom_kill': 0, 'oom_group_kill': 0}
[container_monitor] pf-test-3: current=930.0MiB swap=63.8MiB max=981.0MiB cpu.usage_usec=3816495 method=swap_current_delta_fallback detail={'delta_swap_current': 0, 'swap_saturated': False, 'workingset_refault_anon': 6905} events={'low': 0, 'high': 0, 'max': 10, 'oom': 0, 'oom_kill': 0, 'oom_group_kill': 0}
[container_monitor] pf-test-3: current=932.0MiB swap=63.8MiB max=981.0MiB cpu.usage_usec=3821425 method=swap_current_delta_fallback detail={'delta_swap_current': -4096, 'swap_saturated': False, 'workingset_refault_anon': 6905} events={'low': 0, 'high': 0, 'max': 10, 'oom': 0, 'oom_kill': 0, 'oom_group_kill': 0}
[container_monitor] pf-test-3: current=933.1MiB swap=63.8MiB max=981.0MiB cpu.usage_usec=3826386 method=swap_current_delta_fallback detail={'delta_swap_current': 0, 'swap_saturated': False, 'workingset_refault_anon': 6905} events={'low': 0, 'high': 0, 'max': 10, 'oom': 0, 'oom_kill': 0, 'oom_group_kill': 0}
[container_monitor] pf-test-3: current=935.8MiB swap=63.8MiB max=981.0MiB cpu.usage_usec=3831425 method=swap_current_delta_fallback detail={'delta_swap_current': 0, 'swap_saturated': False, 'workingset_refault_anon': 6905} events={'low': 0, 'high': 0, 'max': 10, 'oom': 0, 'oom_kill': 0, 'oom_group_kill': 0}
[container_monitor] pf-test-3: current=936.8MiB swap=63.8MiB max=981.0MiB cpu.usage_usec=3836370 method=swap_current_delta_fallback detail={'delta_swap_current': 0, 'swap_saturated': False, 'workingset_refault_anon': 6905} events={'low': 0, 'high': 0, 'max': 10, 'oom': 0, 'oom_kill': 0, 'oom_group_kill': 0}
[container_monitor] pf-test-3: current=937.0MiB swap=63.8MiB max=981.0MiB cpu.usage_usec=3841484 method=swap_current_delta_fallback detail={'delta_swap_current': 0, 'swap_saturated': False, 'workingset_refault_anon': 6905} events={'low': 0, 'high': 0, 'max': 10, 'oom': 0, 'oom_kill': 0, 'oom_group_kill': 0}
[container_monitor] pf-test-3: current=937.0MiB swap=63.8MiB max=981.0MiB cpu.usage_usec=3847131 method=swap_current_delta_fallback detail={'delta_swap_current': 0, 'swap_saturated': False, 'workingset_refault_anon': 6905} events={'low': 0, 'high': 0, 'max': 10, 'oom': 0, 'oom_kill': 0, 'oom_group_kill': 0}
[container_monitor] pf-test-3: current=938.6MiB swap=63.8MiB max=981.0MiB cpu.usage_usec=3851386 method=swap_current_delta_fallback detail={'delta_swap_current': 0, 'swap_saturated': False, 'workingset_refault_anon': 6905} events={'low': 0, 'high': 0, 'max': 10, 'oom': 0, 'oom_kill': 0, 'oom_group_kill': 0}
[container_monitor] pf-test-3: current=940.2MiB swap=63.8MiB max=981.0MiB cpu.usage_usec=3856439 method=swap_current_delta_fallback detail={'delta_swap_current': 0, 'swap_saturated': False, 'workingset_refault_anon': 6908} events={'low': 0, 'high': 0, 'max': 10, 'oom': 0, 'oom_kill': 0, 'oom_group_kill': 0}
[container_monitor] pf-test-3: current=940.4MiB swap=63.8MiB max=981.0MiB cpu.usage_usec=3861412 method=swap_current_delta_fallback detail={'delta_swap_current': 0, 'swap_saturated': False, 'workingset_refault_anon': 6908} events={'low': 0, 'high': 0, 'max': 10, 'oom': 0, 'oom_kill': 0, 'oom_group_kill': 0}
[container_monitor] pf-test-3: current=942.2MiB swap=63.8MiB max=981.0MiB cpu.usage_usec=3866401 method=swap_current_delta_fallback detail={'delta_swap_current': 0, 'swap_saturated': False, 'workingset_refault_anon': 6927} events={'low': 0, 'high': 0, 'max': 10, 'oom': 0, 'oom_kill': 0, 'oom_group_kill': 0}
[container_monitor] pf-test-3: current=943.8MiB swap=63.8MiB max=981.0MiB cpu.usage_usec=3872239 method=swap_current_delta_fallback detail={'delta_swap_current': 0, 'swap_saturated': False, 'workingset_refault_anon': 6963} events={'low': 0, 'high': 0, 'max': 10, 'oom': 0, 'oom_kill': 0, 'oom_group_kill': 0}
[container_monitor] pf-test-3: current=944.7MiB swap=63.8MiB max=981.0MiB cpu.usage_usec=3876416 method=swap_current_delta_fallback detail={'delta_swap_current': 0, 'swap_saturated': False, 'workingset_refault_anon': 6981} events={'low': 0, 'high': 0, 'max': 10, 'oom': 0, 'oom_kill': 0, 'oom_group_kill': 0}
[container_monitor] pf-test-3: current=945.8MiB swap=63.8MiB max=981.0MiB cpu.usage_usec=3881476 method=swap_current_delta_fallback detail={'delta_swap_current': 0, 'swap_saturated': False, 'workingset_refault_anon': 6981} events={'low': 0, 'high': 0, 'max': 10, 'oom': 0, 'oom_kill': 0, 'oom_group_kill': 0}
[container_monitor] pf-test-3: current=947.3MiB swap=63.9MiB max=981.0MiB cpu.usage_usec=3886381 method=swap_current_delta_fallback detail={'delta_swap_current': 102400, 'swap_saturated': False, 'workingset_refault_anon': 6981} events={'low': 0, 'high': 0, 'max': 10, 'oom': 0, 'oom_kill': 0, 'oom_group_kill': 0}
[container_monitor] pf-test-3: OCM 감지 (method=swap_current_delta_fallback, detail={'delta_swap_current': 102400, 'swap_saturated': False, 'workingset_refault_anon': 6981})
[puff_manager] pf-test-3: 호스트 여유 없음 (assigned=3119MiB budget=3119MiB), puff 건너뜀
[container_monitor] pf-test-3: 이미 suspend 상태, 재적용 생략
[container_monitor] pf-test-3: current=949.3MiB swap=63.8MiB max=981.0MiB cpu.usage_usec=3893566 method=swap_current_delta_fallback detail={'delta_swap_current': -81920, 'swap_saturated': False, 'workingset_refault_anon': 6981} events={'low': 0, 'high': 0, 'max': 10, 'oom': 0, 'oom_kill': 0, 'oom_group_kill': 0}
[container_monitor] pf-test-3: current=950.6MiB swap=63.8MiB max=981.0MiB cpu.usage_usec=3898453 method=swap_current_delta_fallback detail={'delta_swap_current': -4096, 'swap_saturated': False, 'workingset_refault_anon': 6981} events={'low': 0, 'high': 0, 'max': 10, 'oom': 0, 'oom_kill': 0, 'oom_group_kill': 0}
[container_monitor] pf-test-3: current=951.9MiB swap=63.8MiB max=981.0MiB cpu.usage_usec=3903425 method=swap_current_delta_fallback detail={'delta_swap_current': 0, 'swap_saturated': False, 'workingset_refault_anon': 6981} events={'low': 0, 'high': 0, 'max': 10, 'oom': 0, 'oom_kill': 0, 'oom_group_kill': 0}
[container_monitor] pf-test-3: current=953.5MiB swap=63.8MiB max=981.0MiB cpu.usage_usec=3908382 method=swap_current_delta_fallback detail={'delta_swap_current': 0, 'swap_saturated': False, 'workingset_refault_anon': 7013} events={'low': 0, 'high': 0, 'max': 10, 'oom': 0, 'oom_kill': 0, 'oom_group_kill': 0}
[container_monitor] pf-test-3: current=954.6MiB swap=63.8MiB max=981.0MiB cpu.usage_usec=3913471 method=swap_current_delta_fallback detail={'delta_swap_current': 0, 'swap_saturated': False, 'workingset_refault_anon': 7013} events={'low': 0, 'high': 0, 'max': 10, 'oom': 0, 'oom_kill': 0, 'oom_group_kill': 0}
[container_monitor] pf-test-3: current=955.6MiB swap=63.8MiB max=981.0MiB cpu.usage_usec=3918429 method=swap_current_delta_fallback detail={'delta_swap_current': 0, 'swap_saturated': False, 'workingset_refault_anon': 7013} events={'low': 0, 'high': 0, 'max': 10, 'oom': 0, 'oom_kill': 0, 'oom_group_kill': 0}
[container_monitor] pf-test-3: current=956.5MiB swap=63.8MiB max=981.0MiB cpu.usage_usec=3923376 method=swap_current_delta_fallback detail={'delta_swap_current': 0, 'swap_saturated': False, 'workingset_refault_anon': 7013} events={'low': 0, 'high': 0, 'max': 10, 'oom': 0, 'oom_kill': 0, 'oom_group_kill': 0}
[container_monitor] pf-test-3: current=957.8MiB swap=63.8MiB max=981.0MiB cpu.usage_usec=3928430 method=swap_current_delta_fallback detail={'delta_swap_current': 0, 'swap_saturated': False, 'workingset_refault_anon': 7013} events={'low': 0, 'high': 0, 'max': 10, 'oom': 0, 'oom_kill': 0, 'oom_group_kill': 0}
[container_monitor] pf-test-3: current=958.5MiB swap=63.8MiB max=981.0MiB cpu.usage_usec=3933514 method=swap_current_delta_fallback detail={'delta_swap_current': 0, 'swap_saturated': False, 'workingset_refault_anon': 7013} events={'low': 0, 'high': 0, 'max': 10, 'oom': 0, 'oom_kill': 0, 'oom_group_kill': 0}
[container_monitor] pf-test-3: current=953.9MiB swap=68.1MiB max=981.0MiB cpu.usage_usec=3938996 method=swap_current_delta_fallback detail={'delta_swap_current': 4497408, 'swap_saturated': False, 'workingset_refault_anon': 7013} events={'low': 0, 'high': 0, 'max': 10, 'oom': 0, 'oom_kill': 0, 'oom_group_kill': 0}
[container_monitor] pf-test-3: OCM 감지 (method=swap_current_delta_fallback, detail={'delta_swap_current': 4497408, 'swap_saturated': False, 'workingset_refault_anon': 7013})
[puff_manager] pf-test-3: 호스트 여유 없음 (assigned=3119MiB budget=3119MiB), puff 건너뜀
[container_monitor] pf-test-3: 이미 suspend 상태, 재적용 생략
[container_monitor] pf-test-3: current=953.9MiB swap=68.1MiB max=981.0MiB cpu.usage_usec=3945301 method=swap_current_delta_fallback detail={'delta_swap_current': 0, 'swap_saturated': False, 'workingset_refault_anon': 7013} events={'low': 0, 'high': 0, 'max': 10, 'oom': 0, 'oom_kill': 0, 'oom_group_kill': 0}
[container_monitor] pf-test-3: current=953.9MiB swap=68.1MiB max=981.0MiB cpu.usage_usec=3949553 method=swap_current_delta_fallback detail={'delta_swap_current': 0, 'swap_saturated': False, 'workingset_refault_anon': 7013} events={'low': 0, 'high': 0, 'max': 10, 'oom': 0, 'oom_kill': 0, 'oom_group_kill': 0}
[container_monitor] pf-test-3: current=952.4MiB swap=68.1MiB max=981.0MiB cpu.usage_usec=3954494 method=swap_current_delta_fallback detail={'delta_swap_current': 0, 'swap_saturated': False, 'workingset_refault_anon': 7014} events={'low': 0, 'high': 0, 'max': 10, 'oom': 0, 'oom_kill': 0, 'oom_group_kill': 0}
[container_monitor] pf-test-3: current=934.8MiB swap=85.3MiB max=981.0MiB cpu.usage_usec=3959536 method=swap_current_delta_fallback detail={'delta_swap_current': 18042880, 'swap_saturated': False, 'workingset_refault_anon': 7014} events={'low': 0, 'high': 0, 'max': 10, 'oom': 0, 'oom_kill': 0, 'oom_group_kill': 0}
[container_monitor] pf-test-3: OCM 감지 (method=swap_current_delta_fallback, detail={'delta_swap_current': 18042880, 'swap_saturated': False, 'workingset_refault_anon': 7014})
[puff_manager] pf-test-3: 호스트 여유 없음 (assigned=3631MiB budget=3119MiB), puff 건너뜀
[container_monitor] pf-test-3: 이미 suspend 상태, 재적용 생략
[container_monitor] pf-test-3: current=934.1MiB swap=85.3MiB max=981.0MiB cpu.usage_usec=3965852 method=swap_current_delta_fallback detail={'delta_swap_current': 0, 'swap_saturated': False, 'workingset_refault_anon': 7014} events={'low': 0, 'high': 0, 'max': 10, 'oom': 0, 'oom_kill': 0, 'oom_group_kill': 0}
[container_monitor] pf-test-3: current=934.1MiB swap=85.5MiB max=981.0MiB cpu.usage_usec=3971258 method=swap_current_delta_fallback detail={'delta_swap_current': 241664, 'swap_saturated': False, 'workingset_refault_anon': 7014} events={'low': 0, 'high': 0, 'max': 10, 'oom': 0, 'oom_kill': 0, 'oom_group_kill': 0}
[container_monitor] pf-test-3: OCM 감지 (method=swap_current_delta_fallback, detail={'delta_swap_current': 241664, 'swap_saturated': False, 'workingset_refault_anon': 7014})
[puff_manager] pf-test-3: 호스트 여유 없음 (assigned=3631MiB budget=3119MiB), puff 건너뜀
[container_monitor] pf-test-3: 이미 suspend 상태, 재적용 생략
[container_monitor] pf-test-3: current=933.9MiB swap=85.5MiB max=981.0MiB cpu.usage_usec=3976411 method=swap_current_delta_fallback detail={'delta_swap_current': 0, 'swap_saturated': False, 'workingset_refault_anon': 7017} events={'low': 0, 'high': 0, 'max': 10, 'oom': 0, 'oom_kill': 0, 'oom_group_kill': 0}
[container_monitor] pf-test-3: current=933.9MiB swap=85.5MiB max=981.0MiB cpu.usage_usec=3981801 method=swap_current_delta_fallback detail={'delta_swap_current': 0, 'swap_saturated': False, 'workingset_refault_anon': 7017} events={'low': 0, 'high': 0, 'max': 10, 'oom': 0, 'oom_kill': 0, 'oom_group_kill': 0}
[container_monitor] pf-test-3: current=933.9MiB swap=85.5MiB max=981.0MiB cpu.usage_usec=3987029 method=swap_current_delta_fallback detail={'delta_swap_current': 0, 'swap_saturated': False, 'workingset_refault_anon': 7017} events={'low': 0, 'high': 0, 'max': 10, 'oom': 0, 'oom_kill': 0, 'oom_group_kill': 0}
[container_monitor] pf-test-3: current=933.9MiB swap=85.5MiB max=981.0MiB cpu.usage_usec=3992288 method=swap_current_delta_fallback detail={'delta_swap_current': 0, 'swap_saturated': False, 'workingset_refault_anon': 7017} events={'low': 0, 'high': 0, 'max': 10, 'oom': 0, 'oom_kill': 0, 'oom_group_kill': 0}
[container_monitor] pf-test-3: current=933.9MiB swap=85.5MiB max=981.0MiB cpu.usage_usec=3996952 method=swap_current_delta_fallback detail={'delta_swap_current': 0, 'swap_saturated': False, 'workingset_refault_anon': 7017} events={'low': 0, 'high': 0, 'max': 10, 'oom': 0, 'oom_kill': 0, 'oom_group_kill': 0}
[container_monitor] pf-test-3: current=933.9MiB swap=85.5MiB max=981.0MiB cpu.usage_usec=4001517 method=swap_current_delta_fallback detail={'delta_swap_current': 0, 'swap_saturated': False, 'workingset_refault_anon': 7017} events={'low': 0, 'high': 0, 'max': 10, 'oom': 0, 'oom_kill': 0, 'oom_group_kill': 0}
[container_monitor] pf-test-3: current=933.9MiB swap=85.5MiB max=981.0MiB cpu.usage_usec=4006629 method=swap_current_delta_fallback detail={'delta_swap_current': 0, 'swap_saturated': False, 'workingset_refault_anon': 7017} events={'low': 0, 'high': 0, 'max': 10, 'oom': 0, 'oom_kill': 0, 'oom_group_kill': 0}
[container_monitor] pf-test-3: current=933.9MiB swap=85.5MiB max=981.0MiB cpu.usage_usec=4011738 method=swap_current_delta_fallback detail={'delta_swap_current': 0, 'swap_saturated': False, 'workingset_refault_anon': 7017} events={'low': 0, 'high': 0, 'max': 10, 'oom': 0, 'oom_kill': 0, 'oom_group_kill': 0}
[container_monitor] pf-test-3: current=933.9MiB swap=85.5MiB max=981.0MiB cpu.usage_usec=4017178 method=swap_current_delta_fallback detail={'delta_swap_current': 0, 'swap_saturated': False, 'workingset_refault_anon': 7017} events={'low': 0, 'high': 0, 'max': 10, 'oom': 0, 'oom_kill': 0, 'oom_group_kill': 0}
[container_monitor] pf-test-3: current=933.9MiB swap=85.5MiB max=981.0MiB cpu.usage_usec=4021904 method=swap_current_delta_fallback detail={'delta_swap_current': 0, 'swap_saturated': False, 'workingset_refault_anon': 7017} events={'low': 0, 'high': 0, 'max': 10, 'oom': 0, 'oom_kill': 0, 'oom_group_kill': 0}
[container_monitor] pf-test-3: current=933.9MiB swap=85.5MiB max=981.0MiB cpu.usage_usec=4026734 method=swap_current_delta_fallback detail={'delta_swap_current': 0, 'swap_saturated': False, 'workingset_refault_anon': 7018} events={'low': 0, 'high': 0, 'max': 10, 'oom': 0, 'oom_kill': 0, 'oom_group_kill': 0}
[container_monitor] pf-test-3: current=933.9MiB swap=85.5MiB max=981.0MiB cpu.usage_usec=4032338 method=swap_current_delta_fallback detail={'delta_swap_current': 0, 'swap_saturated': False, 'workingset_refault_anon': 7021} events={'low': 0, 'high': 0, 'max': 10, 'oom': 0, 'oom_kill': 0, 'oom_group_kill': 0}
[container_monitor] pf-test-3: current=933.9MiB swap=85.5MiB max=981.0MiB cpu.usage_usec=4036996 method=swap_current_delta_fallback detail={'delta_swap_current': 0, 'swap_saturated': False, 'workingset_refault_anon': 7021} events={'low': 0, 'high': 0, 'max': 10, 'oom': 0, 'oom_kill': 0, 'oom_group_kill': 0}
[container_monitor] pf-test-3: current=933.9MiB swap=85.5MiB max=981.0MiB cpu.usage_usec=4041406 method=swap_current_delta_fallback detail={'delta_swap_current': 0, 'swap_saturated': False, 'workingset_refault_anon': 7021} events={'low': 0, 'high': 0, 'max': 10, 'oom': 0, 'oom_kill': 0, 'oom_group_kill': 0}
[container_monitor] pf-test-3: current=933.9MiB swap=85.6MiB max=981.0MiB cpu.usage_usec=4046647 method=swap_current_delta_fallback detail={'delta_swap_current': 122880, 'swap_saturated': False, 'workingset_refault_anon': 7021} events={'low': 0, 'high': 0, 'max': 10, 'oom': 0, 'oom_kill': 0, 'oom_group_kill': 0}
[container_monitor] pf-test-3: OCM 감지 (method=swap_current_delta_fallback, detail={'delta_swap_current': 122880, 'swap_saturated': False, 'workingset_refault_anon': 7021})
[puff_manager] pf-test-3: 호스트 여유 없음 (assigned=3631MiB budget=3119MiB), puff 건너뜀
[container_monitor] pf-test-3: 이미 suspend 상태, 재적용 생략
[container_monitor] pf-test-3: current=933.9MiB swap=85.6MiB max=981.0MiB cpu.usage_usec=4053109 method=swap_current_delta_fallback detail={'delta_swap_current': 0, 'swap_saturated': False, 'workingset_refault_anon': 7021} events={'low': 0, 'high': 0, 'max': 10, 'oom': 0, 'oom_kill': 0, 'oom_group_kill': 0}
[container_monitor] pf-test-3: current=933.8MiB swap=85.6MiB max=981.0MiB cpu.usage_usec=4057512 method=swap_current_delta_fallback detail={'delta_swap_current': 0, 'swap_saturated': False, 'workingset_refault_anon': 7021} events={'low': 0, 'high': 0, 'max': 10, 'oom': 0, 'oom_kill': 0, 'oom_group_kill': 0}
[container_monitor] pf-test-3: current=933.8MiB swap=85.6MiB max=981.0MiB cpu.usage_usec=4062660 method=swap_current_delta_fallback detail={'delta_swap_current': 0, 'swap_saturated': False, 'workingset_refault_anon': 7021} events={'low': 0, 'high': 0, 'max': 10, 'oom': 0, 'oom_kill': 0, 'oom_group_kill': 0}
[container_monitor] pf-test-3: current=933.8MiB swap=85.6MiB max=981.0MiB cpu.usage_usec=4067680 method=swap_current_delta_fallback detail={'delta_swap_current': 0, 'swap_saturated': False, 'workingset_refault_anon': 7021} events={'low': 0, 'high': 0, 'max': 10, 'oom': 0, 'oom_kill': 0, 'oom_group_kill': 0}
[container_monitor] pf-test-3: current=933.8MiB swap=85.6MiB max=981.0MiB cpu.usage_usec=4072409 method=swap_current_delta_fallback detail={'delta_swap_current': 0, 'swap_saturated': False, 'workingset_refault_anon': 7021} events={'low': 0, 'high': 0, 'max': 10, 'oom': 0, 'oom_kill': 0, 'oom_group_kill': 0}
[container_monitor] pf-test-3: current=933.8MiB swap=85.6MiB max=981.0MiB cpu.usage_usec=4078570 method=swap_current_delta_fallback detail={'delta_swap_current': 0, 'swap_saturated': False, 'workingset_refault_anon': 7021} events={'low': 0, 'high': 0, 'max': 10, 'oom': 0, 'oom_kill': 0, 'oom_group_kill': 0}
[container_monitor] pf-test-3: current=933.8MiB swap=85.6MiB max=981.0MiB cpu.usage_usec=4084071 method=swap_current_delta_fallback detail={'delta_swap_current': 0, 'swap_saturated': False, 'workingset_refault_anon': 7021} events={'low': 0, 'high': 0, 'max': 10, 'oom': 0, 'oom_kill': 0, 'oom_group_kill': 0}
[container_monitor] pf-test-3: current=920.0MiB swap=99.7MiB max=981.0MiB cpu.usage_usec=4087419 method=swap_current_delta_fallback detail={'delta_swap_current': 14798848, 'swap_saturated': False, 'workingset_refault_anon': 7021} events={'low': 0, 'high': 0, 'max': 10, 'oom': 0, 'oom_kill': 0, 'oom_group_kill': 0}
[container_monitor] pf-test-3: OCM 감지 (method=swap_current_delta_fallback, detail={'delta_swap_current': 14798848, 'swap_saturated': False, 'workingset_refault_anon': 7021})
[puff_manager] pf-test-3: 호스트 여유 없음 (assigned=3631MiB budget=3119MiB), puff 건너뜀
[container_monitor] pf-test-3: 이미 suspend 상태, 재적용 생략
[container_monitor] pf-test-3: current=920.0MiB swap=99.7MiB max=981.0MiB cpu.usage_usec=4094329 method=swap_current_delta_fallback detail={'delta_swap_current': 0, 'swap_saturated': False, 'workingset_refault_anon': 7021} events={'low': 0, 'high': 0, 'max': 10, 'oom': 0, 'oom_kill': 0, 'oom_group_kill': 0}
[container_monitor] pf-test-3: current=920.0MiB swap=99.7MiB max=981.0MiB cpu.usage_usec=4098407 method=swap_current_delta_fallback detail={'delta_swap_current': 0, 'swap_saturated': False, 'workingset_refault_anon': 7021} events={'low': 0, 'high': 0, 'max': 10, 'oom': 0, 'oom_kill': 0, 'oom_group_kill': 0}
[container_monitor] pf-test-3: current=920.0MiB swap=99.7MiB max=981.0MiB cpu.usage_usec=4104029 method=swap_current_delta_fallback detail={'delta_swap_current': 0, 'swap_saturated': False, 'workingset_refault_anon': 7021} events={'low': 0, 'high': 0, 'max': 10, 'oom': 0, 'oom_kill': 0, 'oom_group_kill': 0}
[container_monitor] pf-test-3: current=920.0MiB swap=99.7MiB max=981.0MiB cpu.usage_usec=4108473 method=swap_current_delta_fallback detail={'delta_swap_current': 0, 'swap_saturated': False, 'workingset_refault_anon': 7021} events={'low': 0, 'high': 0, 'max': 10, 'oom': 0, 'oom_kill': 0, 'oom_group_kill': 0}
[container_monitor] pf-test-3: current=913.8MiB swap=106.7MiB max=981.0MiB cpu.usage_usec=4113946 method=swap_current_delta_fallback detail={'delta_swap_current': 7290880, 'swap_saturated': False, 'workingset_refault_anon': 7021} events={'low': 0, 'high': 0, 'max': 10, 'oom': 0, 'oom_kill': 0, 'oom_group_kill': 0}
[container_monitor] pf-test-3: OCM 감지 (method=swap_current_delta_fallback, detail={'delta_swap_current': 7290880, 'swap_saturated': False, 'workingset_refault_anon': 7021})
[puff_manager] pf-test-3: 호스트 여유 없음 (assigned=3631MiB budget=3119MiB), puff 건너뜀
[container_monitor] pf-test-3: 이미 suspend 상태, 재적용 생략
[container_monitor] pf-test-3: current=913.8MiB swap=106.7MiB max=981.0MiB cpu.usage_usec=4118898 method=swap_current_delta_fallback detail={'delta_swap_current': 0, 'swap_saturated': False, 'workingset_refault_anon': 7021} events={'low': 0, 'high': 0, 'max': 10, 'oom': 0, 'oom_kill': 0, 'oom_group_kill': 0}
[container_monitor] pf-test-3: current=913.8MiB swap=106.7MiB max=981.0MiB cpu.usage_usec=4123915 method=swap_current_delta_fallback detail={'delta_swap_current': 0, 'swap_saturated': False, 'workingset_refault_anon': 7021} events={'low': 0, 'high': 0, 'max': 10, 'oom': 0, 'oom_kill': 0, 'oom_group_kill': 0}
[container_monitor] pf-test-3: current=907.4MiB swap=114.7MiB max=981.0MiB cpu.usage_usec=4128825 method=swap_current_delta_fallback detail={'delta_swap_current': 8396800, 'swap_saturated': False, 'workingset_refault_anon': 7021} events={'low': 0, 'high': 0, 'max': 10, 'oom': 0, 'oom_kill': 0, 'oom_group_kill': 0}
[container_monitor] pf-test-3: OCM 감지 (method=swap_current_delta_fallback, detail={'delta_swap_current': 8396800, 'swap_saturated': False, 'workingset_refault_anon': 7021})
[puff_manager] pf-test-3: 호스트 여유 없음 (assigned=3631MiB budget=3119MiB), puff 건너뜀
[container_monitor] pf-test-3: 이미 suspend 상태, 재적용 생략
[container_monitor] pf-test-3: current=904.7MiB swap=115.1MiB max=981.0MiB cpu.usage_usec=4135106 method=swap_current_delta_fallback detail={'delta_swap_current': 413696, 'swap_saturated': False, 'workingset_refault_anon': 7021} events={'low': 0, 'high': 0, 'max': 10, 'oom': 0, 'oom_kill': 0, 'oom_group_kill': 0}
[container_monitor] pf-test-3: OCM 감지 (method=swap_current_delta_fallback, detail={'delta_swap_current': 413696, 'swap_saturated': False, 'workingset_refault_anon': 7021})
[puff_manager] pf-test-3: 호스트 여유 없음 (assigned=3631MiB budget=3119MiB), puff 건너뜀
[container_monitor] pf-test-3: 이미 suspend 상태, 재적용 생략
[container_monitor] pf-test-3: current=898.4MiB swap=123.2MiB max=981.0MiB cpu.usage_usec=4140791 method=swap_current_delta_fallback detail={'delta_swap_current': 8499200, 'swap_saturated': True, 'workingset_refault_anon': 7021} events={'low': 0, 'high': 0, 'max': 10, 'oom': 0, 'oom_kill': 0, 'oom_group_kill': 0}
[container_monitor] pf-test-3: OCM 감지 (method=swap_current_delta_fallback, detail={'delta_swap_current': 8499200, 'swap_saturated': True, 'workingset_refault_anon': 7021})
[puff_manager] pf-test-3: 호스트 여유 없음 (assigned=3631MiB budget=3119MiB), puff 건너뜀
[container_monitor] pf-test-3: 이미 suspend 상태, 재적용 생략
[container_monitor] pf-test-3: current=892.9MiB swap=127.3MiB max=981.0MiB cpu.usage_usec=4146653 method=swap_current_delta_fallback detail={'delta_swap_current': 4288512, 'swap_saturated': True, 'workingset_refault_anon': 7021} events={'low': 0, 'high': 0, 'max': 10, 'oom': 0, 'oom_kill': 0, 'oom_group_kill': 0}
[container_monitor] pf-test-3: OCM 감지 (method=swap_current_delta_fallback, detail={'delta_swap_current': 4288512, 'swap_saturated': True, 'workingset_refault_anon': 7021})
[puff_manager] pf-test-3: 호스트 여유 없음 (assigned=3631MiB budget=3119MiB), puff 건너뜀
[container_monitor] pf-test-3: 이미 suspend 상태, 재적용 생략
[container_monitor] pf-test-3: current=892.9MiB swap=127.3MiB max=981.0MiB cpu.usage_usec=4152720 method=swap_current_delta_fallback detail={'delta_swap_current': 0, 'swap_saturated': True, 'workingset_refault_anon': 7021} events={'low': 0, 'high': 0, 'max': 10, 'oom': 0, 'oom_kill': 0, 'oom_group_kill': 0}
[container_monitor] pf-test-3: OCM 감지 (method=swap_current_delta_fallback, detail={'delta_swap_current': 0, 'swap_saturated': True, 'workingset_refault_anon': 7021})
[puff_manager] pf-test-3: 호스트 여유 없음 (assigned=3631MiB budget=3119MiB), puff 건너뜀
[container_monitor] pf-test-3: 이미 suspend 상태, 재적용 생략
[container_monitor] pf-test-3: current=892.9MiB swap=127.3MiB max=981.0MiB cpu.usage_usec=4158399 method=swap_current_delta_fallback detail={'delta_swap_current': 0, 'swap_saturated': True, 'workingset_refault_anon': 7021} events={'low': 0, 'high': 0, 'max': 10, 'oom': 0, 'oom_kill': 0, 'oom_group_kill': 0}
[container_monitor] pf-test-3: OCM 감지 (method=swap_current_delta_fallback, detail={'delta_swap_current': 0, 'swap_saturated': True, 'workingset_refault_anon': 7021})
[puff_manager] pf-test-3: 호스트 여유 없음 (assigned=3631MiB budget=3119MiB), puff 건너뜀
[container_monitor] pf-test-3: 이미 suspend 상태, 재적용 생략
[container_monitor] pf-test-3: current=892.1MiB swap=127.3MiB max=981.0MiB cpu.usage_usec=4164726 method=swap_current_delta_fallback detail={'delta_swap_current': 0, 'swap_saturated': True, 'workingset_refault_anon': 7021} events={'low': 0, 'high': 0, 'max': 10, 'oom': 0, 'oom_kill': 0, 'oom_group_kill': 0}
[container_monitor] pf-test-3: OCM 감지 (method=swap_current_delta_fallback, detail={'delta_swap_current': 0, 'swap_saturated': True, 'workingset_refault_anon': 7021})
[puff_manager] pf-test-3: 호스트 여유 없음 (assigned=3631MiB budget=3119MiB), puff 건너뜀
[container_monitor] pf-test-3: 이미 suspend 상태, 재적용 생략
[container_monitor] pf-test-3: current=891.3MiB swap=128.0MiB max=981.0MiB cpu.usage_usec=4171597 method=swap_current_delta_fallback detail={'delta_swap_current': 745472, 'swap_saturated': True, 'workingset_refault_anon': 7021} events={'low': 0, 'high': 0, 'max': 10, 'oom': 0, 'oom_kill': 0, 'oom_group_kill': 0}
[container_monitor] pf-test-3: OCM 감지 (method=swap_current_delta_fallback, detail={'delta_swap_current': 745472, 'swap_saturated': True, 'workingset_refault_anon': 7021})
[puff_manager] pf-test-3: 호스트 여유 없음 (assigned=3631MiB budget=3119MiB), puff 건너뜀
[container_monitor] pf-test-3: 이미 suspend 상태, 재적용 생략
[container_monitor] pf-test-3: current=891.3MiB swap=128.0MiB max=981.0MiB cpu.usage_usec=4178634 method=swap_current_delta_fallback detail={'delta_swap_current': 0, 'swap_saturated': True, 'workingset_refault_anon': 7021} events={'low': 0, 'high': 0, 'max': 10, 'oom': 0, 'oom_kill': 0, 'oom_group_kill': 0}
[container_monitor] pf-test-3: OCM 감지 (method=swap_current_delta_fallback, detail={'delta_swap_current': 0, 'swap_saturated': True, 'workingset_refault_anon': 7021})
[puff_manager] pf-test-3: 호스트 여유 없음 (assigned=3631MiB budget=3119MiB), puff 건너뜀
[container_monitor] pf-test-3: 이미 suspend 상태, 재적용 생략
[container_monitor] pf-test-3: current=891.3MiB swap=128.0MiB max=981.0MiB cpu.usage_usec=4183259 method=swap_current_delta_fallback detail={'delta_swap_current': 0, 'swap_saturated': True, 'workingset_refault_anon': 7021} events={'low': 0, 'high': 0, 'max': 10, 'oom': 0, 'oom_kill': 0, 'oom_group_kill': 0}
[container_monitor] pf-test-3: OCM 감지 (method=swap_current_delta_fallback, detail={'delta_swap_current': 0, 'swap_saturated': True, 'workingset_refault_anon': 7021})
[puff_manager] pf-test-3: 호스트 여유 없음 (assigned=3631MiB budget=3119MiB), puff 건너뜀
[container_monitor] pf-test-3: 이미 suspend 상태, 재적용 생략
[container_monitor] pf-test-3: current=891.3MiB swap=128.0MiB max=981.0MiB cpu.usage_usec=4188522 method=swap_current_delta_fallback detail={'delta_swap_current': 0, 'swap_saturated': True, 'workingset_refault_anon': 7021} events={'low': 0, 'high': 0, 'max': 10, 'oom': 0, 'oom_kill': 0, 'oom_group_kill': 0}
[container_monitor] pf-test-3: OCM 감지 (method=swap_current_delta_fallback, detail={'delta_swap_current': 0, 'swap_saturated': True, 'workingset_refault_anon': 7021})
[puff_manager] pf-test-3: 호스트 여유 없음 (assigned=3631MiB budget=3119MiB), puff 건너뜀
[container_monitor] pf-test-3: 이미 suspend 상태, 재적용 생략
[container_monitor] pf-test-3: current=891.3MiB swap=128.0MiB max=981.0MiB cpu.usage_usec=4194717 method=swap_current_delta_fallback detail={'delta_swap_current': 0, 'swap_saturated': True, 'workingset_refault_anon': 7021} events={'low': 0, 'high': 0, 'max': 10, 'oom': 0, 'oom_kill': 0, 'oom_group_kill': 0}
[container_monitor] pf-test-3: OCM 감지 (method=swap_current_delta_fallback, detail={'delta_swap_current': 0, 'swap_saturated': True, 'workingset_refault_anon': 7021})
[puff_manager] pf-test-3: 호스트 여유 없음 (assigned=3631MiB budget=3119MiB), puff 건너뜀
[container_monitor] pf-test-3: 이미 suspend 상태, 재적용 생략
[container_monitor] pf-test-3: current=891.3MiB swap=128.0MiB max=981.0MiB cpu.usage_usec=4200936 method=swap_current_delta_fallback detail={'delta_swap_current': 0, 'swap_saturated': True, 'workingset_refault_anon': 7021} events={'low': 0, 'high': 0, 'max': 10, 'oom': 0, 'oom_kill': 0, 'oom_group_kill': 0}
[container_monitor] pf-test-3: OCM 감지 (method=swap_current_delta_fallback, detail={'delta_swap_current': 0, 'swap_saturated': True, 'workingset_refault_anon': 7021})
[puff_manager] pf-test-3: 호스트 여유 없음 (assigned=3631MiB budget=3119MiB), puff 건너뜀
[container_monitor] pf-test-3: 이미 suspend 상태, 재적용 생략
[container_monitor] pf-test-3: current=891.3MiB swap=128.0MiB max=981.0MiB cpu.usage_usec=4206557 method=swap_current_delta_fallback detail={'delta_swap_current': 0, 'swap_saturated': True, 'workingset_refault_anon': 7021} events={'low': 0, 'high': 0, 'max': 10, 'oom': 0, 'oom_kill': 0, 'oom_group_kill': 0}
[container_monitor] pf-test-3: OCM 감지 (method=swap_current_delta_fallback, detail={'delta_swap_current': 0, 'swap_saturated': True, 'workingset_refault_anon': 7021})
[puff_manager] pf-test-3: 호스트 여유 없음 (assigned=3631MiB budget=3119MiB), puff 건너뜀
[container_monitor] pf-test-3: 이미 suspend 상태, 재적용 생략
[container_monitor] pf-test-3: current=892.1MiB swap=127.2MiB max=981.0MiB cpu.usage_usec=4211498 method=swap_current_delta_fallback detail={'delta_swap_current': -860160, 'swap_saturated': True, 'workingset_refault_anon': 7239} events={'low': 0, 'high': 0, 'max': 10, 'oom': 0, 'oom_kill': 0, 'oom_group_kill': 0}
[container_monitor] pf-test-3: OCM 감지 (method=swap_current_delta_fallback, detail={'delta_swap_current': -860160, 'swap_saturated': True, 'workingset_refault_anon': 7239})
[puff_manager] pf-test-3: 호스트 여유 없음 (assigned=3631MiB budget=3119MiB), puff 건너뜀
[container_monitor] pf-test-3: 이미 suspend 상태, 재적용 생략
[container_monitor] pf-test-3: current=892.1MiB swap=127.2MiB max=981.0MiB cpu.usage_usec=4217930 method=swap_current_delta_fallback detail={'delta_swap_current': 0, 'swap_saturated': True, 'workingset_refault_anon': 7239} events={'low': 0, 'high': 0, 'max': 10, 'oom': 0, 'oom_kill': 0, 'oom_group_kill': 0}
[container_monitor] pf-test-3: OCM 감지 (method=swap_current_delta_fallback, detail={'delta_swap_current': 0, 'swap_saturated': True, 'workingset_refault_anon': 7239})
[puff_manager] pf-test-3: 호스트 여유 없음 (assigned=3631MiB budget=3119MiB), puff 건너뜀
[container_monitor] pf-test-3: 이미 suspend 상태, 재적용 생략
[container_monitor] pf-test-3: current=892.1MiB swap=127.2MiB max=981.0MiB cpu.usage_usec=4223645 method=swap_current_delta_fallback detail={'delta_swap_current': 0, 'swap_saturated': True, 'workingset_refault_anon': 7239} events={'low': 0, 'high': 0, 'max': 10, 'oom': 0, 'oom_kill': 0, 'oom_group_kill': 0}
[container_monitor] pf-test-3: OCM 감지 (method=swap_current_delta_fallback, detail={'delta_swap_current': 0, 'swap_saturated': True, 'workingset_refault_anon': 7239})
[puff_manager] pf-test-3: 호스트 여유 없음 (assigned=3631MiB budget=3119MiB), puff 건너뜀
[container_monitor] pf-test-3: 이미 suspend 상태, 재적용 생략
[container_monitor] pf-test-3: current=891.6MiB swap=128.0MiB max=981.0MiB cpu.usage_usec=4229804 method=swap_current_delta_fallback detail={'delta_swap_current': 860160, 'swap_saturated': True, 'workingset_refault_anon': 7239} events={'low': 0, 'high': 0, 'max': 10, 'oom': 0, 'oom_kill': 0, 'oom_group_kill': 0}
[container_monitor] pf-test-3: OCM 감지 (method=swap_current_delta_fallback, detail={'delta_swap_current': 860160, 'swap_saturated': True, 'workingset_refault_anon': 7239})
[puff_manager] pf-test-3: 호스트 여유 없음 (assigned=3631MiB budget=3119MiB), puff 건너뜀
[container_monitor] pf-test-3: 이미 suspend 상태, 재적용 생략
[container_monitor] pf-test-3: current=891.6MiB swap=128.0MiB max=981.0MiB cpu.usage_usec=4235301 method=swap_current_delta_fallback detail={'delta_swap_current': 0, 'swap_saturated': True, 'workingset_refault_anon': 7239} events={'low': 0, 'high': 0, 'max': 10, 'oom': 0, 'oom_kill': 0, 'oom_group_kill': 0}
[container_monitor] pf-test-3: OCM 감지 (method=swap_current_delta_fallback, detail={'delta_swap_current': 0, 'swap_saturated': True, 'workingset_refault_anon': 7239})
[puff_manager] pf-test-3: 호스트 여유 없음 (assigned=3631MiB budget=3119MiB), puff 건너뜀
[container_monitor] pf-test-3: 이미 suspend 상태, 재적용 생략
[container_monitor] pf-test-3: current=891.6MiB swap=128.0MiB max=981.0MiB cpu.usage_usec=4240536 method=swap_current_delta_fallback detail={'delta_swap_current': 0, 'swap_saturated': True, 'workingset_refault_anon': 7243} events={'low': 0, 'high': 0, 'max': 10, 'oom': 0, 'oom_kill': 0, 'oom_group_kill': 0}
[container_monitor] pf-test-3: OCM 감지 (method=swap_current_delta_fallback, detail={'delta_swap_current': 0, 'swap_saturated': True, 'workingset_refault_anon': 7243})
[puff_manager] pf-test-3: 호스트 여유 없음 (assigned=3631MiB budget=3119MiB), puff 건너뜀
[container_monitor] pf-test-3: 이미 suspend 상태, 재적용 생략
[container_monitor] pf-test-3: current=891.6MiB swap=128.0MiB max=981.0MiB cpu.usage_usec=4246892 method=swap_current_delta_fallback detail={'delta_swap_current': -16384, 'swap_saturated': True, 'workingset_refault_anon': 7247} events={'low': 0, 'high': 0, 'max': 10, 'oom': 0, 'oom_kill': 0, 'oom_group_kill': 0}
[container_monitor] pf-test-3: OCM 감지 (method=swap_current_delta_fallback, detail={'delta_swap_current': -16384, 'swap_saturated': True, 'workingset_refault_anon': 7247})
[puff_manager] pf-test-3: 호스트 여유 없음 (assigned=3631MiB budget=3119MiB), puff 건너뜀
[container_monitor] pf-test-3: 이미 suspend 상태, 재적용 생략
[container_monitor] pf-test-3: current=893.1MiB swap=126.5MiB max=981.0MiB cpu.usage_usec=4251720 method=swap_current_delta_fallback detail={'delta_swap_current': -1572864, 'swap_saturated': True, 'workingset_refault_anon': 7631} events={'low': 0, 'high': 0, 'max': 10, 'oom': 0, 'oom_kill': 0, 'oom_group_kill': 0}
[container_monitor] pf-test-3: OCM 감지 (method=swap_current_delta_fallback, detail={'delta_swap_current': -1572864, 'swap_saturated': True, 'workingset_refault_anon': 7631})
[puff_manager] pf-test-3: 호스트 여유 없음 (assigned=3631MiB budget=3119MiB), puff 건너뜀
[container_monitor] pf-test-3: 이미 suspend 상태, 재적용 생략
[container_monitor] pf-test-3: current=895.4MiB swap=123.9MiB max=981.0MiB cpu.usage_usec=4257379 method=swap_current_delta_fallback detail={'delta_swap_current': -2670592, 'swap_saturated': True, 'workingset_refault_anon': 8301} events={'low': 0, 'high': 0, 'max': 10, 'oom': 0, 'oom_kill': 0, 'oom_group_kill': 0}
[container_monitor] pf-test-3: OCM 감지 (method=swap_current_delta_fallback, detail={'delta_swap_current': -2670592, 'swap_saturated': True, 'workingset_refault_anon': 8301})
[puff_manager] pf-test-3: 호스트 여유 없음 (assigned=3631MiB budget=3119MiB), puff 건너뜀
[container_monitor] pf-test-3: 이미 suspend 상태, 재적용 생략
[container_monitor] pf-test-3: current=897.5MiB swap=122.0MiB max=981.0MiB cpu.usage_usec=4262598 method=swap_current_delta_fallback detail={'delta_swap_current': -2056192, 'swap_saturated': True, 'workingset_refault_anon': 8845} events={'low': 0, 'high': 0, 'max': 10, 'oom': 0, 'oom_kill': 0, 'oom_group_kill': 0}
[container_monitor] pf-test-3: OCM 감지 (method=swap_current_delta_fallback, detail={'delta_swap_current': -2056192, 'swap_saturated': True, 'workingset_refault_anon': 8845})
[puff_manager] pf-test-3: 호스트 여유 없음 (assigned=3631MiB budget=3119MiB), puff 건너뜀
[container_monitor] pf-test-3: 이미 suspend 상태, 재적용 생략
[container_monitor] pf-test-3: current=898.3MiB swap=121.1MiB max=981.0MiB cpu.usage_usec=4268447 method=swap_current_delta_fallback detail={'delta_swap_current': -954368, 'swap_saturated': False, 'workingset_refault_anon': 9061} events={'low': 0, 'high': 0, 'max': 10, 'oom': 0, 'oom_kill': 0, 'oom_group_kill': 0}
[container_monitor] pf-test-3: current=898.6MiB swap=120.8MiB max=981.0MiB cpu.usage_usec=4274058 method=swap_current_delta_fallback detail={'delta_swap_current': -262144, 'swap_saturated': False, 'workingset_refault_anon': 9149} events={'low': 0, 'high': 0, 'max': 10, 'oom': 0, 'oom_kill': 0, 'oom_group_kill': 0}
[container_monitor] pf-test-3: current=898.9MiB swap=120.4MiB max=981.0MiB cpu.usage_usec=4278844 method=swap_current_delta_fallback detail={'delta_swap_current': -438272, 'swap_saturated': False, 'workingset_refault_anon': 9213} events={'low': 0, 'high': 0, 'max': 10, 'oom': 0, 'oom_kill': 0, 'oom_group_kill': 0}
[container_monitor] pf-test-3: current=898.9MiB swap=120.4MiB max=981.0MiB cpu.usage_usec=4284371 method=swap_current_delta_fallback detail={'delta_swap_current': 0, 'swap_saturated': False, 'workingset_refault_anon': 9213} events={'low': 0, 'high': 0, 'max': 10, 'oom': 0, 'oom_kill': 0, 'oom_group_kill': 0}
[container_monitor] pf-test-3: current=898.9MiB swap=120.4MiB max=981.0MiB cpu.usage_usec=4288503 method=swap_current_delta_fallback detail={'delta_swap_current': 0, 'swap_saturated': False, 'workingset_refault_anon': 9213} events={'low': 0, 'high': 0, 'max': 10, 'oom': 0, 'oom_kill': 0, 'oom_group_kill': 0}
[container_monitor] pf-test-3: current=898.9MiB swap=120.4MiB max=981.0MiB cpu.usage_usec=4293425 method=swap_current_delta_fallback detail={'delta_swap_current': 32768, 'swap_saturated': False, 'workingset_refault_anon': 9213} events={'low': 0, 'high': 0, 'max': 10, 'oom': 0, 'oom_kill': 0, 'oom_group_kill': 0}
[container_monitor] pf-test-3: OCM 감지 (method=swap_current_delta_fallback, detail={'delta_swap_current': 32768, 'swap_saturated': False, 'workingset_refault_anon': 9213})
[puff_manager] pf-test-3: 호스트 여유 없음 (assigned=3631MiB budget=3119MiB), puff 건너뜀
[container_monitor] pf-test-3: 이미 suspend 상태, 재적용 생략
[container_monitor] pf-test-3: current=898.9MiB swap=120.4MiB max=981.0MiB cpu.usage_usec=4300371 method=swap_current_delta_fallback detail={'delta_swap_current': 0, 'swap_saturated': False, 'workingset_refault_anon': 9213} events={'low': 0, 'high': 0, 'max': 10, 'oom': 0, 'oom_kill': 0, 'oom_group_kill': 0}
[container_monitor] pf-test-3: current=898.9MiB swap=120.4MiB max=981.0MiB cpu.usage_usec=4305167 method=swap_current_delta_fallback detail={'delta_swap_current': 0, 'swap_saturated': False, 'workingset_refault_anon': 9213} events={'low': 0, 'high': 0, 'max': 10, 'oom': 0, 'oom_kill': 0, 'oom_group_kill': 0}
[container_monitor] pf-test-3: current=895.8MiB swap=128.0MiB max=981.0MiB cpu.usage_usec=4309575 method=swap_current_delta_fallback detail={'delta_swap_current': 7938048, 'swap_saturated': True, 'workingset_refault_anon': 9213} events={'low': 0, 'high': 0, 'max': 10, 'oom': 0, 'oom_kill': 0, 'oom_group_kill': 0}
[container_monitor] pf-test-3: OCM 감지 (method=swap_current_delta_fallback, detail={'delta_swap_current': 7938048, 'swap_saturated': True, 'workingset_refault_anon': 9213})
[puff_manager] pf-test-3: 호스트 여유 없음 (assigned=3631MiB budget=3119MiB), puff 건너뜀
[container_monitor] pf-test-3: 이미 suspend 상태, 재적용 생략
[container_monitor] pf-test-3: current=895.8MiB swap=128.0MiB max=981.0MiB cpu.usage_usec=4315762 method=swap_current_delta_fallback detail={'delta_swap_current': 0, 'swap_saturated': True, 'workingset_refault_anon': 9213} events={'low': 0, 'high': 0, 'max': 10, 'oom': 0, 'oom_kill': 0, 'oom_group_kill': 0}
[container_monitor] pf-test-3: OCM 감지 (method=swap_current_delta_fallback, detail={'delta_swap_current': 0, 'swap_saturated': True, 'workingset_refault_anon': 9213})
[puff_manager] pf-test-3: 호스트 여유 없음 (assigned=3631MiB budget=3119MiB), puff 건너뜀
[container_monitor] pf-test-3: 이미 suspend 상태, 재적용 생략
[container_monitor] pf-test-3: current=895.8MiB swap=128.0MiB max=981.0MiB cpu.usage_usec=4321912 method=swap_current_delta_fallback detail={'delta_swap_current': 0, 'swap_saturated': True, 'workingset_refault_anon': 9214} events={'low': 0, 'high': 0, 'max': 10, 'oom': 0, 'oom_kill': 0, 'oom_group_kill': 0}
[container_monitor] pf-test-3: OCM 감지 (method=swap_current_delta_fallback, detail={'delta_swap_current': 0, 'swap_saturated': True, 'workingset_refault_anon': 9214})
[puff_manager] pf-test-3: 호스트 여유 없음 (assigned=3631MiB budget=3119MiB), puff 건너뜀
[container_monitor] pf-test-3: 이미 suspend 상태, 재적용 생략
[container_monitor] pf-test-3: current=895.8MiB swap=128.0MiB max=981.0MiB cpu.usage_usec=4327751 method=swap_current_delta_fallback detail={'delta_swap_current': 0, 'swap_saturated': True, 'workingset_refault_anon': 9214} events={'low': 0, 'high': 0, 'max': 10, 'oom': 0, 'oom_kill': 0, 'oom_group_kill': 0}
[container_monitor] pf-test-3: OCM 감지 (method=swap_current_delta_fallback, detail={'delta_swap_current': 0, 'swap_saturated': True, 'workingset_refault_anon': 9214})
[puff_manager] pf-test-3: 호스트 여유 없음 (assigned=3631MiB budget=3119MiB), puff 건너뜀
[container_monitor] pf-test-3: 이미 suspend 상태, 재적용 생략
[container_monitor] pf-test-3: current=895.8MiB swap=128.0MiB max=981.0MiB cpu.usage_usec=4333405 method=swap_current_delta_fallback detail={'delta_swap_current': 0, 'swap_saturated': True, 'workingset_refault_anon': 9214} events={'low': 0, 'high': 0, 'max': 10, 'oom': 0, 'oom_kill': 0, 'oom_group_kill': 0}
[container_monitor] pf-test-3: OCM 감지 (method=swap_current_delta_fallback, detail={'delta_swap_current': 0, 'swap_saturated': True, 'workingset_refault_anon': 9214})
[puff_manager] pf-test-3: 호스트 여유 없음 (assigned=3631MiB budget=3119MiB), puff 건너뜀
[container_monitor] pf-test-3: 이미 suspend 상태, 재적용 생략
[container_monitor] pf-test-3: current=895.8MiB swap=128.0MiB max=981.0MiB cpu.usage_usec=4339428 method=swap_current_delta_fallback detail={'delta_swap_current': 0, 'swap_saturated': True, 'workingset_refault_anon': 9214} events={'low': 0, 'high': 0, 'max': 10, 'oom': 0, 'oom_kill': 0, 'oom_group_kill': 0}
[container_monitor] pf-test-3: OCM 감지 (method=swap_current_delta_fallback, detail={'delta_swap_current': 0, 'swap_saturated': True, 'workingset_refault_anon': 9214})
[puff_manager] pf-test-3: 호스트 여유 없음 (assigned=3631MiB budget=3119MiB), puff 건너뜀
[container_monitor] pf-test-3: 이미 suspend 상태, 재적용 생략
[container_monitor] pf-test-3: current=895.8MiB swap=128.0MiB max=981.0MiB cpu.usage_usec=4345887 method=swap_current_delta_fallback detail={'delta_swap_current': 0, 'swap_saturated': True, 'workingset_refault_anon': 9214} events={'low': 0, 'high': 0, 'max': 10, 'oom': 0, 'oom_kill': 0, 'oom_group_kill': 0}
[container_monitor] pf-test-3: OCM 감지 (method=swap_current_delta_fallback, detail={'delta_swap_current': 0, 'swap_saturated': True, 'workingset_refault_anon': 9214})
[puff_manager] pf-test-3: 호스트 여유 없음 (assigned=3631MiB budget=3119MiB), puff 건너뜀
[container_monitor] pf-test-3: 이미 suspend 상태, 재적용 생략
[container_monitor] pf-test-3: current=895.8MiB swap=128.0MiB max=981.0MiB cpu.usage_usec=4351924 method=swap_current_delta_fallback detail={'delta_swap_current': 0, 'swap_saturated': True, 'workingset_refault_anon': 9214} events={'low': 0, 'high': 0, 'max': 10, 'oom': 0, 'oom_kill': 0, 'oom_group_kill': 0}
[container_monitor] pf-test-3: OCM 감지 (method=swap_current_delta_fallback, detail={'delta_swap_current': 0, 'swap_saturated': True, 'workingset_refault_anon': 9214})
[puff_manager] pf-test-3: 호스트 여유 없음 (assigned=3631MiB budget=3119MiB), puff 건너뜀
[container_monitor] pf-test-3: 이미 suspend 상태, 재적용 생략
[container_monitor] pf-test-3: current=895.8MiB swap=128.0MiB max=981.0MiB cpu.usage_usec=4357166 method=swap_current_delta_fallback detail={'delta_swap_current': 0, 'swap_saturated': True, 'workingset_refault_anon': 9214} events={'low': 0, 'high': 0, 'max': 10, 'oom': 0, 'oom_kill': 0, 'oom_group_kill': 0}
[container_monitor] pf-test-3: OCM 감지 (method=swap_current_delta_fallback, detail={'delta_swap_current': 0, 'swap_saturated': True, 'workingset_refault_anon': 9214})
[puff_manager] pf-test-3: 호스트 여유 없음 (assigned=3631MiB budget=3119MiB), puff 건너뜀
[container_monitor] pf-test-3: 이미 suspend 상태, 재적용 생략
[container_monitor] pf-test-3: current=895.8MiB swap=128.0MiB max=981.0MiB cpu.usage_usec=4363016 method=swap_current_delta_fallback detail={'delta_swap_current': 0, 'swap_saturated': True, 'workingset_refault_anon': 9214} events={'low': 0, 'high': 0, 'max': 10, 'oom': 0, 'oom_kill': 0, 'oom_group_kill': 0}
[container_monitor] pf-test-3: OCM 감지 (method=swap_current_delta_fallback, detail={'delta_swap_current': 0, 'swap_saturated': True, 'workingset_refault_anon': 9214})
[puff_manager] pf-test-3: 호스트 여유 없음 (assigned=3631MiB budget=3119MiB), puff 건너뜀
[container_monitor] pf-test-3: 이미 suspend 상태, 재적용 생략
[container_monitor] pf-test-3: current=895.8MiB swap=128.0MiB max=981.0MiB cpu.usage_usec=4368991 method=swap_current_delta_fallback detail={'delta_swap_current': 0, 'swap_saturated': True, 'workingset_refault_anon': 9214} events={'low': 0, 'high': 0, 'max': 10, 'oom': 0, 'oom_kill': 0, 'oom_group_kill': 0}
[container_monitor] pf-test-3: OCM 감지 (method=swap_current_delta_fallback, detail={'delta_swap_current': 0, 'swap_saturated': True, 'workingset_refault_anon': 9214})
[puff_manager] pf-test-3: 호스트 여유 없음 (assigned=3631MiB budget=3119MiB), puff 건너뜀
[container_monitor] pf-test-3: 이미 suspend 상태, 재적용 생략
[container_monitor] pf-test-3: current=895.8MiB swap=128.0MiB max=981.0MiB cpu.usage_usec=4374907 method=swap_current_delta_fallback detail={'delta_swap_current': 0, 'swap_saturated': True, 'workingset_refault_anon': 9214} events={'low': 0, 'high': 0, 'max': 10, 'oom': 0, 'oom_kill': 0, 'oom_group_kill': 0}
[container_monitor] pf-test-3: OCM 감지 (method=swap_current_delta_fallback, detail={'delta_swap_current': 0, 'swap_saturated': True, 'workingset_refault_anon': 9214})
[puff_manager] pf-test-3: 호스트 여유 없음 (assigned=3631MiB budget=3119MiB), puff 건너뜀
[container_monitor] pf-test-3: 이미 suspend 상태, 재적용 생략
[container_monitor] pf-test-3: current=895.8MiB swap=128.0MiB max=981.0MiB cpu.usage_usec=4380544 method=swap_current_delta_fallback detail={'delta_swap_current': 0, 'swap_saturated': True, 'workingset_refault_anon': 9214} events={'low': 0, 'high': 0, 'max': 10, 'oom': 0, 'oom_kill': 0, 'oom_group_kill': 0}
[container_monitor] pf-test-3: OCM 감지 (method=swap_current_delta_fallback, detail={'delta_swap_current': 0, 'swap_saturated': True, 'workingset_refault_anon': 9214})
[puff_manager] pf-test-3: 호스트 여유 없음 (assigned=3631MiB budget=3119MiB), puff 건너뜀
[container_monitor] pf-test-3: 이미 suspend 상태, 재적용 생략
[container_monitor] pf-test-3: current=895.8MiB swap=128.0MiB max=981.0MiB cpu.usage_usec=4386493 method=swap_current_delta_fallback detail={'delta_swap_current': 0, 'swap_saturated': True, 'workingset_refault_anon': 9215} events={'low': 0, 'high': 0, 'max': 10, 'oom': 0, 'oom_kill': 0, 'oom_group_kill': 0}
[container_monitor] pf-test-3: OCM 감지 (method=swap_current_delta_fallback, detail={'delta_swap_current': 0, 'swap_saturated': True, 'workingset_refault_anon': 9215})
[puff_manager] pf-test-3: 호스트 여유 없음 (assigned=3631MiB budget=3119MiB), puff 건너뜀
[container_monitor] pf-test-3: 이미 suspend 상태, 재적용 생략
[container_monitor] pf-test-3: current=895.8MiB swap=128.0MiB max=981.0MiB cpu.usage_usec=4392867 method=swap_current_delta_fallback detail={'delta_swap_current': 0, 'swap_saturated': True, 'workingset_refault_anon': 9215} events={'low': 0, 'high': 0, 'max': 10, 'oom': 0, 'oom_kill': 0, 'oom_group_kill': 0}
[container_monitor] pf-test-3: OCM 감지 (method=swap_current_delta_fallback, detail={'delta_swap_current': 0, 'swap_saturated': True, 'workingset_refault_anon': 9215})
[puff_manager] pf-test-3: 호스트 여유 없음 (assigned=3631MiB budget=3119MiB), puff 건너뜀
[container_monitor] pf-test-3: 이미 suspend 상태, 재적용 생략
[container_monitor] pf-test-3: current=895.8MiB swap=128.0MiB max=981.0MiB cpu.usage_usec=4399233 method=swap_current_delta_fallback detail={'delta_swap_current': 0, 'swap_saturated': True, 'workingset_refault_anon': 9215} events={'low': 0, 'high': 0, 'max': 10, 'oom': 0, 'oom_kill': 0, 'oom_group_kill': 0}
[container_monitor] pf-test-3: OCM 감지 (method=swap_current_delta_fallback, detail={'delta_swap_current': 0, 'swap_saturated': True, 'workingset_refault_anon': 9215})
[puff_manager] pf-test-3: 호스트 여유 없음 (assigned=3631MiB budget=3119MiB), puff 건너뜀
[container_monitor] pf-test-3: 이미 suspend 상태, 재적용 생략
[container_monitor] pf-test-3: current=895.8MiB swap=128.0MiB max=981.0MiB cpu.usage_usec=4403962 method=swap_current_delta_fallback detail={'delta_swap_current': 0, 'swap_saturated': True, 'workingset_refault_anon': 9215} events={'low': 0, 'high': 0, 'max': 10, 'oom': 0, 'oom_kill': 0, 'oom_group_kill': 0}
[container_monitor] pf-test-3: OCM 감지 (method=swap_current_delta_fallback, detail={'delta_swap_current': 0, 'swap_saturated': True, 'workingset_refault_anon': 9215})
[puff_manager] pf-test-3: 호스트 여유 없음 (assigned=3631MiB budget=3119MiB), puff 건너뜀
[container_monitor] pf-test-3: 이미 suspend 상태, 재적용 생략
[container_monitor] pf-test-3: current=895.8MiB swap=128.0MiB max=981.0MiB cpu.usage_usec=4409674 method=swap_current_delta_fallback detail={'delta_swap_current': 0, 'swap_saturated': True, 'workingset_refault_anon': 9215} events={'low': 0, 'high': 0, 'max': 10, 'oom': 0, 'oom_kill': 0, 'oom_group_kill': 0}
[container_monitor] pf-test-3: OCM 감지 (method=swap_current_delta_fallback, detail={'delta_swap_current': 0, 'swap_saturated': True, 'workingset_refault_anon': 9215})
[puff_manager] pf-test-3: 호스트 여유 없음 (assigned=3631MiB budget=3119MiB), puff 건너뜀
[container_monitor] pf-test-3: 이미 suspend 상태, 재적용 생략
[container_monitor] pf-test-3: current=895.8MiB swap=128.0MiB max=981.0MiB cpu.usage_usec=4416277 method=swap_current_delta_fallback detail={'delta_swap_current': 0, 'swap_saturated': True, 'workingset_refault_anon': 9215} events={'low': 0, 'high': 0, 'max': 10, 'oom': 0, 'oom_kill': 0, 'oom_group_kill': 0}
[container_monitor] pf-test-3: OCM 감지 (method=swap_current_delta_fallback, detail={'delta_swap_current': 0, 'swap_saturated': True, 'workingset_refault_anon': 9215})
[puff_manager] pf-test-3: 호스트 여유 없음 (assigned=3631MiB budget=3119MiB), puff 건너뜀
[container_monitor] pf-test-3: 이미 suspend 상태, 재적용 생략
[container_monitor] pf-test-3: current=895.8MiB swap=128.0MiB max=981.0MiB cpu.usage_usec=4421380 method=swap_current_delta_fallback detail={'delta_swap_current': 0, 'swap_saturated': True, 'workingset_refault_anon': 9215} events={'low': 0, 'high': 0, 'max': 10, 'oom': 0, 'oom_kill': 0, 'oom_group_kill': 0}
[container_monitor] pf-test-3: OCM 감지 (method=swap_current_delta_fallback, detail={'delta_swap_current': 0, 'swap_saturated': True, 'workingset_refault_anon': 9215})
[puff_manager] pf-test-3: 호스트 여유 없음 (assigned=3631MiB budget=3119MiB), puff 건너뜀
[container_monitor] pf-test-3: 이미 suspend 상태, 재적용 생략
[container_monitor] pf-test-3: current=896.8MiB swap=127.1MiB max=981.0MiB cpu.usage_usec=4427753 method=swap_current_delta_fallback detail={'delta_swap_current': -937984, 'swap_saturated': True, 'workingset_refault_anon': 9239} events={'low': 0, 'high': 0, 'max': 10, 'oom': 0, 'oom_kill': 0, 'oom_group_kill': 0}
[container_monitor] pf-test-3: OCM 감지 (method=swap_current_delta_fallback, detail={'delta_swap_current': -937984, 'swap_saturated': True, 'workingset_refault_anon': 9239})
[puff_manager] pf-test-3: 호스트 여유 없음 (assigned=3631MiB budget=3119MiB), puff 건너뜀
[container_monitor] pf-test-3: 이미 suspend 상태, 재적용 생략
[container_monitor] pf-test-3: current=896.8MiB swap=127.1MiB max=981.0MiB cpu.usage_usec=4433664 method=swap_current_delta_fallback detail={'delta_swap_current': 0, 'swap_saturated': True, 'workingset_refault_anon': 9239} events={'low': 0, 'high': 0, 'max': 10, 'oom': 0, 'oom_kill': 0, 'oom_group_kill': 0}
[container_monitor] pf-test-3: OCM 감지 (method=swap_current_delta_fallback, detail={'delta_swap_current': 0, 'swap_saturated': True, 'workingset_refault_anon': 9239})
[puff_manager] pf-test-3: 호스트 여유 없음 (assigned=3631MiB budget=3119MiB), puff 건너뜀
[container_monitor] pf-test-3: 이미 suspend 상태, 재적용 생략
[container_monitor] pf-test-3: current=897.3MiB swap=126.6MiB max=981.0MiB cpu.usage_usec=4439746 method=swap_current_delta_fallback detail={'delta_swap_current': -520192, 'swap_saturated': True, 'workingset_refault_anon': 9243} events={'low': 0, 'high': 0, 'max': 10, 'oom': 0, 'oom_kill': 0, 'oom_group_kill': 0}
[container_monitor] pf-test-3: OCM 감지 (method=swap_current_delta_fallback, detail={'delta_swap_current': -520192, 'swap_saturated': True, 'workingset_refault_anon': 9243})
[puff_manager] pf-test-3: 호스트 여유 없음 (assigned=3631MiB budget=3119MiB), puff 건너뜀
[container_monitor] pf-test-3: 이미 suspend 상태, 재적용 생략
[container_monitor] pf-test-3: current=897.5MiB swap=126.6MiB max=981.0MiB cpu.usage_usec=4445611 method=swap_current_delta_fallback detail={'delta_swap_current': 0, 'swap_saturated': True, 'workingset_refault_anon': 9243} events={'low': 0, 'high': 0, 'max': 10, 'oom': 0, 'oom_kill': 0, 'oom_group_kill': 0}
[container_monitor] pf-test-3: OCM 감지 (method=swap_current_delta_fallback, detail={'delta_swap_current': 0, 'swap_saturated': True, 'workingset_refault_anon': 9243})
[puff_manager] pf-test-3: 호스트 여유 없음 (assigned=3631MiB budget=3119MiB), puff 건너뜀
[container_monitor] pf-test-3: 이미 suspend 상태, 재적용 생략
[container_monitor] pf-test-3: current=899.5MiB swap=124.5MiB max=981.0MiB cpu.usage_usec=4450501 method=swap_current_delta_fallback detail={'delta_swap_current': -2240512, 'swap_saturated': True, 'workingset_refault_anon': 9266} events={'low': 0, 'high': 0, 'max': 10, 'oom': 0, 'oom_kill': 0, 'oom_group_kill': 0}
[container_monitor] pf-test-3: OCM 감지 (method=swap_current_delta_fallback, detail={'delta_swap_current': -2240512, 'swap_saturated': True, 'workingset_refault_anon': 9266})
[puff_manager] pf-test-3: 호스트 여유 없음 (assigned=3631MiB budget=3119MiB), puff 건너뜀
[container_monitor] pf-test-3: 이미 suspend 상태, 재적용 생략
[container_monitor] pf-test-3: current=902.7MiB swap=121.3MiB max=981.0MiB cpu.usage_usec=4456372 method=swap_current_delta_fallback detail={'delta_swap_current': -3346432, 'swap_saturated': False, 'workingset_refault_anon': 9337} events={'low': 0, 'high': 0, 'max': 10, 'oom': 0, 'oom_kill': 0, 'oom_group_kill': 0}
[container_monitor] pf-test-3: current=904.7MiB swap=119.2MiB max=981.0MiB cpu.usage_usec=4461371 method=swap_current_delta_fallback detail={'delta_swap_current': -2199552, 'swap_saturated': False, 'workingset_refault_anon': 9348} events={'low': 0, 'high': 0, 'max': 10, 'oom': 0, 'oom_kill': 0, 'oom_group_kill': 0}
[container_monitor] pf-test-3: current=907.2MiB swap=116.8MiB max=981.0MiB cpu.usage_usec=4466370 method=swap_current_delta_fallback detail={'delta_swap_current': -2551808, 'swap_saturated': False, 'workingset_refault_anon': 9428} events={'low': 0, 'high': 0, 'max': 10, 'oom': 0, 'oom_kill': 0, 'oom_group_kill': 0}
[container_monitor] pf-test-3: current=911.4MiB swap=113.2MiB max=981.0MiB cpu.usage_usec=4471377 method=swap_current_delta_fallback detail={'delta_swap_current': -3764224, 'swap_saturated': False, 'workingset_refault_anon': 9536} events={'low': 0, 'high': 0, 'max': 10, 'oom': 0, 'oom_kill': 0, 'oom_group_kill': 0}
[container_monitor] pf-test-3: current=915.6MiB swap=108.9MiB max=981.0MiB cpu.usage_usec=4476430 method=swap_current_delta_fallback detail={'delta_swap_current': -4444160, 'swap_saturated': False, 'workingset_refault_anon': 9536} events={'low': 0, 'high': 0, 'max': 10, 'oom': 0, 'oom_kill': 0, 'oom_group_kill': 0}
[container_monitor] pf-test-3: current=916.3MiB swap=108.2MiB max=981.0MiB cpu.usage_usec=4479159 method=swap_current_delta_fallback detail={'delta_swap_current': -749568, 'swap_saturated': False, 'workingset_refault_anon': 9556} events={'low': 0, 'high': 0, 'max': 10, 'oom': 0, 'oom_kill': 0, 'oom_group_kill': 0}
[container_monitor] pf-test-3: current=916.3MiB swap=108.2MiB max=981.0MiB cpu.usage_usec=4479508 method=swap_current_delta_fallback detail={'delta_swap_current': 0, 'swap_saturated': False, 'workingset_refault_anon': 9556} events={'low': 0, 'high': 0, 'max': 10, 'oom': 0, 'oom_kill': 0, 'oom_group_kill': 0}
[container_monitor] pf-test-3: current=916.3MiB swap=108.2MiB max=981.0MiB cpu.usage_usec=4480307 method=swap_current_delta_fallback detail={'delta_swap_current': 0, 'swap_saturated': False, 'workingset_refault_anon': 9556} events={'low': 0, 'high': 0, 'max': 10, 'oom': 0, 'oom_kill': 0, 'oom_group_kill': 0}
[container_monitor] pf-test-3: current=898.3MiB swap=124.5MiB max=981.0MiB cpu.usage_usec=4480593 method=swap_current_delta_fallback detail={'delta_swap_current': 17104896, 'swap_saturated': True, 'workingset_refault_anon': 9557} events={'low': 0, 'high': 0, 'max': 10, 'oom': 0, 'oom_kill': 0, 'oom_group_kill': 0}
[container_monitor] pf-test-3: OCM 감지 (method=swap_current_delta_fallback, detail={'delta_swap_current': 17104896, 'swap_saturated': True, 'workingset_refault_anon': 9557})
[puff_manager] pf-test-3: 호스트 여유 없음 (assigned=3631MiB budget=3119MiB), puff 건너뜀
[container_monitor] pf-test-3: 이미 suspend 상태, 재적용 생략
[container_monitor] pf-test-3: current=895.0MiB swap=126.1MiB max=981.0MiB cpu.usage_usec=4485405 method=swap_current_delta_fallback detail={'delta_swap_current': 1634304, 'swap_saturated': True, 'workingset_refault_anon': 9651} events={'low': 0, 'high': 0, 'max': 10, 'oom': 0, 'oom_kill': 0, 'oom_group_kill': 0}
[container_monitor] pf-test-3: OCM 감지 (method=swap_current_delta_fallback, detail={'delta_swap_current': 1634304, 'swap_saturated': True, 'workingset_refault_anon': 9651})
[puff_manager] pf-test-3: 호스트 여유 없음 (assigned=3631MiB budget=3119MiB), puff 건너뜀
[container_monitor] pf-test-3: 이미 suspend 상태, 재적용 생략
[container_monitor] pf-test-3: current=894.9MiB swap=125.3MiB max=981.0MiB cpu.usage_usec=4491070 method=swap_current_delta_fallback detail={'delta_swap_current': -851968, 'swap_saturated': True, 'workingset_refault_anon': 9719} events={'low': 0, 'high': 0, 'max': 10, 'oom': 0, 'oom_kill': 0, 'oom_group_kill': 0}
[container_monitor] pf-test-3: OCM 감지 (method=swap_current_delta_fallback, detail={'delta_swap_current': -851968, 'swap_saturated': True, 'workingset_refault_anon': 9719})
[puff_manager] pf-test-3: 호스트 여유 없음 (assigned=3631MiB budget=3119MiB), puff 건너뜀
[container_monitor] pf-test-3: 이미 suspend 상태, 재적용 생략
[container_monitor] pf-test-3: current=892.1MiB swap=128.0MiB max=981.0MiB cpu.usage_usec=4491382 method=swap_current_delta_fallback detail={'delta_swap_current': 2867200, 'swap_saturated': True, 'workingset_refault_anon': 9728} events={'low': 0, 'high': 0, 'max': 10, 'oom': 0, 'oom_kill': 0, 'oom_group_kill': 0}
[container_monitor] pf-test-3: OCM 감지 (method=swap_current_delta_fallback, detail={'delta_swap_current': 2867200, 'swap_saturated': True, 'workingset_refault_anon': 9728})
[puff_manager] pf-test-3: 호스트 여유 없음 (assigned=3631MiB budget=3119MiB), puff 건너뜀
[container_monitor] pf-test-3: 이미 suspend 상태, 재적용 생략
[container_monitor] pf-test-3: current=892.1MiB swap=128.0MiB max=981.0MiB cpu.usage_usec=4491772 method=swap_current_delta_fallback detail={'delta_swap_current': 0, 'swap_saturated': True, 'workingset_refault_anon': 9728} events={'low': 0, 'high': 0, 'max': 10, 'oom': 0, 'oom_kill': 0, 'oom_group_kill': 0}
[container_monitor] pf-test-3: OCM 감지 (method=swap_current_delta_fallback, detail={'delta_swap_current': 0, 'swap_saturated': True, 'workingset_refault_anon': 9728})
[puff_manager] pf-test-3: 호스트 여유 없음 (assigned=3631MiB budget=3119MiB), puff 건너뜀
[container_monitor] pf-test-3: 이미 suspend 상태, 재적용 생략
[container_monitor] pf-test-3: current=892.1MiB swap=128.0MiB max=981.0MiB cpu.usage_usec=4492309 method=swap_current_delta_fallback detail={'delta_swap_current': 0, 'swap_saturated': True, 'workingset_refault_anon': 9728} events={'low': 0, 'high': 0, 'max': 10, 'oom': 0, 'oom_kill': 0, 'oom_group_kill': 0}
[container_monitor] pf-test-3: OCM 감지 (method=swap_current_delta_fallback, detail={'delta_swap_current': 0, 'swap_saturated': True, 'workingset_refault_anon': 9728})
[puff_manager] pf-test-3: 호스트 여유 없음 (assigned=3631MiB budget=3119MiB), puff 건너뜀
[container_monitor] pf-test-3: 이미 suspend 상태, 재적용 생략
[container_monitor] pf-test-3: current=895.7MiB swap=124.8MiB max=981.0MiB cpu.usage_usec=4497398 method=swap_current_delta_fallback detail={'delta_swap_current': -3379200, 'swap_saturated': True, 'workingset_refault_anon': 9788} events={'low': 0, 'high': 0, 'max': 10, 'oom': 0, 'oom_kill': 0, 'oom_group_kill': 0}
[container_monitor] pf-test-3: OCM 감지 (method=swap_current_delta_fallback, detail={'delta_swap_current': -3379200, 'swap_saturated': True, 'workingset_refault_anon': 9788})
[puff_manager] pf-test-3: 호스트 여유 없음 (assigned=3631MiB budget=3119MiB), puff 건너뜀
[container_monitor] pf-test-3: 이미 suspend 상태, 재적용 생략
[container_monitor] pf-test-3: current=899.2MiB swap=121.3MiB max=981.0MiB cpu.usage_usec=4502389 method=swap_current_delta_fallback detail={'delta_swap_current': -3670016, 'swap_saturated': False, 'workingset_refault_anon': 9859} events={'low': 0, 'high': 0, 'max': 10, 'oom': 0, 'oom_kill': 0, 'oom_group_kill': 0}
[container_monitor] pf-test-3: current=900.3MiB swap=120.0MiB max=981.0MiB cpu.usage_usec=4504273 method=swap_current_delta_fallback detail={'delta_swap_current': -1343488, 'swap_saturated': False, 'workingset_refault_anon': 9859} events={'low': 0, 'high': 0, 'max': 10, 'oom': 0, 'oom_kill': 0, 'oom_group_kill': 0}
[container_monitor] pf-test-3: current=898.7MiB swap=121.5MiB max=981.0MiB cpu.usage_usec=4505156 method=swap_current_delta_fallback detail={'delta_swap_current': 1622016, 'swap_saturated': False, 'workingset_refault_anon': 9859} events={'low': 0, 'high': 0, 'max': 10, 'oom': 0, 'oom_kill': 0, 'oom_group_kill': 0}
[container_monitor] pf-test-3: OCM 감지 (method=swap_current_delta_fallback, detail={'delta_swap_current': 1622016, 'swap_saturated': False, 'workingset_refault_anon': 9859})
[puff_manager] pf-test-3: 호스트 여유 없음 (assigned=3631MiB budget=3119MiB), puff 건너뜀
[container_monitor] pf-test-3: 이미 suspend 상태, 재적용 생략
[container_monitor] pf-test-3: current=895.6MiB swap=125.7MiB max=981.0MiB cpu.usage_usec=4505914 method=swap_current_delta_fallback detail={'delta_swap_current': 4308992, 'swap_saturated': True, 'workingset_refault_anon': 9859} events={'low': 0, 'high': 0, 'max': 10, 'oom': 0, 'oom_kill': 0, 'oom_group_kill': 0}
[container_monitor] pf-test-3: OCM 감지 (method=swap_current_delta_fallback, detail={'delta_swap_current': 4308992, 'swap_saturated': True, 'workingset_refault_anon': 9859})
[puff_manager] pf-test-3: 호스트 여유 없음 (assigned=3631MiB budget=3119MiB), puff 건너뜀
[container_monitor] pf-test-3: 이미 suspend 상태, 재적용 생략
[container_monitor] pf-test-3: current=896.0MiB swap=125.6MiB max=981.0MiB cpu.usage_usec=4507392 method=swap_current_delta_fallback detail={'delta_swap_current': -53248, 'swap_saturated': True, 'workingset_refault_anon': 9861} events={'low': 0, 'high': 0, 'max': 10, 'oom': 0, 'oom_kill': 0, 'oom_group_kill': 0}
[container_monitor] pf-test-3: OCM 감지 (method=swap_current_delta_fallback, detail={'delta_swap_current': -53248, 'swap_saturated': True, 'workingset_refault_anon': 9861})
[puff_manager] pf-test-3: 호스트 여유 없음 (assigned=3631MiB budget=3119MiB), puff 건너뜀
[container_monitor] pf-test-3: 이미 suspend 상태, 재적용 생략
[container_monitor] pf-test-3: current=899.6MiB swap=121.6MiB max=981.0MiB cpu.usage_usec=4513406 method=swap_current_delta_fallback detail={'delta_swap_current': -4182016, 'swap_saturated': True, 'workingset_refault_anon': 9934} events={'low': 0, 'high': 0, 'max': 10, 'oom': 0, 'oom_kill': 0, 'oom_group_kill': 0}
[container_monitor] pf-test-3: OCM 감지 (method=swap_current_delta_fallback, detail={'delta_swap_current': -4182016, 'swap_saturated': True, 'workingset_refault_anon': 9934})
[puff_manager] pf-test-3: 호스트 여유 없음 (assigned=3631MiB budget=3119MiB), puff 건너뜀
[container_monitor] pf-test-3: 이미 suspend 상태, 재적용 생략
[container_monitor] pf-test-3: current=896.9MiB swap=124.0MiB max=981.0MiB cpu.usage_usec=4519718 method=swap_current_delta_fallback detail={'delta_swap_current': 2453504, 'swap_saturated': True, 'workingset_refault_anon': 9935} events={'low': 0, 'high': 0, 'max': 10, 'oom': 0, 'oom_kill': 0, 'oom_group_kill': 0}
[container_monitor] pf-test-3: OCM 감지 (method=swap_current_delta_fallback, detail={'delta_swap_current': 2453504, 'swap_saturated': True, 'workingset_refault_anon': 9935})
[puff_manager] pf-test-3: 호스트 여유 없음 (assigned=3631MiB budget=3119MiB), puff 건너뜀
[container_monitor] pf-test-3: 이미 suspend 상태, 재적용 생략
[container_monitor] pf-test-3: current=891.4MiB swap=128.0MiB max=981.0MiB cpu.usage_usec=4520586 method=swap_current_delta_fallback detail={'delta_swap_current': 4243456, 'swap_saturated': True, 'workingset_refault_anon': 9940} events={'low': 0, 'high': 0, 'max': 10, 'oom': 0, 'oom_kill': 0, 'oom_group_kill': 0}
[container_monitor] pf-test-3: OCM 감지 (method=swap_current_delta_fallback, detail={'delta_swap_current': 4243456, 'swap_saturated': True, 'workingset_refault_anon': 9940})
[puff_manager] pf-test-3: 호스트 여유 없음 (assigned=3631MiB budget=3119MiB), puff 건너뜀
[container_monitor] pf-test-3: 이미 suspend 상태, 재적용 생략
[container_monitor] pf-test-3: current=891.4MiB swap=128.0MiB max=981.0MiB cpu.usage_usec=4521086 method=swap_current_delta_fallback detail={'delta_swap_current': 0, 'swap_saturated': True, 'workingset_refault_anon': 9940} events={'low': 0, 'high': 0, 'max': 10, 'oom': 0, 'oom_kill': 0, 'oom_group_kill': 0}
[container_monitor] pf-test-3: OCM 감지 (method=swap_current_delta_fallback, detail={'delta_swap_current': 0, 'swap_saturated': True, 'workingset_refault_anon': 9940})
[puff_manager] pf-test-3: 호스트 여유 없음 (assigned=3631MiB budget=3119MiB), puff 건너뜀
[container_monitor] pf-test-3: 이미 suspend 상태, 재적용 생략
[container_monitor] pf-test-3: current=891.4MiB swap=128.0MiB max=981.0MiB cpu.usage_usec=4521717 method=swap_current_delta_fallback detail={'delta_swap_current': 0, 'swap_saturated': True, 'workingset_refault_anon': 9940} events={'low': 0, 'high': 0, 'max': 10, 'oom': 0, 'oom_kill': 0, 'oom_group_kill': 0}
[container_monitor] pf-test-3: OCM 감지 (method=swap_current_delta_fallback, detail={'delta_swap_current': 0, 'swap_saturated': True, 'workingset_refault_anon': 9940})
[puff_manager] pf-test-3: 호스트 여유 없음 (assigned=3631MiB budget=3119MiB), puff 건너뜀
[container_monitor] pf-test-3: 이미 suspend 상태, 재적용 생략
[container_monitor] pf-test-3: current=896.4MiB swap=123.1MiB max=981.0MiB cpu.usage_usec=4525377 method=swap_current_delta_fallback detail={'delta_swap_current': -5107712, 'swap_saturated': True, 'workingset_refault_anon': 9942} events={'low': 0, 'high': 0, 'max': 10, 'oom': 0, 'oom_kill': 0, 'oom_group_kill': 0}
[container_monitor] pf-test-3: OCM 감지 (method=swap_current_delta_fallback, detail={'delta_swap_current': -5107712, 'swap_saturated': True, 'workingset_refault_anon': 9942})
[puff_manager] pf-test-3: 호스트 여유 없음 (assigned=3631MiB budget=3119MiB), puff 건너뜀
[container_monitor] pf-test-3: 이미 suspend 상태, 재적용 생략
[container_monitor] pf-test-3: current=899.4MiB swap=120.0MiB max=981.0MiB cpu.usage_usec=4531371 method=swap_current_delta_fallback detail={'delta_swap_current': -3289088, 'swap_saturated': False, 'workingset_refault_anon': 9949} events={'low': 0, 'high': 0, 'max': 10, 'oom': 0, 'oom_kill': 0, 'oom_group_kill': 0}
[container_monitor] pf-test-3: current=899.5MiB swap=119.9MiB max=981.0MiB cpu.usage_usec=4533482 method=swap_current_delta_fallback detail={'delta_swap_current': -81920, 'swap_saturated': False, 'workingset_refault_anon': 9974} events={'low': 0, 'high': 0, 'max': 10, 'oom': 0, 'oom_kill': 0, 'oom_group_kill': 0}
[container_monitor] pf-test-3: current=899.5MiB swap=119.9MiB max=981.0MiB cpu.usage_usec=4534022 method=swap_current_delta_fallback detail={'delta_swap_current': 0, 'swap_saturated': False, 'workingset_refault_anon': 9974} events={'low': 0, 'high': 0, 'max': 10, 'oom': 0, 'oom_kill': 0, 'oom_group_kill': 0}
[container_monitor] pf-test-3: current=899.5MiB swap=119.9MiB max=981.0MiB cpu.usage_usec=4534678 method=swap_current_delta_fallback detail={'delta_swap_current': 0, 'swap_saturated': False, 'workingset_refault_anon': 9974} events={'low': 0, 'high': 0, 'max': 10, 'oom': 0, 'oom_kill': 0, 'oom_group_kill': 0}
[container_monitor] pf-test-3: current=899.5MiB swap=119.9MiB max=981.0MiB cpu.usage_usec=4535302 method=swap_current_delta_fallback detail={'delta_swap_current': 0, 'swap_saturated': False, 'workingset_refault_anon': 9974} events={'low': 0, 'high': 0, 'max': 10, 'oom': 0, 'oom_kill': 0, 'oom_group_kill': 0}
[container_monitor] pf-test-3: current=899.8MiB swap=119.6MiB max=981.0MiB cpu.usage_usec=4540901 method=swap_current_delta_fallback detail={'delta_swap_current': -327680, 'swap_saturated': False, 'workingset_refault_anon': 9974} events={'low': 0, 'high': 0, 'max': 10, 'oom': 0, 'oom_kill': 0, 'oom_group_kill': 0}
[container_monitor] pf-test-3: current=899.8MiB swap=119.6MiB max=981.0MiB cpu.usage_usec=4545579 method=swap_current_delta_fallback detail={'delta_swap_current': 0, 'swap_saturated': False, 'workingset_refault_anon': 9974} events={'low': 0, 'high': 0, 'max': 10, 'oom': 0, 'oom_kill': 0, 'oom_group_kill': 0}
[container_monitor] pf-test-3: current=892.9MiB swap=120.9MiB max=981.0MiB cpu.usage_usec=4546500 method=swap_current_delta_fallback detail={'delta_swap_current': 1400832, 'swap_saturated': False, 'workingset_refault_anon': 9978} events={'low': 0, 'high': 0, 'max': 10, 'oom': 0, 'oom_kill': 0, 'oom_group_kill': 0}
[container_monitor] pf-test-3: OCM 감지 (method=swap_current_delta_fallback, detail={'delta_swap_current': 1400832, 'swap_saturated': False, 'workingset_refault_anon': 9978})
[puff_manager] pf-test-3: 호스트 여유 없음 (assigned=3631MiB budget=3119MiB), puff 건너뜀
[container_monitor] pf-test-3: 이미 suspend 상태, 재적용 생략
[container_monitor] pf-test-3: current=892.9MiB swap=120.9MiB max=981.0MiB cpu.usage_usec=4547149 method=swap_current_delta_fallback detail={'delta_swap_current': 0, 'swap_saturated': False, 'workingset_refault_anon': 9978} events={'low': 0, 'high': 0, 'max': 10, 'oom': 0, 'oom_kill': 0, 'oom_group_kill': 0}
[container_monitor] pf-test-3: current=892.9MiB swap=120.9MiB max=981.0MiB cpu.usage_usec=4548094 method=swap_current_delta_fallback detail={'delta_swap_current': 0, 'swap_saturated': False, 'workingset_refault_anon': 9978} events={'low': 0, 'high': 0, 'max': 10, 'oom': 0, 'oom_kill': 0, 'oom_group_kill': 0}
[container_monitor] pf-test-3: current=892.9MiB swap=120.9MiB max=981.0MiB cpu.usage_usec=4550960 method=swap_current_delta_fallback detail={'delta_swap_current': 0, 'swap_saturated': False, 'workingset_refault_anon': 9978} events={'low': 0, 'high': 0, 'max': 10, 'oom': 0, 'oom_kill': 0, 'oom_group_kill': 0}
[container_monitor] pf-test-3: current=892.9MiB swap=120.9MiB max=981.0MiB cpu.usage_usec=4555372 method=swap_current_delta_fallback detail={'delta_swap_current': 0, 'swap_saturated': False, 'workingset_refault_anon': 9978} events={'low': 0, 'high': 0, 'max': 10, 'oom': 0, 'oom_kill': 0, 'oom_group_kill': 0}
[container_monitor] pf-test-3: current=892.9MiB swap=120.9MiB max=981.0MiB cpu.usage_usec=4560438 method=swap_current_delta_fallback detail={'delta_swap_current': -57344, 'swap_saturated': False, 'workingset_refault_anon': 9995} events={'low': 0, 'high': 0, 'max': 10, 'oom': 0, 'oom_kill': 0, 'oom_group_kill': 0}
[container_monitor] pf-test-3: current=893.2MiB swap=120.6MiB max=981.0MiB cpu.usage_usec=4565451 method=swap_current_delta_fallback detail={'delta_swap_current': -274432, 'swap_saturated': False, 'workingset_refault_anon': 10057} events={'low': 0, 'high': 0, 'max': 10, 'oom': 0, 'oom_kill': 0, 'oom_group_kill': 0}
[container_monitor] pf-test-3: current=892.1MiB swap=120.6MiB max=981.0MiB cpu.usage_usec=4569619 method=swap_current_delta_fallback detail={'delta_swap_current': 28672, 'swap_saturated': False, 'workingset_refault_anon': 10092} events={'low': 0, 'high': 0, 'max': 10, 'oom': 0, 'oom_kill': 0, 'oom_group_kill': 0}
[container_monitor] pf-test-3: OCM 감지 (method=swap_current_delta_fallback, detail={'delta_swap_current': 28672, 'swap_saturated': False, 'workingset_refault_anon': 10092})
[puff_manager] pf-test-3: 호스트 여유 없음 (assigned=3631MiB budget=3119MiB), puff 건너뜀
[container_monitor] pf-test-3: 이미 suspend 상태, 재적용 생략
[container_monitor] pf-test-3: current=892.1MiB swap=120.6MiB max=981.0MiB cpu.usage_usec=4570044 method=swap_current_delta_fallback detail={'delta_swap_current': 0, 'swap_saturated': False, 'workingset_refault_anon': 10092} events={'low': 0, 'high': 0, 'max': 10, 'oom': 0, 'oom_kill': 0, 'oom_group_kill': 0}
[container_monitor] pf-test-3: current=892.1MiB swap=120.6MiB max=981.0MiB cpu.usage_usec=4574174 method=swap_current_delta_fallback detail={'delta_swap_current': 0, 'swap_saturated': False, 'workingset_refault_anon': 10092} events={'low': 0, 'high': 0, 'max': 10, 'oom': 0, 'oom_kill': 0, 'oom_group_kill': 0}
[container_monitor] pf-test-3: current=892.9MiB swap=120.0MiB max=981.0MiB cpu.usage_usec=4578405 method=swap_current_delta_fallback detail={'delta_swap_current': -720896, 'swap_saturated': False, 'workingset_refault_anon': 10124} events={'low': 0, 'high': 0, 'max': 10, 'oom': 0, 'oom_kill': 0, 'oom_group_kill': 0}
[container_monitor] pf-test-3: current=894.7MiB swap=118.2MiB max=981.0MiB cpu.usage_usec=4583391 method=swap_current_delta_fallback detail={'delta_swap_current': -1871872, 'swap_saturated': False, 'workingset_refault_anon': 10128} events={'low': 0, 'high': 0, 'max': 10, 'oom': 0, 'oom_kill': 0, 'oom_group_kill': 0}
[container_monitor] pf-test-3: current=897.4MiB swap=115.5MiB max=981.0MiB cpu.usage_usec=4588395 method=swap_current_delta_fallback detail={'delta_swap_current': -2830336, 'swap_saturated': False, 'workingset_refault_anon': 10156} events={'low': 0, 'high': 0, 'max': 10, 'oom': 0, 'oom_kill': 0, 'oom_group_kill': 0}
[container_monitor] pf-test-3: current=897.5MiB swap=115.4MiB max=981.0MiB cpu.usage_usec=4590819 method=swap_current_delta_fallback detail={'delta_swap_current': -86016, 'swap_saturated': False, 'workingset_refault_anon': 10181} events={'low': 0, 'high': 0, 'max': 10, 'oom': 0, 'oom_kill': 0, 'oom_group_kill': 0}
[container_monitor] pf-test-3: current=897.5MiB swap=115.4MiB max=981.0MiB cpu.usage_usec=4591542 method=swap_current_delta_fallback detail={'delta_swap_current': 0, 'swap_saturated': False, 'workingset_refault_anon': 10181} events={'low': 0, 'high': 0, 'max': 10, 'oom': 0, 'oom_kill': 0, 'oom_group_kill': 0}
[container_monitor] pf-test-3: current=897.5MiB swap=115.4MiB max=981.0MiB cpu.usage_usec=4592241 method=swap_current_delta_fallback detail={'delta_swap_current': 0, 'swap_saturated': False, 'workingset_refault_anon': 10181} events={'low': 0, 'high': 0, 'max': 10, 'oom': 0, 'oom_kill': 0, 'oom_group_kill': 0}
[container_monitor] pf-test-3: current=897.5MiB swap=115.4MiB max=981.0MiB cpu.usage_usec=4593245 method=swap_current_delta_fallback detail={'delta_swap_current': 0, 'swap_saturated': False, 'workingset_refault_anon': 10181} events={'low': 0, 'high': 0, 'max': 10, 'oom': 0, 'oom_kill': 0, 'oom_group_kill': 0}
[container_monitor] pf-test-3: current=899.2MiB swap=113.7MiB max=981.0MiB cpu.usage_usec=4598424 method=swap_current_delta_fallback detail={'delta_swap_current': -1732608, 'swap_saturated': False, 'workingset_refault_anon': 10181} events={'low': 0, 'high': 0, 'max': 10, 'oom': 0, 'oom_kill': 0, 'oom_group_kill': 0}
[container_monitor] pf-test-3: current=900.8MiB swap=112.1MiB max=981.0MiB cpu.usage_usec=4603395 method=swap_current_delta_fallback detail={'delta_swap_current': -1675264, 'swap_saturated': False, 'workingset_refault_anon': 10237} events={'low': 0, 'high': 0, 'max': 10, 'oom': 0, 'oom_kill': 0, 'oom_group_kill': 0}
[container_monitor] pf-test-3: current=902.1MiB swap=110.9MiB max=981.0MiB cpu.usage_usec=4608381 method=swap_current_delta_fallback detail={'delta_swap_current': -1343488, 'swap_saturated': False, 'workingset_refault_anon': 10237} events={'low': 0, 'high': 0, 'max': 10, 'oom': 0, 'oom_kill': 0, 'oom_group_kill': 0}
[container_monitor] pf-test-3: current=903.6MiB swap=109.4MiB max=981.0MiB cpu.usage_usec=4613476 method=swap_current_delta_fallback detail={'delta_swap_current': -1507328, 'swap_saturated': False, 'workingset_refault_anon': 10237} events={'low': 0, 'high': 0, 'max': 10, 'oom': 0, 'oom_kill': 0, 'oom_group_kill': 0}
[container_monitor] pf-test-3: current=904.7MiB swap=108.3MiB max=981.0MiB cpu.usage_usec=4618423 method=swap_current_delta_fallback detail={'delta_swap_current': -1146880, 'swap_saturated': False, 'workingset_refault_anon': 10297} events={'low': 0, 'high': 0, 'max': 10, 'oom': 0, 'oom_kill': 0, 'oom_group_kill': 0}
[container_monitor] pf-test-3: current=905.6MiB swap=107.4MiB max=981.0MiB cpu.usage_usec=4623803 method=swap_current_delta_fallback detail={'delta_swap_current': -983040, 'swap_saturated': False, 'workingset_refault_anon': 10297} events={'low': 0, 'high': 0, 'max': 10, 'oom': 0, 'oom_kill': 0, 'oom_group_kill': 0}
[container_monitor] pf-test-3: current=905.6MiB swap=107.4MiB max=981.0MiB cpu.usage_usec=4627575 method=swap_current_delta_fallback detail={'delta_swap_current': 0, 'swap_saturated': False, 'workingset_refault_anon': 10297} events={'low': 0, 'high': 0, 'max': 10, 'oom': 0, 'oom_kill': 0, 'oom_group_kill': 0}
[container_monitor] pf-test-3: current=905.6MiB swap=107.4MiB max=981.0MiB cpu.usage_usec=4628757 method=swap_current_delta_fallback detail={'delta_swap_current': 0, 'swap_saturated': False, 'workingset_refault_anon': 10298} events={'low': 0, 'high': 0, 'max': 10, 'oom': 0, 'oom_kill': 0, 'oom_group_kill': 0}
[container_monitor] pf-test-3: current=905.6MiB swap=107.4MiB max=981.0MiB cpu.usage_usec=4629944 method=swap_current_delta_fallback detail={'delta_swap_current': 0, 'swap_saturated': False, 'workingset_refault_anon': 10298} events={'low': 0, 'high': 0, 'max': 10, 'oom': 0, 'oom_kill': 0, 'oom_group_kill': 0}
[container_monitor] pf-test-3: current=905.6MiB swap=107.4MiB max=981.0MiB cpu.usage_usec=4630661 method=swap_current_delta_fallback detail={'delta_swap_current': -8192, 'swap_saturated': False, 'workingset_refault_anon': 10298} events={'low': 0, 'high': 0, 'max': 10, 'oom': 0, 'oom_kill': 0, 'oom_group_kill': 0}
[container_monitor] pf-test-3: current=906.3MiB swap=106.7MiB max=981.0MiB cpu.usage_usec=4633537 method=swap_current_delta_fallback detail={'delta_swap_current': -741376, 'swap_saturated': False, 'workingset_refault_anon': 10298} events={'low': 0, 'high': 0, 'max': 10, 'oom': 0, 'oom_kill': 0, 'oom_group_kill': 0}
[container_monitor] pf-test-3: current=910.4MiB swap=102.7MiB max=981.0MiB cpu.usage_usec=4638643 method=swap_current_delta_fallback detail={'delta_swap_current': -4169728, 'swap_saturated': False, 'workingset_refault_anon': 10324} events={'low': 0, 'high': 0, 'max': 10, 'oom': 0, 'oom_kill': 0, 'oom_group_kill': 0}
[container_monitor] pf-test-3: current=910.7MiB swap=102.2MiB max=981.0MiB cpu.usage_usec=4640058 method=swap_current_delta_fallback detail={'delta_swap_current': -483328, 'swap_saturated': False, 'workingset_refault_anon': 10324} events={'low': 0, 'high': 0, 'max': 10, 'oom': 0, 'oom_kill': 0, 'oom_group_kill': 0}
[container_monitor] pf-test-3: current=910.7MiB swap=102.2MiB max=981.0MiB cpu.usage_usec=4640796 method=swap_current_delta_fallback detail={'delta_swap_current': 0, 'swap_saturated': False, 'workingset_refault_anon': 10324} events={'low': 0, 'high': 0, 'max': 10, 'oom': 0, 'oom_kill': 0, 'oom_group_kill': 0}
[container_monitor] pf-test-3: current=910.2MiB swap=103.2MiB max=981.0MiB cpu.usage_usec=4641158 method=swap_current_delta_fallback detail={'delta_swap_current': 1007616, 'swap_saturated': False, 'workingset_refault_anon': 10329} events={'low': 0, 'high': 0, 'max': 10, 'oom': 0, 'oom_kill': 0, 'oom_group_kill': 0}
[container_monitor] pf-test-3: OCM 감지 (method=swap_current_delta_fallback, detail={'delta_swap_current': 1007616, 'swap_saturated': False, 'workingset_refault_anon': 10329})
[puff_manager] pf-test-3: 호스트 여유 없음 (assigned=3631MiB budget=3119MiB), puff 건너뜀
[container_monitor] pf-test-3: 이미 suspend 상태, 재적용 생략
[container_monitor] pf-test-3: current=910.8MiB swap=102.7MiB max=981.0MiB cpu.usage_usec=4643827 method=swap_current_delta_fallback detail={'delta_swap_current': -520192, 'swap_saturated': False, 'workingset_refault_anon': 10329} events={'low': 0, 'high': 0, 'max': 10, 'oom': 0, 'oom_kill': 0, 'oom_group_kill': 0}
[container_monitor] pf-test-3: current=912.5MiB swap=101.2MiB max=981.0MiB cpu.usage_usec=4646104 method=swap_current_delta_fallback detail={'delta_swap_current': -1630208, 'swap_saturated': False, 'workingset_refault_anon': 10329} events={'low': 0, 'high': 0, 'max': 10, 'oom': 0, 'oom_kill': 0, 'oom_group_kill': 0}
[container_monitor] pf-test-3: current=912.5MiB swap=101.2MiB max=981.0MiB cpu.usage_usec=4646675 method=swap_current_delta_fallback detail={'delta_swap_current': 0, 'swap_saturated': False, 'workingset_refault_anon': 10329} events={'low': 0, 'high': 0, 'max': 10, 'oom': 0, 'oom_kill': 0, 'oom_group_kill': 0}
[container_monitor] pf-test-3: current=912.5MiB swap=101.2MiB max=981.0MiB cpu.usage_usec=4647621 method=swap_current_delta_fallback detail={'delta_swap_current': 0, 'swap_saturated': False, 'workingset_refault_anon': 10329} events={'low': 0, 'high': 0, 'max': 10, 'oom': 0, 'oom_kill': 0, 'oom_group_kill': 0}
[container_monitor] pf-test-3: current=908.6MiB swap=105.8MiB max=981.0MiB cpu.usage_usec=4648443 method=swap_current_delta_fallback detail={'delta_swap_current': 4849664, 'swap_saturated': False, 'workingset_refault_anon': 10329} events={'low': 0, 'high': 0, 'max': 10, 'oom': 0, 'oom_kill': 0, 'oom_group_kill': 0}
[container_monitor] pf-test-3: OCM 감지 (method=swap_current_delta_fallback, detail={'delta_swap_current': 4849664, 'swap_saturated': False, 'workingset_refault_anon': 10329})
[puff_manager] pf-test-3: 호스트 여유 없음 (assigned=3631MiB budget=3119MiB), puff 건너뜀
[container_monitor] pf-test-3: 이미 suspend 상태, 재적용 생략
[container_monitor] pf-test-3: current=913.5MiB swap=101.0MiB max=981.0MiB cpu.usage_usec=4653384 method=swap_current_delta_fallback detail={'delta_swap_current': -4976640, 'swap_saturated': False, 'workingset_refault_anon': 10377} events={'low': 0, 'high': 0, 'max': 10, 'oom': 0, 'oom_kill': 0, 'oom_group_kill': 0}
[container_monitor] pf-test-3: current=915.6MiB swap=98.7MiB max=981.0MiB cpu.usage_usec=4659036 method=swap_current_delta_fallback detail={'delta_swap_current': -2433024, 'swap_saturated': False, 'workingset_refault_anon': 10377} events={'low': 0, 'high': 0, 'max': 10, 'oom': 0, 'oom_kill': 0, 'oom_group_kill': 0}
[container_monitor] pf-test-3: current=915.6MiB swap=98.7MiB max=981.0MiB cpu.usage_usec=4660109 method=swap_current_delta_fallback detail={'delta_swap_current': 0, 'swap_saturated': False, 'workingset_refault_anon': 10377} events={'low': 0, 'high': 0, 'max': 10, 'oom': 0, 'oom_kill': 0, 'oom_group_kill': 0}
[container_monitor] pf-test-3: current=915.6MiB swap=98.7MiB max=981.0MiB cpu.usage_usec=4660794 method=swap_current_delta_fallback detail={'delta_swap_current': 0, 'swap_saturated': False, 'workingset_refault_anon': 10377} events={'low': 0, 'high': 0, 'max': 10, 'oom': 0, 'oom_kill': 0, 'oom_group_kill': 0}
[container_monitor] pf-test-3: current=915.6MiB swap=98.7MiB max=981.0MiB cpu.usage_usec=4661571 method=swap_current_delta_fallback detail={'delta_swap_current': 0, 'swap_saturated': False, 'workingset_refault_anon': 10377} events={'low': 0, 'high': 0, 'max': 10, 'oom': 0, 'oom_kill': 0, 'oom_group_kill': 0}
[container_monitor] pf-test-3: current=915.6MiB swap=98.7MiB max=981.0MiB cpu.usage_usec=4662184 method=swap_current_delta_fallback detail={'delta_swap_current': -57344, 'swap_saturated': False, 'workingset_refault_anon': 10377} events={'low': 0, 'high': 0, 'max': 10, 'oom': 0, 'oom_kill': 0, 'oom_group_kill': 0}
[container_monitor] pf-test-3: current=911.7MiB swap=101.7MiB max=981.0MiB cpu.usage_usec=4667370 method=swap_current_delta_fallback detail={'delta_swap_current': 3162112, 'swap_saturated': False, 'workingset_refault_anon': 10377} events={'low': 0, 'high': 0, 'max': 10, 'oom': 0, 'oom_kill': 0, 'oom_group_kill': 0}
[container_monitor] pf-test-3: OCM 감지 (method=swap_current_delta_fallback, detail={'delta_swap_current': 3162112, 'swap_saturated': False, 'workingset_refault_anon': 10377})
[puff_manager] pf-test-3: 호스트 여유 없음 (assigned=3631MiB budget=3119MiB), puff 건너뜀
[container_monitor] pf-test-3: 이미 suspend 상태, 재적용 생략
[container_monitor] pf-test-3: current=914.7MiB swap=98.5MiB max=981.0MiB cpu.usage_usec=4670457 method=swap_current_delta_fallback detail={'delta_swap_current': -3330048, 'swap_saturated': False, 'workingset_refault_anon': 10377} events={'low': 0, 'high': 0, 'max': 10, 'oom': 0, 'oom_kill': 0, 'oom_group_kill': 0}
[container_monitor] pf-test-3: current=914.5MiB swap=98.5MiB max=981.0MiB cpu.usage_usec=4671232 method=swap_current_delta_fallback detail={'delta_swap_current': 0, 'swap_saturated': False, 'workingset_refault_anon': 10377} events={'low': 0, 'high': 0, 'max': 10, 'oom': 0, 'oom_kill': 0, 'oom_group_kill': 0}
[container_monitor] pf-test-3: current=914.5MiB swap=98.5MiB max=981.0MiB cpu.usage_usec=4671809 method=swap_current_delta_fallback detail={'delta_swap_current': 0, 'swap_saturated': False, 'workingset_refault_anon': 10377} events={'low': 0, 'high': 0, 'max': 10, 'oom': 0, 'oom_kill': 0, 'oom_group_kill': 0}
[container_monitor] pf-test-3: current=914.5MiB swap=98.5MiB max=981.0MiB cpu.usage_usec=4672327 method=swap_current_delta_fallback detail={'delta_swap_current': 0, 'swap_saturated': False, 'workingset_refault_anon': 10377} events={'low': 0, 'high': 0, 'max': 10, 'oom': 0, 'oom_kill': 0, 'oom_group_kill': 0}
[container_monitor] pf-test-3: current=914.5MiB swap=98.5MiB max=981.0MiB cpu.usage_usec=4677396 method=swap_current_delta_fallback detail={'delta_swap_current': 0, 'swap_saturated': False, 'workingset_refault_anon': 10377} events={'low': 0, 'high': 0, 'max': 10, 'oom': 0, 'oom_kill': 0, 'oom_group_kill': 0}
[container_monitor] pf-test-3: current=914.5MiB swap=98.5MiB max=981.0MiB cpu.usage_usec=4678238 method=swap_current_delta_fallback detail={'delta_swap_current': 0, 'swap_saturated': False, 'workingset_refault_anon': 10377} events={'low': 0, 'high': 0, 'max': 10, 'oom': 0, 'oom_kill': 0, 'oom_group_kill': 0}
[container_monitor] pf-test-3: current=914.5MiB swap=98.5MiB max=981.0MiB cpu.usage_usec=4678531 method=swap_current_delta_fallback detail={'delta_swap_current': 0, 'swap_saturated': False, 'workingset_refault_anon': 10377} events={'low': 0, 'high': 0, 'max': 10, 'oom': 0, 'oom_kill': 0, 'oom_group_kill': 0}
[container_monitor] pf-test-3: current=914.5MiB swap=98.5MiB max=981.0MiB cpu.usage_usec=4678974 method=swap_current_delta_fallback detail={'delta_swap_current': 0, 'swap_saturated': False, 'workingset_refault_anon': 10377} events={'low': 0, 'high': 0, 'max': 10, 'oom': 0, 'oom_kill': 0, 'oom_group_kill': 0}
[container_monitor] pf-test-3: current=914.5MiB swap=98.5MiB max=981.0MiB cpu.usage_usec=4679411 method=swap_current_delta_fallback detail={'delta_swap_current': -8192, 'swap_saturated': False, 'workingset_refault_anon': 10377} events={'low': 0, 'high': 0, 'max': 10, 'oom': 0, 'oom_kill': 0, 'oom_group_kill': 0}
[container_monitor] pf-test-3: current=914.5MiB swap=98.5MiB max=981.0MiB cpu.usage_usec=4685798 method=swap_current_delta_fallback detail={'delta_swap_current': 0, 'swap_saturated': False, 'workingset_refault_anon': 10379} events={'low': 0, 'high': 0, 'max': 10, 'oom': 0, 'oom_kill': 0, 'oom_group_kill': 0}
[container_monitor] pf-test-3: current=914.5MiB swap=98.5MiB max=981.0MiB cpu.usage_usec=4686669 method=swap_current_delta_fallback detail={'delta_swap_current': 0, 'swap_saturated': False, 'workingset_refault_anon': 10380} events={'low': 0, 'high': 0, 'max': 10, 'oom': 0, 'oom_kill': 0, 'oom_group_kill': 0}
[container_monitor] pf-test-3: current=914.5MiB swap=98.5MiB max=981.0MiB cpu.usage_usec=4687316 method=swap_current_delta_fallback detail={'delta_swap_current': 0, 'swap_saturated': False, 'workingset_refault_anon': 10380} events={'low': 0, 'high': 0, 'max': 10, 'oom': 0, 'oom_kill': 0, 'oom_group_kill': 0}
[container_monitor] pf-test-3: current=914.5MiB swap=98.5MiB max=981.0MiB cpu.usage_usec=4687975 method=swap_current_delta_fallback detail={'delta_swap_current': 0, 'swap_saturated': False, 'workingset_refault_anon': 10380} events={'low': 0, 'high': 0, 'max': 10, 'oom': 0, 'oom_kill': 0, 'oom_group_kill': 0}
[container_monitor] pf-test-3: current=914.0MiB swap=103.5MiB max=981.0MiB cpu.usage_usec=4690477 method=swap_current_delta_fallback detail={'delta_swap_current': 5230592, 'swap_saturated': False, 'workingset_refault_anon': 10382} events={'low': 0, 'high': 0, 'max': 10, 'oom': 0, 'oom_kill': 0, 'oom_group_kill': 0}
[container_monitor] pf-test-3: OCM 감지 (method=swap_current_delta_fallback, detail={'delta_swap_current': 5230592, 'swap_saturated': False, 'workingset_refault_anon': 10382})
[puff_manager] pf-test-3: 호스트 여유 없음 (assigned=3631MiB budget=3119MiB), puff 건너뜀
[container_monitor] pf-test-3: 이미 suspend 상태, 재적용 생략
[container_monitor] pf-test-3: current=905.0MiB swap=108.3MiB max=981.0MiB cpu.usage_usec=4691736 method=swap_current_delta_fallback detail={'delta_swap_current': 5033984, 'swap_saturated': False, 'workingset_refault_anon': 10382} events={'low': 0, 'high': 0, 'max': 10, 'oom': 0, 'oom_kill': 0, 'oom_group_kill': 0}
[container_monitor] pf-test-3: OCM 감지 (method=swap_current_delta_fallback, detail={'delta_swap_current': 5033984, 'swap_saturated': False, 'workingset_refault_anon': 10382})
[puff_manager] pf-test-3: 호스트 여유 없음 (assigned=3631MiB budget=3119MiB), puff 건너뜀
[container_monitor] pf-test-3: 이미 suspend 상태, 재적용 생략
[container_monitor] pf-test-3: current=900.6MiB swap=112.9MiB max=981.0MiB cpu.usage_usec=4692141 method=swap_current_delta_fallback detail={'delta_swap_current': 4800512, 'swap_saturated': False, 'workingset_refault_anon': 10382} events={'low': 0, 'high': 0, 'max': 10, 'oom': 0, 'oom_kill': 0, 'oom_group_kill': 0}
[container_monitor] pf-test-3: OCM 감지 (method=swap_current_delta_fallback, detail={'delta_swap_current': 4800512, 'swap_saturated': False, 'workingset_refault_anon': 10382})
[puff_manager] pf-test-3: 호스트 여유 없음 (assigned=3631MiB budget=3119MiB), puff 건너뜀
[container_monitor] pf-test-3: 이미 suspend 상태, 재적용 생략
[container_monitor] pf-test-3: current=886.1MiB swap=128.0MiB max=981.0MiB cpu.usage_usec=4692346 method=swap_current_delta_fallback detail={'delta_swap_current': 15880192, 'swap_saturated': True, 'workingset_refault_anon': 10383} events={'low': 0, 'high': 0, 'max': 10, 'oom': 0, 'oom_kill': 0, 'oom_group_kill': 0}
[container_monitor] pf-test-3: OCM 감지 (method=swap_current_delta_fallback, detail={'delta_swap_current': 15880192, 'swap_saturated': True, 'workingset_refault_anon': 10383})
[puff_manager] pf-test-3: 호스트 여유 없음 (assigned=3631MiB budget=3119MiB), puff 건너뜀
[container_monitor] pf-test-3: 이미 suspend 상태, 재적용 생략
[container_monitor] pf-test-3: current=886.1MiB swap=128.0MiB max=981.0MiB cpu.usage_usec=4695394 method=swap_current_delta_fallback detail={'delta_swap_current': 0, 'swap_saturated': True, 'workingset_refault_anon': 10383} events={'low': 0, 'high': 0, 'max': 10, 'oom': 0, 'oom_kill': 0, 'oom_group_kill': 0}
[container_monitor] pf-test-3: OCM 감지 (method=swap_current_delta_fallback, detail={'delta_swap_current': 0, 'swap_saturated': True, 'workingset_refault_anon': 10383})
[puff_manager] pf-test-3: 호스트 여유 없음 (assigned=3631MiB budget=3119MiB), puff 건너뜀
[container_monitor] pf-test-3: 이미 suspend 상태, 재적용 생략
[container_monitor] pf-test-3: current=886.7MiB swap=127.4MiB max=981.0MiB cpu.usage_usec=4697262 method=swap_current_delta_fallback detail={'delta_swap_current': -659456, 'swap_saturated': True, 'workingset_refault_anon': 10383} events={'low': 0, 'high': 0, 'max': 10, 'oom': 0, 'oom_kill': 0, 'oom_group_kill': 0}
[container_monitor] pf-test-3: OCM 감지 (method=swap_current_delta_fallback, detail={'delta_swap_current': -659456, 'swap_saturated': True, 'workingset_refault_anon': 10383})
[puff_manager] pf-test-3: 호스트 여유 없음 (assigned=3631MiB budget=3119MiB), puff 건너뜀
[container_monitor] pf-test-3: 이미 suspend 상태, 재적용 생략
[container_monitor] pf-test-3: current=886.7MiB swap=127.4MiB max=981.0MiB cpu.usage_usec=4698087 method=swap_current_delta_fallback detail={'delta_swap_current': 0, 'swap_saturated': True, 'workingset_refault_anon': 10383} events={'low': 0, 'high': 0, 'max': 10, 'oom': 0, 'oom_kill': 0, 'oom_group_kill': 0}
[container_monitor] pf-test-3: OCM 감지 (method=swap_current_delta_fallback, detail={'delta_swap_current': 0, 'swap_saturated': True, 'workingset_refault_anon': 10383})
[puff_manager] pf-test-3: 호스트 여유 없음 (assigned=3631MiB budget=3119MiB), puff 건너뜀
[container_monitor] pf-test-3: 이미 suspend 상태, 재적용 생략
[container_monitor] pf-test-3: current=886.7MiB swap=127.4MiB max=981.0MiB cpu.usage_usec=4699017 method=swap_current_delta_fallback detail={'delta_swap_current': 0, 'swap_saturated': True, 'workingset_refault_anon': 10383} events={'low': 0, 'high': 0, 'max': 10, 'oom': 0, 'oom_kill': 0, 'oom_group_kill': 0}
[container_monitor] pf-test-3: OCM 감지 (method=swap_current_delta_fallback, detail={'delta_swap_current': 0, 'swap_saturated': True, 'workingset_refault_anon': 10383})
[puff_manager] pf-test-3: 호스트 여유 없음 (assigned=3631MiB budget=3119MiB), puff 건너뜀
[container_monitor] pf-test-3: 이미 suspend 상태, 재적용 생략
[container_monitor] pf-test-3: current=886.7MiB swap=127.4MiB max=981.0MiB cpu.usage_usec=4701492 method=swap_current_delta_fallback detail={'delta_swap_current': 0, 'swap_saturated': True, 'workingset_refault_anon': 10383} events={'low': 0, 'high': 0, 'max': 10, 'oom': 0, 'oom_kill': 0, 'oom_group_kill': 0}
[container_monitor] pf-test-3: OCM 감지 (method=swap_current_delta_fallback, detail={'delta_swap_current': 0, 'swap_saturated': True, 'workingset_refault_anon': 10383})
[puff_manager] pf-test-3: 호스트 여유 없음 (assigned=3631MiB budget=3119MiB), puff 건너뜀
[container_monitor] pf-test-3: 이미 suspend 상태, 재적용 생략
[container_monitor] pf-test-3: current=886.8MiB swap=127.4MiB max=981.0MiB cpu.usage_usec=4707752 method=swap_current_delta_fallback detail={'delta_swap_current': -4096, 'swap_saturated': True, 'workingset_refault_anon': 10388} events={'low': 0, 'high': 0, 'max': 10, 'oom': 0, 'oom_kill': 0, 'oom_group_kill': 0}
[container_monitor] pf-test-3: OCM 감지 (method=swap_current_delta_fallback, detail={'delta_swap_current': -4096, 'swap_saturated': True, 'workingset_refault_anon': 10388})
[puff_manager] pf-test-3: 호스트 여유 없음 (assigned=3631MiB budget=3119MiB), puff 건너뜀
[container_monitor] pf-test-3: 이미 suspend 상태, 재적용 생략
[container_monitor] pf-test-3: current=887.2MiB swap=127.1MiB max=981.0MiB cpu.usage_usec=4713456 method=swap_current_delta_fallback detail={'delta_swap_current': -262144, 'swap_saturated': True, 'workingset_refault_anon': 10440} events={'low': 0, 'high': 0, 'max': 10, 'oom': 0, 'oom_kill': 0, 'oom_group_kill': 0}
[container_monitor] pf-test-3: OCM 감지 (method=swap_current_delta_fallback, detail={'delta_swap_current': -262144, 'swap_saturated': True, 'workingset_refault_anon': 10440})
[puff_manager] pf-test-3: 호스트 여유 없음 (assigned=3631MiB budget=3119MiB), puff 건너뜀
[container_monitor] pf-test-3: 이미 suspend 상태, 재적용 생략
[container_monitor] pf-test-3: current=887.9MiB swap=126.5MiB max=981.0MiB cpu.usage_usec=4716012 method=swap_current_delta_fallback detail={'delta_swap_current': -684032, 'swap_saturated': True, 'workingset_refault_anon': 10530} events={'low': 0, 'high': 0, 'max': 10, 'oom': 0, 'oom_kill': 0, 'oom_group_kill': 0}
[container_monitor] pf-test-3: OCM 감지 (method=swap_current_delta_fallback, detail={'delta_swap_current': -684032, 'swap_saturated': True, 'workingset_refault_anon': 10530})
[puff_manager] pf-test-3: 호스트 여유 없음 (assigned=3631MiB budget=3119MiB), puff 건너뜀
[container_monitor] pf-test-3: 이미 suspend 상태, 재적용 생략
[container_monitor] pf-test-3: current=887.9MiB swap=126.5MiB max=981.0MiB cpu.usage_usec=4716883 method=swap_current_delta_fallback detail={'delta_swap_current': 0, 'swap_saturated': True, 'workingset_refault_anon': 10530} events={'low': 0, 'high': 0, 'max': 10, 'oom': 0, 'oom_kill': 0, 'oom_group_kill': 0}
[container_monitor] pf-test-3: OCM 감지 (method=swap_current_delta_fallback, detail={'delta_swap_current': 0, 'swap_saturated': True, 'workingset_refault_anon': 10530})
[puff_manager] pf-test-3: 호스트 여유 없음 (assigned=3631MiB budget=3119MiB), puff 건너뜀
[container_monitor] pf-test-3: 이미 suspend 상태, 재적용 생략
[container_monitor] pf-test-3: current=888.0MiB swap=126.4MiB max=981.0MiB cpu.usage_usec=4721065 method=swap_current_delta_fallback detail={'delta_swap_current': -73728, 'swap_saturated': True, 'workingset_refault_anon': 10530} events={'low': 0, 'high': 0, 'max': 10, 'oom': 0, 'oom_kill': 0, 'oom_group_kill': 0}
[container_monitor] pf-test-3: OCM 감지 (method=swap_current_delta_fallback, detail={'delta_swap_current': -73728, 'swap_saturated': True, 'workingset_refault_anon': 10530})
[puff_manager] pf-test-3: 호스트 여유 없음 (assigned=3631MiB budget=3119MiB), puff 건너뜀
[container_monitor] pf-test-3: 이미 suspend 상태, 재적용 생략
[container_monitor] pf-test-3: current=888.4MiB swap=126.0MiB max=981.0MiB cpu.usage_usec=4724992 method=swap_current_delta_fallback detail={'delta_swap_current': -425984, 'swap_saturated': True, 'workingset_refault_anon': 10559} events={'low': 0, 'high': 0, 'max': 10, 'oom': 0, 'oom_kill': 0, 'oom_group_kill': 0}
[container_monitor] pf-test-3: OCM 감지 (method=swap_current_delta_fallback, detail={'delta_swap_current': -425984, 'swap_saturated': True, 'workingset_refault_anon': 10559})
[puff_manager] pf-test-3: 호스트 여유 없음 (assigned=3631MiB budget=3119MiB), puff 건너뜀
[container_monitor] pf-test-3: 이미 suspend 상태, 재적용 생략
[container_monitor] pf-test-3: current=888.4MiB swap=126.0MiB max=981.0MiB cpu.usage_usec=4725706 method=swap_current_delta_fallback detail={'delta_swap_current': 0, 'swap_saturated': True, 'workingset_refault_anon': 10559} events={'low': 0, 'high': 0, 'max': 10, 'oom': 0, 'oom_kill': 0, 'oom_group_kill': 0}
[container_monitor] pf-test-3: OCM 감지 (method=swap_current_delta_fallback, detail={'delta_swap_current': 0, 'swap_saturated': True, 'workingset_refault_anon': 10559})
[puff_manager] pf-test-3: 호스트 여유 없음 (assigned=3631MiB budget=3119MiB), puff 건너뜀
[container_monitor] pf-test-3: 이미 suspend 상태, 재적용 생략
[container_monitor] pf-test-3: current=888.4MiB swap=126.0MiB max=981.0MiB cpu.usage_usec=4726458 method=swap_current_delta_fallback detail={'delta_swap_current': 0, 'swap_saturated': True, 'workingset_refault_anon': 10559} events={'low': 0, 'high': 0, 'max': 10, 'oom': 0, 'oom_kill': 0, 'oom_group_kill': 0}
[container_monitor] pf-test-3: OCM 감지 (method=swap_current_delta_fallback, detail={'delta_swap_current': 0, 'swap_saturated': True, 'workingset_refault_anon': 10559})
[puff_manager] pf-test-3: 호스트 여유 없음 (assigned=3631MiB budget=3119MiB), puff 건너뜀
[container_monitor] pf-test-3: 이미 suspend 상태, 재적용 생략
[container_monitor] pf-test-3: current=888.4MiB swap=126.0MiB max=981.0MiB cpu.usage_usec=4729052 method=swap_current_delta_fallback detail={'delta_swap_current': 0, 'swap_saturated': True, 'workingset_refault_anon': 10559} events={'low': 0, 'high': 0, 'max': 10, 'oom': 0, 'oom_kill': 0, 'oom_group_kill': 0}
[container_monitor] pf-test-3: OCM 감지 (method=swap_current_delta_fallback, detail={'delta_swap_current': 0, 'swap_saturated': True, 'workingset_refault_anon': 10559})
[puff_manager] pf-test-3: 호스트 여유 없음 (assigned=3631MiB budget=3119MiB), puff 건너뜀
[container_monitor] pf-test-3: 이미 suspend 상태, 재적용 생략
[container_monitor] pf-test-3: current=888.4MiB swap=126.0MiB max=981.0MiB cpu.usage_usec=4734535 method=swap_current_delta_fallback detail={'delta_swap_current': 0, 'swap_saturated': True, 'workingset_refault_anon': 10559} events={'low': 0, 'high': 0, 'max': 10, 'oom': 0, 'oom_kill': 0, 'oom_group_kill': 0}
[container_monitor] pf-test-3: OCM 감지 (method=swap_current_delta_fallback, detail={'delta_swap_current': 0, 'swap_saturated': True, 'workingset_refault_anon': 10559})
[puff_manager] pf-test-3: 호스트 여유 없음 (assigned=3631MiB budget=3119MiB), puff 건너뜀
[container_monitor] pf-test-3: 이미 suspend 상태, 재적용 생략
[container_monitor] pf-test-3: current=888.4MiB swap=125.9MiB max=981.0MiB cpu.usage_usec=4736289 method=swap_current_delta_fallback detail={'delta_swap_current': -49152, 'swap_saturated': True, 'workingset_refault_anon': 10559} events={'low': 0, 'high': 0, 'max': 10, 'oom': 0, 'oom_kill': 0, 'oom_group_kill': 0}
[container_monitor] pf-test-3: OCM 감지 (method=swap_current_delta_fallback, detail={'delta_swap_current': -49152, 'swap_saturated': True, 'workingset_refault_anon': 10559})
[puff_manager] pf-test-3: 호스트 여유 없음 (assigned=3631MiB budget=3119MiB), puff 건너뜀
[container_monitor] pf-test-3: 이미 suspend 상태, 재적용 생략
[container_monitor] pf-test-3: current=888.4MiB swap=125.9MiB max=981.0MiB cpu.usage_usec=4737172 method=swap_current_delta_fallback detail={'delta_swap_current': 0, 'swap_saturated': True, 'workingset_refault_anon': 10559} events={'low': 0, 'high': 0, 'max': 10, 'oom': 0, 'oom_kill': 0, 'oom_group_kill': 0}
[container_monitor] pf-test-3: OCM 감지 (method=swap_current_delta_fallback, detail={'delta_swap_current': 0, 'swap_saturated': True, 'workingset_refault_anon': 10559})
[puff_manager] pf-test-3: 호스트 여유 없음 (assigned=3631MiB budget=3119MiB), puff 건너뜀
[container_monitor] pf-test-3: 이미 suspend 상태, 재적용 생략
[container_monitor] pf-test-3: current=888.4MiB swap=125.9MiB max=981.0MiB cpu.usage_usec=4737660 method=swap_current_delta_fallback detail={'delta_swap_current': 0, 'swap_saturated': True, 'workingset_refault_anon': 10559} events={'low': 0, 'high': 0, 'max': 10, 'oom': 0, 'oom_kill': 0, 'oom_group_kill': 0}
[container_monitor] pf-test-3: OCM 감지 (method=swap_current_delta_fallback, detail={'delta_swap_current': 0, 'swap_saturated': True, 'workingset_refault_anon': 10559})
[puff_manager] pf-test-3: 호스트 여유 없음 (assigned=3631MiB budget=3119MiB), puff 건너뜀
[container_monitor] pf-test-3: 이미 suspend 상태, 재적용 생략
[container_monitor] pf-test-3: current=888.4MiB swap=125.9MiB max=981.0MiB cpu.usage_usec=4741518 method=swap_current_delta_fallback detail={'delta_swap_current': -16384, 'swap_saturated': True, 'workingset_refault_anon': 10564} events={'low': 0, 'high': 0, 'max': 10, 'oom': 0, 'oom_kill': 0, 'oom_group_kill': 0}
[container_monitor] pf-test-3: OCM 감지 (method=swap_current_delta_fallback, detail={'delta_swap_current': -16384, 'swap_saturated': True, 'workingset_refault_anon': 10564})
[puff_manager] pf-test-3: 호스트 여유 없음 (assigned=3631MiB budget=3119MiB), puff 건너뜀
[container_monitor] pf-test-3: 이미 suspend 상태, 재적용 생략
[container_monitor] pf-test-3: current=891.1MiB swap=123.4MiB max=981.0MiB cpu.usage_usec=4747964 method=swap_current_delta_fallback detail={'delta_swap_current': -2605056, 'swap_saturated': True, 'workingset_refault_anon': 10614} events={'low': 0, 'high': 0, 'max': 10, 'oom': 0, 'oom_kill': 0, 'oom_group_kill': 0}
[container_monitor] pf-test-3: OCM 감지 (method=swap_current_delta_fallback, detail={'delta_swap_current': -2605056, 'swap_saturated': True, 'workingset_refault_anon': 10614})
[puff_manager] pf-test-3: 호스트 여유 없음 (assigned=3631MiB budget=3119MiB), puff 건너뜀
[container_monitor] pf-test-3: 이미 suspend 상태, 재적용 생략
[container_monitor] pf-test-3: current=891.1MiB swap=123.2MiB max=981.0MiB cpu.usage_usec=4749176 method=swap_current_delta_fallback detail={'delta_swap_current': -249856, 'swap_saturated': True, 'workingset_refault_anon': 10614} events={'low': 0, 'high': 0, 'max': 10, 'oom': 0, 'oom_kill': 0, 'oom_group_kill': 0}
[container_monitor] pf-test-3: OCM 감지 (method=swap_current_delta_fallback, detail={'delta_swap_current': -249856, 'swap_saturated': True, 'workingset_refault_anon': 10614})
[puff_manager] pf-test-3: 호스트 여유 없음 (assigned=3631MiB budget=3119MiB), puff 건너뜀
[container_monitor] pf-test-3: 이미 suspend 상태, 재적용 생략
[container_monitor] pf-test-3: current=891.2MiB swap=123.2MiB max=981.0MiB cpu.usage_usec=4750673 method=swap_current_delta_fallback detail={'delta_swap_current': 0, 'swap_saturated': True, 'workingset_refault_anon': 10614} events={'low': 0, 'high': 0, 'max': 10, 'oom': 0, 'oom_kill': 0, 'oom_group_kill': 0}
[container_monitor] pf-test-3: OCM 감지 (method=swap_current_delta_fallback, detail={'delta_swap_current': 0, 'swap_saturated': True, 'workingset_refault_anon': 10614})
[puff_manager] pf-test-3: 호스트 여유 없음 (assigned=3631MiB budget=3119MiB), puff 건너뜀
[container_monitor] pf-test-3: 이미 suspend 상태, 재적용 생략
[container_monitor] pf-test-3: current=891.2MiB swap=123.2MiB max=981.0MiB cpu.usage_usec=4751229 method=swap_current_delta_fallback detail={'delta_swap_current': 0, 'swap_saturated': True, 'workingset_refault_anon': 10614} events={'low': 0, 'high': 0, 'max': 10, 'oom': 0, 'oom_kill': 0, 'oom_group_kill': 0}
[container_monitor] pf-test-3: OCM 감지 (method=swap_current_delta_fallback, detail={'delta_swap_current': 0, 'swap_saturated': True, 'workingset_refault_anon': 10614})
[puff_manager] pf-test-3: 호스트 여유 없음 (assigned=3631MiB budget=3119MiB), puff 건너뜀
[container_monitor] pf-test-3: 이미 suspend 상태, 재적용 생략
[container_monitor] pf-test-3: current=891.2MiB swap=123.2MiB max=981.0MiB cpu.usage_usec=4755476 method=swap_current_delta_fallback detail={'delta_swap_current': 0, 'swap_saturated': True, 'workingset_refault_anon': 10614} events={'low': 0, 'high': 0, 'max': 10, 'oom': 0, 'oom_kill': 0, 'oom_group_kill': 0}
[container_monitor] pf-test-3: OCM 감지 (method=swap_current_delta_fallback, detail={'delta_swap_current': 0, 'swap_saturated': True, 'workingset_refault_anon': 10614})
[puff_manager] pf-test-3: 호스트 여유 없음 (assigned=3631MiB budget=3119MiB), puff 건너뜀
[container_monitor] pf-test-3: 이미 suspend 상태, 재적용 생략
[container_monitor] pf-test-3: current=889.9MiB swap=126.7MiB max=981.0MiB cpu.usage_usec=4758793 method=swap_current_delta_fallback detail={'delta_swap_current': 3653632, 'swap_saturated': True, 'workingset_refault_anon': 10614} events={'low': 0, 'high': 0, 'max': 10, 'oom': 0, 'oom_kill': 0, 'oom_group_kill': 0}
[container_monitor] pf-test-3: OCM 감지 (method=swap_current_delta_fallback, detail={'delta_swap_current': 3653632, 'swap_saturated': True, 'workingset_refault_anon': 10614})
[puff_manager] pf-test-3: 호스트 여유 없음 (assigned=3631MiB budget=3119MiB), puff 건너뜀
[container_monitor] pf-test-3: 이미 suspend 상태, 재적용 생략
[container_monitor] pf-test-3: current=889.9MiB swap=126.7MiB max=981.0MiB cpu.usage_usec=4759604 method=swap_current_delta_fallback detail={'delta_swap_current': 0, 'swap_saturated': True, 'workingset_refault_anon': 10614} events={'low': 0, 'high': 0, 'max': 10, 'oom': 0, 'oom_kill': 0, 'oom_group_kill': 0}
[container_monitor] pf-test-3: OCM 감지 (method=swap_current_delta_fallback, detail={'delta_swap_current': 0, 'swap_saturated': True, 'workingset_refault_anon': 10614})
[puff_manager] pf-test-3: 호스트 여유 없음 (assigned=3631MiB budget=3119MiB), puff 건너뜀
[container_monitor] pf-test-3: 이미 suspend 상태, 재적용 생략
[container_monitor] pf-test-3: current=887.3MiB swap=128.0MiB max=981.0MiB cpu.usage_usec=4760332 method=swap_current_delta_fallback detail={'delta_swap_current': 1376256, 'swap_saturated': True, 'workingset_refault_anon': 10614} events={'low': 0, 'high': 0, 'max': 10, 'oom': 0, 'oom_kill': 0, 'oom_group_kill': 0}
[container_monitor] pf-test-3: OCM 감지 (method=swap_current_delta_fallback, detail={'delta_swap_current': 1376256, 'swap_saturated': True, 'workingset_refault_anon': 10614})
[puff_manager] pf-test-3: 호스트 여유 없음 (assigned=3631MiB budget=3119MiB), puff 건너뜀
[container_monitor] pf-test-3: 이미 suspend 상태, 재적용 생략
[container_monitor] pf-test-3: current=889.4MiB swap=128.0MiB max=981.0MiB cpu.usage_usec=4764034 method=swap_current_delta_fallback detail={'delta_swap_current': 0, 'swap_saturated': True, 'workingset_refault_anon': 10618} events={'low': 0, 'high': 0, 'max': 10, 'oom': 0, 'oom_kill': 0, 'oom_group_kill': 0}
[container_monitor] pf-test-3: OCM 감지 (method=swap_current_delta_fallback, detail={'delta_swap_current': 0, 'swap_saturated': True, 'workingset_refault_anon': 10618})
[puff_manager] pf-test-3: 호스트 여유 없음 (assigned=3631MiB budget=3119MiB), puff 건너뜀
[container_monitor] pf-test-3: 이미 suspend 상태, 재적용 생략
[container_monitor] pf-test-3: current=889.4MiB swap=128.0MiB max=981.0MiB cpu.usage_usec=4768560 method=swap_current_delta_fallback detail={'delta_swap_current': 0, 'swap_saturated': True, 'workingset_refault_anon': 10618} events={'low': 0, 'high': 0, 'max': 10, 'oom': 0, 'oom_kill': 0, 'oom_group_kill': 0}
[container_monitor] pf-test-3: OCM 감지 (method=swap_current_delta_fallback, detail={'delta_swap_current': 0, 'swap_saturated': True, 'workingset_refault_anon': 10618})
[puff_manager] pf-test-3: 호스트 여유 없음 (assigned=3631MiB budget=3119MiB), puff 건너뜀
[container_monitor] pf-test-3: 이미 suspend 상태, 재적용 생략
[container_monitor] pf-test-3: current=889.5MiB swap=128.0MiB max=981.0MiB cpu.usage_usec=4774666 method=swap_current_delta_fallback detail={'delta_swap_current': 0, 'swap_saturated': True, 'workingset_refault_anon': 10633} events={'low': 0, 'high': 0, 'max': 10, 'oom': 0, 'oom_kill': 0, 'oom_group_kill': 0}
[container_monitor] pf-test-3: OCM 감지 (method=swap_current_delta_fallback, detail={'delta_swap_current': 0, 'swap_saturated': True, 'workingset_refault_anon': 10633})
[puff_manager] pf-test-3: 호스트 여유 없음 (assigned=3631MiB budget=3119MiB), puff 건너뜀
[container_monitor] pf-test-3: 이미 suspend 상태, 재적용 생략
[container_monitor] pf-test-3: current=889.8MiB swap=127.9MiB max=981.0MiB cpu.usage_usec=4782196 method=swap_current_delta_fallback detail={'delta_swap_current': -135168, 'swap_saturated': True, 'workingset_refault_anon': 10655} events={'low': 0, 'high': 0, 'max': 10, 'oom': 0, 'oom_kill': 0, 'oom_group_kill': 0}
[container_monitor] pf-test-3: OCM 감지 (method=swap_current_delta_fallback, detail={'delta_swap_current': -135168, 'swap_saturated': True, 'workingset_refault_anon': 10655})
[puff_manager] pf-test-3: 호스트 여유 없음 (assigned=3631MiB budget=3119MiB), puff 건너뜀
[container_monitor] pf-test-3: 이미 suspend 상태, 재적용 생략
[container_monitor] pf-test-3: current=889.8MiB swap=127.9MiB max=981.0MiB cpu.usage_usec=4783957 method=swap_current_delta_fallback detail={'delta_swap_current': 0, 'swap_saturated': True, 'workingset_refault_anon': 10662} events={'low': 0, 'high': 0, 'max': 10, 'oom': 0, 'oom_kill': 0, 'oom_group_kill': 0}
[container_monitor] pf-test-3: OCM 감지 (method=swap_current_delta_fallback, detail={'delta_swap_current': 0, 'swap_saturated': True, 'workingset_refault_anon': 10662})
[puff_manager] pf-test-3: 호스트 여유 없음 (assigned=3631MiB budget=3119MiB), puff 건너뜀
[container_monitor] pf-test-3: 이미 suspend 상태, 재적용 생략
[container_monitor] pf-test-3: current=889.8MiB swap=127.7MiB max=981.0MiB cpu.usage_usec=4786521 method=swap_current_delta_fallback detail={'delta_swap_current': -180224, 'swap_saturated': True, 'workingset_refault_anon': 10662} events={'low': 0, 'high': 0, 'max': 10, 'oom': 0, 'oom_kill': 0, 'oom_group_kill': 0}
[container_monitor] pf-test-3: OCM 감지 (method=swap_current_delta_fallback, detail={'delta_swap_current': -180224, 'swap_saturated': True, 'workingset_refault_anon': 10662})
[puff_manager] pf-test-3: 호스트 여유 없음 (assigned=3631MiB budget=3119MiB), puff 건너뜀
[container_monitor] pf-test-3: 이미 suspend 상태, 재적용 생략
[container_monitor] pf-test-3: current=891.9MiB swap=128.0MiB max=981.0MiB cpu.usage_usec=4794429 method=swap_current_delta_fallback detail={'delta_swap_current': 315392, 'swap_saturated': True, 'workingset_refault_anon': 10662} events={'low': 0, 'high': 0, 'max': 10, 'oom': 0, 'oom_kill': 0, 'oom_group_kill': 0}
[container_monitor] pf-test-3: OCM 감지 (method=swap_current_delta_fallback, detail={'delta_swap_current': 315392, 'swap_saturated': True, 'workingset_refault_anon': 10662})
[puff_manager] pf-test-3: 호스트 여유 없음 (assigned=3631MiB budget=3119MiB), puff 건너뜀
[container_monitor] pf-test-3: 이미 suspend 상태, 재적용 생략
[container_monitor] pf-test-3: current=897.9MiB swap=127.9MiB max=981.0MiB cpu.usage_usec=4800455 method=swap_current_delta_fallback detail={'delta_swap_current': -118784, 'swap_saturated': True, 'workingset_refault_anon': 10706} events={'low': 0, 'high': 0, 'max': 10, 'oom': 0, 'oom_kill': 0, 'oom_group_kill': 0}
[container_monitor] pf-test-3: OCM 감지 (method=swap_current_delta_fallback, detail={'delta_swap_current': -118784, 'swap_saturated': True, 'workingset_refault_anon': 10706})
[puff_manager] pf-test-3: 호스트 여유 없음 (assigned=3631MiB budget=3119MiB), puff 건너뜀
[container_monitor] pf-test-3: 이미 suspend 상태, 재적용 생략
[container_monitor] pf-test-3: current=898.0MiB swap=127.9MiB max=981.0MiB cpu.usage_usec=4800762 method=swap_current_delta_fallback detail={'delta_swap_current': 0, 'swap_saturated': True, 'workingset_refault_anon': 10706} events={'low': 0, 'high': 0, 'max': 10, 'oom': 0, 'oom_kill': 0, 'oom_group_kill': 0}
[container_monitor] pf-test-3: OCM 감지 (method=swap_current_delta_fallback, detail={'delta_swap_current': 0, 'swap_saturated': True, 'workingset_refault_anon': 10706})
[puff_manager] pf-test-3: 호스트 여유 없음 (assigned=3631MiB budget=3119MiB), puff 건너뜀
[container_monitor] pf-test-3: 이미 suspend 상태, 재적용 생략
[container_monitor] pf-test-3: current=898.0MiB swap=127.9MiB max=981.0MiB cpu.usage_usec=4801334 method=swap_current_delta_fallback detail={'delta_swap_current': 0, 'swap_saturated': True, 'workingset_refault_anon': 10706} events={'low': 0, 'high': 0, 'max': 10, 'oom': 0, 'oom_kill': 0, 'oom_group_kill': 0}
[container_monitor] pf-test-3: OCM 감지 (method=swap_current_delta_fallback, detail={'delta_swap_current': 0, 'swap_saturated': True, 'workingset_refault_anon': 10706})
[puff_manager] pf-test-3: 호스트 여유 없음 (assigned=3631MiB budget=3119MiB), puff 건너뜀
[container_monitor] pf-test-3: 이미 suspend 상태, 재적용 생략
[container_monitor] pf-test-3: current=898.0MiB swap=127.9MiB max=981.0MiB cpu.usage_usec=4804553 method=swap_current_delta_fallback detail={'delta_swap_current': 0, 'swap_saturated': True, 'workingset_refault_anon': 10706} events={'low': 0, 'high': 0, 'max': 10, 'oom': 0, 'oom_kill': 0, 'oom_group_kill': 0}
[container_monitor] pf-test-3: OCM 감지 (method=swap_current_delta_fallback, detail={'delta_swap_current': 0, 'swap_saturated': True, 'workingset_refault_anon': 10706})
[puff_manager] pf-test-3: 호스트 여유 없음 (assigned=3631MiB budget=3119MiB), puff 건너뜀
[container_monitor] pf-test-3: 이미 suspend 상태, 재적용 생략
[container_monitor] pf-test-3: current=898.0MiB swap=127.9MiB max=981.0MiB cpu.usage_usec=4811326 method=swap_current_delta_fallback detail={'delta_swap_current': 0, 'swap_saturated': True, 'workingset_refault_anon': 10706} events={'low': 0, 'high': 0, 'max': 10, 'oom': 0, 'oom_kill': 0, 'oom_group_kill': 0}
[container_monitor] pf-test-3: OCM 감지 (method=swap_current_delta_fallback, detail={'delta_swap_current': 0, 'swap_saturated': True, 'workingset_refault_anon': 10706})
[puff_manager] pf-test-3: 호스트 여유 없음 (assigned=3631MiB budget=3119MiB), puff 건너뜀
[container_monitor] pf-test-3: 이미 suspend 상태, 재적용 생략
[container_monitor] pf-test-3: current=898.0MiB swap=127.9MiB max=981.0MiB cpu.usage_usec=4811991 method=swap_current_delta_fallback detail={'delta_swap_current': 0, 'swap_saturated': True, 'workingset_refault_anon': 10706} events={'low': 0, 'high': 0, 'max': 10, 'oom': 0, 'oom_kill': 0, 'oom_group_kill': 0}
[container_monitor] pf-test-3: OCM 감지 (method=swap_current_delta_fallback, detail={'delta_swap_current': 0, 'swap_saturated': True, 'workingset_refault_anon': 10706})
[puff_manager] pf-test-3: 호스트 여유 없음 (assigned=3631MiB budget=3119MiB), puff 건너뜀
[container_monitor] pf-test-3: 이미 suspend 상태, 재적용 생략
[container_monitor] pf-test-3: current=898.0MiB swap=127.9MiB max=981.0MiB cpu.usage_usec=4812619 method=swap_current_delta_fallback detail={'delta_swap_current': 0, 'swap_saturated': True, 'workingset_refault_anon': 10706} events={'low': 0, 'high': 0, 'max': 10, 'oom': 0, 'oom_kill': 0, 'oom_group_kill': 0}
[container_monitor] pf-test-3: OCM 감지 (method=swap_current_delta_fallback, detail={'delta_swap_current': 0, 'swap_saturated': True, 'workingset_refault_anon': 10706})
[puff_manager] pf-test-3: 호스트 여유 없음 (assigned=3631MiB budget=3119MiB), puff 건너뜀
[container_monitor] pf-test-3: 이미 suspend 상태, 재적용 생략
[container_monitor] pf-test-3: current=898.0MiB swap=127.9MiB max=981.0MiB cpu.usage_usec=4813142 method=swap_current_delta_fallback detail={'delta_swap_current': 0, 'swap_saturated': True, 'workingset_refault_anon': 10706} events={'low': 0, 'high': 0, 'max': 10, 'oom': 0, 'oom_kill': 0, 'oom_group_kill': 0}
[container_monitor] pf-test-3: OCM 감지 (method=swap_current_delta_fallback, detail={'delta_swap_current': 0, 'swap_saturated': True, 'workingset_refault_anon': 10706})
[puff_manager] pf-test-3: 호스트 여유 없음 (assigned=3631MiB budget=3119MiB), puff 건너뜀
[container_monitor] pf-test-3: 이미 suspend 상태, 재적용 생략
[container_monitor] pf-test-3: current=900.2MiB swap=127.9MiB max=981.0MiB cpu.usage_usec=4816992 method=swap_current_delta_fallback detail={'delta_swap_current': -4096, 'swap_saturated': True, 'workingset_refault_anon': 10706} events={'low': 0, 'high': 0, 'max': 10, 'oom': 0, 'oom_kill': 0, 'oom_group_kill': 0}
[container_monitor] pf-test-3: OCM 감지 (method=swap_current_delta_fallback, detail={'delta_swap_current': -4096, 'swap_saturated': True, 'workingset_refault_anon': 10706})
[puff_manager] pf-test-3: 호스트 여유 없음 (assigned=3631MiB budget=3119MiB), puff 건너뜀
[container_monitor] pf-test-3: 이미 suspend 상태, 재적용 생략
[container_monitor] pf-test-3: current=900.2MiB swap=127.9MiB max=981.0MiB cpu.usage_usec=4817581 method=swap_current_delta_fallback detail={'delta_swap_current': 0, 'swap_saturated': True, 'workingset_refault_anon': 10706} events={'low': 0, 'high': 0, 'max': 10, 'oom': 0, 'oom_kill': 0, 'oom_group_kill': 0}
[container_monitor] pf-test-3: OCM 감지 (method=swap_current_delta_fallback, detail={'delta_swap_current': 0, 'swap_saturated': True, 'workingset_refault_anon': 10706})
[puff_manager] pf-test-3: 호스트 여유 없음 (assigned=3631MiB budget=3119MiB), puff 건너뜀
[container_monitor] pf-test-3: 이미 suspend 상태, 재적용 생략
[container_monitor] pf-test-3: current=900.1MiB swap=127.9MiB max=981.0MiB cpu.usage_usec=4817820 method=swap_current_delta_fallback detail={'delta_swap_current': 0, 'swap_saturated': True, 'workingset_refault_anon': 10706} events={'low': 0, 'high': 0, 'max': 10, 'oom': 0, 'oom_kill': 0, 'oom_group_kill': 0}
[container_monitor] pf-test-3: OCM 감지 (method=swap_current_delta_fallback, detail={'delta_swap_current': 0, 'swap_saturated': True, 'workingset_refault_anon': 10706})
[puff_manager] pf-test-3: 호스트 여유 없음 (assigned=3631MiB budget=3119MiB), puff 건너뜀
[container_monitor] pf-test-3: 이미 suspend 상태, 재적용 생략
[container_monitor] pf-test-3: current=899.6MiB swap=127.9MiB max=981.0MiB cpu.usage_usec=4818132 method=swap_current_delta_fallback detail={'delta_swap_current': 0, 'swap_saturated': True, 'workingset_refault_anon': 10706} events={'low': 0, 'high': 0, 'max': 10, 'oom': 0, 'oom_kill': 0, 'oom_group_kill': 0}
[container_monitor] pf-test-3: OCM 감지 (method=swap_current_delta_fallback, detail={'delta_swap_current': 0, 'swap_saturated': True, 'workingset_refault_anon': 10706})
[puff_manager] pf-test-3: 호스트 여유 없음 (assigned=3631MiB budget=3119MiB), puff 건너뜀
[container_monitor] pf-test-3: 이미 suspend 상태, 재적용 생략
[container_monitor] pf-test-3: current=899.3MiB swap=127.9MiB max=981.0MiB cpu.usage_usec=4822112 method=swap_current_delta_fallback detail={'delta_swap_current': 0, 'swap_saturated': True, 'workingset_refault_anon': 10706} events={'low': 0, 'high': 0, 'max': 10, 'oom': 0, 'oom_kill': 0, 'oom_group_kill': 0}
[container_monitor] pf-test-3: OCM 감지 (method=swap_current_delta_fallback, detail={'delta_swap_current': 0, 'swap_saturated': True, 'workingset_refault_anon': 10706})
[puff_manager] pf-test-3: 호스트 여유 없음 (assigned=3631MiB budget=3119MiB), puff 건너뜀
[container_monitor] pf-test-3: 이미 suspend 상태, 재적용 생략
[container_monitor] pf-test-3: current=899.3MiB swap=127.9MiB max=981.0MiB cpu.usage_usec=4823686 method=swap_current_delta_fallback detail={'delta_swap_current': -4096, 'swap_saturated': True, 'workingset_refault_anon': 10706} events={'low': 0, 'high': 0, 'max': 10, 'oom': 0, 'oom_kill': 0, 'oom_group_kill': 0}
[container_monitor] pf-test-3: OCM 감지 (method=swap_current_delta_fallback, detail={'delta_swap_current': -4096, 'swap_saturated': True, 'workingset_refault_anon': 10706})
[puff_manager] pf-test-3: 호스트 여유 없음 (assigned=3631MiB budget=3119MiB), puff 건너뜀
[container_monitor] pf-test-3: 이미 suspend 상태, 재적용 생략
[container_monitor] pf-test-3: current=899.5MiB swap=127.9MiB max=981.0MiB cpu.usage_usec=4824595 method=swap_current_delta_fallback detail={'delta_swap_current': 0, 'swap_saturated': True, 'workingset_refault_anon': 10706} events={'low': 0, 'high': 0, 'max': 10, 'oom': 0, 'oom_kill': 0, 'oom_group_kill': 0}
[container_monitor] pf-test-3: OCM 감지 (method=swap_current_delta_fallback, detail={'delta_swap_current': 0, 'swap_saturated': True, 'workingset_refault_anon': 10706})
[puff_manager] pf-test-3: 호스트 여유 없음 (assigned=3631MiB budget=3119MiB), puff 건너뜀
[container_monitor] pf-test-3: 이미 suspend 상태, 재적용 생략
[container_monitor] pf-test-3: current=899.5MiB swap=127.9MiB max=981.0MiB cpu.usage_usec=4825231 method=swap_current_delta_fallback detail={'delta_swap_current': 0, 'swap_saturated': True, 'workingset_refault_anon': 10709} events={'low': 0, 'high': 0, 'max': 10, 'oom': 0, 'oom_kill': 0, 'oom_group_kill': 0}
[container_monitor] pf-test-3: OCM 감지 (method=swap_current_delta_fallback, detail={'delta_swap_current': 0, 'swap_saturated': True, 'workingset_refault_anon': 10709})
[puff_manager] pf-test-3: 호스트 여유 없음 (assigned=3631MiB budget=3119MiB), puff 건너뜀
[container_monitor] pf-test-3: 이미 suspend 상태, 재적용 생략
[container_monitor] pf-test-3: current=899.5MiB swap=127.9MiB max=981.0MiB cpu.usage_usec=4831098 method=swap_current_delta_fallback detail={'delta_swap_current': 0, 'swap_saturated': True, 'workingset_refault_anon': 10709} events={'low': 0, 'high': 0, 'max': 10, 'oom': 0, 'oom_kill': 0, 'oom_group_kill': 0}
[container_monitor] pf-test-3: OCM 감지 (method=swap_current_delta_fallback, detail={'delta_swap_current': 0, 'swap_saturated': True, 'workingset_refault_anon': 10709})
[puff_manager] pf-test-3: 호스트 여유 없음 (assigned=3631MiB budget=3119MiB), puff 건너뜀
[container_monitor] pf-test-3: 이미 suspend 상태, 재적용 생략
[container_monitor] pf-test-3: current=899.5MiB swap=127.9MiB max=981.0MiB cpu.usage_usec=4834549 method=swap_current_delta_fallback detail={'delta_swap_current': 0, 'swap_saturated': True, 'workingset_refault_anon': 10709} events={'low': 0, 'high': 0, 'max': 10, 'oom': 0, 'oom_kill': 0, 'oom_group_kill': 0}
[container_monitor] pf-test-3: OCM 감지 (method=swap_current_delta_fallback, detail={'delta_swap_current': 0, 'swap_saturated': True, 'workingset_refault_anon': 10709})
[puff_manager] pf-test-3: 호스트 여유 없음 (assigned=3631MiB budget=3119MiB), puff 건너뜀
[container_monitor] pf-test-3: 이미 suspend 상태, 재적용 생략
[container_monitor] pf-test-3: current=899.5MiB swap=127.9MiB max=981.0MiB cpu.usage_usec=4835241 method=swap_current_delta_fallback detail={'delta_swap_current': -4096, 'swap_saturated': True, 'workingset_refault_anon': 10709} events={'low': 0, 'high': 0, 'max': 10, 'oom': 0, 'oom_kill': 0, 'oom_group_kill': 0}
[container_monitor] pf-test-3: OCM 감지 (method=swap_current_delta_fallback, detail={'delta_swap_current': -4096, 'swap_saturated': True, 'workingset_refault_anon': 10709})
[puff_manager] pf-test-3: puff 적용 981MiB -> 1373MiB
[container_monitor] pf-test-3: puff 완료, 새 메모리 한도 1373MiB
[container_monitor] pf-test-3: 이미 suspend 상태, 재적용 생략
[container_monitor] pf-test-3: current=899.5MiB swap=127.9MiB max=1373.0MiB cpu.usage_usec=4835844 method=swap_current_delta_fallback detail={'delta_swap_current': 0, 'swap_saturated': True, 'workingset_refault_anon': 10709} events={'low': 0, 'high': 0, 'max': 10, 'oom': 0, 'oom_kill': 0, 'oom_group_kill': 0}
[container_monitor] pf-test-3: current=899.5MiB swap=127.9MiB max=1373.0MiB cpu.usage_usec=4836754 method=swap_current_delta_fallback detail={'delta_swap_current': 0, 'swap_saturated': True, 'workingset_refault_anon': 10709} events={'low': 0, 'high': 0, 'max': 10, 'oom': 0, 'oom_kill': 0, 'oom_group_kill': 0}
[container_monitor] pf-test-3: current=899.5MiB swap=127.9MiB max=1373.0MiB cpu.usage_usec=4840860 method=swap_current_delta_fallback detail={'delta_swap_current': 0, 'swap_saturated': True, 'workingset_refault_anon': 10709} events={'low': 0, 'high': 0, 'max': 10, 'oom': 0, 'oom_kill': 0, 'oom_group_kill': 0}
[container_monitor] pf-test-3: current=902.1MiB swap=127.9MiB max=1373.0MiB cpu.usage_usec=4845435 method=swap_current_delta_fallback detail={'delta_swap_current': 0, 'swap_saturated': True, 'workingset_refault_anon': 10709} events={'low': 0, 'high': 0, 'max': 10, 'oom': 0, 'oom_kill': 0, 'oom_group_kill': 0}
[container_monitor] pf-test-3: current=903.2MiB swap=127.9MiB max=1373.0MiB cpu.usage_usec=4849129 method=swap_current_delta_fallback detail={'delta_swap_current': 0, 'swap_saturated': True, 'workingset_refault_anon': 10709} events={'low': 0, 'high': 0, 'max': 10, 'oom': 0, 'oom_kill': 0, 'oom_group_kill': 0}
[container_monitor] pf-test-3: current=903.2MiB swap=127.9MiB max=1373.0MiB cpu.usage_usec=4849621 method=swap_current_delta_fallback detail={'delta_swap_current': -4096, 'swap_saturated': True, 'workingset_refault_anon': 10709} events={'low': 0, 'high': 0, 'max': 10, 'oom': 0, 'oom_kill': 0, 'oom_group_kill': 0}
[container_monitor] pf-test-3: current=903.2MiB swap=127.9MiB max=1373.0MiB cpu.usage_usec=4850506 method=swap_current_delta_fallback detail={'delta_swap_current': 0, 'swap_saturated': True, 'workingset_refault_anon': 10709} events={'low': 0, 'high': 0, 'max': 10, 'oom': 0, 'oom_kill': 0, 'oom_group_kill': 0}
[container_monitor] pf-test-3: current=903.2MiB swap=127.9MiB max=1373.0MiB cpu.usage_usec=4851663 method=swap_current_delta_fallback detail={'delta_swap_current': 0, 'swap_saturated': True, 'workingset_refault_anon': 10709} events={'low': 0, 'high': 0, 'max': 10, 'oom': 0, 'oom_kill': 0, 'oom_group_kill': 0}
[container_monitor] pf-test-3: current=904.5MiB swap=127.9MiB max=1373.0MiB cpu.usage_usec=4855278 method=swap_current_delta_fallback detail={'delta_swap_current': 0, 'swap_saturated': True, 'workingset_refault_anon': 10709} events={'low': 0, 'high': 0, 'max': 10, 'oom': 0, 'oom_kill': 0, 'oom_group_kill': 0}
[container_monitor] pf-test-3: current=910.9MiB swap=127.9MiB max=1373.0MiB cpu.usage_usec=4860958 method=swap_current_delta_fallback detail={'delta_swap_current': 0, 'swap_saturated': True, 'workingset_refault_anon': 10709} events={'low': 0, 'high': 0, 'max': 10, 'oom': 0, 'oom_kill': 0, 'oom_group_kill': 0}
[container_monitor] pf-test-3: current=911.3MiB swap=127.9MiB max=1373.0MiB cpu.usage_usec=4865207 method=swap_current_delta_fallback detail={'delta_swap_current': 0, 'swap_saturated': True, 'workingset_refault_anon': 10709} events={'low': 0, 'high': 0, 'max': 10, 'oom': 0, 'oom_kill': 0, 'oom_group_kill': 0}
[container_monitor] pf-test-3: current=911.3MiB swap=127.9MiB max=1373.0MiB cpu.usage_usec=4866408 method=swap_current_delta_fallback detail={'delta_swap_current': 0, 'swap_saturated': True, 'workingset_refault_anon': 10709} events={'low': 0, 'high': 0, 'max': 10, 'oom': 0, 'oom_kill': 0, 'oom_group_kill': 0}
[container_monitor] pf-test-3: current=911.3MiB swap=127.9MiB max=1373.0MiB cpu.usage_usec=4867339 method=swap_current_delta_fallback detail={'delta_swap_current': 0, 'swap_saturated': True, 'workingset_refault_anon': 10709} events={'low': 0, 'high': 0, 'max': 10, 'oom': 0, 'oom_kill': 0, 'oom_group_kill': 0}
[container_monitor] pf-test-3: current=911.3MiB swap=127.9MiB max=1373.0MiB cpu.usage_usec=4868289 method=swap_current_delta_fallback detail={'delta_swap_current': 0, 'swap_saturated': True, 'workingset_refault_anon': 10709} events={'low': 0, 'high': 0, 'max': 10, 'oom': 0, 'oom_kill': 0, 'oom_group_kill': 0}
[container_monitor] pf-test-3: current=916.4MiB swap=127.9MiB max=1373.0MiB cpu.usage_usec=4870562 method=swap_current_delta_fallback detail={'delta_swap_current': -4096, 'swap_saturated': True, 'workingset_refault_anon': 10709} events={'low': 0, 'high': 0, 'max': 10, 'oom': 0, 'oom_kill': 0, 'oom_group_kill': 0}
[container_monitor] pf-test-3: current=919.3MiB swap=127.9MiB max=1373.0MiB cpu.usage_usec=4875584 method=swap_current_delta_fallback detail={'delta_swap_current': 0, 'swap_saturated': True, 'workingset_refault_anon': 10709} events={'low': 0, 'high': 0, 'max': 10, 'oom': 0, 'oom_kill': 0, 'oom_group_kill': 0}
[container_monitor] pf-test-3: current=919.3MiB swap=127.9MiB max=1373.0MiB cpu.usage_usec=4877920 method=swap_current_delta_fallback detail={'delta_swap_current': 0, 'swap_saturated': True, 'workingset_refault_anon': 10714} events={'low': 0, 'high': 0, 'max': 10, 'oom': 0, 'oom_kill': 0, 'oom_group_kill': 0}
[container_monitor] pf-test-3: current=919.3MiB swap=127.9MiB max=1373.0MiB cpu.usage_usec=4878608 method=swap_current_delta_fallback detail={'delta_swap_current': 0, 'swap_saturated': True, 'workingset_refault_anon': 10714} events={'low': 0, 'high': 0, 'max': 10, 'oom': 0, 'oom_kill': 0, 'oom_group_kill': 0}
[container_monitor] pf-test-3: current=919.3MiB swap=127.9MiB max=1373.0MiB cpu.usage_usec=4879715 method=swap_current_delta_fallback detail={'delta_swap_current': 0, 'swap_saturated': True, 'workingset_refault_anon': 10714} events={'low': 0, 'high': 0, 'max': 10, 'oom': 0, 'oom_kill': 0, 'oom_group_kill': 0}
[container_monitor] pf-test-3: current=919.3MiB swap=127.9MiB max=1373.0MiB cpu.usage_usec=4880632 method=swap_current_delta_fallback detail={'delta_swap_current': 0, 'swap_saturated': True, 'workingset_refault_anon': 10714} events={'low': 0, 'high': 0, 'max': 10, 'oom': 0, 'oom_kill': 0, 'oom_group_kill': 0}
[container_monitor] pf-test-3: current=921.8MiB swap=127.9MiB max=1373.0MiB cpu.usage_usec=4885835 method=swap_current_delta_fallback detail={'delta_swap_current': 0, 'swap_saturated': True, 'workingset_refault_anon': 10714} events={'low': 0, 'high': 0, 'max': 10, 'oom': 0, 'oom_kill': 0, 'oom_group_kill': 0}
[container_monitor] pf-test-3: current=924.1MiB swap=127.9MiB max=1373.0MiB cpu.usage_usec=4891054 method=swap_current_delta_fallback detail={'delta_swap_current': 0, 'swap_saturated': True, 'workingset_refault_anon': 10714} events={'low': 0, 'high': 0, 'max': 10, 'oom': 0, 'oom_kill': 0, 'oom_group_kill': 0}
[container_monitor] pf-test-3: current=926.0MiB swap=127.8MiB max=1373.0MiB cpu.usage_usec=4896130 method=swap_current_delta_fallback detail={'delta_swap_current': -36864, 'swap_saturated': True, 'workingset_refault_anon': 10714} events={'low': 0, 'high': 0, 'max': 10, 'oom': 0, 'oom_kill': 0, 'oom_group_kill': 0}
[container_monitor] pf-test-3: current=927.3MiB swap=127.8MiB max=1373.0MiB cpu.usage_usec=4900758 method=swap_current_delta_fallback detail={'delta_swap_current': 0, 'swap_saturated': True, 'workingset_refault_anon': 10714} events={'low': 0, 'high': 0, 'max': 10, 'oom': 0, 'oom_kill': 0, 'oom_group_kill': 0}
[container_monitor] pf-test-3: current=927.6MiB swap=127.8MiB max=1373.0MiB cpu.usage_usec=4903255 method=swap_current_delta_fallback detail={'delta_swap_current': 0, 'swap_saturated': True, 'workingset_refault_anon': 10714} events={'low': 0, 'high': 0, 'max': 10, 'oom': 0, 'oom_kill': 0, 'oom_group_kill': 0}
[container_monitor] pf-test-3: current=927.4MiB swap=127.8MiB max=1373.0MiB cpu.usage_usec=4904000 method=swap_current_delta_fallback detail={'delta_swap_current': 0, 'swap_saturated': True, 'workingset_refault_anon': 10714} events={'low': 0, 'high': 0, 'max': 10, 'oom': 0, 'oom_kill': 0, 'oom_group_kill': 0}
[container_monitor] pf-test-3: current=927.4MiB swap=127.8MiB max=1373.0MiB cpu.usage_usec=4904865 method=swap_current_delta_fallback detail={'delta_swap_current': 0, 'swap_saturated': True, 'workingset_refault_anon': 10714} events={'low': 0, 'high': 0, 'max': 10, 'oom': 0, 'oom_kill': 0, 'oom_group_kill': 0}
[container_monitor] pf-test-3: current=927.4MiB swap=127.8MiB max=1373.0MiB cpu.usage_usec=4905671 method=swap_current_delta_fallback detail={'delta_swap_current': -8192, 'swap_saturated': True, 'workingset_refault_anon': 10714} events={'low': 0, 'high': 0, 'max': 10, 'oom': 0, 'oom_kill': 0, 'oom_group_kill': 0}
[container_monitor] pf-test-3: current=929.2MiB swap=127.8MiB max=1373.0MiB cpu.usage_usec=4910542 method=swap_current_delta_fallback detail={'delta_swap_current': 0, 'swap_saturated': True, 'workingset_refault_anon': 10714} events={'low': 0, 'high': 0, 'max': 10, 'oom': 0, 'oom_kill': 0, 'oom_group_kill': 0}
[container_monitor] pf-test-3: current=931.8MiB swap=127.8MiB max=1373.0MiB cpu.usage_usec=4915275 method=swap_current_delta_fallback detail={'delta_swap_current': 0, 'swap_saturated': True, 'workingset_refault_anon': 10714} events={'low': 0, 'high': 0, 'max': 10, 'oom': 0, 'oom_kill': 0, 'oom_group_kill': 0}
[container_monitor] pf-test-3: current=933.9MiB swap=127.8MiB max=1373.0MiB cpu.usage_usec=4920860 method=swap_current_delta_fallback detail={'delta_swap_current': 0, 'swap_saturated': True, 'workingset_refault_anon': 10714} events={'low': 0, 'high': 0, 'max': 10, 'oom': 0, 'oom_kill': 0, 'oom_group_kill': 0}
[container_monitor] pf-test-3: current=935.4MiB swap=127.8MiB max=1373.0MiB cpu.usage_usec=4925272 method=swap_current_delta_fallback detail={'delta_swap_current': 0, 'swap_saturated': True, 'workingset_refault_anon': 10714} events={'low': 0, 'high': 0, 'max': 10, 'oom': 0, 'oom_kill': 0, 'oom_group_kill': 0}
[container_monitor] pf-test-3: current=935.4MiB swap=127.8MiB max=1373.0MiB cpu.usage_usec=4927009 method=swap_current_delta_fallback detail={'delta_swap_current': 0, 'swap_saturated': True, 'workingset_refault_anon': 10714} events={'low': 0, 'high': 0, 'max': 10, 'oom': 0, 'oom_kill': 0, 'oom_group_kill': 0}
[container_monitor] pf-test-3: current=935.4MiB swap=127.8MiB max=1373.0MiB cpu.usage_usec=4928152 method=swap_current_delta_fallback detail={'delta_swap_current': 0, 'swap_saturated': True, 'workingset_refault_anon': 10714} events={'low': 0, 'high': 0, 'max': 10, 'oom': 0, 'oom_kill': 0, 'oom_group_kill': 0}
[container_monitor] pf-test-3: current=935.4MiB swap=127.8MiB max=1373.0MiB cpu.usage_usec=4929084 method=swap_current_delta_fallback detail={'delta_swap_current': 0, 'swap_saturated': True, 'workingset_refault_anon': 10714} events={'low': 0, 'high': 0, 'max': 10, 'oom': 0, 'oom_kill': 0, 'oom_group_kill': 0}
[container_monitor] pf-test-3: current=935.4MiB swap=127.8MiB max=1373.0MiB cpu.usage_usec=4929830 method=swap_current_delta_fallback detail={'delta_swap_current': 0, 'swap_saturated': True, 'workingset_refault_anon': 10714} events={'low': 0, 'high': 0, 'max': 10, 'oom': 0, 'oom_kill': 0, 'oom_group_kill': 0}
[container_monitor] pf-test-3: current=937.7MiB swap=127.8MiB max=1373.0MiB cpu.usage_usec=4935591 method=swap_current_delta_fallback detail={'delta_swap_current': 0, 'swap_saturated': True, 'workingset_refault_anon': 10714} events={'low': 0, 'high': 0, 'max': 10, 'oom': 0, 'oom_kill': 0, 'oom_group_kill': 0}
[container_monitor] pf-test-3: current=938.9MiB swap=127.8MiB max=1373.0MiB cpu.usage_usec=4941283 method=swap_current_delta_fallback detail={'delta_swap_current': 0, 'swap_saturated': True, 'workingset_refault_anon': 10714} events={'low': 0, 'high': 0, 'max': 10, 'oom': 0, 'oom_kill': 0, 'oom_group_kill': 0}
[container_monitor] pf-test-3: current=940.6MiB swap=127.8MiB max=1373.0MiB cpu.usage_usec=4946557 method=swap_current_delta_fallback detail={'delta_swap_current': 0, 'swap_saturated': True, 'workingset_refault_anon': 10714} events={'low': 0, 'high': 0, 'max': 10, 'oom': 0, 'oom_kill': 0, 'oom_group_kill': 0}
[container_monitor] pf-test-3: current=942.3MiB swap=127.8MiB max=1373.0MiB cpu.usage_usec=4951819 method=swap_current_delta_fallback detail={'delta_swap_current': 0, 'swap_saturated': True, 'workingset_refault_anon': 10714} events={'low': 0, 'high': 0, 'max': 10, 'oom': 0, 'oom_kill': 0, 'oom_group_kill': 0}
[container_monitor] pf-test-3: current=943.4MiB swap=127.8MiB max=1373.0MiB cpu.usage_usec=4956834 method=swap_current_delta_fallback detail={'delta_swap_current': 0, 'swap_saturated': True, 'workingset_refault_anon': 10714} events={'low': 0, 'high': 0, 'max': 10, 'oom': 0, 'oom_kill': 0, 'oom_group_kill': 0}
[container_monitor] pf-test-3: current=943.4MiB swap=127.8MiB max=1373.0MiB cpu.usage_usec=4958056 method=swap_current_delta_fallback detail={'delta_swap_current': -4096, 'swap_saturated': True, 'workingset_refault_anon': 10714} events={'low': 0, 'high': 0, 'max': 10, 'oom': 0, 'oom_kill': 0, 'oom_group_kill': 0}
[container_monitor] pf-test-3: current=943.4MiB swap=127.8MiB max=1373.0MiB cpu.usage_usec=4958802 method=swap_current_delta_fallback detail={'delta_swap_current': 0, 'swap_saturated': True, 'workingset_refault_anon': 10714} events={'low': 0, 'high': 0, 'max': 10, 'oom': 0, 'oom_kill': 0, 'oom_group_kill': 0}
[container_monitor] pf-test-3: current=943.4MiB swap=127.8MiB max=1373.0MiB cpu.usage_usec=4959466 method=swap_current_delta_fallback detail={'delta_swap_current': 0, 'swap_saturated': True, 'workingset_refault_anon': 10714} events={'low': 0, 'high': 0, 'max': 10, 'oom': 0, 'oom_kill': 0, 'oom_group_kill': 0}
[container_monitor] pf-test-3: current=943.4MiB swap=127.8MiB max=1373.0MiB cpu.usage_usec=4959996 method=swap_current_delta_fallback detail={'delta_swap_current': 0, 'swap_saturated': True, 'workingset_refault_anon': 10714} events={'low': 0, 'high': 0, 'max': 10, 'oom': 0, 'oom_kill': 0, 'oom_group_kill': 0}
[container_monitor] pf-test-3: current=946.0MiB swap=127.8MiB max=1373.0MiB cpu.usage_usec=4965000 method=swap_current_delta_fallback detail={'delta_swap_current': 0, 'swap_saturated': True, 'workingset_refault_anon': 10714} events={'low': 0, 'high': 0, 'max': 10, 'oom': 0, 'oom_kill': 0, 'oom_group_kill': 0}
[container_monitor] pf-test-3: current=948.5MiB swap=127.8MiB max=1373.0MiB cpu.usage_usec=4969758 method=swap_current_delta_fallback detail={'delta_swap_current': 0, 'swap_saturated': True, 'workingset_refault_anon': 10714} events={'low': 0, 'high': 0, 'max': 10, 'oom': 0, 'oom_kill': 0, 'oom_group_kill': 0}
[container_monitor] pf-test-3: current=951.5MiB swap=127.8MiB max=1373.0MiB cpu.usage_usec=4974379 method=swap_current_delta_fallback detail={'delta_swap_current': 0, 'swap_saturated': True, 'workingset_refault_anon': 10714} events={'low': 0, 'high': 0, 'max': 10, 'oom': 0, 'oom_kill': 0, 'oom_group_kill': 0}
[container_monitor] pf-test-3: current=951.4MiB swap=127.8MiB max=1373.0MiB cpu.usage_usec=4977381 method=swap_current_delta_fallback detail={'delta_swap_current': 0, 'swap_saturated': True, 'workingset_refault_anon': 10714} events={'low': 0, 'high': 0, 'max': 10, 'oom': 0, 'oom_kill': 0, 'oom_group_kill': 0}
[container_monitor] pf-test-3: current=951.4MiB swap=127.8MiB max=1373.0MiB cpu.usage_usec=4978176 method=swap_current_delta_fallback detail={'delta_swap_current': 0, 'swap_saturated': True, 'workingset_refault_anon': 10714} events={'low': 0, 'high': 0, 'max': 10, 'oom': 0, 'oom_kill': 0, 'oom_group_kill': 0}
[container_monitor] pf-test-3: current=951.4MiB swap=127.8MiB max=1373.0MiB cpu.usage_usec=4979080 method=swap_current_delta_fallback detail={'delta_swap_current': 0, 'swap_saturated': True, 'workingset_refault_anon': 10714} events={'low': 0, 'high': 0, 'max': 10, 'oom': 0, 'oom_kill': 0, 'oom_group_kill': 0}
[container_monitor] pf-test-3: current=951.4MiB swap=127.8MiB max=1373.0MiB cpu.usage_usec=4979859 method=swap_current_delta_fallback detail={'delta_swap_current': 0, 'swap_saturated': True, 'workingset_refault_anon': 10714} events={'low': 0, 'high': 0, 'max': 10, 'oom': 0, 'oom_kill': 0, 'oom_group_kill': 0}
[container_monitor] pf-test-3: current=953.5MiB swap=127.8MiB max=1373.0MiB cpu.usage_usec=4983818 method=swap_current_delta_fallback detail={'delta_swap_current': 0, 'swap_saturated': True, 'workingset_refault_anon': 10714} events={'low': 0, 'high': 0, 'max': 10, 'oom': 0, 'oom_kill': 0, 'oom_group_kill': 0}
[container_monitor] pf-test-3: current=956.5MiB swap=127.8MiB max=1373.0MiB cpu.usage_usec=4988263 method=swap_current_delta_fallback detail={'delta_swap_current': 0, 'swap_saturated': True, 'workingset_refault_anon': 10714} events={'low': 0, 'high': 0, 'max': 10, 'oom': 0, 'oom_kill': 0, 'oom_group_kill': 0}
[container_monitor] pf-test-3: current=959.4MiB swap=127.8MiB max=1373.0MiB cpu.usage_usec=4994198 method=swap_current_delta_fallback detail={'delta_swap_current': 0, 'swap_saturated': True, 'workingset_refault_anon': 10714} events={'low': 0, 'high': 0, 'max': 10, 'oom': 0, 'oom_kill': 0, 'oom_group_kill': 0}
[container_monitor] pf-test-3: current=959.4MiB swap=127.8MiB max=1373.0MiB cpu.usage_usec=4998402 method=swap_current_delta_fallback detail={'delta_swap_current': -8192, 'swap_saturated': True, 'workingset_refault_anon': 10714} events={'low': 0, 'high': 0, 'max': 10, 'oom': 0, 'oom_kill': 0, 'oom_group_kill': 0}
[container_monitor] pf-test-3: current=959.5MiB swap=127.8MiB max=1373.0MiB cpu.usage_usec=4999636 method=swap_current_delta_fallback detail={'delta_swap_current': 0, 'swap_saturated': True, 'workingset_refault_anon': 10716} events={'low': 0, 'high': 0, 'max': 10, 'oom': 0, 'oom_kill': 0, 'oom_group_kill': 0}
[container_monitor] pf-test-3: current=959.5MiB swap=127.8MiB max=1373.0MiB cpu.usage_usec=5000345 method=swap_current_delta_fallback detail={'delta_swap_current': 0, 'swap_saturated': True, 'workingset_refault_anon': 10716} events={'low': 0, 'high': 0, 'max': 10, 'oom': 0, 'oom_kill': 0, 'oom_group_kill': 0}
[container_monitor] pf-test-3: current=959.5MiB swap=127.8MiB max=1373.0MiB cpu.usage_usec=5001233 method=swap_current_delta_fallback detail={'delta_swap_current': 0, 'swap_saturated': True, 'workingset_refault_anon': 10716} events={'low': 0, 'high': 0, 'max': 10, 'oom': 0, 'oom_kill': 0, 'oom_group_kill': 0}
[container_monitor] pf-test-3: current=959.6MiB swap=127.8MiB max=1373.0MiB cpu.usage_usec=5004262 method=swap_current_delta_fallback detail={'delta_swap_current': 0, 'swap_saturated': True, 'workingset_refault_anon': 10742} events={'low': 0, 'high': 0, 'max': 10, 'oom': 0, 'oom_kill': 0, 'oom_group_kill': 0}
[container_monitor] pf-test-3: current=959.9MiB swap=127.6MiB max=1373.0MiB cpu.usage_usec=5009348 method=swap_current_delta_fallback detail={'delta_swap_current': -196608, 'swap_saturated': True, 'workingset_refault_anon': 10808} events={'low': 0, 'high': 0, 'max': 10, 'oom': 0, 'oom_kill': 0, 'oom_group_kill': 0}
[container_monitor] pf-test-3: current=960.3MiB swap=127.1MiB max=1373.0MiB cpu.usage_usec=5014325 method=swap_current_delta_fallback detail={'delta_swap_current': -524288, 'swap_saturated': True, 'workingset_refault_anon': 10835} events={'low': 0, 'high': 0, 'max': 10, 'oom': 0, 'oom_kill': 0, 'oom_group_kill': 0}
[container_monitor] pf-test-3: current=960.8MiB swap=126.9MiB max=1373.0MiB cpu.usage_usec=5019382 method=swap_current_delta_fallback detail={'delta_swap_current': -262144, 'swap_saturated': True, 'workingset_refault_anon': 10856} events={'low': 0, 'high': 0, 'max': 10, 'oom': 0, 'oom_kill': 0, 'oom_group_kill': 0}
[container_monitor] pf-test-3: current=961.4MiB swap=126.4MiB max=1373.0MiB cpu.usage_usec=5024318 method=swap_current_delta_fallback detail={'delta_swap_current': -520192, 'swap_saturated': True, 'workingset_refault_anon': 10875} events={'low': 0, 'high': 0, 'max': 10, 'oom': 0, 'oom_kill': 0, 'oom_group_kill': 0}
[container_monitor] pf-test-3: current=961.8MiB swap=125.6MiB max=1373.0MiB cpu.usage_usec=5029762 method=swap_current_delta_fallback detail={'delta_swap_current': -782336, 'swap_saturated': True, 'workingset_refault_anon': 10882} events={'low': 0, 'high': 0, 'max': 10, 'oom': 0, 'oom_kill': 0, 'oom_group_kill': 0}
[container_monitor] pf-test-3: current=962.3MiB swap=125.4MiB max=1373.0MiB cpu.usage_usec=5034415 method=swap_current_delta_fallback detail={'delta_swap_current': -200704, 'swap_saturated': True, 'workingset_refault_anon': 10914} events={'low': 0, 'high': 0, 'max': 10, 'oom': 0, 'oom_kill': 0, 'oom_group_kill': 0}
[container_monitor] pf-test-3: current=962.4MiB swap=125.2MiB max=1373.0MiB cpu.usage_usec=5039573 method=swap_current_delta_fallback detail={'delta_swap_current': -262144, 'swap_saturated': True, 'workingset_refault_anon': 10929} events={'low': 0, 'high': 0, 'max': 10, 'oom': 0, 'oom_kill': 0, 'oom_group_kill': 0}
[container_monitor] pf-test-3: current=962.6MiB swap=124.9MiB max=1373.0MiB cpu.usage_usec=5044345 method=swap_current_delta_fallback detail={'delta_swap_current': -262144, 'swap_saturated': True, 'workingset_refault_anon': 10941} events={'low': 0, 'high': 0, 'max': 10, 'oom': 0, 'oom_kill': 0, 'oom_group_kill': 0}
[container_monitor] pf-test-3: current=963.0MiB swap=124.4MiB max=1373.0MiB cpu.usage_usec=5049744 method=swap_current_delta_fallback detail={'delta_swap_current': -520192, 'swap_saturated': True, 'workingset_refault_anon': 10953} events={'low': 0, 'high': 0, 'max': 10, 'oom': 0, 'oom_kill': 0, 'oom_group_kill': 0}
[container_monitor] pf-test-3: current=963.3MiB swap=124.0MiB max=1373.0MiB cpu.usage_usec=5054306 method=swap_current_delta_fallback detail={'delta_swap_current': -421888, 'swap_saturated': True, 'workingset_refault_anon': 10986} events={'low': 0, 'high': 0, 'max': 10, 'oom': 0, 'oom_kill': 0, 'oom_group_kill': 0}
[container_monitor] pf-test-3: current=963.5MiB swap=123.9MiB max=1373.0MiB cpu.usage_usec=5059257 method=swap_current_delta_fallback detail={'delta_swap_current': -102400, 'swap_saturated': True, 'workingset_refault_anon': 11029} events={'low': 0, 'high': 0, 'max': 10, 'oom': 0, 'oom_kill': 0, 'oom_group_kill': 0}
[container_monitor] pf-test-3: current=964.4MiB swap=123.0MiB max=1373.0MiB cpu.usage_usec=5064546 method=swap_current_delta_fallback detail={'delta_swap_current': -1019904, 'swap_saturated': True, 'workingset_refault_anon': 11055} events={'low': 0, 'high': 0, 'max': 10, 'oom': 0, 'oom_kill': 0, 'oom_group_kill': 0}
[container_monitor] pf-test-3: current=964.7MiB swap=122.7MiB max=1373.0MiB cpu.usage_usec=5069634 method=swap_current_delta_fallback detail={'delta_swap_current': -262144, 'swap_saturated': True, 'workingset_refault_anon': 11081} events={'low': 0, 'high': 0, 'max': 10, 'oom': 0, 'oom_kill': 0, 'oom_group_kill': 0}
[container_monitor] pf-test-3: current=965.9MiB swap=122.7MiB max=1373.0MiB cpu.usage_usec=5074713 method=swap_current_delta_fallback detail={'delta_swap_current': 0, 'swap_saturated': True, 'workingset_refault_anon': 11081} events={'low': 0, 'high': 0, 'max': 10, 'oom': 0, 'oom_kill': 0, 'oom_group_kill': 0}
[container_monitor] pf-test-3: current=967.3MiB swap=122.7MiB max=1373.0MiB cpu.usage_usec=5079988 method=swap_current_delta_fallback detail={'delta_swap_current': 0, 'swap_saturated': True, 'workingset_refault_anon': 11081} events={'low': 0, 'high': 0, 'max': 10, 'oom': 0, 'oom_kill': 0, 'oom_group_kill': 0}
[container_monitor] pf-test-3: current=968.5MiB swap=122.7MiB max=1373.0MiB cpu.usage_usec=5084653 method=swap_current_delta_fallback detail={'delta_swap_current': 0, 'swap_saturated': True, 'workingset_refault_anon': 11081} events={'low': 0, 'high': 0, 'max': 10, 'oom': 0, 'oom_kill': 0, 'oom_group_kill': 0}
[container_monitor] pf-test-3: current=969.6MiB swap=122.7MiB max=1373.0MiB cpu.usage_usec=5089589 method=swap_current_delta_fallback detail={'delta_swap_current': 0, 'swap_saturated': True, 'workingset_refault_anon': 11081} events={'low': 0, 'high': 0, 'max': 10, 'oom': 0, 'oom_kill': 0, 'oom_group_kill': 0}
[container_monitor] pf-test-3: current=970.7MiB swap=122.7MiB max=1373.0MiB cpu.usage_usec=5094442 method=swap_current_delta_fallback detail={'delta_swap_current': 0, 'swap_saturated': True, 'workingset_refault_anon': 11081} events={'low': 0, 'high': 0, 'max': 10, 'oom': 0, 'oom_kill': 0, 'oom_group_kill': 0}
[container_monitor] pf-test-3: current=972.1MiB swap=122.7MiB max=1373.0MiB cpu.usage_usec=5100128 method=swap_current_delta_fallback detail={'delta_swap_current': 0, 'swap_saturated': True, 'workingset_refault_anon': 11081} events={'low': 0, 'high': 0, 'max': 10, 'oom': 0, 'oom_kill': 0, 'oom_group_kill': 0}
[container_monitor] pf-test-3: current=973.3MiB swap=122.7MiB max=1373.0MiB cpu.usage_usec=5104769 method=swap_current_delta_fallback detail={'delta_swap_current': 0, 'swap_saturated': True, 'workingset_refault_anon': 11081} events={'low': 0, 'high': 0, 'max': 10, 'oom': 0, 'oom_kill': 0, 'oom_group_kill': 0}
[container_monitor] pf-test-3: current=974.4MiB swap=122.7MiB max=1373.0MiB cpu.usage_usec=5109374 method=swap_current_delta_fallback detail={'delta_swap_current': 0, 'swap_saturated': True, 'workingset_refault_anon': 11081} events={'low': 0, 'high': 0, 'max': 10, 'oom': 0, 'oom_kill': 0, 'oom_group_kill': 0}
[container_monitor] pf-test-3: current=976.0MiB swap=122.7MiB max=1373.0MiB cpu.usage_usec=5114797 method=swap_current_delta_fallback detail={'delta_swap_current': 0, 'swap_saturated': True, 'workingset_refault_anon': 11081} events={'low': 0, 'high': 0, 'max': 10, 'oom': 0, 'oom_kill': 0, 'oom_group_kill': 0}
[container_monitor] pf-test-3: current=979.3MiB swap=122.5MiB max=1373.0MiB cpu.usage_usec=5120079 method=swap_current_delta_fallback detail={'delta_swap_current': -184320, 'swap_saturated': True, 'workingset_refault_anon': 11081} events={'low': 0, 'high': 0, 'max': 10, 'oom': 0, 'oom_kill': 0, 'oom_group_kill': 0}
[container_monitor] pf-test-3: current=980.6MiB swap=122.5MiB max=1373.0MiB cpu.usage_usec=5124323 method=swap_current_delta_fallback detail={'delta_swap_current': 0, 'swap_saturated': True, 'workingset_refault_anon': 11081} events={'low': 0, 'high': 0, 'max': 10, 'oom': 0, 'oom_kill': 0, 'oom_group_kill': 0}
[container_monitor] pf-test-3: current=982.1MiB swap=122.5MiB max=1373.0MiB cpu.usage_usec=5129513 method=swap_current_delta_fallback detail={'delta_swap_current': 0, 'swap_saturated': True, 'workingset_refault_anon': 11081} events={'low': 0, 'high': 0, 'max': 10, 'oom': 0, 'oom_kill': 0, 'oom_group_kill': 0}
[container_monitor] pf-test-3: current=983.1MiB swap=122.5MiB max=1373.0MiB cpu.usage_usec=5134750 method=swap_current_delta_fallback detail={'delta_swap_current': 0, 'swap_saturated': True, 'workingset_refault_anon': 11081} events={'low': 0, 'high': 0, 'max': 10, 'oom': 0, 'oom_kill': 0, 'oom_group_kill': 0}
[container_monitor] pf-test-3: current=984.3MiB swap=122.5MiB max=1373.0MiB cpu.usage_usec=5140268 method=swap_current_delta_fallback detail={'delta_swap_current': 0, 'swap_saturated': True, 'workingset_refault_anon': 11081} events={'low': 0, 'high': 0, 'max': 10, 'oom': 0, 'oom_kill': 0, 'oom_group_kill': 0}
[container_monitor] pf-test-3: current=986.4MiB swap=122.5MiB max=1373.0MiB cpu.usage_usec=5144401 method=swap_current_delta_fallback detail={'delta_swap_current': 0, 'swap_saturated': True, 'workingset_refault_anon': 11081} events={'low': 0, 'high': 0, 'max': 10, 'oom': 0, 'oom_kill': 0, 'oom_group_kill': 0}
[container_monitor] pf-test-3: current=987.7MiB swap=122.5MiB max=1373.0MiB cpu.usage_usec=5149935 method=swap_current_delta_fallback detail={'delta_swap_current': 0, 'swap_saturated': True, 'workingset_refault_anon': 11081} events={'low': 0, 'high': 0, 'max': 10, 'oom': 0, 'oom_kill': 0, 'oom_group_kill': 0}
[container_monitor] pf-test-3: current=989.0MiB swap=122.5MiB max=1373.0MiB cpu.usage_usec=5154397 method=swap_current_delta_fallback detail={'delta_swap_current': 0, 'swap_saturated': True, 'workingset_refault_anon': 11081} events={'low': 0, 'high': 0, 'max': 10, 'oom': 0, 'oom_kill': 0, 'oom_group_kill': 0}
[container_monitor] pf-test-3: current=990.5MiB swap=122.5MiB max=1373.0MiB cpu.usage_usec=5160071 method=swap_current_delta_fallback detail={'delta_swap_current': 0, 'swap_saturated': True, 'workingset_refault_anon': 11081} events={'low': 0, 'high': 0, 'max': 10, 'oom': 0, 'oom_kill': 0, 'oom_group_kill': 0}
[container_monitor] pf-test-3: current=992.1MiB swap=122.5MiB max=1373.0MiB cpu.usage_usec=5164666 method=swap_current_delta_fallback detail={'delta_swap_current': 0, 'swap_saturated': True, 'workingset_refault_anon': 11081} events={'low': 0, 'high': 0, 'max': 10, 'oom': 0, 'oom_kill': 0, 'oom_group_kill': 0}
[container_monitor] pf-test-3: current=993.7MiB swap=122.5MiB max=1373.0MiB cpu.usage_usec=5170314 method=swap_current_delta_fallback detail={'delta_swap_current': 0, 'swap_saturated': True, 'workingset_refault_anon': 11081} events={'low': 0, 'high': 0, 'max': 10, 'oom': 0, 'oom_kill': 0, 'oom_group_kill': 0}
[container_monitor] pf-test-3: current=996.4MiB swap=122.5MiB max=1373.0MiB cpu.usage_usec=5176227 method=swap_current_delta_fallback detail={'delta_swap_current': 0, 'swap_saturated': True, 'workingset_refault_anon': 11081} events={'low': 0, 'high': 0, 'max': 10, 'oom': 0, 'oom_kill': 0, 'oom_group_kill': 0}
[container_monitor] pf-test-3: current=998.0MiB swap=122.5MiB max=1373.0MiB cpu.usage_usec=5180901 method=swap_current_delta_fallback detail={'delta_swap_current': 0, 'swap_saturated': True, 'workingset_refault_anon': 11081} events={'low': 0, 'high': 0, 'max': 10, 'oom': 0, 'oom_kill': 0, 'oom_group_kill': 0}
[container_monitor] pf-test-3: current=999.5MiB swap=122.5MiB max=1373.0MiB cpu.usage_usec=5186031 method=swap_current_delta_fallback detail={'delta_swap_current': 0, 'swap_saturated': True, 'workingset_refault_anon': 11081} events={'low': 0, 'high': 0, 'max': 10, 'oom': 0, 'oom_kill': 0, 'oom_group_kill': 0}
[container_monitor] pf-test-3: current=1000.1MiB swap=122.5MiB max=1373.0MiB cpu.usage_usec=5190328 method=swap_current_delta_fallback detail={'delta_swap_current': 0, 'swap_saturated': True, 'workingset_refault_anon': 11081} events={'low': 0, 'high': 0, 'max': 10, 'oom': 0, 'oom_kill': 0, 'oom_group_kill': 0}
[container_monitor] pf-test-3: current=1002.2MiB swap=122.5MiB max=1373.0MiB cpu.usage_usec=5195559 method=swap_current_delta_fallback detail={'delta_swap_current': 0, 'swap_saturated': True, 'workingset_refault_anon': 11081} events={'low': 0, 'high': 0, 'max': 10, 'oom': 0, 'oom_kill': 0, 'oom_group_kill': 0}
[container_monitor] pf-test-3: current=1003.8MiB swap=122.5MiB max=1373.0MiB cpu.usage_usec=5200275 method=swap_current_delta_fallback detail={'delta_swap_current': 0, 'swap_saturated': True, 'workingset_refault_anon': 11081} events={'low': 0, 'high': 0, 'max': 10, 'oom': 0, 'oom_kill': 0, 'oom_group_kill': 0}
[container_monitor] pf-test-3: current=1006.0MiB swap=122.5MiB max=1373.0MiB cpu.usage_usec=5205588 method=swap_current_delta_fallback detail={'delta_swap_current': 0, 'swap_saturated': True, 'workingset_refault_anon': 11081} events={'low': 0, 'high': 0, 'max': 10, 'oom': 0, 'oom_kill': 0, 'oom_group_kill': 0}
[container_monitor] pf-test-3: current=1006.8MiB swap=122.5MiB max=1373.0MiB cpu.usage_usec=5210374 method=swap_current_delta_fallback detail={'delta_swap_current': 0, 'swap_saturated': True, 'workingset_refault_anon': 11081} events={'low': 0, 'high': 0, 'max': 10, 'oom': 0, 'oom_kill': 0, 'oom_group_kill': 0}
[container_monitor] pf-test-3: current=1008.2MiB swap=122.5MiB max=1373.0MiB cpu.usage_usec=5215356 method=swap_current_delta_fallback detail={'delta_swap_current': 0, 'swap_saturated': True, 'workingset_refault_anon': 11081} events={'low': 0, 'high': 0, 'max': 10, 'oom': 0, 'oom_kill': 0, 'oom_group_kill': 0}
[container_monitor] pf-test-3: current=1009.4MiB swap=122.5MiB max=1373.0MiB cpu.usage_usec=5220412 method=swap_current_delta_fallback detail={'delta_swap_current': 0, 'swap_saturated': True, 'workingset_refault_anon': 11081} events={'low': 0, 'high': 0, 'max': 10, 'oom': 0, 'oom_kill': 0, 'oom_group_kill': 0}
[container_monitor] pf-test-3: current=1010.4MiB swap=122.5MiB max=1373.0MiB cpu.usage_usec=5225712 method=swap_current_delta_fallback detail={'delta_swap_current': 0, 'swap_saturated': True, 'workingset_refault_anon': 11081} events={'low': 0, 'high': 0, 'max': 10, 'oom': 0, 'oom_kill': 0, 'oom_group_kill': 0}
[container_monitor] pf-test-3: current=1011.8MiB swap=122.5MiB max=1373.0MiB cpu.usage_usec=5231252 method=swap_current_delta_fallback detail={'delta_swap_current': 0, 'swap_saturated': True, 'workingset_refault_anon': 11081} events={'low': 0, 'high': 0, 'max': 10, 'oom': 0, 'oom_kill': 0, 'oom_group_kill': 0}
[container_monitor] pf-test-3: current=1012.6MiB swap=122.5MiB max=1373.0MiB cpu.usage_usec=5235444 method=swap_current_delta_fallback detail={'delta_swap_current': 0, 'swap_saturated': True, 'workingset_refault_anon': 11081} events={'low': 0, 'high': 0, 'max': 10, 'oom': 0, 'oom_kill': 0, 'oom_group_kill': 0}
[container_monitor] pf-test-3: current=1013.6MiB swap=122.5MiB max=1373.0MiB cpu.usage_usec=5240556 method=swap_current_delta_fallback detail={'delta_swap_current': 0, 'swap_saturated': True, 'workingset_refault_anon': 11081} events={'low': 0, 'high': 0, 'max': 10, 'oom': 0, 'oom_kill': 0, 'oom_group_kill': 0}
[container_monitor] pf-test-3: current=1015.0MiB swap=122.5MiB max=1373.0MiB cpu.usage_usec=5245994 method=swap_current_delta_fallback detail={'delta_swap_current': 0, 'swap_saturated': True, 'workingset_refault_anon': 11081} events={'low': 0, 'high': 0, 'max': 10, 'oom': 0, 'oom_kill': 0, 'oom_group_kill': 0}
[container_monitor] pf-test-3: current=1015.9MiB swap=122.5MiB max=1373.0MiB cpu.usage_usec=5250421 method=swap_current_delta_fallback detail={'delta_swap_current': 0, 'swap_saturated': True, 'workingset_refault_anon': 11081} events={'low': 0, 'high': 0, 'max': 10, 'oom': 0, 'oom_kill': 0, 'oom_group_kill': 0}
[container_monitor] pf-test-3: current=1017.0MiB swap=122.5MiB max=1373.0MiB cpu.usage_usec=5255767 method=swap_current_delta_fallback detail={'delta_swap_current': 0, 'swap_saturated': True, 'workingset_refault_anon': 11081} events={'low': 0, 'high': 0, 'max': 10, 'oom': 0, 'oom_kill': 0, 'oom_group_kill': 0}
[container_monitor] pf-test-3: current=1018.0MiB swap=122.5MiB max=1373.0MiB cpu.usage_usec=5260809 method=swap_current_delta_fallback detail={'delta_swap_current': 0, 'swap_saturated': True, 'workingset_refault_anon': 11081} events={'low': 0, 'high': 0, 'max': 10, 'oom': 0, 'oom_kill': 0, 'oom_group_kill': 0}
[container_monitor] pf-test-3: current=1019.0MiB swap=122.5MiB max=1373.0MiB cpu.usage_usec=5265520 method=swap_current_delta_fallback detail={'delta_swap_current': 0, 'swap_saturated': True, 'workingset_refault_anon': 11081} events={'low': 0, 'high': 0, 'max': 10, 'oom': 0, 'oom_kill': 0, 'oom_group_kill': 0}
[container_monitor] pf-test-3: current=1020.2MiB swap=122.5MiB max=1373.0MiB cpu.usage_usec=5270897 method=swap_current_delta_fallback detail={'delta_swap_current': 0, 'swap_saturated': True, 'workingset_refault_anon': 11081} events={'low': 0, 'high': 0, 'max': 10, 'oom': 0, 'oom_kill': 0, 'oom_group_kill': 0}
[container_monitor] pf-test-3: current=1021.1MiB swap=122.5MiB max=1373.0MiB cpu.usage_usec=5275424 method=swap_current_delta_fallback detail={'delta_swap_current': 0, 'swap_saturated': True, 'workingset_refault_anon': 11081} events={'low': 0, 'high': 0, 'max': 10, 'oom': 0, 'oom_kill': 0, 'oom_group_kill': 0}
[container_monitor] pf-test-3: current=1022.4MiB swap=122.5MiB max=1373.0MiB cpu.usage_usec=5280371 method=swap_current_delta_fallback detail={'delta_swap_current': 0, 'swap_saturated': True, 'workingset_refault_anon': 11081} events={'low': 0, 'high': 0, 'max': 10, 'oom': 0, 'oom_kill': 0, 'oom_group_kill': 0}
[container_monitor] pf-test-3: current=1023.9MiB swap=122.5MiB max=1373.0MiB cpu.usage_usec=5286048 method=swap_current_delta_fallback detail={'delta_swap_current': 0, 'swap_saturated': True, 'workingset_refault_anon': 11081} events={'low': 0, 'high': 0, 'max': 10, 'oom': 0, 'oom_kill': 0, 'oom_group_kill': 0}
[container_monitor] pf-test-3: current=1024.9MiB swap=122.5MiB max=1373.0MiB cpu.usage_usec=5290794 method=swap_current_delta_fallback detail={'delta_swap_current': 0, 'swap_saturated': True, 'workingset_refault_anon': 11081} events={'low': 0, 'high': 0, 'max': 10, 'oom': 0, 'oom_kill': 0, 'oom_group_kill': 0}
[container_monitor] pf-test-3: current=1026.5MiB swap=122.5MiB max=1373.0MiB cpu.usage_usec=5295950 method=swap_current_delta_fallback detail={'delta_swap_current': 0, 'swap_saturated': True, 'workingset_refault_anon': 11081} events={'low': 0, 'high': 0, 'max': 10, 'oom': 0, 'oom_kill': 0, 'oom_group_kill': 0}
[container_monitor] pf-test-3: current=1027.9MiB swap=122.5MiB max=1373.0MiB cpu.usage_usec=5300949 method=swap_current_delta_fallback detail={'delta_swap_current': 0, 'swap_saturated': True, 'workingset_refault_anon': 11081} events={'low': 0, 'high': 0, 'max': 10, 'oom': 0, 'oom_kill': 0, 'oom_group_kill': 0}
[container_monitor] pf-test-3: current=1029.1MiB swap=122.5MiB max=1373.0MiB cpu.usage_usec=5305415 method=swap_current_delta_fallback detail={'delta_swap_current': 0, 'swap_saturated': True, 'workingset_refault_anon': 11081} events={'low': 0, 'high': 0, 'max': 10, 'oom': 0, 'oom_kill': 0, 'oom_group_kill': 0}
[container_monitor] pf-test-3: current=1030.9MiB swap=122.5MiB max=1373.0MiB cpu.usage_usec=5310939 method=swap_current_delta_fallback detail={'delta_swap_current': 0, 'swap_saturated': True, 'workingset_refault_anon': 11081} events={'low': 0, 'high': 0, 'max': 10, 'oom': 0, 'oom_kill': 0, 'oom_group_kill': 0}
[container_monitor] pf-test-3: current=1032.0MiB swap=122.5MiB max=1373.0MiB cpu.usage_usec=5315822 method=swap_current_delta_fallback detail={'delta_swap_current': 0, 'swap_saturated': True, 'workingset_refault_anon': 11081} events={'low': 0, 'high': 0, 'max': 10, 'oom': 0, 'oom_kill': 0, 'oom_group_kill': 0}
[container_monitor] pf-test-3: current=1033.5MiB swap=122.5MiB max=1373.0MiB cpu.usage_usec=5320439 method=swap_current_delta_fallback detail={'delta_swap_current': 0, 'swap_saturated': True, 'workingset_refault_anon': 11081} events={'low': 0, 'high': 0, 'max': 10, 'oom': 0, 'oom_kill': 0, 'oom_group_kill': 0}
[container_monitor] pf-test-3: current=1034.5MiB swap=122.5MiB max=1373.0MiB cpu.usage_usec=5325403 method=swap_current_delta_fallback detail={'delta_swap_current': 0, 'swap_saturated': True, 'workingset_refault_anon': 11081} events={'low': 0, 'high': 0, 'max': 10, 'oom': 0, 'oom_kill': 0, 'oom_group_kill': 0}
[container_monitor] pf-test-3: current=1036.7MiB swap=122.5MiB max=1373.0MiB cpu.usage_usec=5330444 method=swap_current_delta_fallback detail={'delta_swap_current': 0, 'swap_saturated': True, 'workingset_refault_anon': 11081} events={'low': 0, 'high': 0, 'max': 10, 'oom': 0, 'oom_kill': 0, 'oom_group_kill': 0}
[container_monitor] pf-test-3: current=1038.8MiB swap=122.5MiB max=1373.0MiB cpu.usage_usec=5335749 method=swap_current_delta_fallback detail={'delta_swap_current': 0, 'swap_saturated': True, 'workingset_refault_anon': 11081} events={'low': 0, 'high': 0, 'max': 10, 'oom': 0, 'oom_kill': 0, 'oom_group_kill': 0}
[container_monitor] pf-test-3: current=1040.8MiB swap=122.5MiB max=1373.0MiB cpu.usage_usec=5340632 method=swap_current_delta_fallback detail={'delta_swap_current': 0, 'swap_saturated': True, 'workingset_refault_anon': 11081} events={'low': 0, 'high': 0, 'max': 10, 'oom': 0, 'oom_kill': 0, 'oom_group_kill': 0}
[container_monitor] pf-test-3: current=1042.2MiB swap=122.5MiB max=1373.0MiB cpu.usage_usec=5345714 method=swap_current_delta_fallback detail={'delta_swap_current': 0, 'swap_saturated': True, 'workingset_refault_anon': 11081} events={'low': 0, 'high': 0, 'max': 10, 'oom': 0, 'oom_kill': 0, 'oom_group_kill': 0}
[container_monitor] pf-test-3: current=1043.3MiB swap=122.5MiB max=1373.0MiB cpu.usage_usec=5350379 method=swap_current_delta_fallback detail={'delta_swap_current': 0, 'swap_saturated': True, 'workingset_refault_anon': 11081} events={'low': 0, 'high': 0, 'max': 10, 'oom': 0, 'oom_kill': 0, 'oom_group_kill': 0}
[container_monitor] pf-test-3: current=1044.5MiB swap=122.5MiB max=1373.0MiB cpu.usage_usec=5355487 method=swap_current_delta_fallback detail={'delta_swap_current': 0, 'swap_saturated': True, 'workingset_refault_anon': 11081} events={'low': 0, 'high': 0, 'max': 10, 'oom': 0, 'oom_kill': 0, 'oom_group_kill': 0}
[container_monitor] pf-test-3: current=1045.6MiB swap=122.5MiB max=1373.0MiB cpu.usage_usec=5361025 method=swap_current_delta_fallback detail={'delta_swap_current': 0, 'swap_saturated': True, 'workingset_refault_anon': 11081} events={'low': 0, 'high': 0, 'max': 10, 'oom': 0, 'oom_kill': 0, 'oom_group_kill': 0}
[container_monitor] pf-test-3: current=1047.2MiB swap=122.5MiB max=1373.0MiB cpu.usage_usec=5366008 method=swap_current_delta_fallback detail={'delta_swap_current': 0, 'swap_saturated': True, 'workingset_refault_anon': 11081} events={'low': 0, 'high': 0, 'max': 10, 'oom': 0, 'oom_kill': 0, 'oom_group_kill': 0}
[container_monitor] pf-test-3: current=1048.3MiB swap=122.5MiB max=1373.0MiB cpu.usage_usec=5370976 method=swap_current_delta_fallback detail={'delta_swap_current': 0, 'swap_saturated': True, 'workingset_refault_anon': 11081} events={'low': 0, 'high': 0, 'max': 10, 'oom': 0, 'oom_kill': 0, 'oom_group_kill': 0}
[container_monitor] pf-test-3: current=1049.3MiB swap=122.5MiB max=1373.0MiB cpu.usage_usec=5375381 method=swap_current_delta_fallback detail={'delta_swap_current': 0, 'swap_saturated': True, 'workingset_refault_anon': 11081} events={'low': 0, 'high': 0, 'max': 10, 'oom': 0, 'oom_kill': 0, 'oom_group_kill': 0}
[container_monitor] pf-test-3: current=1050.5MiB swap=122.5MiB max=1373.0MiB cpu.usage_usec=5380556 method=swap_current_delta_fallback detail={'delta_swap_current': 0, 'swap_saturated': True, 'workingset_refault_anon': 11081} events={'low': 0, 'high': 0, 'max': 10, 'oom': 0, 'oom_kill': 0, 'oom_group_kill': 0}
[container_monitor] pf-test-3: current=1051.7MiB swap=122.5MiB max=1373.0MiB cpu.usage_usec=5385762 method=swap_current_delta_fallback detail={'delta_swap_current': 0, 'swap_saturated': True, 'workingset_refault_anon': 11081} events={'low': 0, 'high': 0, 'max': 10, 'oom': 0, 'oom_kill': 0, 'oom_group_kill': 0}
[container_monitor] pf-test-3: current=1053.0MiB swap=122.5MiB max=1373.0MiB cpu.usage_usec=5391108 method=swap_current_delta_fallback detail={'delta_swap_current': 0, 'swap_saturated': True, 'workingset_refault_anon': 11081} events={'low': 0, 'high': 0, 'max': 10, 'oom': 0, 'oom_kill': 0, 'oom_group_kill': 0}
[container_monitor] pf-test-3: current=1054.0MiB swap=122.5MiB max=1373.0MiB cpu.usage_usec=5395374 method=swap_current_delta_fallback detail={'delta_swap_current': 0, 'swap_saturated': True, 'workingset_refault_anon': 11081} events={'low': 0, 'high': 0, 'max': 10, 'oom': 0, 'oom_kill': 0, 'oom_group_kill': 0}
[container_monitor] pf-test-3: current=1055.2MiB swap=122.5MiB max=1373.0MiB cpu.usage_usec=5400889 method=swap_current_delta_fallback detail={'delta_swap_current': 0, 'swap_saturated': True, 'workingset_refault_anon': 11081} events={'low': 0, 'high': 0, 'max': 10, 'oom': 0, 'oom_kill': 0, 'oom_group_kill': 0}
[container_monitor] pf-test-3: current=1056.5MiB swap=122.5MiB max=1373.0MiB cpu.usage_usec=5405829 method=swap_current_delta_fallback detail={'delta_swap_current': 0, 'swap_saturated': True, 'workingset_refault_anon': 11081} events={'low': 0, 'high': 0, 'max': 10, 'oom': 0, 'oom_kill': 0, 'oom_group_kill': 0}
[container_monitor] pf-test-3: current=1057.7MiB swap=122.5MiB max=1373.0MiB cpu.usage_usec=5410756 method=swap_current_delta_fallback detail={'delta_swap_current': 0, 'swap_saturated': True, 'workingset_refault_anon': 11081} events={'low': 0, 'high': 0, 'max': 10, 'oom': 0, 'oom_kill': 0, 'oom_group_kill': 0}
[container_monitor] pf-test-3: current=1058.8MiB swap=122.5MiB max=1373.0MiB cpu.usage_usec=5415614 method=swap_current_delta_fallback detail={'delta_swap_current': 0, 'swap_saturated': True, 'workingset_refault_anon': 11081} events={'low': 0, 'high': 0, 'max': 10, 'oom': 0, 'oom_kill': 0, 'oom_group_kill': 0}
[container_monitor] pf-test-3: current=1060.4MiB swap=122.5MiB max=1373.0MiB cpu.usage_usec=5420960 method=swap_current_delta_fallback detail={'delta_swap_current': 0, 'swap_saturated': True, 'workingset_refault_anon': 11081} events={'low': 0, 'high': 0, 'max': 10, 'oom': 0, 'oom_kill': 0, 'oom_group_kill': 0}
[container_monitor] pf-test-3: current=1061.9MiB swap=122.5MiB max=1373.0MiB cpu.usage_usec=5426240 method=swap_current_delta_fallback detail={'delta_swap_current': 0, 'swap_saturated': True, 'workingset_refault_anon': 11081} events={'low': 0, 'high': 0, 'max': 10, 'oom': 0, 'oom_kill': 0, 'oom_group_kill': 0}
[container_monitor] pf-test-3: current=1063.4MiB swap=122.5MiB max=1373.0MiB cpu.usage_usec=5430543 method=swap_current_delta_fallback detail={'delta_swap_current': 0, 'swap_saturated': True, 'workingset_refault_anon': 11081} events={'low': 0, 'high': 0, 'max': 10, 'oom': 0, 'oom_kill': 0, 'oom_group_kill': 0}
[container_monitor] pf-test-3: current=1064.8MiB swap=122.5MiB max=1373.0MiB cpu.usage_usec=5435404 method=swap_current_delta_fallback detail={'delta_swap_current': 0, 'swap_saturated': True, 'workingset_refault_anon': 11081} events={'low': 0, 'high': 0, 'max': 10, 'oom': 0, 'oom_kill': 0, 'oom_group_kill': 0}
[container_monitor] pf-test-3: current=1066.6MiB swap=122.5MiB max=1373.0MiB cpu.usage_usec=5441040 method=swap_current_delta_fallback detail={'delta_swap_current': 0, 'swap_saturated': True, 'workingset_refault_anon': 11081} events={'low': 0, 'high': 0, 'max': 10, 'oom': 0, 'oom_kill': 0, 'oom_group_kill': 0}
[container_monitor] pf-test-3: current=1067.8MiB swap=122.5MiB max=1373.0MiB cpu.usage_usec=5445471 method=swap_current_delta_fallback detail={'delta_swap_current': 0, 'swap_saturated': True, 'workingset_refault_anon': 11081} events={'low': 0, 'high': 0, 'max': 10, 'oom': 0, 'oom_kill': 0, 'oom_group_kill': 0}
[container_monitor] pf-test-3: current=1068.9MiB swap=122.5MiB max=1373.0MiB cpu.usage_usec=5450757 method=swap_current_delta_fallback detail={'delta_swap_current': 0, 'swap_saturated': True, 'workingset_refault_anon': 11081} events={'low': 0, 'high': 0, 'max': 10, 'oom': 0, 'oom_kill': 0, 'oom_group_kill': 0}
[container_monitor] pf-test-3: current=1068.9MiB swap=122.5MiB max=1373.0MiB cpu.usage_usec=5457110 method=swap_current_delta_fallback detail={'delta_swap_current': 0, 'swap_saturated': True, 'workingset_refault_anon': 11081} events={'low': 0, 'high': 0, 'max': 10, 'oom': 0, 'oom_kill': 0, 'oom_group_kill': 0}
[container_monitor] pf-test-3: current=1068.9MiB swap=122.5MiB max=1373.0MiB cpu.usage_usec=5461891 method=swap_current_delta_fallback detail={'delta_swap_current': 0, 'swap_saturated': True, 'workingset_refault_anon': 11081} events={'low': 0, 'high': 0, 'max': 10, 'oom': 0, 'oom_kill': 0, 'oom_group_kill': 0}
[container_monitor] pf-test-3: current=1068.9MiB swap=122.5MiB max=1373.0MiB cpu.usage_usec=5467179 method=swap_current_delta_fallback detail={'delta_swap_current': 0, 'swap_saturated': True, 'workingset_refault_anon': 11081} events={'low': 0, 'high': 0, 'max': 10, 'oom': 0, 'oom_kill': 0, 'oom_group_kill': 0}
[container_monitor] pf-test-3: current=1068.9MiB swap=122.5MiB max=1373.0MiB cpu.usage_usec=5471277 method=swap_current_delta_fallback detail={'delta_swap_current': 0, 'swap_saturated': True, 'workingset_refault_anon': 11081} events={'low': 0, 'high': 0, 'max': 10, 'oom': 0, 'oom_kill': 0, 'oom_group_kill': 0}
[container_monitor] pf-test-3: current=1068.9MiB swap=122.5MiB max=1373.0MiB cpu.usage_usec=5476791 method=swap_current_delta_fallback detail={'delta_swap_current': 0, 'swap_saturated': True, 'workingset_refault_anon': 11081} events={'low': 0, 'high': 0, 'max': 10, 'oom': 0, 'oom_kill': 0, 'oom_group_kill': 0}
[container_monitor] pf-test-3: current=1068.9MiB swap=122.5MiB max=1373.0MiB cpu.usage_usec=5482057 method=swap_current_delta_fallback detail={'delta_swap_current': 0, 'swap_saturated': True, 'workingset_refault_anon': 11081} events={'low': 0, 'high': 0, 'max': 10, 'oom': 0, 'oom_kill': 0, 'oom_group_kill': 0}
[container_monitor] pf-test-3: current=1068.9MiB swap=122.5MiB max=1373.0MiB cpu.usage_usec=5486320 method=swap_current_delta_fallback detail={'delta_swap_current': 0, 'swap_saturated': True, 'workingset_refault_anon': 11081} events={'low': 0, 'high': 0, 'max': 10, 'oom': 0, 'oom_kill': 0, 'oom_group_kill': 0}
[container_monitor] pf-test-3: current=1068.9MiB swap=122.5MiB max=1373.0MiB cpu.usage_usec=5491539 method=swap_current_delta_fallback detail={'delta_swap_current': 0, 'swap_saturated': True, 'workingset_refault_anon': 11081} events={'low': 0, 'high': 0, 'max': 10, 'oom': 0, 'oom_kill': 0, 'oom_group_kill': 0}
[container_monitor] pf-test-3: current=1068.9MiB swap=122.5MiB max=1373.0MiB cpu.usage_usec=5497169 method=swap_current_delta_fallback detail={'delta_swap_current': 0, 'swap_saturated': True, 'workingset_refault_anon': 11081} events={'low': 0, 'high': 0, 'max': 10, 'oom': 0, 'oom_kill': 0, 'oom_group_kill': 0}
[container_monitor] pf-test-3: current=1068.9MiB swap=122.5MiB max=1373.0MiB cpu.usage_usec=5502157 method=swap_current_delta_fallback detail={'delta_swap_current': 0, 'swap_saturated': True, 'workingset_refault_anon': 11081} events={'low': 0, 'high': 0, 'max': 10, 'oom': 0, 'oom_kill': 0, 'oom_group_kill': 0}
[container_monitor] pf-test-3: current=1068.9MiB swap=122.5MiB max=1373.0MiB cpu.usage_usec=5506655 method=swap_current_delta_fallback detail={'delta_swap_current': 0, 'swap_saturated': True, 'workingset_refault_anon': 11081} events={'low': 0, 'high': 0, 'max': 10, 'oom': 0, 'oom_kill': 0, 'oom_group_kill': 0}
[container_monitor] pf-test-3: current=1068.9MiB swap=122.5MiB max=1373.0MiB cpu.usage_usec=5511435 method=swap_current_delta_fallback detail={'delta_swap_current': 0, 'swap_saturated': True, 'workingset_refault_anon': 11081} events={'low': 0, 'high': 0, 'max': 10, 'oom': 0, 'oom_kill': 0, 'oom_group_kill': 0}
[container_monitor] pf-test-3: current=1068.9MiB swap=122.5MiB max=1373.0MiB cpu.usage_usec=5516378 method=swap_current_delta_fallback detail={'delta_swap_current': 0, 'swap_saturated': True, 'workingset_refault_anon': 11081} events={'low': 0, 'high': 0, 'max': 10, 'oom': 0, 'oom_kill': 0, 'oom_group_kill': 0}
[container_monitor] pf-test-3: current=1069.1MiB swap=122.3MiB max=1373.0MiB cpu.usage_usec=5521331 method=swap_current_delta_fallback detail={'delta_swap_current': -233472, 'swap_saturated': True, 'workingset_refault_anon': 11081} events={'low': 0, 'high': 0, 'max': 10, 'oom': 0, 'oom_kill': 0, 'oom_group_kill': 0}
[container_monitor] pf-test-3: current=1070.0MiB swap=121.8MiB max=1373.0MiB cpu.usage_usec=5526366 method=swap_current_delta_fallback detail={'delta_swap_current': -524288, 'swap_saturated': True, 'workingset_refault_anon': 11081} events={'low': 0, 'high': 0, 'max': 10, 'oom': 0, 'oom_kill': 0, 'oom_group_kill': 0}
[container_monitor] pf-test-3: current=1070.5MiB swap=121.1MiB max=1373.0MiB cpu.usage_usec=5531275 method=swap_current_delta_fallback detail={'delta_swap_current': -786432, 'swap_saturated': False, 'workingset_refault_anon': 11081} events={'low': 0, 'high': 0, 'max': 10, 'oom': 0, 'oom_kill': 0, 'oom_group_kill': 0}
[container_monitor] pf-test-3: current=1071.4MiB swap=120.3MiB max=1373.0MiB cpu.usage_usec=5536263 method=swap_current_delta_fallback detail={'delta_swap_current': -761856, 'swap_saturated': False, 'workingset_refault_anon': 11081} events={'low': 0, 'high': 0, 'max': 10, 'oom': 0, 'oom_kill': 0, 'oom_group_kill': 0}
[container_monitor] pf-test-3: current=1072.3MiB swap=119.6MiB max=1373.0MiB cpu.usage_usec=5541444 method=swap_current_delta_fallback detail={'delta_swap_current': -782336, 'swap_saturated': False, 'workingset_refault_anon': 11081} events={'low': 0, 'high': 0, 'max': 10, 'oom': 0, 'oom_kill': 0, 'oom_group_kill': 0}
[container_monitor] pf-test-3: current=1072.8MiB swap=118.6MiB max=1373.0MiB cpu.usage_usec=5546268 method=swap_current_delta_fallback detail={'delta_swap_current': -1073152, 'swap_saturated': False, 'workingset_refault_anon': 11097} events={'low': 0, 'high': 0, 'max': 10, 'oom': 0, 'oom_kill': 0, 'oom_group_kill': 0}
[container_monitor] pf-test-3: current=1075.7MiB swap=115.6MiB max=1373.0MiB cpu.usage_usec=5551478 method=swap_current_delta_fallback detail={'delta_swap_current': -3092480, 'swap_saturated': False, 'workingset_refault_anon': 11121} events={'low': 0, 'high': 0, 'max': 10, 'oom': 0, 'oom_kill': 0, 'oom_group_kill': 0}
[container_monitor] pf-test-3: current=1075.7MiB swap=115.6MiB max=1373.0MiB cpu.usage_usec=5556288 method=swap_current_delta_fallback detail={'delta_swap_current': 0, 'swap_saturated': False, 'workingset_refault_anon': 11121} events={'low': 0, 'high': 0, 'max': 10, 'oom': 0, 'oom_kill': 0, 'oom_group_kill': 0}
[container_monitor] pf-test-3: current=1075.7MiB swap=115.6MiB max=1373.0MiB cpu.usage_usec=5561262 method=swap_current_delta_fallback detail={'delta_swap_current': 0, 'swap_saturated': False, 'workingset_refault_anon': 11121} events={'low': 0, 'high': 0, 'max': 10, 'oom': 0, 'oom_kill': 0, 'oom_group_kill': 0}
[container_monitor] pf-test-3: current=1075.7MiB swap=115.6MiB max=1373.0MiB cpu.usage_usec=5566306 method=swap_current_delta_fallback detail={'delta_swap_current': 0, 'swap_saturated': False, 'workingset_refault_anon': 11123} events={'low': 0, 'high': 0, 'max': 10, 'oom': 0, 'oom_kill': 0, 'oom_group_kill': 0}
[container_monitor] pf-test-3: current=1075.7MiB swap=115.6MiB max=1373.0MiB cpu.usage_usec=5571914 method=swap_current_delta_fallback detail={'delta_swap_current': 0, 'swap_saturated': False, 'workingset_refault_anon': 11125} events={'low': 0, 'high': 0, 'max': 10, 'oom': 0, 'oom_kill': 0, 'oom_group_kill': 0}
[container_monitor] pf-test-3: current=1075.7MiB swap=115.6MiB max=1373.0MiB cpu.usage_usec=5577099 method=swap_current_delta_fallback detail={'delta_swap_current': 0, 'swap_saturated': False, 'workingset_refault_anon': 11125} events={'low': 0, 'high': 0, 'max': 10, 'oom': 0, 'oom_kill': 0, 'oom_group_kill': 0}
[container_monitor] pf-test-3: current=1075.7MiB swap=115.6MiB max=1373.0MiB cpu.usage_usec=5583007 method=swap_current_delta_fallback detail={'delta_swap_current': 0, 'swap_saturated': False, 'workingset_refault_anon': 11125} events={'low': 0, 'high': 0, 'max': 10, 'oom': 0, 'oom_kill': 0, 'oom_group_kill': 0}
[container_monitor] pf-test-3: current=1075.7MiB swap=115.6MiB max=1373.0MiB cpu.usage_usec=5587105 method=swap_current_delta_fallback detail={'delta_swap_current': 0, 'swap_saturated': False, 'workingset_refault_anon': 11125} events={'low': 0, 'high': 0, 'max': 10, 'oom': 0, 'oom_kill': 0, 'oom_group_kill': 0}
[container_monitor] pf-test-3: current=1075.7MiB swap=115.6MiB max=1373.0MiB cpu.usage_usec=5592246 method=swap_current_delta_fallback detail={'delta_swap_current': 0, 'swap_saturated': False, 'workingset_refault_anon': 11125} events={'low': 0, 'high': 0, 'max': 10, 'oom': 0, 'oom_kill': 0, 'oom_group_kill': 0}
[container_monitor] pf-test-3: current=1075.7MiB swap=115.6MiB max=1373.0MiB cpu.usage_usec=5597215 method=swap_current_delta_fallback detail={'delta_swap_current': 0, 'swap_saturated': False, 'workingset_refault_anon': 11125} events={'low': 0, 'high': 0, 'max': 10, 'oom': 0, 'oom_kill': 0, 'oom_group_kill': 0}
[container_monitor] pf-test-3: current=1075.7MiB swap=115.6MiB max=1373.0MiB cpu.usage_usec=5602156 method=swap_current_delta_fallback detail={'delta_swap_current': 0, 'swap_saturated': False, 'workingset_refault_anon': 11125} events={'low': 0, 'high': 0, 'max': 10, 'oom': 0, 'oom_kill': 0, 'oom_group_kill': 0}
[container_monitor] pf-test-3: current=1075.7MiB swap=115.6MiB max=1373.0MiB cpu.usage_usec=5606607 method=swap_current_delta_fallback detail={'delta_swap_current': 0, 'swap_saturated': False, 'workingset_refault_anon': 11125} events={'low': 0, 'high': 0, 'max': 10, 'oom': 0, 'oom_kill': 0, 'oom_group_kill': 0}
[container_monitor] pf-test-3: current=1075.7MiB swap=115.6MiB max=1373.0MiB cpu.usage_usec=5612221 method=swap_current_delta_fallback detail={'delta_swap_current': 0, 'swap_saturated': False, 'workingset_refault_anon': 11125} events={'low': 0, 'high': 0, 'max': 10, 'oom': 0, 'oom_kill': 0, 'oom_group_kill': 0}
[container_monitor] pf-test-3: current=1075.7MiB swap=115.6MiB max=1373.0MiB cpu.usage_usec=5617172 method=swap_current_delta_fallback detail={'delta_swap_current': 0, 'swap_saturated': False, 'workingset_refault_anon': 11125} events={'low': 0, 'high': 0, 'max': 10, 'oom': 0, 'oom_kill': 0, 'oom_group_kill': 0}
[container_monitor] pf-test-3: current=1075.7MiB swap=115.6MiB max=1373.0MiB cpu.usage_usec=5621770 method=swap_current_delta_fallback detail={'delta_swap_current': 0, 'swap_saturated': False, 'workingset_refault_anon': 11125} events={'low': 0, 'high': 0, 'max': 10, 'oom': 0, 'oom_kill': 0, 'oom_group_kill': 0}
[container_monitor] pf-test-3: current=1075.7MiB swap=115.6MiB max=1373.0MiB cpu.usage_usec=5626648 method=swap_current_delta_fallback detail={'delta_swap_current': 0, 'swap_saturated': False, 'workingset_refault_anon': 11125} events={'low': 0, 'high': 0, 'max': 10, 'oom': 0, 'oom_kill': 0, 'oom_group_kill': 0}
[container_monitor] pf-test-3: current=1075.7MiB swap=115.6MiB max=1373.0MiB cpu.usage_usec=5632316 method=swap_current_delta_fallback detail={'delta_swap_current': 0, 'swap_saturated': False, 'workingset_refault_anon': 11125} events={'low': 0, 'high': 0, 'max': 10, 'oom': 0, 'oom_kill': 0, 'oom_group_kill': 0}
[container_monitor] pf-test-3: current=1075.7MiB swap=115.6MiB max=1373.0MiB cpu.usage_usec=5637009 method=swap_current_delta_fallback detail={'delta_swap_current': 0, 'swap_saturated': False, 'workingset_refault_anon': 11125} events={'low': 0, 'high': 0, 'max': 10, 'oom': 0, 'oom_kill': 0, 'oom_group_kill': 0}
[container_monitor] pf-test-3: current=1075.7MiB swap=115.6MiB max=1373.0MiB cpu.usage_usec=5641430 method=swap_current_delta_fallback detail={'delta_swap_current': 0, 'swap_saturated': False, 'workingset_refault_anon': 11125} events={'low': 0, 'high': 0, 'max': 10, 'oom': 0, 'oom_kill': 0, 'oom_group_kill': 0}
[container_monitor] pf-test-3: current=1075.7MiB swap=115.6MiB max=1373.0MiB cpu.usage_usec=5646662 method=swap_current_delta_fallback detail={'delta_swap_current': 0, 'swap_saturated': False, 'workingset_refault_anon': 11125} events={'low': 0, 'high': 0, 'max': 10, 'oom': 0, 'oom_kill': 0, 'oom_group_kill': 0}
[container_monitor] pf-test-3: current=1075.7MiB swap=115.6MiB max=1373.0MiB cpu.usage_usec=5651279 method=swap_current_delta_fallback detail={'delta_swap_current': 0, 'swap_saturated': False, 'workingset_refault_anon': 11125} events={'low': 0, 'high': 0, 'max': 10, 'oom': 0, 'oom_kill': 0, 'oom_group_kill': 0}
[container_monitor] pf-test-3: current=1075.7MiB swap=115.6MiB max=1373.0MiB cpu.usage_usec=5656882 method=swap_current_delta_fallback detail={'delta_swap_current': 0, 'swap_saturated': False, 'workingset_refault_anon': 11125} events={'low': 0, 'high': 0, 'max': 10, 'oom': 0, 'oom_kill': 0, 'oom_group_kill': 0}
[container_monitor] pf-test-3: current=1075.7MiB swap=115.6MiB max=1373.0MiB cpu.usage_usec=5661654 method=swap_current_delta_fallback detail={'delta_swap_current': 0, 'swap_saturated': False, 'workingset_refault_anon': 11125} events={'low': 0, 'high': 0, 'max': 10, 'oom': 0, 'oom_kill': 0, 'oom_group_kill': 0}
[container_monitor] pf-test-3: current=1075.7MiB swap=115.6MiB max=1373.0MiB cpu.usage_usec=5666321 method=swap_current_delta_fallback detail={'delta_swap_current': 0, 'swap_saturated': False, 'workingset_refault_anon': 11125} events={'low': 0, 'high': 0, 'max': 10, 'oom': 0, 'oom_kill': 0, 'oom_group_kill': 0}