[container_monitor] pf-test-2: cgroup path = /sys/fs/cgroup/system.slice/docker-5eeb9660ba2a66ea14465f2891ed3cdcd373093f38e54c16765acaa567826d90.scope
[container_monitor] pf-test-2: current=72.5MiB swap=0.0MiB max=256.0MiB cpu.usage_usec=188003 method=swap_current_delta_fallback detail={'delta_swap_current': 0, 'swap_saturated': False, 'workingset_refault_anon': 0} events={'low': 0, 'high': 0, 'max': 0, 'oom': 0, 'oom_kill': 0, 'oom_group_kill': 0}
[container_monitor] pf-test-2: current=72.5MiB swap=0.0MiB max=256.0MiB cpu.usage_usec=188679 method=swap_current_delta_fallback detail={'delta_swap_current': 0, 'swap_saturated': False, 'workingset_refault_anon': 0} events={'low': 0, 'high': 0, 'max': 0, 'oom': 0, 'oom_kill': 0, 'oom_group_kill': 0}
[container_monitor] pf-test-2: current=72.5MiB swap=0.0MiB max=256.0MiB cpu.usage_usec=189494 method=swap_current_delta_fallback detail={'delta_swap_current': 0, 'swap_saturated': False, 'workingset_refault_anon': 0} events={'low': 0, 'high': 0, 'max': 0, 'oom': 0, 'oom_kill': 0, 'oom_group_kill': 0}
[container_monitor] pf-test-2: current=80.6MiB swap=0.0MiB max=256.0MiB cpu.usage_usec=227277 method=swap_current_delta_fallback detail={'delta_swap_current': 0, 'swap_saturated': False, 'workingset_refault_anon': 0} events={'low': 0, 'high': 0, 'max': 0, 'oom': 0, 'oom_kill': 0, 'oom_group_kill': 0}
[container_monitor] pf-test-2: current=80.6MiB swap=0.0MiB max=256.0MiB cpu.usage_usec=227724 method=swap_current_delta_fallback detail={'delta_swap_current': 0, 'swap_saturated': False, 'workingset_refault_anon': 0} events={'low': 0, 'high': 0, 'max': 0, 'oom': 0, 'oom_kill': 0, 'oom_group_kill': 0}
[container_monitor] pf-test-2: current=80.6MiB swap=0.0MiB max=256.0MiB cpu.usage_usec=228810 method=swap_current_delta_fallback detail={'delta_swap_current': 0, 'swap_saturated': False, 'workingset_refault_anon': 0} events={'low': 0, 'high': 0, 'max': 0, 'oom': 0, 'oom_kill': 0, 'oom_group_kill': 0}
[container_monitor] pf-test-2: current=80.6MiB swap=0.0MiB max=256.0MiB cpu.usage_usec=229719 method=swap_current_delta_fallback detail={'delta_swap_current': 0, 'swap_saturated': False, 'workingset_refault_anon': 0} events={'low': 0, 'high': 0, 'max': 0, 'oom': 0, 'oom_kill': 0, 'oom_group_kill': 0}
[container_monitor] pf-test-2: current=88.6MiB swap=0.0MiB max=256.0MiB cpu.usage_usec=251251 method=swap_current_delta_fallback detail={'delta_swap_current': 0, 'swap_saturated': False, 'workingset_refault_anon': 0} events={'low': 0, 'high': 0, 'max': 0, 'oom': 0, 'oom_kill': 0, 'oom_group_kill': 0}
[container_monitor] pf-test-2: current=88.6MiB swap=0.0MiB max=256.0MiB cpu.usage_usec=251720 method=swap_current_delta_fallback detail={'delta_swap_current': 0, 'swap_saturated': False, 'workingset_refault_anon': 0} events={'low': 0, 'high': 0, 'max': 0, 'oom': 0, 'oom_kill': 0, 'oom_group_kill': 0}
[container_monitor] pf-test-2: current=88.6MiB swap=0.0MiB max=256.0MiB cpu.usage_usec=252295 method=swap_current_delta_fallback detail={'delta_swap_current': 0, 'swap_saturated': False, 'workingset_refault_anon': 0} events={'low': 0, 'high': 0, 'max': 0, 'oom': 0, 'oom_kill': 0, 'oom_group_kill': 0}
[container_monitor] pf-test-2: current=88.6MiB swap=0.0MiB max=256.0MiB cpu.usage_usec=252895 method=swap_current_delta_fallback detail={'delta_swap_current': 0, 'swap_saturated': False, 'workingset_refault_anon': 0} events={'low': 0, 'high': 0, 'max': 0, 'oom': 0, 'oom_kill': 0, 'oom_group_kill': 0}
[container_monitor] pf-test-2: current=104.7MiB swap=0.0MiB max=256.0MiB cpu.usage_usec=278210 method=swap_current_delta_fallback detail={'delta_swap_current': 0, 'swap_saturated': False, 'workingset_refault_anon': 0} events={'low': 0, 'high': 0, 'max': 0, 'oom': 0, 'oom_kill': 0, 'oom_group_kill': 0}
[container_monitor] pf-test-2: current=104.7MiB swap=0.0MiB max=256.0MiB cpu.usage_usec=278830 method=swap_current_delta_fallback detail={'delta_swap_current': 0, 'swap_saturated': False, 'workingset_refault_anon': 0} events={'low': 0, 'high': 0, 'max': 0, 'oom': 0, 'oom_kill': 0, 'oom_group_kill': 0}
[container_monitor] pf-test-2: current=104.7MiB swap=0.0MiB max=256.0MiB cpu.usage_usec=279330 method=swap_current_delta_fallback detail={'delta_swap_current': 0, 'swap_saturated': False, 'workingset_refault_anon': 0} events={'low': 0, 'high': 0, 'max': 0, 'oom': 0, 'oom_kill': 0, 'oom_group_kill': 0}
[container_monitor] pf-test-2: current=104.7MiB swap=0.0MiB max=256.0MiB cpu.usage_usec=279748 method=swap_current_delta_fallback detail={'delta_swap_current': 0, 'swap_saturated': False, 'workingset_refault_anon': 0} events={'low': 0, 'high': 0, 'max': 0, 'oom': 0, 'oom_kill': 0, 'oom_group_kill': 0}
[container_monitor] pf-test-2: current=104.7MiB swap=0.0MiB max=256.0MiB cpu.usage_usec=287848 method=swap_current_delta_fallback detail={'delta_swap_current': 0, 'swap_saturated': False, 'workingset_refault_anon': 0} events={'low': 0, 'high': 0, 'max': 0, 'oom': 0, 'oom_kill': 0, 'oom_group_kill': 0}
[container_monitor] pf-test-2: current=104.7MiB swap=0.0MiB max=256.0MiB cpu.usage_usec=288391 method=swap_current_delta_fallback detail={'delta_swap_current': 0, 'swap_saturated': False, 'workingset_refault_anon': 0} events={'low': 0, 'high': 0, 'max': 0, 'oom': 0, 'oom_kill': 0, 'oom_group_kill': 0}
[container_monitor] pf-test-2: current=104.7MiB swap=0.0MiB max=256.0MiB cpu.usage_usec=289267 method=swap_current_delta_fallback detail={'delta_swap_current': 0, 'swap_saturated': False, 'workingset_refault_anon': 0} events={'low': 0, 'high': 0, 'max': 0, 'oom': 0, 'oom_kill': 0, 'oom_group_kill': 0}
[container_monitor] pf-test-2: current=104.7MiB swap=0.0MiB max=256.0MiB cpu.usage_usec=290071 method=swap_current_delta_fallback detail={'delta_swap_current': 0, 'swap_saturated': False, 'workingset_refault_anon': 0} events={'low': 0, 'high': 0, 'max': 0, 'oom': 0, 'oom_kill': 0, 'oom_group_kill': 0}
[container_monitor] pf-test-2: current=120.9MiB swap=0.0MiB max=256.0MiB cpu.usage_usec=314516 method=swap_current_delta_fallback detail={'delta_swap_current': 0, 'swap_saturated': False, 'workingset_refault_anon': 0} events={'low': 0, 'high': 0, 'max': 0, 'oom': 0, 'oom_kill': 0, 'oom_group_kill': 0}
[container_monitor] pf-test-2: current=120.9MiB swap=0.0MiB max=256.0MiB cpu.usage_usec=315524 method=swap_current_delta_fallback detail={'delta_swap_current': 0, 'swap_saturated': False, 'workingset_refault_anon': 0} events={'low': 0, 'high': 0, 'max': 0, 'oom': 0, 'oom_kill': 0, 'oom_group_kill': 0}
[container_monitor] pf-test-2: current=120.9MiB swap=0.0MiB max=256.0MiB cpu.usage_usec=316590 method=swap_current_delta_fallback detail={'delta_swap_current': 0, 'swap_saturated': False, 'workingset_refault_anon': 0} events={'low': 0, 'high': 0, 'max': 0, 'oom': 0, 'oom_kill': 0, 'oom_group_kill': 0}
[container_monitor] pf-test-2: current=120.9MiB swap=0.0MiB max=256.0MiB cpu.usage_usec=317607 method=swap_current_delta_fallback detail={'delta_swap_current': 0, 'swap_saturated': False, 'workingset_refault_anon': 0} events={'low': 0, 'high': 0, 'max': 0, 'oom': 0, 'oom_kill': 0, 'oom_group_kill': 0}
[container_monitor] pf-test-2: current=121.3MiB swap=0.0MiB max=256.0MiB cpu.usage_usec=322420 method=swap_current_delta_fallback detail={'delta_swap_current': 0, 'swap_saturated': False, 'workingset_refault_anon': 0} events={'low': 0, 'high': 0, 'max': 0, 'oom': 0, 'oom_kill': 0, 'oom_group_kill': 0}
[container_monitor] pf-test-2: current=121.3MiB swap=0.0MiB max=256.0MiB cpu.usage_usec=323166 method=swap_current_delta_fallback detail={'delta_swap_current': 0, 'swap_saturated': False, 'workingset_refault_anon': 0} events={'low': 0, 'high': 0, 'max': 0, 'oom': 0, 'oom_kill': 0, 'oom_group_kill': 0}
[container_monitor] pf-test-2: current=121.3MiB swap=0.0MiB max=256.0MiB cpu.usage_usec=323487 method=swap_current_delta_fallback detail={'delta_swap_current': 0, 'swap_saturated': False, 'workingset_refault_anon': 0} events={'low': 0, 'high': 0, 'max': 0, 'oom': 0, 'oom_kill': 0, 'oom_group_kill': 0}
[container_monitor] pf-test-2: current=121.3MiB swap=0.0MiB max=256.0MiB cpu.usage_usec=324167 method=swap_current_delta_fallback detail={'delta_swap_current': 0, 'swap_saturated': False, 'workingset_refault_anon': 0} events={'low': 0, 'high': 0, 'max': 0, 'oom': 0, 'oom_kill': 0, 'oom_group_kill': 0}
[container_monitor] pf-test-2: current=129.3MiB swap=0.0MiB max=256.0MiB cpu.usage_usec=335972 method=swap_current_delta_fallback detail={'delta_swap_current': 0, 'swap_saturated': False, 'workingset_refault_anon': 0} events={'low': 0, 'high': 0, 'max': 0, 'oom': 0, 'oom_kill': 0, 'oom_group_kill': 0}
[container_monitor] pf-test-2: current=129.3MiB swap=0.0MiB max=256.0MiB cpu.usage_usec=336705 method=swap_current_delta_fallback detail={'delta_swap_current': 0, 'swap_saturated': False, 'workingset_refault_anon': 0} events={'low': 0, 'high': 0, 'max': 0, 'oom': 0, 'oom_kill': 0, 'oom_group_kill': 0}
[container_monitor] pf-test-2: current=129.3MiB swap=0.0MiB max=256.0MiB cpu.usage_usec=337202 method=swap_current_delta_fallback detail={'delta_swap_current': 0, 'swap_saturated': False, 'workingset_refault_anon': 0} events={'low': 0, 'high': 0, 'max': 0, 'oom': 0, 'oom_kill': 0, 'oom_group_kill': 0}
[container_monitor] pf-test-2: current=129.3MiB swap=0.0MiB max=256.0MiB cpu.usage_usec=337970 method=swap_current_delta_fallback detail={'delta_swap_current': 0, 'swap_saturated': False, 'workingset_refault_anon': 0} events={'low': 0, 'high': 0, 'max': 0, 'oom': 0, 'oom_kill': 0, 'oom_group_kill': 0}
[container_monitor] pf-test-2: current=137.4MiB swap=0.0MiB max=256.0MiB cpu.usage_usec=348931 method=swap_current_delta_fallback detail={'delta_swap_current': 0, 'swap_saturated': False, 'workingset_refault_anon': 0} events={'low': 0, 'high': 0, 'max': 0, 'oom': 0, 'oom_kill': 0, 'oom_group_kill': 0}
[container_monitor] pf-test-2: current=137.4MiB swap=0.0MiB max=256.0MiB cpu.usage_usec=349738 method=swap_current_delta_fallback detail={'delta_swap_current': 0, 'swap_saturated': False, 'workingset_refault_anon': 0} events={'low': 0, 'high': 0, 'max': 0, 'oom': 0, 'oom_kill': 0, 'oom_group_kill': 0}
[container_monitor] pf-test-2: current=137.4MiB swap=0.0MiB max=256.0MiB cpu.usage_usec=350853 method=swap_current_delta_fallback detail={'delta_swap_current': 0, 'swap_saturated': False, 'workingset_refault_anon': 0} events={'low': 0, 'high': 0, 'max': 0, 'oom': 0, 'oom_kill': 0, 'oom_group_kill': 0}
[container_monitor] pf-test-2: current=137.4MiB swap=0.0MiB max=256.0MiB cpu.usage_usec=351616 method=swap_current_delta_fallback detail={'delta_swap_current': 0, 'swap_saturated': False, 'workingset_refault_anon': 0} events={'low': 0, 'high': 0, 'max': 0, 'oom': 0, 'oom_kill': 0, 'oom_group_kill': 0}
[container_monitor] pf-test-2: current=145.4MiB swap=0.0MiB max=256.0MiB cpu.usage_usec=362651 method=swap_current_delta_fallback detail={'delta_swap_current': 0, 'swap_saturated': False, 'workingset_refault_anon': 0} events={'low': 0, 'high': 0, 'max': 0, 'oom': 0, 'oom_kill': 0, 'oom_group_kill': 0}
[container_monitor] pf-test-2: current=145.4MiB swap=0.0MiB max=256.0MiB cpu.usage_usec=363721 method=swap_current_delta_fallback detail={'delta_swap_current': 0, 'swap_saturated': False, 'workingset_refault_anon': 0} events={'low': 0, 'high': 0, 'max': 0, 'oom': 0, 'oom_kill': 0, 'oom_group_kill': 0}
[container_monitor] pf-test-2: current=145.4MiB swap=0.0MiB max=256.0MiB cpu.usage_usec=364805 method=swap_current_delta_fallback detail={'delta_swap_current': 0, 'swap_saturated': False, 'workingset_refault_anon': 0} events={'low': 0, 'high': 0, 'max': 0, 'oom': 0, 'oom_kill': 0, 'oom_group_kill': 0}
[container_monitor] pf-test-2: current=145.4MiB swap=0.0MiB max=256.0MiB cpu.usage_usec=365814 method=swap_current_delta_fallback detail={'delta_swap_current': 0, 'swap_saturated': False, 'workingset_refault_anon': 0} events={'low': 0, 'high': 0, 'max': 0, 'oom': 0, 'oom_kill': 0, 'oom_group_kill': 0}
[container_monitor] pf-test-2: current=185.6MiB swap=0.0MiB max=256.0MiB cpu.usage_usec=424433 method=swap_current_delta_fallback detail={'delta_swap_current': 0, 'swap_saturated': False, 'workingset_refault_anon': 0} events={'low': 0, 'high': 0, 'max': 0, 'oom': 0, 'oom_kill': 0, 'oom_group_kill': 0}
[container_monitor] pf-test-2: current=185.6MiB swap=0.0MiB max=256.0MiB cpu.usage_usec=425525 method=swap_current_delta_fallback detail={'delta_swap_current': 0, 'swap_saturated': False, 'workingset_refault_anon': 0} events={'low': 0, 'high': 0, 'max': 0, 'oom': 0, 'oom_kill': 0, 'oom_group_kill': 0}
[container_monitor] pf-test-2: current=185.6MiB swap=0.0MiB max=256.0MiB cpu.usage_usec=426485 method=swap_current_delta_fallback detail={'delta_swap_current': 0, 'swap_saturated': False, 'workingset_refault_anon': 0} events={'low': 0, 'high': 0, 'max': 0, 'oom': 0, 'oom_kill': 0, 'oom_group_kill': 0}
[container_monitor] pf-test-2: current=185.6MiB swap=0.0MiB max=256.0MiB cpu.usage_usec=427221 method=swap_current_delta_fallback detail={'delta_swap_current': 0, 'swap_saturated': False, 'workingset_refault_anon': 0} events={'low': 0, 'high': 0, 'max': 0, 'oom': 0, 'oom_kill': 0, 'oom_group_kill': 0}
[container_monitor] pf-test-2: current=185.6MiB swap=0.0MiB max=256.0MiB cpu.usage_usec=439763 method=swap_current_delta_fallback detail={'delta_swap_current': 0, 'swap_saturated': False, 'workingset_refault_anon': 0} events={'low': 0, 'high': 0, 'max': 0, 'oom': 0, 'oom_kill': 0, 'oom_group_kill': 0}
[container_monitor] pf-test-2: current=185.6MiB swap=0.0MiB max=256.0MiB cpu.usage_usec=440448 method=swap_current_delta_fallback detail={'delta_swap_current': 0, 'swap_saturated': False, 'workingset_refault_anon': 0} events={'low': 0, 'high': 0, 'max': 0, 'oom': 0, 'oom_kill': 0, 'oom_group_kill': 0}
[container_monitor] pf-test-2: current=185.6MiB swap=0.0MiB max=256.0MiB cpu.usage_usec=441261 method=swap_current_delta_fallback detail={'delta_swap_current': 0, 'swap_saturated': False, 'workingset_refault_anon': 0} events={'low': 0, 'high': 0, 'max': 0, 'oom': 0, 'oom_kill': 0, 'oom_group_kill': 0}
[container_monitor] pf-test-2: current=185.6MiB swap=0.0MiB max=256.0MiB cpu.usage_usec=442179 method=swap_current_delta_fallback detail={'delta_swap_current': 0, 'swap_saturated': False, 'workingset_refault_anon': 0} events={'low': 0, 'high': 0, 'max': 0, 'oom': 0, 'oom_kill': 0, 'oom_group_kill': 0}
[container_monitor] pf-test-2: current=185.6MiB swap=0.0MiB max=256.0MiB cpu.usage_usec=447016 method=swap_current_delta_fallback detail={'delta_swap_current': 0, 'swap_saturated': False, 'workingset_refault_anon': 0} events={'low': 0, 'high': 0, 'max': 0, 'oom': 0, 'oom_kill': 0, 'oom_group_kill': 0}
[container_monitor] pf-test-2: current=185.6MiB swap=0.0MiB max=256.0MiB cpu.usage_usec=447717 method=swap_current_delta_fallback detail={'delta_swap_current': 0, 'swap_saturated': False, 'workingset_refault_anon': 0} events={'low': 0, 'high': 0, 'max': 0, 'oom': 0, 'oom_kill': 0, 'oom_group_kill': 0}
[container_monitor] pf-test-2: current=185.6MiB swap=0.0MiB max=256.0MiB cpu.usage_usec=448363 method=swap_current_delta_fallback detail={'delta_swap_current': 0, 'swap_saturated': False, 'workingset_refault_anon': 0} events={'low': 0, 'high': 0, 'max': 0, 'oom': 0, 'oom_kill': 0, 'oom_group_kill': 0}
[container_monitor] pf-test-2: current=185.6MiB swap=0.0MiB max=256.0MiB cpu.usage_usec=449196 method=swap_current_delta_fallback detail={'delta_swap_current': 0, 'swap_saturated': False, 'workingset_refault_anon': 0} events={'low': 0, 'high': 0, 'max': 0, 'oom': 0, 'oom_kill': 0, 'oom_group_kill': 0}
[container_monitor] pf-test-2: current=185.6MiB swap=0.0MiB max=256.0MiB cpu.usage_usec=453815 method=swap_current_delta_fallback detail={'delta_swap_current': 0, 'swap_saturated': False, 'workingset_refault_anon': 0} events={'low': 0, 'high': 0, 'max': 0, 'oom': 0, 'oom_kill': 0, 'oom_group_kill': 0}
[container_monitor] pf-test-2: current=185.6MiB swap=0.0MiB max=256.0MiB cpu.usage_usec=454365 method=swap_current_delta_fallback detail={'delta_swap_current': 0, 'swap_saturated': False, 'workingset_refault_anon': 0} events={'low': 0, 'high': 0, 'max': 0, 'oom': 0, 'oom_kill': 0, 'oom_group_kill': 0}
[container_monitor] pf-test-2: current=185.6MiB swap=0.0MiB max=256.0MiB cpu.usage_usec=455071 method=swap_current_delta_fallback detail={'delta_swap_current': 0, 'swap_saturated': False, 'workingset_refault_anon': 0} events={'low': 0, 'high': 0, 'max': 0, 'oom': 0, 'oom_kill': 0, 'oom_group_kill': 0}
[container_monitor] pf-test-2: current=185.6MiB swap=0.0MiB max=256.0MiB cpu.usage_usec=455772 method=swap_current_delta_fallback detail={'delta_swap_current': 0, 'swap_saturated': False, 'workingset_refault_anon': 0} events={'low': 0, 'high': 0, 'max': 0, 'oom': 0, 'oom_kill': 0, 'oom_group_kill': 0}
[container_monitor] pf-test-2: current=185.6MiB swap=0.0MiB max=256.0MiB cpu.usage_usec=460145 method=swap_current_delta_fallback detail={'delta_swap_current': 0, 'swap_saturated': False, 'workingset_refault_anon': 0} events={'low': 0, 'high': 0, 'max': 0, 'oom': 0, 'oom_kill': 0, 'oom_group_kill': 0}
[container_monitor] pf-test-2: current=185.6MiB swap=0.0MiB max=256.0MiB cpu.usage_usec=461262 method=swap_current_delta_fallback detail={'delta_swap_current': 0, 'swap_saturated': False, 'workingset_refault_anon': 0} events={'low': 0, 'high': 0, 'max': 0, 'oom': 0, 'oom_kill': 0, 'oom_group_kill': 0}
[container_monitor] pf-test-2: current=185.6MiB swap=0.0MiB max=256.0MiB cpu.usage_usec=462036 method=swap_current_delta_fallback detail={'delta_swap_current': 0, 'swap_saturated': False, 'workingset_refault_anon': 0} events={'low': 0, 'high': 0, 'max': 0, 'oom': 0, 'oom_kill': 0, 'oom_group_kill': 0}
[container_monitor] pf-test-2: current=185.6MiB swap=0.0MiB max=256.0MiB cpu.usage_usec=462795 method=swap_current_delta_fallback detail={'delta_swap_current': 0, 'swap_saturated': False, 'workingset_refault_anon': 0} events={'low': 0, 'high': 0, 'max': 0, 'oom': 0, 'oom_kill': 0, 'oom_group_kill': 0}
[container_monitor] pf-test-2: current=226.1MiB swap=0.0MiB max=256.0MiB cpu.usage_usec=520735 method=swap_current_delta_fallback detail={'delta_swap_current': 0, 'swap_saturated': False, 'workingset_refault_anon': 0} events={'low': 0, 'high': 0, 'max': 0, 'oom': 0, 'oom_kill': 0, 'oom_group_kill': 0}
[container_monitor] pf-test-2: current=226.1MiB swap=0.0MiB max=256.0MiB cpu.usage_usec=521186 method=swap_current_delta_fallback detail={'delta_swap_current': 0, 'swap_saturated': False, 'workingset_refault_anon': 0} events={'low': 0, 'high': 0, 'max': 0, 'oom': 0, 'oom_kill': 0, 'oom_group_kill': 0}
[container_monitor] pf-test-2: current=226.1MiB swap=0.0MiB max=256.0MiB cpu.usage_usec=522125 method=swap_current_delta_fallback detail={'delta_swap_current': 0, 'swap_saturated': False, 'workingset_refault_anon': 0} events={'low': 0, 'high': 0, 'max': 0, 'oom': 0, 'oom_kill': 0, 'oom_group_kill': 0}
[container_monitor] pf-test-2: current=226.1MiB swap=0.0MiB max=256.0MiB cpu.usage_usec=522745 method=swap_current_delta_fallback detail={'delta_swap_current': 0, 'swap_saturated': False, 'workingset_refault_anon': 0} events={'low': 0, 'high': 0, 'max': 0, 'oom': 0, 'oom_kill': 0, 'oom_group_kill': 0}
[container_monitor] pf-test-2: current=226.1MiB swap=0.0MiB max=256.0MiB cpu.usage_usec=530171 method=swap_current_delta_fallback detail={'delta_swap_current': 0, 'swap_saturated': False, 'workingset_refault_anon': 0} events={'low': 0, 'high': 0, 'max': 0, 'oom': 0, 'oom_kill': 0, 'oom_group_kill': 0}
[container_monitor] pf-test-2: current=226.1MiB swap=0.0MiB max=256.0MiB cpu.usage_usec=530865 method=swap_current_delta_fallback detail={'delta_swap_current': 0, 'swap_saturated': False, 'workingset_refault_anon': 0} events={'low': 0, 'high': 0, 'max': 0, 'oom': 0, 'oom_kill': 0, 'oom_group_kill': 0}
[container_monitor] pf-test-2: current=226.1MiB swap=0.0MiB max=256.0MiB cpu.usage_usec=531935 method=swap_current_delta_fallback detail={'delta_swap_current': 0, 'swap_saturated': False, 'workingset_refault_anon': 0} events={'low': 0, 'high': 0, 'max': 0, 'oom': 0, 'oom_kill': 0, 'oom_group_kill': 0}
[container_monitor] pf-test-2: current=226.1MiB swap=0.0MiB max=256.0MiB cpu.usage_usec=532788 method=swap_current_delta_fallback detail={'delta_swap_current': 0, 'swap_saturated': False, 'workingset_refault_anon': 0} events={'low': 0, 'high': 0, 'max': 0, 'oom': 0, 'oom_kill': 0, 'oom_group_kill': 0}
[container_monitor] pf-test-2: current=226.2MiB swap=0.0MiB max=256.0MiB cpu.usage_usec=548199 method=swap_current_delta_fallback detail={'delta_swap_current': 0, 'swap_saturated': False, 'workingset_refault_anon': 0} events={'low': 0, 'high': 0, 'max': 0, 'oom': 0, 'oom_kill': 0, 'oom_group_kill': 0}
[container_monitor] pf-test-2: current=226.2MiB swap=0.0MiB max=256.0MiB cpu.usage_usec=549084 method=swap_current_delta_fallback detail={'delta_swap_current': 0, 'swap_saturated': False, 'workingset_refault_anon': 0} events={'low': 0, 'high': 0, 'max': 0, 'oom': 0, 'oom_kill': 0, 'oom_group_kill': 0}
[container_monitor] pf-test-2: current=226.2MiB swap=0.0MiB max=256.0MiB cpu.usage_usec=549792 method=swap_current_delta_fallback detail={'delta_swap_current': 0, 'swap_saturated': False, 'workingset_refault_anon': 0} events={'low': 0, 'high': 0, 'max': 0, 'oom': 0, 'oom_kill': 0, 'oom_group_kill': 0}
[container_monitor] pf-test-2: current=226.2MiB swap=0.0MiB max=256.0MiB cpu.usage_usec=550312 method=swap_current_delta_fallback detail={'delta_swap_current': 0, 'swap_saturated': False, 'workingset_refault_anon': 0} events={'low': 0, 'high': 0, 'max': 0, 'oom': 0, 'oom_kill': 0, 'oom_group_kill': 0}
[container_monitor] pf-test-2: current=226.2MiB swap=0.0MiB max=256.0MiB cpu.usage_usec=557072 method=swap_current_delta_fallback detail={'delta_swap_current': 0, 'swap_saturated': False, 'workingset_refault_anon': 0} events={'low': 0, 'high': 0, 'max': 0, 'oom': 0, 'oom_kill': 0, 'oom_group_kill': 0}
[container_monitor] pf-test-2: current=226.2MiB swap=0.0MiB max=256.0MiB cpu.usage_usec=557766 method=swap_current_delta_fallback detail={'delta_swap_current': 0, 'swap_saturated': False, 'workingset_refault_anon': 0} events={'low': 0, 'high': 0, 'max': 0, 'oom': 0, 'oom_kill': 0, 'oom_group_kill': 0}
[container_monitor] pf-test-2: current=226.2MiB swap=0.0MiB max=256.0MiB cpu.usage_usec=558589 method=swap_current_delta_fallback detail={'delta_swap_current': 0, 'swap_saturated': False, 'workingset_refault_anon': 0} events={'low': 0, 'high': 0, 'max': 0, 'oom': 0, 'oom_kill': 0, 'oom_group_kill': 0}
[container_monitor] pf-test-2: current=226.2MiB swap=0.0MiB max=256.0MiB cpu.usage_usec=559146 method=swap_current_delta_fallback detail={'delta_swap_current': 0, 'swap_saturated': False, 'workingset_refault_anon': 0} events={'low': 0, 'high': 0, 'max': 0, 'oom': 0, 'oom_kill': 0, 'oom_group_kill': 0}
[container_monitor] pf-test-2: current=227.2MiB swap=0.0MiB max=256.0MiB cpu.usage_usec=566897 method=swap_current_delta_fallback detail={'delta_swap_current': 0, 'swap_saturated': False, 'workingset_refault_anon': 0} events={'low': 0, 'high': 0, 'max': 0, 'oom': 0, 'oom_kill': 0, 'oom_group_kill': 0}
[container_monitor] pf-test-2: current=227.2MiB swap=0.0MiB max=256.0MiB cpu.usage_usec=567606 method=swap_current_delta_fallback detail={'delta_swap_current': 0, 'swap_saturated': False, 'workingset_refault_anon': 0} events={'low': 0, 'high': 0, 'max': 0, 'oom': 0, 'oom_kill': 0, 'oom_group_kill': 0}
[container_monitor] pf-test-2: current=227.2MiB swap=0.0MiB max=256.0MiB cpu.usage_usec=568285 method=swap_current_delta_fallback detail={'delta_swap_current': 0, 'swap_saturated': False, 'workingset_refault_anon': 0} events={'low': 0, 'high': 0, 'max': 0, 'oom': 0, 'oom_kill': 0, 'oom_group_kill': 0}
[container_monitor] pf-test-2: current=227.2MiB swap=0.0MiB max=256.0MiB cpu.usage_usec=569254 method=swap_current_delta_fallback detail={'delta_swap_current': 0, 'swap_saturated': False, 'workingset_refault_anon': 0} events={'low': 0, 'high': 0, 'max': 0, 'oom': 0, 'oom_kill': 0, 'oom_group_kill': 0}
[container_monitor] pf-test-2: current=235.2MiB swap=0.0MiB max=256.0MiB cpu.usage_usec=585697 method=swap_current_delta_fallback detail={'delta_swap_current': 0, 'swap_saturated': False, 'workingset_refault_anon': 0} events={'low': 0, 'high': 0, 'max': 0, 'oom': 0, 'oom_kill': 0, 'oom_group_kill': 0}
[container_monitor] pf-test-2: current=235.2MiB swap=0.0MiB max=256.0MiB cpu.usage_usec=586516 method=swap_current_delta_fallback detail={'delta_swap_current': 0, 'swap_saturated': False, 'workingset_refault_anon': 0} events={'low': 0, 'high': 0, 'max': 0, 'oom': 0, 'oom_kill': 0, 'oom_group_kill': 0}
[container_monitor] pf-test-2: current=235.2MiB swap=0.0MiB max=256.0MiB cpu.usage_usec=587103 method=swap_current_delta_fallback detail={'delta_swap_current': 0, 'swap_saturated': False, 'workingset_refault_anon': 0} events={'low': 0, 'high': 0, 'max': 0, 'oom': 0, 'oom_kill': 0, 'oom_group_kill': 0}
[container_monitor] pf-test-2: current=235.2MiB swap=0.0MiB max=256.0MiB cpu.usage_usec=587569 method=swap_current_delta_fallback detail={'delta_swap_current': 0, 'swap_saturated': False, 'workingset_refault_anon': 0} events={'low': 0, 'high': 0, 'max': 0, 'oom': 0, 'oom_kill': 0, 'oom_group_kill': 0}
[container_monitor] pf-test-2: current=243.3MiB swap=0.0MiB max=256.0MiB cpu.usage_usec=596936 method=swap_current_delta_fallback detail={'delta_swap_current': 0, 'swap_saturated': False, 'workingset_refault_anon': 0} events={'low': 0, 'high': 0, 'max': 0, 'oom': 0, 'oom_kill': 0, 'oom_group_kill': 0}
[container_monitor] pf-test-2: current=243.3MiB swap=0.0MiB max=256.0MiB cpu.usage_usec=597583 method=swap_current_delta_fallback detail={'delta_swap_current': 0, 'swap_saturated': False, 'workingset_refault_anon': 0} events={'low': 0, 'high': 0, 'max': 0, 'oom': 0, 'oom_kill': 0, 'oom_group_kill': 0}
[container_monitor] pf-test-2: current=243.3MiB swap=0.0MiB max=256.0MiB cpu.usage_usec=598308 method=swap_current_delta_fallback detail={'delta_swap_current': 0, 'swap_saturated': False, 'workingset_refault_anon': 0} events={'low': 0, 'high': 0, 'max': 0, 'oom': 0, 'oom_kill': 0, 'oom_group_kill': 0}
[container_monitor] pf-test-2: current=243.3MiB swap=0.0MiB max=256.0MiB cpu.usage_usec=599042 method=swap_current_delta_fallback detail={'delta_swap_current': 0, 'swap_saturated': False, 'workingset_refault_anon': 0} events={'low': 0, 'high': 0, 'max': 0, 'oom': 0, 'oom_kill': 0, 'oom_group_kill': 0}
[container_monitor] pf-test-2: current=251.3MiB swap=0.0MiB max=256.0MiB cpu.usage_usec=612798 method=swap_current_delta_fallback detail={'delta_swap_current': 0, 'swap_saturated': False, 'workingset_refault_anon': 0} events={'low': 0, 'high': 0, 'max': 0, 'oom': 0, 'oom_kill': 0, 'oom_group_kill': 0}
[container_monitor] pf-test-2: current=251.3MiB swap=0.0MiB max=256.0MiB cpu.usage_usec=613648 method=swap_current_delta_fallback detail={'delta_swap_current': 0, 'swap_saturated': False, 'workingset_refault_anon': 0} events={'low': 0, 'high': 0, 'max': 0, 'oom': 0, 'oom_kill': 0, 'oom_group_kill': 0}
[container_monitor] pf-test-2: current=251.3MiB swap=0.0MiB max=256.0MiB cpu.usage_usec=614566 method=swap_current_delta_fallback detail={'delta_swap_current': 0, 'swap_saturated': False, 'workingset_refault_anon': 0} events={'low': 0, 'high': 0, 'max': 0, 'oom': 0, 'oom_kill': 0, 'oom_group_kill': 0}
[container_monitor] pf-test-2: current=251.3MiB swap=0.0MiB max=256.0MiB cpu.usage_usec=616777 method=swap_current_delta_fallback detail={'delta_swap_current': 0, 'swap_saturated': False, 'workingset_refault_anon': 0} events={'low': 0, 'high': 0, 'max': 0, 'oom': 0, 'oom_kill': 0, 'oom_group_kill': 0}
[container_monitor] pf-test-2: current=204.3MiB swap=56.1MiB max=256.0MiB cpu.usage_usec=694450 method=swap_current_delta_fallback detail={'delta_swap_current': 58785792, 'swap_saturated': False, 'workingset_refault_anon': 28} events={'low': 0, 'high': 0, 'max': 1, 'oom': 0, 'oom_kill': 0, 'oom_group_kill': 0}
[container_monitor] pf-test-2: OCM 감지 (method=swap_current_delta_fallback, detail={'delta_swap_current': 58785792, 'swap_saturated': False, 'workingset_refault_anon': 28})
[puff_manager] pf-test-2: 원래 메모리 한도 저장 256MiB
[puff_manager] pf-test-2: puff 적용 256MiB -> 358MiB
[container_monitor] pf-test-2: puff 완료, 새 메모리 한도 358MiB
[suspend_manager] pf-test-2: 원래 CPU 설정 저장 {'cpu_max': 'max 100000', 'cpuset_cpus': '0-1'}
[suspend_manager] pf-test-2: suspend 적용 (--cpus 0.01 --cpuset-cpus 0)
[suspend_manager] pf-test-2: cgroup cpu.max='1000 100000' cpuset.cpus='0'
[container_monitor] pf-test-2: current=177.8MiB swap=85.1MiB max=358.0MiB cpu.usage_usec=723353 method=swap_current_delta_fallback detail={'delta_swap_current': 30396416, 'swap_saturated': False, 'workingset_refault_anon': 757} events={'low': 0, 'high': 0, 'max': 1, 'oom': 0, 'oom_kill': 0, 'oom_group_kill': 0}
[container_monitor] pf-test-2: current=177.8MiB swap=85.1MiB max=358.0MiB cpu.usage_usec=724949 method=swap_current_delta_fallback detail={'delta_swap_current': 0, 'swap_saturated': False, 'workingset_refault_anon': 757} events={'low': 0, 'high': 0, 'max': 1, 'oom': 0, 'oom_kill': 0, 'oom_group_kill': 0}
[container_monitor] pf-test-2: current=177.8MiB swap=85.1MiB max=358.0MiB cpu.usage_usec=725691 method=swap_current_delta_fallback detail={'delta_swap_current': 0, 'swap_saturated': False, 'workingset_refault_anon': 762} events={'low': 0, 'high': 0, 'max': 1, 'oom': 0, 'oom_kill': 0, 'oom_group_kill': 0}
[container_monitor] pf-test-2: current=177.8MiB swap=85.1MiB max=358.0MiB cpu.usage_usec=726649 method=swap_current_delta_fallback detail={'delta_swap_current': 0, 'swap_saturated': False, 'workingset_refault_anon': 762} events={'low': 0, 'high': 0, 'max': 1, 'oom': 0, 'oom_kill': 0, 'oom_group_kill': 0}
[container_monitor] pf-test-2: current=185.9MiB swap=85.0MiB max=358.0MiB cpu.usage_usec=732467 method=swap_current_delta_fallback detail={'delta_swap_current': -24576, 'swap_saturated': False, 'workingset_refault_anon': 767} events={'low': 0, 'high': 0, 'max': 1, 'oom': 0, 'oom_kill': 0, 'oom_group_kill': 0}
[container_monitor] pf-test-2: current=186.1MiB swap=84.9MiB max=358.0MiB cpu.usage_usec=736955 method=swap_current_delta_fallback detail={'delta_swap_current': -172032, 'swap_saturated': False, 'workingset_refault_anon': 826} events={'low': 0, 'high': 0, 'max': 1, 'oom': 0, 'oom_kill': 0, 'oom_group_kill': 0}
[container_monitor] pf-test-2: current=186.4MiB swap=84.7MiB max=358.0MiB cpu.usage_usec=742728 method=swap_current_delta_fallback detail={'delta_swap_current': -196608, 'swap_saturated': False, 'workingset_refault_anon': 891} events={'low': 0, 'high': 0, 'max': 1, 'oom': 0, 'oom_kill': 0, 'oom_group_kill': 0}
[container_monitor] pf-test-2: current=186.9MiB swap=84.5MiB max=358.0MiB cpu.usage_usec=747704 method=swap_current_delta_fallback detail={'delta_swap_current': -143360, 'swap_saturated': False, 'workingset_refault_anon': 982} events={'low': 0, 'high': 0, 'max': 1, 'oom': 0, 'oom_kill': 0, 'oom_group_kill': 0}
[container_monitor] pf-test-2: current=187.2MiB swap=84.2MiB max=358.0MiB cpu.usage_usec=752766 method=swap_current_delta_fallback detail={'delta_swap_current': -405504, 'swap_saturated': False, 'workingset_refault_anon': 1060} events={'low': 0, 'high': 0, 'max': 1, 'oom': 0, 'oom_kill': 0, 'oom_group_kill': 0}
[container_monitor] pf-test-2: current=188.7MiB swap=84.0MiB max=358.0MiB cpu.usage_usec=758305 method=swap_current_delta_fallback detail={'delta_swap_current': -172032, 'swap_saturated': False, 'workingset_refault_anon': 1098} events={'low': 0, 'high': 0, 'max': 1, 'oom': 0, 'oom_kill': 0, 'oom_group_kill': 0}
[container_monitor] pf-test-2: current=195.3MiB swap=83.9MiB max=358.0MiB cpu.usage_usec=762729 method=swap_current_delta_fallback detail={'delta_swap_current': -65536, 'swap_saturated': False, 'workingset_refault_anon': 1138} events={'low': 0, 'high': 0, 'max': 1, 'oom': 0, 'oom_kill': 0, 'oom_group_kill': 0}
[container_monitor] pf-test-2: current=195.4MiB swap=83.8MiB max=358.0MiB cpu.usage_usec=764130 method=swap_current_delta_fallback detail={'delta_swap_current': -114688, 'swap_saturated': False, 'workingset_refault_anon': 1159} events={'low': 0, 'high': 0, 'max': 1, 'oom': 0, 'oom_kill': 0, 'oom_group_kill': 0}
[container_monitor] pf-test-2: current=195.4MiB swap=83.8MiB max=358.0MiB cpu.usage_usec=764835 method=swap_current_delta_fallback detail={'delta_swap_current': 0, 'swap_saturated': False, 'workingset_refault_anon': 1159} events={'low': 0, 'high': 0, 'max': 1, 'oom': 0, 'oom_kill': 0, 'oom_group_kill': 0}
[container_monitor] pf-test-2: current=195.4MiB swap=83.8MiB max=358.0MiB cpu.usage_usec=765647 method=swap_current_delta_fallback detail={'delta_swap_current': 0, 'swap_saturated': False, 'workingset_refault_anon': 1159} events={'low': 0, 'high': 0, 'max': 1, 'oom': 0, 'oom_kill': 0, 'oom_group_kill': 0}
[container_monitor] pf-test-2: current=195.7MiB swap=83.7MiB max=358.0MiB cpu.usage_usec=769809 method=swap_current_delta_fallback detail={'delta_swap_current': -151552, 'swap_saturated': False, 'workingset_refault_anon': 1223} events={'low': 0, 'high': 0, 'max': 1, 'oom': 0, 'oom_kill': 0, 'oom_group_kill': 0}
[container_monitor] pf-test-2: current=196.0MiB swap=83.5MiB max=358.0MiB cpu.usage_usec=774823 method=swap_current_delta_fallback detail={'delta_swap_current': -204800, 'swap_saturated': False, 'workingset_refault_anon': 1306} events={'low': 0, 'high': 0, 'max': 1, 'oom': 0, 'oom_kill': 0, 'oom_group_kill': 0}
[container_monitor] pf-test-2: current=196.7MiB swap=83.0MiB max=358.0MiB cpu.usage_usec=779798 method=swap_current_delta_fallback detail={'delta_swap_current': -462848, 'swap_saturated': False, 'workingset_refault_anon': 1413} events={'low': 0, 'high': 0, 'max': 1, 'oom': 0, 'oom_kill': 0, 'oom_group_kill': 0}
[container_monitor] pf-test-2: current=197.8MiB swap=82.7MiB max=358.0MiB cpu.usage_usec=784790 method=swap_current_delta_fallback detail={'delta_swap_current': -344064, 'swap_saturated': False, 'workingset_refault_anon': 1554} events={'low': 0, 'high': 0, 'max': 1, 'oom': 0, 'oom_kill': 0, 'oom_group_kill': 0}
[container_monitor] pf-test-2: current=198.8MiB swap=82.2MiB max=358.0MiB cpu.usage_usec=789771 method=swap_current_delta_fallback detail={'delta_swap_current': -573440, 'swap_saturated': False, 'workingset_refault_anon': 1698} events={'low': 0, 'high': 0, 'max': 1, 'oom': 0, 'oom_kill': 0, 'oom_group_kill': 0}
[container_monitor] pf-test-2: current=199.9MiB swap=81.7MiB max=358.0MiB cpu.usage_usec=794796 method=swap_current_delta_fallback detail={'delta_swap_current': -524288, 'swap_saturated': False, 'workingset_refault_anon': 1842} events={'low': 0, 'high': 0, 'max': 1, 'oom': 0, 'oom_kill': 0, 'oom_group_kill': 0}
[container_monitor] pf-test-2: current=200.9MiB swap=81.2MiB max=358.0MiB cpu.usage_usec=799795 method=swap_current_delta_fallback detail={'delta_swap_current': -524288, 'swap_saturated': False, 'workingset_refault_anon': 1976} events={'low': 0, 'high': 0, 'max': 1, 'oom': 0, 'oom_kill': 0, 'oom_group_kill': 0}
[container_monitor] pf-test-2: current=201.7MiB swap=80.7MiB max=358.0MiB cpu.usage_usec=805008 method=swap_current_delta_fallback detail={'delta_swap_current': -471040, 'swap_saturated': False, 'workingset_refault_anon': 2083} events={'low': 0, 'high': 0, 'max': 1, 'oom': 0, 'oom_kill': 0, 'oom_group_kill': 0}
[container_monitor] pf-test-2: current=202.6MiB swap=80.3MiB max=358.0MiB cpu.usage_usec=810001 method=swap_current_delta_fallback detail={'delta_swap_current': -471040, 'swap_saturated': False, 'workingset_refault_anon': 2195} events={'low': 0, 'high': 0, 'max': 1, 'oom': 0, 'oom_kill': 0, 'oom_group_kill': 0}
[container_monitor] pf-test-2: current=203.6MiB swap=79.8MiB max=358.0MiB cpu.usage_usec=814850 method=swap_current_delta_fallback detail={'delta_swap_current': -520192, 'swap_saturated': False, 'workingset_refault_anon': 2331} events={'low': 0, 'high': 0, 'max': 1, 'oom': 0, 'oom_kill': 0, 'oom_group_kill': 0}
[container_monitor] pf-test-2: current=205.8MiB swap=78.8MiB max=358.0MiB cpu.usage_usec=819707 method=swap_current_delta_fallback detail={'delta_swap_current': -1048576, 'swap_saturated': False, 'workingset_refault_anon': 2603} events={'low': 0, 'high': 0, 'max': 1, 'oom': 0, 'oom_kill': 0, 'oom_group_kill': 0}
[container_monitor] pf-test-2: current=209.3MiB swap=76.9MiB max=358.0MiB cpu.usage_usec=824763 method=swap_current_delta_fallback detail={'delta_swap_current': -1908736, 'swap_saturated': False, 'workingset_refault_anon': 3059} events={'low': 0, 'high': 0, 'max': 1, 'oom': 0, 'oom_kill': 0, 'oom_group_kill': 0}
[container_monitor] pf-test-2: current=212.3MiB swap=75.4MiB max=358.0MiB cpu.usage_usec=829729 method=swap_current_delta_fallback detail={'delta_swap_current': -1630208, 'swap_saturated': False, 'workingset_refault_anon': 3435} events={'low': 0, 'high': 0, 'max': 1, 'oom': 0, 'oom_kill': 0, 'oom_group_kill': 0}
[container_monitor] pf-test-2: current=214.6MiB swap=74.9MiB max=358.0MiB cpu.usage_usec=834859 method=swap_current_delta_fallback detail={'delta_swap_current': -499712, 'swap_saturated': False, 'workingset_refault_anon': 3449} events={'low': 0, 'high': 0, 'max': 1, 'oom': 0, 'oom_kill': 0, 'oom_group_kill': 0}
[container_monitor] pf-test-2: current=216.1MiB swap=74.8MiB max=358.0MiB cpu.usage_usec=839715 method=swap_current_delta_fallback detail={'delta_swap_current': -73728, 'swap_saturated': False, 'workingset_refault_anon': 3501} events={'low': 0, 'high': 0, 'max': 1, 'oom': 0, 'oom_kill': 0, 'oom_group_kill': 0}
[container_monitor] pf-test-2: current=217.3MiB swap=74.6MiB max=358.0MiB cpu.usage_usec=844785 method=swap_current_delta_fallback detail={'delta_swap_current': -212992, 'swap_saturated': False, 'workingset_refault_anon': 3517} events={'low': 0, 'high': 0, 'max': 1, 'oom': 0, 'oom_kill': 0, 'oom_group_kill': 0}
[container_monitor] pf-test-2: current=219.1MiB swap=74.6MiB max=358.0MiB cpu.usage_usec=850004 method=swap_current_delta_fallback detail={'delta_swap_current': 0, 'swap_saturated': False, 'workingset_refault_anon': 3519} events={'low': 0, 'high': 0, 'max': 1, 'oom': 0, 'oom_kill': 0, 'oom_group_kill': 0}
[container_monitor] pf-test-2: current=221.2MiB swap=74.4MiB max=358.0MiB cpu.usage_usec=855558 method=swap_current_delta_fallback detail={'delta_swap_current': -278528, 'swap_saturated': False, 'workingset_refault_anon': 3579} events={'low': 0, 'high': 0, 'max': 1, 'oom': 0, 'oom_kill': 0, 'oom_group_kill': 0}
[container_monitor] pf-test-2: current=223.8MiB swap=74.2MiB max=358.0MiB cpu.usage_usec=860128 method=swap_current_delta_fallback detail={'delta_swap_current': -163840, 'swap_saturated': False, 'workingset_refault_anon': 3579} events={'low': 0, 'high': 0, 'max': 1, 'oom': 0, 'oom_kill': 0, 'oom_group_kill': 0}
[container_monitor] pf-test-2: current=225.6MiB swap=74.1MiB max=358.0MiB cpu.usage_usec=865693 method=swap_current_delta_fallback detail={'delta_swap_current': -135168, 'swap_saturated': False, 'workingset_refault_anon': 3579} events={'low': 0, 'high': 0, 'max': 1, 'oom': 0, 'oom_kill': 0, 'oom_group_kill': 0}
[container_monitor] pf-test-2: current=227.5MiB swap=74.1MiB max=358.0MiB cpu.usage_usec=870328 method=swap_current_delta_fallback detail={'delta_swap_current': -24576, 'swap_saturated': False, 'workingset_refault_anon': 3579} events={'low': 0, 'high': 0, 'max': 1, 'oom': 0, 'oom_kill': 0, 'oom_group_kill': 0}
[container_monitor] pf-test-2: current=229.4MiB swap=74.0MiB max=358.0MiB cpu.usage_usec=874777 method=swap_current_delta_fallback detail={'delta_swap_current': -36864, 'swap_saturated': False, 'workingset_refault_anon': 3579} events={'low': 0, 'high': 0, 'max': 1, 'oom': 0, 'oom_kill': 0, 'oom_group_kill': 0}
[container_monitor] pf-test-2: current=231.9MiB swap=74.0MiB max=358.0MiB cpu.usage_usec=879849 method=swap_current_delta_fallback detail={'delta_swap_current': -53248, 'swap_saturated': False, 'workingset_refault_anon': 3579} events={'low': 0, 'high': 0, 'max': 1, 'oom': 0, 'oom_kill': 0, 'oom_group_kill': 0}
[container_monitor] pf-test-2: current=234.8MiB swap=74.0MiB max=358.0MiB cpu.usage_usec=885427 method=swap_current_delta_fallback detail={'delta_swap_current': 0, 'swap_saturated': False, 'workingset_refault_anon': 3579} events={'low': 0, 'high': 0, 'max': 1, 'oom': 0, 'oom_kill': 0, 'oom_group_kill': 0}
[container_monitor] pf-test-2: current=236.9MiB swap=73.9MiB max=358.0MiB cpu.usage_usec=890119 method=swap_current_delta_fallback detail={'delta_swap_current': -61440, 'swap_saturated': False, 'workingset_refault_anon': 3579} events={'low': 0, 'high': 0, 'max': 1, 'oom': 0, 'oom_kill': 0, 'oom_group_kill': 0}
[container_monitor] pf-test-2: current=238.1MiB swap=73.6MiB max=358.0MiB cpu.usage_usec=894794 method=swap_current_delta_fallback detail={'delta_swap_current': -360448, 'swap_saturated': False, 'workingset_refault_anon': 3662} events={'low': 0, 'high': 0, 'max': 1, 'oom': 0, 'oom_kill': 0, 'oom_group_kill': 0}
[container_monitor] pf-test-2: current=240.7MiB swap=73.5MiB max=358.0MiB cpu.usage_usec=900127 method=swap_current_delta_fallback detail={'delta_swap_current': -32768, 'swap_saturated': False, 'workingset_refault_anon': 3662} events={'low': 0, 'high': 0, 'max': 1, 'oom': 0, 'oom_kill': 0, 'oom_group_kill': 0}
[container_monitor] pf-test-2: current=242.3MiB swap=73.5MiB max=358.0MiB cpu.usage_usec=904854 method=swap_current_delta_fallback detail={'delta_swap_current': -20480, 'swap_saturated': False, 'workingset_refault_anon': 3662} events={'low': 0, 'high': 0, 'max': 1, 'oom': 0, 'oom_kill': 0, 'oom_group_kill': 0}
[container_monitor] pf-test-2: current=244.1MiB swap=73.5MiB max=358.0MiB cpu.usage_usec=910012 method=swap_current_delta_fallback detail={'delta_swap_current': 0, 'swap_saturated': False, 'workingset_refault_anon': 3662} events={'low': 0, 'high': 0, 'max': 1, 'oom': 0, 'oom_kill': 0, 'oom_group_kill': 0}
[container_monitor] pf-test-2: current=245.4MiB swap=73.2MiB max=358.0MiB cpu.usage_usec=915391 method=swap_current_delta_fallback detail={'delta_swap_current': -389120, 'swap_saturated': False, 'workingset_refault_anon': 3777} events={'low': 0, 'high': 0, 'max': 1, 'oom': 0, 'oom_kill': 0, 'oom_group_kill': 0}
[container_monitor] pf-test-2: current=246.6MiB swap=72.9MiB max=358.0MiB cpu.usage_usec=920168 method=swap_current_delta_fallback detail={'delta_swap_current': -237568, 'swap_saturated': False, 'workingset_refault_anon': 3837} events={'low': 0, 'high': 0, 'max': 1, 'oom': 0, 'oom_kill': 0, 'oom_group_kill': 0}
[container_monitor] pf-test-2: current=248.3MiB swap=72.9MiB max=358.0MiB cpu.usage_usec=925248 method=swap_current_delta_fallback detail={'delta_swap_current': -53248, 'swap_saturated': False, 'workingset_refault_anon': 3837} events={'low': 0, 'high': 0, 'max': 1, 'oom': 0, 'oom_kill': 0, 'oom_group_kill': 0}
[container_monitor] pf-test-2: current=249.6MiB swap=72.9MiB max=358.0MiB cpu.usage_usec=929827 method=swap_current_delta_fallback detail={'delta_swap_current': 0, 'swap_saturated': False, 'workingset_refault_anon': 3837} events={'low': 0, 'high': 0, 'max': 1, 'oom': 0, 'oom_kill': 0, 'oom_group_kill': 0}
[container_monitor] pf-test-2: current=251.2MiB swap=72.9MiB max=358.0MiB cpu.usage_usec=934913 method=swap_current_delta_fallback detail={'delta_swap_current': 0, 'swap_saturated': False, 'workingset_refault_anon': 3837} events={'low': 0, 'high': 0, 'max': 1, 'oom': 0, 'oom_kill': 0, 'oom_group_kill': 0}
[container_monitor] pf-test-2: current=252.7MiB swap=72.9MiB max=358.0MiB cpu.usage_usec=940053 method=swap_current_delta_fallback detail={'delta_swap_current': 0, 'swap_saturated': False, 'workingset_refault_anon': 3837} events={'low': 0, 'high': 0, 'max': 1, 'oom': 0, 'oom_kill': 0, 'oom_group_kill': 0}
[container_monitor] pf-test-2: current=254.3MiB swap=72.8MiB max=358.0MiB cpu.usage_usec=944816 method=swap_current_delta_fallback detail={'delta_swap_current': -86016, 'swap_saturated': False, 'workingset_refault_anon': 3885} events={'low': 0, 'high': 0, 'max': 1, 'oom': 0, 'oom_kill': 0, 'oom_group_kill': 0}
[container_monitor] pf-test-2: current=255.6MiB swap=72.2MiB max=358.0MiB cpu.usage_usec=949844 method=swap_current_delta_fallback detail={'delta_swap_current': -614400, 'swap_saturated': False, 'workingset_refault_anon': 4056} events={'low': 0, 'high': 0, 'max': 1, 'oom': 0, 'oom_kill': 0, 'oom_group_kill': 0}
[container_monitor] pf-test-2: current=259.1MiB swap=71.6MiB max=358.0MiB cpu.usage_usec=955450 method=swap_current_delta_fallback detail={'delta_swap_current': -655360, 'swap_saturated': False, 'workingset_refault_anon': 4224} events={'low': 0, 'high': 0, 'max': 1, 'oom': 0, 'oom_kill': 0, 'oom_group_kill': 0}
[container_monitor] pf-test-2: current=260.6MiB swap=71.4MiB max=358.0MiB cpu.usage_usec=960254 method=swap_current_delta_fallback detail={'delta_swap_current': -217088, 'swap_saturated': False, 'workingset_refault_anon': 4224} events={'low': 0, 'high': 0, 'max': 1, 'oom': 0, 'oom_kill': 0, 'oom_group_kill': 0}
[container_monitor] pf-test-2: current=263.2MiB swap=71.4MiB max=358.0MiB cpu.usage_usec=965639 method=swap_current_delta_fallback detail={'delta_swap_current': 0, 'swap_saturated': False, 'workingset_refault_anon': 4224} events={'low': 0, 'high': 0, 'max': 1, 'oom': 0, 'oom_kill': 0, 'oom_group_kill': 0}
[container_monitor] pf-test-2: current=264.2MiB swap=71.3MiB max=358.0MiB cpu.usage_usec=970104 method=swap_current_delta_fallback detail={'delta_swap_current': -122880, 'swap_saturated': False, 'workingset_refault_anon': 4280} events={'low': 0, 'high': 0, 'max': 1, 'oom': 0, 'oom_kill': 0, 'oom_group_kill': 0}
[container_monitor] pf-test-2: current=265.5MiB swap=71.3MiB max=358.0MiB cpu.usage_usec=974900 method=swap_current_delta_fallback detail={'delta_swap_current': 0, 'swap_saturated': False, 'workingset_refault_anon': 4280} events={'low': 0, 'high': 0, 'max': 1, 'oom': 0, 'oom_kill': 0, 'oom_group_kill': 0}
[container_monitor] pf-test-2: current=267.1MiB swap=71.1MiB max=358.0MiB cpu.usage_usec=979978 method=swap_current_delta_fallback detail={'delta_swap_current': -180224, 'swap_saturated': False, 'workingset_refault_anon': 4280} events={'low': 0, 'high': 0, 'max': 1, 'oom': 0, 'oom_kill': 0, 'oom_group_kill': 0}
[container_monitor] pf-test-2: current=268.8MiB swap=71.1MiB max=358.0MiB cpu.usage_usec=985237 method=swap_current_delta_fallback detail={'delta_swap_current': 0, 'swap_saturated': False, 'workingset_refault_anon': 4280} events={'low': 0, 'high': 0, 'max': 1, 'oom': 0, 'oom_kill': 0, 'oom_group_kill': 0}
[container_monitor] pf-test-2: current=270.3MiB swap=71.1MiB max=358.0MiB cpu.usage_usec=990113 method=swap_current_delta_fallback detail={'delta_swap_current': -4096, 'swap_saturated': False, 'workingset_refault_anon': 4280} events={'low': 0, 'high': 0, 'max': 1, 'oom': 0, 'oom_kill': 0, 'oom_group_kill': 0}
[container_monitor] pf-test-2: current=271.5MiB swap=71.1MiB max=358.0MiB cpu.usage_usec=995055 method=swap_current_delta_fallback detail={'delta_swap_current': 0, 'swap_saturated': False, 'workingset_refault_anon': 4280} events={'low': 0, 'high': 0, 'max': 1, 'oom': 0, 'oom_kill': 0, 'oom_group_kill': 0}
[container_monitor] pf-test-2: current=272.8MiB swap=71.1MiB max=358.0MiB cpu.usage_usec=999713 method=swap_current_delta_fallback detail={'delta_swap_current': 0, 'swap_saturated': False, 'workingset_refault_anon': 4280} events={'low': 0, 'high': 0, 'max': 1, 'oom': 0, 'oom_kill': 0, 'oom_group_kill': 0}
[container_monitor] pf-test-2: current=276.9MiB swap=71.1MiB max=358.0MiB cpu.usage_usec=1005672 method=swap_current_delta_fallback detail={'delta_swap_current': 0, 'swap_saturated': False, 'workingset_refault_anon': 4280} events={'low': 0, 'high': 0, 'max': 1, 'oom': 0, 'oom_kill': 0, 'oom_group_kill': 0}
[container_monitor] pf-test-2: current=278.5MiB swap=71.1MiB max=358.0MiB cpu.usage_usec=1009947 method=swap_current_delta_fallback detail={'delta_swap_current': 0, 'swap_saturated': False, 'workingset_refault_anon': 4280} events={'low': 0, 'high': 0, 'max': 1, 'oom': 0, 'oom_kill': 0, 'oom_group_kill': 0}
[container_monitor] pf-test-2: current=279.8MiB swap=71.1MiB max=358.0MiB cpu.usage_usec=1015079 method=swap_current_delta_fallback detail={'delta_swap_current': 0, 'swap_saturated': False, 'workingset_refault_anon': 4280} events={'low': 0, 'high': 0, 'max': 1, 'oom': 0, 'oom_kill': 0, 'oom_group_kill': 0}
[container_monitor] pf-test-2: current=281.6MiB swap=71.1MiB max=358.0MiB cpu.usage_usec=1019819 method=swap_current_delta_fallback detail={'delta_swap_current': 0, 'swap_saturated': False, 'workingset_refault_anon': 4280} events={'low': 0, 'high': 0, 'max': 1, 'oom': 0, 'oom_kill': 0, 'oom_group_kill': 0}
[container_monitor] pf-test-2: current=283.7MiB swap=71.1MiB max=358.0MiB cpu.usage_usec=1025130 method=swap_current_delta_fallback detail={'delta_swap_current': 0, 'swap_saturated': False, 'workingset_refault_anon': 4280} events={'low': 0, 'high': 0, 'max': 1, 'oom': 0, 'oom_kill': 0, 'oom_group_kill': 0}
[container_monitor] pf-test-2: current=288.2MiB swap=71.1MiB max=358.0MiB cpu.usage_usec=1030978 method=swap_current_delta_fallback detail={'delta_swap_current': 0, 'swap_saturated': False, 'workingset_refault_anon': 4280} events={'low': 0, 'high': 0, 'max': 1, 'oom': 0, 'oom_kill': 0, 'oom_group_kill': 0}
[container_monitor] pf-test-2: current=290.1MiB swap=71.1MiB max=358.0MiB cpu.usage_usec=1036373 method=swap_current_delta_fallback detail={'delta_swap_current': 0, 'swap_saturated': False, 'workingset_refault_anon': 4280} events={'low': 0, 'high': 0, 'max': 1, 'oom': 0, 'oom_kill': 0, 'oom_group_kill': 0}
[container_monitor] pf-test-2: current=292.9MiB swap=71.1MiB max=358.0MiB cpu.usage_usec=1041682 method=swap_current_delta_fallback detail={'delta_swap_current': 0, 'swap_saturated': False, 'workingset_refault_anon': 4280} events={'low': 0, 'high': 0, 'max': 1, 'oom': 0, 'oom_kill': 0, 'oom_group_kill': 0}
[container_monitor] pf-test-2: current=294.9MiB swap=71.1MiB max=358.0MiB cpu.usage_usec=1045929 method=swap_current_delta_fallback detail={'delta_swap_current': 0, 'swap_saturated': False, 'workingset_refault_anon': 4280} events={'low': 0, 'high': 0, 'max': 1, 'oom': 0, 'oom_kill': 0, 'oom_group_kill': 0}
[container_monitor] pf-test-2: current=296.0MiB swap=71.1MiB max=358.0MiB cpu.usage_usec=1051005 method=swap_current_delta_fallback detail={'delta_swap_current': -32768, 'swap_saturated': False, 'workingset_refault_anon': 4300} events={'low': 0, 'high': 0, 'max': 1, 'oom': 0, 'oom_kill': 0, 'oom_group_kill': 0}
[container_monitor] pf-test-2: current=296.1MiB swap=71.1MiB max=358.0MiB cpu.usage_usec=1055920 method=swap_current_delta_fallback detail={'delta_swap_current': 0, 'swap_saturated': False, 'workingset_refault_anon': 4320} events={'low': 0, 'high': 0, 'max': 1, 'oom': 0, 'oom_kill': 0, 'oom_group_kill': 0}
[container_monitor] pf-test-2: current=296.1MiB swap=71.1MiB max=358.0MiB cpu.usage_usec=1060809 method=swap_current_delta_fallback detail={'delta_swap_current': 0, 'swap_saturated': False, 'workingset_refault_anon': 4328} events={'low': 0, 'high': 0, 'max': 1, 'oom': 0, 'oom_kill': 0, 'oom_group_kill': 0}
[container_monitor] pf-test-2: current=296.1MiB swap=71.1MiB max=358.0MiB cpu.usage_usec=1061352 method=swap_current_delta_fallback detail={'delta_swap_current': 0, 'swap_saturated': False, 'workingset_refault_anon': 4328} events={'low': 0, 'high': 0, 'max': 1, 'oom': 0, 'oom_kill': 0, 'oom_group_kill': 0}
[container_monitor] pf-test-2: current=296.1MiB swap=71.1MiB max=358.0MiB cpu.usage_usec=1062320 method=swap_current_delta_fallback detail={'delta_swap_current': 0, 'swap_saturated': False, 'workingset_refault_anon': 4328} events={'low': 0, 'high': 0, 'max': 1, 'oom': 0, 'oom_kill': 0, 'oom_group_kill': 0}
[container_monitor] pf-test-2: current=296.1MiB swap=71.1MiB max=358.0MiB cpu.usage_usec=1063322 method=swap_current_delta_fallback detail={'delta_swap_current': 0, 'swap_saturated': False, 'workingset_refault_anon': 4328} events={'low': 0, 'high': 0, 'max': 1, 'oom': 0, 'oom_kill': 0, 'oom_group_kill': 0}
[container_monitor] pf-test-2: current=296.1MiB swap=71.1MiB max=358.0MiB cpu.usage_usec=1065767 method=swap_current_delta_fallback detail={'delta_swap_current': 0, 'swap_saturated': False, 'workingset_refault_anon': 4328} events={'low': 0, 'high': 0, 'max': 1, 'oom': 0, 'oom_kill': 0, 'oom_group_kill': 0}
[container_monitor] pf-test-2: current=296.1MiB swap=71.1MiB max=358.0MiB cpu.usage_usec=1071430 method=swap_current_delta_fallback detail={'delta_swap_current': 0, 'swap_saturated': False, 'workingset_refault_anon': 4328} events={'low': 0, 'high': 0, 'max': 1, 'oom': 0, 'oom_kill': 0, 'oom_group_kill': 0}
[container_monitor] pf-test-2: current=296.2MiB swap=71.0MiB max=358.0MiB cpu.usage_usec=1075742 method=swap_current_delta_fallback detail={'delta_swap_current': -73728, 'swap_saturated': False, 'workingset_refault_anon': 4328} events={'low': 0, 'high': 0, 'max': 1, 'oom': 0, 'oom_kill': 0, 'oom_group_kill': 0}
[container_monitor] pf-test-2: current=296.4MiB swap=71.0MiB max=358.0MiB cpu.usage_usec=1079359 method=swap_current_delta_fallback detail={'delta_swap_current': 0, 'swap_saturated': False, 'workingset_refault_anon': 4391} events={'low': 0, 'high': 0, 'max': 1, 'oom': 0, 'oom_kill': 0, 'oom_group_kill': 0}
[container_monitor] pf-test-2: current=296.4MiB swap=71.0MiB max=358.0MiB cpu.usage_usec=1080574 method=swap_current_delta_fallback detail={'delta_swap_current': 0, 'swap_saturated': False, 'workingset_refault_anon': 4391} events={'low': 0, 'high': 0, 'max': 1, 'oom': 0, 'oom_kill': 0, 'oom_group_kill': 0}
[container_monitor] pf-test-2: current=296.4MiB swap=71.0MiB max=358.0MiB cpu.usage_usec=1081436 method=swap_current_delta_fallback detail={'delta_swap_current': 0, 'swap_saturated': False, 'workingset_refault_anon': 4391} events={'low': 0, 'high': 0, 'max': 1, 'oom': 0, 'oom_kill': 0, 'oom_group_kill': 0}
[container_monitor] pf-test-2: current=296.4MiB swap=71.0MiB max=358.0MiB cpu.usage_usec=1085182 method=swap_current_delta_fallback detail={'delta_swap_current': 0, 'swap_saturated': False, 'workingset_refault_anon': 4391} events={'low': 0, 'high': 0, 'max': 1, 'oom': 0, 'oom_kill': 0, 'oom_group_kill': 0}
[container_monitor] pf-test-2: current=296.4MiB swap=71.0MiB max=358.0MiB cpu.usage_usec=1089812 method=swap_current_delta_fallback detail={'delta_swap_current': 0, 'swap_saturated': False, 'workingset_refault_anon': 4391} events={'low': 0, 'high': 0, 'max': 1, 'oom': 0, 'oom_kill': 0, 'oom_group_kill': 0}
[container_monitor] pf-test-2: current=296.5MiB swap=70.7MiB max=358.0MiB cpu.usage_usec=1094110 method=swap_current_delta_fallback detail={'delta_swap_current': -258048, 'swap_saturated': False, 'workingset_refault_anon': 4404} events={'low': 0, 'high': 0, 'max': 1, 'oom': 0, 'oom_kill': 0, 'oom_group_kill': 0}
[container_monitor] pf-test-2: current=296.6MiB swap=70.7MiB max=358.0MiB cpu.usage_usec=1096505 method=swap_current_delta_fallback detail={'delta_swap_current': 0, 'swap_saturated': False, 'workingset_refault_anon': 4420} events={'low': 0, 'high': 0, 'max': 1, 'oom': 0, 'oom_kill': 0, 'oom_group_kill': 0}
[container_monitor] pf-test-2: current=296.6MiB swap=70.7MiB max=358.0MiB cpu.usage_usec=1097089 method=swap_current_delta_fallback detail={'delta_swap_current': 0, 'swap_saturated': False, 'workingset_refault_anon': 4427} events={'low': 0, 'high': 0, 'max': 1, 'oom': 0, 'oom_kill': 0, 'oom_group_kill': 0}
[container_monitor] pf-test-2: current=296.6MiB swap=70.7MiB max=358.0MiB cpu.usage_usec=1097943 method=swap_current_delta_fallback detail={'delta_swap_current': 0, 'swap_saturated': False, 'workingset_refault_anon': 4427} events={'low': 0, 'high': 0, 'max': 1, 'oom': 0, 'oom_kill': 0, 'oom_group_kill': 0}
[container_monitor] pf-test-2: current=296.6MiB swap=70.7MiB max=358.0MiB cpu.usage_usec=1101059 method=swap_current_delta_fallback detail={'delta_swap_current': 0, 'swap_saturated': False, 'workingset_refault_anon': 4427} events={'low': 0, 'high': 0, 'max': 1, 'oom': 0, 'oom_kill': 0, 'oom_group_kill': 0}
[container_monitor] pf-test-2: current=296.6MiB swap=70.7MiB max=358.0MiB cpu.usage_usec=1106272 method=swap_current_delta_fallback detail={'delta_swap_current': -77824, 'swap_saturated': False, 'workingset_refault_anon': 4427} events={'low': 0, 'high': 0, 'max': 1, 'oom': 0, 'oom_kill': 0, 'oom_group_kill': 0}
[container_monitor] pf-test-2: current=296.6MiB swap=70.6MiB max=358.0MiB cpu.usage_usec=1109596 method=swap_current_delta_fallback detail={'delta_swap_current': -20480, 'swap_saturated': False, 'workingset_refault_anon': 4427} events={'low': 0, 'high': 0, 'max': 1, 'oom': 0, 'oom_kill': 0, 'oom_group_kill': 0}
[container_monitor] pf-test-2: current=296.6MiB swap=70.6MiB max=358.0MiB cpu.usage_usec=1110404 method=swap_current_delta_fallback detail={'delta_swap_current': 0, 'swap_saturated': False, 'workingset_refault_anon': 4435} events={'low': 0, 'high': 0, 'max': 1, 'oom': 0, 'oom_kill': 0, 'oom_group_kill': 0}
[container_monitor] pf-test-2: current=296.6MiB swap=70.6MiB max=358.0MiB cpu.usage_usec=1110791 method=swap_current_delta_fallback detail={'delta_swap_current': 0, 'swap_saturated': False, 'workingset_refault_anon': 4435} events={'low': 0, 'high': 0, 'max': 1, 'oom': 0, 'oom_kill': 0, 'oom_group_kill': 0}
[container_monitor] pf-test-2: current=296.6MiB swap=70.6MiB max=358.0MiB cpu.usage_usec=1111655 method=swap_current_delta_fallback detail={'delta_swap_current': 0, 'swap_saturated': False, 'workingset_refault_anon': 4435} events={'low': 0, 'high': 0, 'max': 1, 'oom': 0, 'oom_kill': 0, 'oom_group_kill': 0}
[container_monitor] pf-test-2: current=296.6MiB swap=70.6MiB max=358.0MiB cpu.usage_usec=1115049 method=swap_current_delta_fallback detail={'delta_swap_current': 0, 'swap_saturated': False, 'workingset_refault_anon': 4435} events={'low': 0, 'high': 0, 'max': 1, 'oom': 0, 'oom_kill': 0, 'oom_group_kill': 0}
[container_monitor] pf-test-2: current=296.6MiB swap=70.6MiB max=358.0MiB cpu.usage_usec=1120428 method=swap_current_delta_fallback detail={'delta_swap_current': 0, 'swap_saturated': False, 'workingset_refault_anon': 4435} events={'low': 0, 'high': 0, 'max': 1, 'oom': 0, 'oom_kill': 0, 'oom_group_kill': 0}
[container_monitor] pf-test-2: current=296.6MiB swap=70.6MiB max=358.0MiB cpu.usage_usec=1134500 method=swap_current_delta_fallback detail={'delta_swap_current': 0, 'swap_saturated': False, 'workingset_refault_anon': 4435} events={'low': 0, 'high': 0, 'max': 1, 'oom': 0, 'oom_kill': 0, 'oom_group_kill': 0}
[container_monitor] pf-test-2: current=296.6MiB swap=70.6MiB max=358.0MiB cpu.usage_usec=1134500 method=swap_current_delta_fallback detail={'delta_swap_current': 0, 'swap_saturated': False, 'workingset_refault_anon': 4435} events={'low': 0, 'high': 0, 'max': 1, 'oom': 0, 'oom_kill': 0, 'oom_group_kill': 0}
[container_monitor] pf-test-2: current=296.6MiB swap=70.6MiB max=358.0MiB cpu.usage_usec=1135119 method=swap_current_delta_fallback detail={'delta_swap_current': 0, 'swap_saturated': False, 'workingset_refault_anon': 4435} events={'low': 0, 'high': 0, 'max': 1, 'oom': 0, 'oom_kill': 0, 'oom_group_kill': 0}
[container_monitor] pf-test-2: current=296.7MiB swap=70.6MiB max=358.0MiB cpu.usage_usec=1139714 method=swap_current_delta_fallback detail={'delta_swap_current': 0, 'swap_saturated': False, 'workingset_refault_anon': 4439} events={'low': 0, 'high': 0, 'max': 1, 'oom': 0, 'oom_kill': 0, 'oom_group_kill': 0}
[container_monitor] pf-test-2: current=296.7MiB swap=70.6MiB max=358.0MiB cpu.usage_usec=1143728 method=swap_current_delta_fallback detail={'delta_swap_current': -36864, 'swap_saturated': False, 'workingset_refault_anon': 4465} events={'low': 0, 'high': 0, 'max': 1, 'oom': 0, 'oom_kill': 0, 'oom_group_kill': 0}
[container_monitor] pf-test-2: current=296.7MiB swap=70.6MiB max=358.0MiB cpu.usage_usec=1144682 method=swap_current_delta_fallback detail={'delta_swap_current': 0, 'swap_saturated': False, 'workingset_refault_anon': 4465} events={'low': 0, 'high': 0, 'max': 1, 'oom': 0, 'oom_kill': 0, 'oom_group_kill': 0}
[container_monitor] pf-test-2: current=296.7MiB swap=70.6MiB max=358.0MiB cpu.usage_usec=1145059 method=swap_current_delta_fallback detail={'delta_swap_current': 0, 'swap_saturated': False, 'workingset_refault_anon': 4465} events={'low': 0, 'high': 0, 'max': 1, 'oom': 0, 'oom_kill': 0, 'oom_group_kill': 0}
[container_monitor] pf-test-2: current=296.7MiB swap=70.6MiB max=358.0MiB cpu.usage_usec=1148464 method=swap_current_delta_fallback detail={'delta_swap_current': 0, 'swap_saturated': False, 'workingset_refault_anon': 4465} events={'low': 0, 'high': 0, 'max': 1, 'oom': 0, 'oom_kill': 0, 'oom_group_kill': 0}
[container_monitor] pf-test-2: current=296.7MiB swap=70.6MiB max=358.0MiB cpu.usage_usec=1153457 method=swap_current_delta_fallback detail={'delta_swap_current': 0, 'swap_saturated': False, 'workingset_refault_anon': 4465} events={'low': 0, 'high': 0, 'max': 1, 'oom': 0, 'oom_kill': 0, 'oom_group_kill': 0}
[container_monitor] pf-test-2: current=296.7MiB swap=70.6MiB max=358.0MiB cpu.usage_usec=1157806 method=swap_current_delta_fallback detail={'delta_swap_current': 0, 'swap_saturated': False, 'workingset_refault_anon': 4465} events={'low': 0, 'high': 0, 'max': 1, 'oom': 0, 'oom_kill': 0, 'oom_group_kill': 0}
[container_monitor] pf-test-2: current=296.7MiB swap=70.6MiB max=358.0MiB cpu.usage_usec=1163510 method=swap_current_delta_fallback detail={'delta_swap_current': 0, 'swap_saturated': False, 'workingset_refault_anon': 4465} events={'low': 0, 'high': 0, 'max': 1, 'oom': 0, 'oom_kill': 0, 'oom_group_kill': 0}
[container_monitor] pf-test-2: current=296.9MiB swap=70.6MiB max=358.0MiB cpu.usage_usec=1167707 method=swap_current_delta_fallback detail={'delta_swap_current': 0, 'swap_saturated': False, 'workingset_refault_anon': 4508} events={'low': 0, 'high': 0, 'max': 1, 'oom': 0, 'oom_kill': 0, 'oom_group_kill': 0}
[container_monitor] pf-test-2: current=297.3MiB swap=70.2MiB max=358.0MiB cpu.usage_usec=1172740 method=swap_current_delta_fallback detail={'delta_swap_current': -462848, 'swap_saturated': False, 'workingset_refault_anon': 4618} events={'low': 0, 'high': 0, 'max': 1, 'oom': 0, 'oom_kill': 0, 'oom_group_kill': 0}
[container_monitor] pf-test-2: current=297.5MiB swap=70.2MiB max=358.0MiB cpu.usage_usec=1177322 method=swap_current_delta_fallback detail={'delta_swap_current': 0, 'swap_saturated': False, 'workingset_refault_anon': 4658} events={'low': 0, 'high': 0, 'max': 1, 'oom': 0, 'oom_kill': 0, 'oom_group_kill': 0}
[container_monitor] pf-test-2: current=297.5MiB swap=70.2MiB max=358.0MiB cpu.usage_usec=1181214 method=swap_current_delta_fallback detail={'delta_swap_current': 0, 'swap_saturated': False, 'workingset_refault_anon': 4658} events={'low': 0, 'high': 0, 'max': 1, 'oom': 0, 'oom_kill': 0, 'oom_group_kill': 0}
[container_monitor] pf-test-2: current=297.5MiB swap=70.2MiB max=358.0MiB cpu.usage_usec=1186314 method=swap_current_delta_fallback detail={'delta_swap_current': 0, 'swap_saturated': False, 'workingset_refault_anon': 4658} events={'low': 0, 'high': 0, 'max': 1, 'oom': 0, 'oom_kill': 0, 'oom_group_kill': 0}
[container_monitor] pf-test-2: current=297.5MiB swap=70.2MiB max=358.0MiB cpu.usage_usec=1191123 method=swap_current_delta_fallback detail={'delta_swap_current': 0, 'swap_saturated': False, 'workingset_refault_anon': 4658} events={'low': 0, 'high': 0, 'max': 1, 'oom': 0, 'oom_kill': 0, 'oom_group_kill': 0}
[container_monitor] pf-test-2: current=297.5MiB swap=69.9MiB max=358.0MiB cpu.usage_usec=1196028 method=swap_current_delta_fallback detail={'delta_swap_current': -258048, 'swap_saturated': False, 'workingset_refault_anon': 4658} events={'low': 0, 'high': 0, 'max': 1, 'oom': 0, 'oom_kill': 0, 'oom_group_kill': 0}
[container_monitor] pf-test-2: current=297.5MiB swap=69.9MiB max=358.0MiB cpu.usage_usec=1199351 method=swap_current_delta_fallback detail={'delta_swap_current': 0, 'swap_saturated': False, 'workingset_refault_anon': 4658} events={'low': 0, 'high': 0, 'max': 1, 'oom': 0, 'oom_kill': 0, 'oom_group_kill': 0}
[container_monitor] pf-test-2: current=297.5MiB swap=69.9MiB max=358.0MiB cpu.usage_usec=1200689 method=swap_current_delta_fallback detail={'delta_swap_current': 0, 'swap_saturated': False, 'workingset_refault_anon': 4661} events={'low': 0, 'high': 0, 'max': 1, 'oom': 0, 'oom_kill': 0, 'oom_group_kill': 0}
[container_monitor] pf-test-2: current=297.5MiB swap=69.9MiB max=358.0MiB cpu.usage_usec=1201585 method=swap_current_delta_fallback detail={'delta_swap_current': 0, 'swap_saturated': False, 'workingset_refault_anon': 4661} events={'low': 0, 'high': 0, 'max': 1, 'oom': 0, 'oom_kill': 0, 'oom_group_kill': 0}
[container_monitor] pf-test-2: current=297.5MiB swap=69.9MiB max=358.0MiB cpu.usage_usec=1202691 method=swap_current_delta_fallback detail={'delta_swap_current': 0, 'swap_saturated': False, 'workingset_refault_anon': 4661} events={'low': 0, 'high': 0, 'max': 1, 'oom': 0, 'oom_kill': 0, 'oom_group_kill': 0}
[container_monitor] pf-test-2: current=297.5MiB swap=69.9MiB max=358.0MiB cpu.usage_usec=1206872 method=swap_current_delta_fallback detail={'delta_swap_current': 0, 'swap_saturated': False, 'workingset_refault_anon': 4661} events={'low': 0, 'high': 0, 'max': 1, 'oom': 0, 'oom_kill': 0, 'oom_group_kill': 0}
[container_monitor] pf-test-2: current=297.5MiB swap=69.9MiB max=358.0MiB cpu.usage_usec=1211895 method=swap_current_delta_fallback detail={'delta_swap_current': 0, 'swap_saturated': False, 'workingset_refault_anon': 4661} events={'low': 0, 'high': 0, 'max': 1, 'oom': 0, 'oom_kill': 0, 'oom_group_kill': 0}
[container_monitor] pf-test-2: current=297.5MiB swap=69.9MiB max=358.0MiB cpu.usage_usec=1216841 method=swap_current_delta_fallback detail={'delta_swap_current': 0, 'swap_saturated': False, 'workingset_refault_anon': 4661} events={'low': 0, 'high': 0, 'max': 1, 'oom': 0, 'oom_kill': 0, 'oom_group_kill': 0}
[container_monitor] pf-test-2: current=297.7MiB swap=69.9MiB max=358.0MiB cpu.usage_usec=1222015 method=swap_current_delta_fallback detail={'delta_swap_current': 0, 'swap_saturated': False, 'workingset_refault_anon': 4705} events={'low': 0, 'high': 0, 'max': 1, 'oom': 0, 'oom_kill': 0, 'oom_group_kill': 0}
[container_monitor] pf-test-2: current=297.7MiB swap=69.9MiB max=358.0MiB cpu.usage_usec=1223487 method=swap_current_delta_fallback detail={'delta_swap_current': 0, 'swap_saturated': False, 'workingset_refault_anon': 4705} events={'low': 0, 'high': 0, 'max': 1, 'oom': 0, 'oom_kill': 0, 'oom_group_kill': 0}
[container_monitor] pf-test-2: current=297.7MiB swap=69.9MiB max=358.0MiB cpu.usage_usec=1224152 method=swap_current_delta_fallback detail={'delta_swap_current': 0, 'swap_saturated': False, 'workingset_refault_anon': 4705} events={'low': 0, 'high': 0, 'max': 1, 'oom': 0, 'oom_kill': 0, 'oom_group_kill': 0}
[container_monitor] pf-test-2: current=297.7MiB swap=69.8MiB max=358.0MiB cpu.usage_usec=1224918 method=swap_current_delta_fallback detail={'delta_swap_current': -126976, 'swap_saturated': False, 'workingset_refault_anon': 4705} events={'low': 0, 'high': 0, 'max': 1, 'oom': 0, 'oom_kill': 0, 'oom_group_kill': 0}
[container_monitor] pf-test-2: current=297.7MiB swap=69.8MiB max=358.0MiB cpu.usage_usec=1231050 method=swap_current_delta_fallback detail={'delta_swap_current': 0, 'swap_saturated': False, 'workingset_refault_anon': 4705} events={'low': 0, 'high': 0, 'max': 1, 'oom': 0, 'oom_kill': 0, 'oom_group_kill': 0}
[container_monitor] pf-test-2: current=297.7MiB swap=69.8MiB max=358.0MiB cpu.usage_usec=1236298 method=swap_current_delta_fallback detail={'delta_swap_current': 0, 'swap_saturated': False, 'workingset_refault_anon': 4705} events={'low': 0, 'high': 0, 'max': 1, 'oom': 0, 'oom_kill': 0, 'oom_group_kill': 0}
[container_monitor] pf-test-2: current=297.7MiB swap=69.8MiB max=358.0MiB cpu.usage_usec=1239856 method=swap_current_delta_fallback detail={'delta_swap_current': 0, 'swap_saturated': False, 'workingset_refault_anon': 4705} events={'low': 0, 'high': 0, 'max': 1, 'oom': 0, 'oom_kill': 0, 'oom_group_kill': 0}
[container_monitor] pf-test-2: current=297.7MiB swap=69.8MiB max=358.0MiB cpu.usage_usec=1240967 method=swap_current_delta_fallback detail={'delta_swap_current': 0, 'swap_saturated': False, 'workingset_refault_anon': 4705} events={'low': 0, 'high': 0, 'max': 1, 'oom': 0, 'oom_kill': 0, 'oom_group_kill': 0}
[container_monitor] pf-test-2: current=297.7MiB swap=69.8MiB max=358.0MiB cpu.usage_usec=1242074 method=swap_current_delta_fallback detail={'delta_swap_current': 0, 'swap_saturated': False, 'workingset_refault_anon': 4705} events={'low': 0, 'high': 0, 'max': 1, 'oom': 0, 'oom_kill': 0, 'oom_group_kill': 0}
[container_monitor] pf-test-2: current=297.7MiB swap=69.8MiB max=358.0MiB cpu.usage_usec=1242922 method=swap_current_delta_fallback detail={'delta_swap_current': 0, 'swap_saturated': False, 'workingset_refault_anon': 4705} events={'low': 0, 'high': 0, 'max': 1, 'oom': 0, 'oom_kill': 0, 'oom_group_kill': 0}
[container_monitor] pf-test-2: current=297.7MiB swap=69.8MiB max=358.0MiB cpu.usage_usec=1245829 method=swap_current_delta_fallback detail={'delta_swap_current': 0, 'swap_saturated': False, 'workingset_refault_anon': 4705} events={'low': 0, 'high': 0, 'max': 1, 'oom': 0, 'oom_kill': 0, 'oom_group_kill': 0}
[container_monitor] pf-test-2: current=297.7MiB swap=69.8MiB max=358.0MiB cpu.usage_usec=1251065 method=swap_current_delta_fallback detail={'delta_swap_current': 0, 'swap_saturated': False, 'workingset_refault_anon': 4705} events={'low': 0, 'high': 0, 'max': 1, 'oom': 0, 'oom_kill': 0, 'oom_group_kill': 0}
[container_monitor] pf-test-2: current=297.7MiB swap=69.8MiB max=358.0MiB cpu.usage_usec=1255966 method=swap_current_delta_fallback detail={'delta_swap_current': 0, 'swap_saturated': False, 'workingset_refault_anon': 4705} events={'low': 0, 'high': 0, 'max': 1, 'oom': 0, 'oom_kill': 0, 'oom_group_kill': 0}
[container_monitor] pf-test-2: current=297.7MiB swap=69.8MiB max=358.0MiB cpu.usage_usec=1258386 method=swap_current_delta_fallback detail={'delta_swap_current': 0, 'swap_saturated': False, 'workingset_refault_anon': 4705} events={'low': 0, 'high': 0, 'max': 1, 'oom': 0, 'oom_kill': 0, 'oom_group_kill': 0}
[container_monitor] pf-test-2: current=297.7MiB swap=69.8MiB max=358.0MiB cpu.usage_usec=1259202 method=swap_current_delta_fallback detail={'delta_swap_current': 0, 'swap_saturated': False, 'workingset_refault_anon': 4705} events={'low': 0, 'high': 0, 'max': 1, 'oom': 0, 'oom_kill': 0, 'oom_group_kill': 0}
[container_monitor] pf-test-2: current=297.7MiB swap=69.8MiB max=358.0MiB cpu.usage_usec=1260199 method=swap_current_delta_fallback detail={'delta_swap_current': 0, 'swap_saturated': False, 'workingset_refault_anon': 4705} events={'low': 0, 'high': 0, 'max': 1, 'oom': 0, 'oom_kill': 0, 'oom_group_kill': 0}
[container_monitor] pf-test-2: current=297.7MiB swap=69.8MiB max=358.0MiB cpu.usage_usec=1261318 method=swap_current_delta_fallback detail={'delta_swap_current': 0, 'swap_saturated': False, 'workingset_refault_anon': 4705} events={'low': 0, 'high': 0, 'max': 1, 'oom': 0, 'oom_kill': 0, 'oom_group_kill': 0}
[container_monitor] pf-test-2: current=299.6MiB swap=69.8MiB max=358.0MiB cpu.usage_usec=1266952 method=swap_current_delta_fallback detail={'delta_swap_current': 0, 'swap_saturated': False, 'workingset_refault_anon': 4705} events={'low': 0, 'high': 0, 'max': 1, 'oom': 0, 'oom_kill': 0, 'oom_group_kill': 0}
[container_monitor] pf-test-2: current=299.7MiB swap=69.8MiB max=358.0MiB cpu.usage_usec=1272178 method=swap_current_delta_fallback detail={'delta_swap_current': 0, 'swap_saturated': False, 'workingset_refault_anon': 4705} events={'low': 0, 'high': 0, 'max': 1, 'oom': 0, 'oom_kill': 0, 'oom_group_kill': 0}
[container_monitor] pf-test-2: current=299.7MiB swap=69.8MiB max=358.0MiB cpu.usage_usec=1276442 method=swap_current_delta_fallback detail={'delta_swap_current': 0, 'swap_saturated': False, 'workingset_refault_anon': 4709} events={'low': 0, 'high': 0, 'max': 1, 'oom': 0, 'oom_kill': 0, 'oom_group_kill': 0}
[container_monitor] pf-test-2: current=299.7MiB swap=69.8MiB max=358.0MiB cpu.usage_usec=1277196 method=swap_current_delta_fallback detail={'delta_swap_current': 0, 'swap_saturated': False, 'workingset_refault_anon': 4713} events={'low': 0, 'high': 0, 'max': 1, 'oom': 0, 'oom_kill': 0, 'oom_group_kill': 0}
[container_monitor] pf-test-2: current=299.7MiB swap=69.8MiB max=358.0MiB cpu.usage_usec=1278096 method=swap_current_delta_fallback detail={'delta_swap_current': 0, 'swap_saturated': False, 'workingset_refault_anon': 4713} events={'low': 0, 'high': 0, 'max': 1, 'oom': 0, 'oom_kill': 0, 'oom_group_kill': 0}
[container_monitor] pf-test-2: current=299.7MiB swap=69.8MiB max=358.0MiB cpu.usage_usec=1279040 method=swap_current_delta_fallback detail={'delta_swap_current': 0, 'swap_saturated': False, 'workingset_refault_anon': 4713} events={'low': 0, 'high': 0, 'max': 1, 'oom': 0, 'oom_kill': 0, 'oom_group_kill': 0}
[container_monitor] pf-test-2: current=304.9MiB swap=69.8MiB max=358.0MiB cpu.usage_usec=1284951 method=swap_current_delta_fallback detail={'delta_swap_current': -16384, 'swap_saturated': False, 'workingset_refault_anon': 4713} events={'low': 0, 'high': 0, 'max': 1, 'oom': 0, 'oom_kill': 0, 'oom_group_kill': 0}
[container_monitor] pf-test-2: current=306.9MiB swap=69.8MiB max=358.0MiB cpu.usage_usec=1289888 method=swap_current_delta_fallback detail={'delta_swap_current': 0, 'swap_saturated': False, 'workingset_refault_anon': 4713} events={'low': 0, 'high': 0, 'max': 1, 'oom': 0, 'oom_kill': 0, 'oom_group_kill': 0}
[container_monitor] pf-test-2: current=309.3MiB swap=69.8MiB max=358.0MiB cpu.usage_usec=1294966 method=swap_current_delta_fallback detail={'delta_swap_current': 0, 'swap_saturated': False, 'workingset_refault_anon': 4713} events={'low': 0, 'high': 0, 'max': 1, 'oom': 0, 'oom_kill': 0, 'oom_group_kill': 0}
[container_monitor] pf-test-2: current=312.0MiB swap=69.8MiB max=358.0MiB cpu.usage_usec=1300554 method=swap_current_delta_fallback detail={'delta_swap_current': 0, 'swap_saturated': False, 'workingset_refault_anon': 4713} events={'low': 0, 'high': 0, 'max': 1, 'oom': 0, 'oom_kill': 0, 'oom_group_kill': 0}
[container_monitor] pf-test-2: current=314.5MiB swap=69.8MiB max=358.0MiB cpu.usage_usec=1305174 method=swap_current_delta_fallback detail={'delta_swap_current': 0, 'swap_saturated': False, 'workingset_refault_anon': 4713} events={'low': 0, 'high': 0, 'max': 1, 'oom': 0, 'oom_kill': 0, 'oom_group_kill': 0}
[container_monitor] pf-test-2: current=317.4MiB swap=69.8MiB max=358.0MiB cpu.usage_usec=1311398 method=swap_current_delta_fallback detail={'delta_swap_current': 0, 'swap_saturated': False, 'workingset_refault_anon': 4713} events={'low': 0, 'high': 0, 'max': 1, 'oom': 0, 'oom_kill': 0, 'oom_group_kill': 0}
[container_monitor] pf-test-2: current=319.0MiB swap=69.8MiB max=358.0MiB cpu.usage_usec=1316519 method=swap_current_delta_fallback detail={'delta_swap_current': 0, 'swap_saturated': False, 'workingset_refault_anon': 4713} events={'low': 0, 'high': 0, 'max': 1, 'oom': 0, 'oom_kill': 0, 'oom_group_kill': 0}
[container_monitor] pf-test-2: current=320.7MiB swap=69.8MiB max=358.0MiB cpu.usage_usec=1320955 method=swap_current_delta_fallback detail={'delta_swap_current': -4096, 'swap_saturated': False, 'workingset_refault_anon': 4713} events={'low': 0, 'high': 0, 'max': 1, 'oom': 0, 'oom_kill': 0, 'oom_group_kill': 0}
[container_monitor] pf-test-2: current=322.3MiB swap=69.8MiB max=358.0MiB cpu.usage_usec=1326248 method=swap_current_delta_fallback detail={'delta_swap_current': 0, 'swap_saturated': False, 'workingset_refault_anon': 4713} events={'low': 0, 'high': 0, 'max': 1, 'oom': 0, 'oom_kill': 0, 'oom_group_kill': 0}
[container_monitor] pf-test-2: current=325.7MiB swap=69.8MiB max=358.0MiB cpu.usage_usec=1331107 method=swap_current_delta_fallback detail={'delta_swap_current': 0, 'swap_saturated': False, 'workingset_refault_anon': 4713} events={'low': 0, 'high': 0, 'max': 1, 'oom': 0, 'oom_kill': 0, 'oom_group_kill': 0}
[container_monitor] pf-test-2: current=327.6MiB swap=69.8MiB max=358.0MiB cpu.usage_usec=1335855 method=swap_current_delta_fallback detail={'delta_swap_current': 0, 'swap_saturated': False, 'workingset_refault_anon': 4713} events={'low': 0, 'high': 0, 'max': 1, 'oom': 0, 'oom_kill': 0, 'oom_group_kill': 0}
[container_monitor] pf-test-2: current=329.7MiB swap=69.8MiB max=358.0MiB cpu.usage_usec=1341104 method=swap_current_delta_fallback detail={'delta_swap_current': 0, 'swap_saturated': False, 'workingset_refault_anon': 4713} events={'low': 0, 'high': 0, 'max': 1, 'oom': 0, 'oom_kill': 0, 'oom_group_kill': 0}
[container_monitor] pf-test-2: current=331.7MiB swap=69.8MiB max=358.0MiB cpu.usage_usec=1346730 method=swap_current_delta_fallback detail={'delta_swap_current': 0, 'swap_saturated': False, 'workingset_refault_anon': 4713} events={'low': 0, 'high': 0, 'max': 1, 'oom': 0, 'oom_kill': 0, 'oom_group_kill': 0}
[container_monitor] pf-test-2: current=337.6MiB swap=69.8MiB max=358.0MiB cpu.usage_usec=1351549 method=swap_current_delta_fallback detail={'delta_swap_current': 0, 'swap_saturated': False, 'workingset_refault_anon': 4713} events={'low': 0, 'high': 0, 'max': 1, 'oom': 0, 'oom_kill': 0, 'oom_group_kill': 0}
[container_monitor] pf-test-2: current=339.7MiB swap=69.8MiB max=358.0MiB cpu.usage_usec=1356616 method=swap_current_delta_fallback detail={'delta_swap_current': 0, 'swap_saturated': False, 'workingset_refault_anon': 4713} events={'low': 0, 'high': 0, 'max': 1, 'oom': 0, 'oom_kill': 0, 'oom_group_kill': 0}
[container_monitor] pf-test-2: current=342.1MiB swap=69.8MiB max=358.0MiB cpu.usage_usec=1360874 method=swap_current_delta_fallback detail={'delta_swap_current': 0, 'swap_saturated': False, 'workingset_refault_anon': 4713} events={'low': 0, 'high': 0, 'max': 1, 'oom': 0, 'oom_kill': 0, 'oom_group_kill': 0}
[container_monitor] pf-test-2: current=344.5MiB swap=69.8MiB max=358.0MiB cpu.usage_usec=1365786 method=swap_current_delta_fallback detail={'delta_swap_current': 0, 'swap_saturated': False, 'workingset_refault_anon': 4713} events={'low': 0, 'high': 0, 'max': 1, 'oom': 0, 'oom_kill': 0, 'oom_group_kill': 0}
[container_monitor] pf-test-2: current=347.3MiB swap=69.8MiB max=358.0MiB cpu.usage_usec=1371808 method=swap_current_delta_fallback detail={'delta_swap_current': 0, 'swap_saturated': False, 'workingset_refault_anon': 4713} events={'low': 0, 'high': 0, 'max': 1, 'oom': 0, 'oom_kill': 0, 'oom_group_kill': 0}
[container_monitor] pf-test-2: current=349.5MiB swap=69.8MiB max=358.0MiB cpu.usage_usec=1375722 method=swap_current_delta_fallback detail={'delta_swap_current': 0, 'swap_saturated': False, 'workingset_refault_anon': 4713} events={'low': 0, 'high': 0, 'max': 1, 'oom': 0, 'oom_kill': 0, 'oom_group_kill': 0}
[container_monitor] pf-test-2: current=354.4MiB swap=69.8MiB max=358.0MiB cpu.usage_usec=1381420 method=swap_current_delta_fallback detail={'delta_swap_current': 0, 'swap_saturated': False, 'workingset_refault_anon': 4713} events={'low': 0, 'high': 0, 'max': 1, 'oom': 0, 'oom_kill': 0, 'oom_group_kill': 0}
[container_monitor] pf-test-2: current=357.7MiB swap=69.8MiB max=358.0MiB cpu.usage_usec=1385950 method=swap_current_delta_fallback detail={'delta_swap_current': 0, 'swap_saturated': False, 'workingset_refault_anon': 4713} events={'low': 0, 'high': 0, 'max': 1, 'oom': 0, 'oom_kill': 0, 'oom_group_kill': 0}
[container_monitor] pf-test-2: current=358.0MiB swap=70.5MiB max=358.0MiB cpu.usage_usec=1390722 method=swap_current_delta_fallback detail={'delta_swap_current': 765952, 'swap_saturated': False, 'workingset_refault_anon': 4713} events={'low': 0, 'high': 0, 'max': 4, 'oom': 0, 'oom_kill': 0, 'oom_group_kill': 0}
[container_monitor] pf-test-2: OCM 감지 (method=swap_current_delta_fallback, detail={'delta_swap_current': 765952, 'swap_saturated': False, 'workingset_refault_anon': 4713})
[puff_manager] pf-test-2: puff 적용 358MiB -> 501MiB
[container_monitor] pf-test-2: puff 완료, 새 메모리 한도 501MiB
[container_monitor] pf-test-2: 이미 suspend 상태, 재적용 생략
[container_monitor] pf-test-2: current=361.2MiB swap=71.0MiB max=501.0MiB cpu.usage_usec=1399144 method=swap_current_delta_fallback detail={'delta_swap_current': 507904, 'swap_saturated': False, 'workingset_refault_anon': 4713} events={'low': 0, 'high': 0, 'max': 6, 'oom': 0, 'oom_kill': 0, 'oom_group_kill': 0}
[container_monitor] pf-test-2: current=362.8MiB swap=71.0MiB max=501.0MiB cpu.usage_usec=1403556 method=swap_current_delta_fallback detail={'delta_swap_current': 0, 'swap_saturated': False, 'workingset_refault_anon': 4713} events={'low': 0, 'high': 0, 'max': 6, 'oom': 0, 'oom_kill': 0, 'oom_group_kill': 0}
[container_monitor] pf-test-2: current=366.8MiB swap=71.0MiB max=501.0MiB cpu.usage_usec=1408457 method=swap_current_delta_fallback detail={'delta_swap_current': 0, 'swap_saturated': False, 'workingset_refault_anon': 4713} events={'low': 0, 'high': 0, 'max': 6, 'oom': 0, 'oom_kill': 0, 'oom_group_kill': 0}
[container_monitor] pf-test-2: current=370.2MiB swap=71.0MiB max=501.0MiB cpu.usage_usec=1414195 method=swap_current_delta_fallback detail={'delta_swap_current': 0, 'swap_saturated': False, 'workingset_refault_anon': 4713} events={'low': 0, 'high': 0, 'max': 6, 'oom': 0, 'oom_kill': 0, 'oom_group_kill': 0}
[container_monitor] pf-test-2: current=371.9MiB swap=71.0MiB max=501.0MiB cpu.usage_usec=1418449 method=swap_current_delta_fallback detail={'delta_swap_current': 0, 'swap_saturated': False, 'workingset_refault_anon': 4713} events={'low': 0, 'high': 0, 'max': 6, 'oom': 0, 'oom_kill': 0, 'oom_group_kill': 0}
[container_monitor] pf-test-2: current=374.7MiB swap=71.0MiB max=501.0MiB cpu.usage_usec=1423452 method=swap_current_delta_fallback detail={'delta_swap_current': 0, 'swap_saturated': False, 'workingset_refault_anon': 4713} events={'low': 0, 'high': 0, 'max': 6, 'oom': 0, 'oom_kill': 0, 'oom_group_kill': 0}
[container_monitor] pf-test-2: current=377.2MiB swap=71.0MiB max=501.0MiB cpu.usage_usec=1428614 method=swap_current_delta_fallback detail={'delta_swap_current': 0, 'swap_saturated': False, 'workingset_refault_anon': 4713} events={'low': 0, 'high': 0, 'max': 6, 'oom': 0, 'oom_kill': 0, 'oom_group_kill': 0}
[container_monitor] pf-test-2: current=379.5MiB swap=71.0MiB max=501.0MiB cpu.usage_usec=1433812 method=swap_current_delta_fallback detail={'delta_swap_current': 0, 'swap_saturated': False, 'workingset_refault_anon': 4713} events={'low': 0, 'high': 0, 'max': 6, 'oom': 0, 'oom_kill': 0, 'oom_group_kill': 0}
[container_monitor] pf-test-2: current=381.8MiB swap=71.0MiB max=501.0MiB cpu.usage_usec=1439169 method=swap_current_delta_fallback detail={'delta_swap_current': 0, 'swap_saturated': False, 'workingset_refault_anon': 4713} events={'low': 0, 'high': 0, 'max': 6, 'oom': 0, 'oom_kill': 0, 'oom_group_kill': 0}
[container_monitor] pf-test-2: current=384.3MiB swap=71.0MiB max=501.0MiB cpu.usage_usec=1444135 method=swap_current_delta_fallback detail={'delta_swap_current': 0, 'swap_saturated': False, 'workingset_refault_anon': 4713} events={'low': 0, 'high': 0, 'max': 6, 'oom': 0, 'oom_kill': 0, 'oom_group_kill': 0}
[container_monitor] pf-test-2: current=386.0MiB swap=71.0MiB max=501.0MiB cpu.usage_usec=1449040 method=swap_current_delta_fallback detail={'delta_swap_current': 0, 'swap_saturated': False, 'workingset_refault_anon': 4713} events={'low': 0, 'high': 0, 'max': 6, 'oom': 0, 'oom_kill': 0, 'oom_group_kill': 0}
[container_monitor] pf-test-2: current=387.4MiB swap=71.0MiB max=501.0MiB cpu.usage_usec=1453442 method=swap_current_delta_fallback detail={'delta_swap_current': 0, 'swap_saturated': False, 'workingset_refault_anon': 4713} events={'low': 0, 'high': 0, 'max': 6, 'oom': 0, 'oom_kill': 0, 'oom_group_kill': 0}
[container_monitor] pf-test-2: current=389.6MiB swap=71.0MiB max=501.0MiB cpu.usage_usec=1459142 method=swap_current_delta_fallback detail={'delta_swap_current': 0, 'swap_saturated': False, 'workingset_refault_anon': 4713} events={'low': 0, 'high': 0, 'max': 6, 'oom': 0, 'oom_kill': 0, 'oom_group_kill': 0}
[container_monitor] pf-test-2: current=391.0MiB swap=71.0MiB max=501.0MiB cpu.usage_usec=1464308 method=swap_current_delta_fallback detail={'delta_swap_current': 0, 'swap_saturated': False, 'workingset_refault_anon': 4713} events={'low': 0, 'high': 0, 'max': 6, 'oom': 0, 'oom_kill': 0, 'oom_group_kill': 0}
[container_monitor] pf-test-2: current=392.1MiB swap=71.0MiB max=501.0MiB cpu.usage_usec=1469376 method=swap_current_delta_fallback detail={'delta_swap_current': 0, 'swap_saturated': False, 'workingset_refault_anon': 4713} events={'low': 0, 'high': 0, 'max': 6, 'oom': 0, 'oom_kill': 0, 'oom_group_kill': 0}
[container_monitor] pf-test-2: current=392.8MiB swap=71.0MiB max=501.0MiB cpu.usage_usec=1473604 method=swap_current_delta_fallback detail={'delta_swap_current': 0, 'swap_saturated': False, 'workingset_refault_anon': 4713} events={'low': 0, 'high': 0, 'max': 6, 'oom': 0, 'oom_kill': 0, 'oom_group_kill': 0}
[container_monitor] pf-test-2: current=393.9MiB swap=71.0MiB max=501.0MiB cpu.usage_usec=1478609 method=swap_current_delta_fallback detail={'delta_swap_current': 0, 'swap_saturated': False, 'workingset_refault_anon': 4713} events={'low': 0, 'high': 0, 'max': 6, 'oom': 0, 'oom_kill': 0, 'oom_group_kill': 0}
[container_monitor] pf-test-2: current=395.7MiB swap=70.3MiB max=501.0MiB cpu.usage_usec=1483429 method=swap_current_delta_fallback detail={'delta_swap_current': -724992, 'swap_saturated': False, 'workingset_refault_anon': 4983} events={'low': 0, 'high': 0, 'max': 6, 'oom': 0, 'oom_kill': 0, 'oom_group_kill': 0}
[container_monitor] pf-test-2: current=396.3MiB swap=69.8MiB max=501.0MiB cpu.usage_usec=1488443 method=swap_current_delta_fallback detail={'delta_swap_current': -520192, 'swap_saturated': False, 'workingset_refault_anon': 5125} events={'low': 0, 'high': 0, 'max': 6, 'oom': 0, 'oom_kill': 0, 'oom_group_kill': 0}
[container_monitor] pf-test-2: current=396.6MiB swap=69.6MiB max=501.0MiB cpu.usage_usec=1493463 method=swap_current_delta_fallback detail={'delta_swap_current': -241664, 'swap_saturated': False, 'workingset_refault_anon': 5213} events={'low': 0, 'high': 0, 'max': 6, 'oom': 0, 'oom_kill': 0, 'oom_group_kill': 0}
[container_monitor] pf-test-2: current=397.1MiB swap=69.1MiB max=501.0MiB cpu.usage_usec=1498427 method=swap_current_delta_fallback detail={'delta_swap_current': -483328, 'swap_saturated': False, 'workingset_refault_anon': 5342} events={'low': 0, 'high': 0, 'max': 6, 'oom': 0, 'oom_kill': 0, 'oom_group_kill': 0}
[container_monitor] pf-test-2: current=397.5MiB swap=68.6MiB max=501.0MiB cpu.usage_usec=1503485 method=swap_current_delta_fallback detail={'delta_swap_current': -499712, 'swap_saturated': False, 'workingset_refault_anon': 5453} events={'low': 0, 'high': 0, 'max': 6, 'oom': 0, 'oom_kill': 0, 'oom_group_kill': 0}
[container_monitor] pf-test-2: current=397.9MiB swap=68.4MiB max=501.0MiB cpu.usage_usec=1508857 method=swap_current_delta_fallback detail={'delta_swap_current': -262144, 'swap_saturated': False, 'workingset_refault_anon': 5552} events={'low': 0, 'high': 0, 'max': 6, 'oom': 0, 'oom_kill': 0, 'oom_group_kill': 0}
[container_monitor] pf-test-2: current=398.0MiB swap=68.1MiB max=501.0MiB cpu.usage_usec=1513731 method=swap_current_delta_fallback detail={'delta_swap_current': -262144, 'swap_saturated': False, 'workingset_refault_anon': 5570} events={'low': 0, 'high': 0, 'max': 6, 'oom': 0, 'oom_kill': 0, 'oom_group_kill': 0}
[container_monitor] pf-test-2: current=398.2MiB swap=67.9MiB max=501.0MiB cpu.usage_usec=1518480 method=swap_current_delta_fallback detail={'delta_swap_current': -217088, 'swap_saturated': False, 'workingset_refault_anon': 5631} events={'low': 0, 'high': 0, 'max': 6, 'oom': 0, 'oom_kill': 0, 'oom_group_kill': 0}
[container_monitor] pf-test-2: current=398.5MiB swap=67.4MiB max=501.0MiB cpu.usage_usec=1523485 method=swap_current_delta_fallback detail={'delta_swap_current': -524288, 'swap_saturated': False, 'workingset_refault_anon': 5703} events={'low': 0, 'high': 0, 'max': 6, 'oom': 0, 'oom_kill': 0, 'oom_group_kill': 0}
[container_monitor] pf-test-2: current=398.7MiB swap=67.4MiB max=501.0MiB cpu.usage_usec=1528480 method=swap_current_delta_fallback detail={'delta_swap_current': 0, 'swap_saturated': False, 'workingset_refault_anon': 5761} events={'low': 0, 'high': 0, 'max': 6, 'oom': 0, 'oom_kill': 0, 'oom_group_kill': 0}
[container_monitor] pf-test-2: current=399.0MiB swap=67.2MiB max=501.0MiB cpu.usage_usec=1533451 method=swap_current_delta_fallback detail={'delta_swap_current': -262144, 'swap_saturated': False, 'workingset_refault_anon': 5834} events={'low': 0, 'high': 0, 'max': 6, 'oom': 0, 'oom_kill': 0, 'oom_group_kill': 0}
[container_monitor] pf-test-2: current=399.4MiB swap=66.7MiB max=501.0MiB cpu.usage_usec=1538463 method=swap_current_delta_fallback detail={'delta_swap_current': -524288, 'swap_saturated': False, 'workingset_refault_anon': 5938} events={'low': 0, 'high': 0, 'max': 6, 'oom': 0, 'oom_kill': 0, 'oom_group_kill': 0}
[container_monitor] pf-test-2: current=399.5MiB swap=66.7MiB max=501.0MiB cpu.usage_usec=1543992 method=swap_current_delta_fallback detail={'delta_swap_current': 0, 'swap_saturated': False, 'workingset_refault_anon': 5938} events={'low': 0, 'high': 0, 'max': 6, 'oom': 0, 'oom_kill': 0, 'oom_group_kill': 0}
[container_monitor] pf-test-2: current=399.5MiB swap=66.7MiB max=501.0MiB cpu.usage_usec=1548866 method=swap_current_delta_fallback detail={'delta_swap_current': 0, 'swap_saturated': False, 'workingset_refault_anon': 5955} events={'low': 0, 'high': 0, 'max': 6, 'oom': 0, 'oom_kill': 0, 'oom_group_kill': 0}
[container_monitor] pf-test-2: current=399.5MiB swap=66.7MiB max=501.0MiB cpu.usage_usec=1554428 method=swap_current_delta_fallback detail={'delta_swap_current': 0, 'swap_saturated': False, 'workingset_refault_anon': 5955} events={'low': 0, 'high': 0, 'max': 6, 'oom': 0, 'oom_kill': 0, 'oom_group_kill': 0}
[container_monitor] pf-test-2: current=399.5MiB swap=66.7MiB max=501.0MiB cpu.usage_usec=1558579 method=swap_current_delta_fallback detail={'delta_swap_current': 0, 'swap_saturated': False, 'workingset_refault_anon': 5955} events={'low': 0, 'high': 0, 'max': 6, 'oom': 0, 'oom_kill': 0, 'oom_group_kill': 0}
[container_monitor] pf-test-2: current=400.2MiB swap=66.7MiB max=501.0MiB cpu.usage_usec=1564553 method=swap_current_delta_fallback detail={'delta_swap_current': 0, 'swap_saturated': False, 'workingset_refault_anon': 5955} events={'low': 0, 'high': 0, 'max': 6, 'oom': 0, 'oom_kill': 0, 'oom_group_kill': 0}
[container_monitor] pf-test-2: current=400.7MiB swap=66.4MiB max=501.0MiB cpu.usage_usec=1569564 method=swap_current_delta_fallback detail={'delta_swap_current': -262144, 'swap_saturated': False, 'workingset_refault_anon': 5975} events={'low': 0, 'high': 0, 'max': 6, 'oom': 0, 'oom_kill': 0, 'oom_group_kill': 0}
[container_monitor] pf-test-2: current=401.6MiB swap=65.7MiB max=501.0MiB cpu.usage_usec=1574318 method=swap_current_delta_fallback detail={'delta_swap_current': -786432, 'swap_saturated': False, 'workingset_refault_anon': 6207} events={'low': 0, 'high': 0, 'max': 6, 'oom': 0, 'oom_kill': 0, 'oom_group_kill': 0}
[container_monitor] pf-test-2: current=402.1MiB swap=65.0MiB max=501.0MiB cpu.usage_usec=1580254 method=swap_current_delta_fallback detail={'delta_swap_current': -729088, 'swap_saturated': False, 'workingset_refault_anon': 6344} events={'low': 0, 'high': 0, 'max': 6, 'oom': 0, 'oom_kill': 0, 'oom_group_kill': 0}
[container_monitor] pf-test-2: current=402.1MiB swap=65.0MiB max=501.0MiB cpu.usage_usec=1584426 method=swap_current_delta_fallback detail={'delta_swap_current': 0, 'swap_saturated': False, 'workingset_refault_anon': 6344} events={'low': 0, 'high': 0, 'max': 6, 'oom': 0, 'oom_kill': 0, 'oom_group_kill': 0}
[container_monitor] pf-test-2: current=402.1MiB swap=65.0MiB max=501.0MiB cpu.usage_usec=1589950 method=swap_current_delta_fallback detail={'delta_swap_current': 0, 'swap_saturated': False, 'workingset_refault_anon': 6344} events={'low': 0, 'high': 0, 'max': 6, 'oom': 0, 'oom_kill': 0, 'oom_group_kill': 0}
[container_monitor] pf-test-2: current=402.1MiB swap=65.0MiB max=501.0MiB cpu.usage_usec=1594486 method=swap_current_delta_fallback detail={'delta_swap_current': 0, 'swap_saturated': False, 'workingset_refault_anon': 6344} events={'low': 0, 'high': 0, 'max': 6, 'oom': 0, 'oom_kill': 0, 'oom_group_kill': 0}
[container_monitor] pf-test-2: current=402.1MiB swap=65.0MiB max=501.0MiB cpu.usage_usec=1595218 method=swap_current_delta_fallback detail={'delta_swap_current': 0, 'swap_saturated': False, 'workingset_refault_anon': 6345} events={'low': 0, 'high': 0, 'max': 6, 'oom': 0, 'oom_kill': 0, 'oom_group_kill': 0}
[container_monitor] pf-test-2: current=402.1MiB swap=65.0MiB max=501.0MiB cpu.usage_usec=1595817 method=swap_current_delta_fallback detail={'delta_swap_current': 0, 'swap_saturated': False, 'workingset_refault_anon': 6345} events={'low': 0, 'high': 0, 'max': 6, 'oom': 0, 'oom_kill': 0, 'oom_group_kill': 0}
[container_monitor] pf-test-2: current=402.1MiB swap=65.0MiB max=501.0MiB cpu.usage_usec=1596722 method=swap_current_delta_fallback detail={'delta_swap_current': 0, 'swap_saturated': False, 'workingset_refault_anon': 6345} events={'low': 0, 'high': 0, 'max': 6, 'oom': 0, 'oom_kill': 0, 'oom_group_kill': 0}
[container_monitor] pf-test-2: current=402.1MiB swap=65.0MiB max=501.0MiB cpu.usage_usec=1599720 method=swap_current_delta_fallback detail={'delta_swap_current': 0, 'swap_saturated': False, 'workingset_refault_anon': 6345} events={'low': 0, 'high': 0, 'max': 6, 'oom': 0, 'oom_kill': 0, 'oom_group_kill': 0}
[container_monitor] pf-test-2: current=402.1MiB swap=65.0MiB max=501.0MiB cpu.usage_usec=1605279 method=swap_current_delta_fallback detail={'delta_swap_current': 0, 'swap_saturated': False, 'workingset_refault_anon': 6345} events={'low': 0, 'high': 0, 'max': 6, 'oom': 0, 'oom_kill': 0, 'oom_group_kill': 0}
[container_monitor] pf-test-2: current=402.1MiB swap=65.0MiB max=501.0MiB cpu.usage_usec=1610041 method=swap_current_delta_fallback detail={'delta_swap_current': 0, 'swap_saturated': False, 'workingset_refault_anon': 6345} events={'low': 0, 'high': 0, 'max': 6, 'oom': 0, 'oom_kill': 0, 'oom_group_kill': 0}
[container_monitor] pf-test-2: current=402.1MiB swap=64.8MiB max=501.0MiB cpu.usage_usec=1615131 method=swap_current_delta_fallback detail={'delta_swap_current': -172032, 'swap_saturated': False, 'workingset_refault_anon': 6345} events={'low': 0, 'high': 0, 'max': 6, 'oom': 0, 'oom_kill': 0, 'oom_group_kill': 0}
[container_monitor] pf-test-2: current=402.1MiB swap=64.8MiB max=501.0MiB cpu.usage_usec=1616039 method=swap_current_delta_fallback detail={'delta_swap_current': 0, 'swap_saturated': False, 'workingset_refault_anon': 6358} events={'low': 0, 'high': 0, 'max': 6, 'oom': 0, 'oom_kill': 0, 'oom_group_kill': 0}
[container_monitor] pf-test-2: current=402.1MiB swap=64.8MiB max=501.0MiB cpu.usage_usec=1616516 method=swap_current_delta_fallback detail={'delta_swap_current': 0, 'swap_saturated': False, 'workingset_refault_anon': 6358} events={'low': 0, 'high': 0, 'max': 6, 'oom': 0, 'oom_kill': 0, 'oom_group_kill': 0}
[container_monitor] pf-test-2: current=402.1MiB swap=64.8MiB max=501.0MiB cpu.usage_usec=1618992 method=swap_current_delta_fallback detail={'delta_swap_current': 0, 'swap_saturated': False, 'workingset_refault_anon': 6358} events={'low': 0, 'high': 0, 'max': 6, 'oom': 0, 'oom_kill': 0, 'oom_group_kill': 0}
[container_monitor] pf-test-2: current=402.1MiB swap=64.8MiB max=501.0MiB cpu.usage_usec=1624411 method=swap_current_delta_fallback detail={'delta_swap_current': 0, 'swap_saturated': False, 'workingset_refault_anon': 6358} events={'low': 0, 'high': 0, 'max': 6, 'oom': 0, 'oom_kill': 0, 'oom_group_kill': 0}
[container_monitor] pf-test-2: current=402.1MiB swap=64.8MiB max=501.0MiB cpu.usage_usec=1628520 method=swap_current_delta_fallback detail={'delta_swap_current': 0, 'swap_saturated': False, 'workingset_refault_anon': 6358} events={'low': 0, 'high': 0, 'max': 6, 'oom': 0, 'oom_kill': 0, 'oom_group_kill': 0}
[container_monitor] pf-test-2: current=402.2MiB swap=64.8MiB max=501.0MiB cpu.usage_usec=1633574 method=swap_current_delta_fallback detail={'delta_swap_current': 0, 'swap_saturated': False, 'workingset_refault_anon': 6362} events={'low': 0, 'high': 0, 'max': 6, 'oom': 0, 'oom_kill': 0, 'oom_group_kill': 0}
[container_monitor] pf-test-2: current=402.3MiB swap=64.8MiB max=501.0MiB cpu.usage_usec=1638582 method=swap_current_delta_fallback detail={'delta_swap_current': 0, 'swap_saturated': False, 'workingset_refault_anon': 6387} events={'low': 0, 'high': 0, 'max': 6, 'oom': 0, 'oom_kill': 0, 'oom_group_kill': 0}
[container_monitor] pf-test-2: current=402.3MiB swap=64.8MiB max=501.0MiB cpu.usage_usec=1640320 method=swap_current_delta_fallback detail={'delta_swap_current': 0, 'swap_saturated': False, 'workingset_refault_anon': 6387} events={'low': 0, 'high': 0, 'max': 6, 'oom': 0, 'oom_kill': 0, 'oom_group_kill': 0}
[container_monitor] pf-test-2: current=402.3MiB swap=64.8MiB max=501.0MiB cpu.usage_usec=1641267 method=swap_current_delta_fallback detail={'delta_swap_current': 0, 'swap_saturated': False, 'workingset_refault_anon': 6387} events={'low': 0, 'high': 0, 'max': 6, 'oom': 0, 'oom_kill': 0, 'oom_group_kill': 0}
[container_monitor] pf-test-2: current=402.3MiB swap=64.8MiB max=501.0MiB cpu.usage_usec=1643526 method=swap_current_delta_fallback detail={'delta_swap_current': 0, 'swap_saturated': False, 'workingset_refault_anon': 6387} events={'low': 0, 'high': 0, 'max': 6, 'oom': 0, 'oom_kill': 0, 'oom_group_kill': 0}
[container_monitor] pf-test-2: current=402.3MiB swap=64.8MiB max=501.0MiB cpu.usage_usec=1648620 method=swap_current_delta_fallback detail={'delta_swap_current': 0, 'swap_saturated': False, 'workingset_refault_anon': 6387} events={'low': 0, 'high': 0, 'max': 6, 'oom': 0, 'oom_kill': 0, 'oom_group_kill': 0}
[container_monitor] pf-test-2: current=402.3MiB swap=64.7MiB max=501.0MiB cpu.usage_usec=1653889 method=swap_current_delta_fallback detail={'delta_swap_current': -114688, 'swap_saturated': False, 'workingset_refault_anon': 6387} events={'low': 0, 'high': 0, 'max': 6, 'oom': 0, 'oom_kill': 0, 'oom_group_kill': 0}
[container_monitor] pf-test-2: current=402.3MiB swap=64.7MiB max=501.0MiB cpu.usage_usec=1654798 method=swap_current_delta_fallback detail={'delta_swap_current': -8192, 'swap_saturated': False, 'workingset_refault_anon': 6387} events={'low': 0, 'high': 0, 'max': 6, 'oom': 0, 'oom_kill': 0, 'oom_group_kill': 0}
[container_monitor] pf-test-2: current=402.3MiB swap=64.7MiB max=501.0MiB cpu.usage_usec=1655633 method=swap_current_delta_fallback detail={'delta_swap_current': 0, 'swap_saturated': False, 'workingset_refault_anon': 6387} events={'low': 0, 'high': 0, 'max': 6, 'oom': 0, 'oom_kill': 0, 'oom_group_kill': 0}
[container_monitor] pf-test-2: current=402.3MiB swap=64.7MiB max=501.0MiB cpu.usage_usec=1656349 method=swap_current_delta_fallback detail={'delta_swap_current': 0, 'swap_saturated': False, 'workingset_refault_anon': 6387} events={'low': 0, 'high': 0, 'max': 6, 'oom': 0, 'oom_kill': 0, 'oom_group_kill': 0}
[container_monitor] pf-test-2: current=402.3MiB swap=64.7MiB max=501.0MiB cpu.usage_usec=1659263 method=swap_current_delta_fallback detail={'delta_swap_current': 0, 'swap_saturated': False, 'workingset_refault_anon': 6387} events={'low': 0, 'high': 0, 'max': 6, 'oom': 0, 'oom_kill': 0, 'oom_group_kill': 0}
[container_monitor] pf-test-2: current=402.3MiB swap=64.7MiB max=501.0MiB cpu.usage_usec=1664060 method=swap_current_delta_fallback detail={'delta_swap_current': 0, 'swap_saturated': False, 'workingset_refault_anon': 6387} events={'low': 0, 'high': 0, 'max': 6, 'oom': 0, 'oom_kill': 0, 'oom_group_kill': 0}
[container_monitor] pf-test-2: current=402.3MiB swap=64.7MiB max=501.0MiB cpu.usage_usec=1668802 method=swap_current_delta_fallback detail={'delta_swap_current': 0, 'swap_saturated': False, 'workingset_refault_anon': 6387} events={'low': 0, 'high': 0, 'max': 6, 'oom': 0, 'oom_kill': 0, 'oom_group_kill': 0}
[container_monitor] pf-test-2: current=402.3MiB swap=64.7MiB max=501.0MiB cpu.usage_usec=1671696 method=swap_current_delta_fallback detail={'delta_swap_current': 0, 'swap_saturated': False, 'workingset_refault_anon': 6387} events={'low': 0, 'high': 0, 'max': 6, 'oom': 0, 'oom_kill': 0, 'oom_group_kill': 0}
[container_monitor] pf-test-2: current=402.3MiB swap=64.7MiB max=501.0MiB cpu.usage_usec=1672600 method=swap_current_delta_fallback detail={'delta_swap_current': 0, 'swap_saturated': False, 'workingset_refault_anon': 6387} events={'low': 0, 'high': 0, 'max': 6, 'oom': 0, 'oom_kill': 0, 'oom_group_kill': 0}
[container_monitor] pf-test-2: current=402.3MiB swap=64.7MiB max=501.0MiB cpu.usage_usec=1673665 method=swap_current_delta_fallback detail={'delta_swap_current': 0, 'swap_saturated': False, 'workingset_refault_anon': 6387} events={'low': 0, 'high': 0, 'max': 6, 'oom': 0, 'oom_kill': 0, 'oom_group_kill': 0}
[container_monitor] pf-test-2: current=402.3MiB swap=64.7MiB max=501.0MiB cpu.usage_usec=1674641 method=swap_current_delta_fallback detail={'delta_swap_current': 0, 'swap_saturated': False, 'workingset_refault_anon': 6387} events={'low': 0, 'high': 0, 'max': 6, 'oom': 0, 'oom_kill': 0, 'oom_group_kill': 0}
[container_monitor] pf-test-2: current=402.3MiB swap=64.7MiB max=501.0MiB cpu.usage_usec=1678737 method=swap_current_delta_fallback detail={'delta_swap_current': 0, 'swap_saturated': False, 'workingset_refault_anon': 6387} events={'low': 0, 'high': 0, 'max': 6, 'oom': 0, 'oom_kill': 0, 'oom_group_kill': 0}
[container_monitor] pf-test-2: current=402.3MiB swap=64.7MiB max=501.0MiB cpu.usage_usec=1684119 method=swap_current_delta_fallback detail={'delta_swap_current': 0, 'swap_saturated': False, 'workingset_refault_anon': 6387} events={'low': 0, 'high': 0, 'max': 6, 'oom': 0, 'oom_kill': 0, 'oom_group_kill': 0}
[container_monitor] pf-test-2: current=402.3MiB swap=64.7MiB max=501.0MiB cpu.usage_usec=1688001 method=swap_current_delta_fallback detail={'delta_swap_current': 0, 'swap_saturated': False, 'workingset_refault_anon': 6387} events={'low': 0, 'high': 0, 'max': 6, 'oom': 0, 'oom_kill': 0, 'oom_group_kill': 0}
[container_monitor] pf-test-2: current=402.3MiB swap=64.7MiB max=501.0MiB cpu.usage_usec=1689074 method=swap_current_delta_fallback detail={'delta_swap_current': 0, 'swap_saturated': False, 'workingset_refault_anon': 6387} events={'low': 0, 'high': 0, 'max': 6, 'oom': 0, 'oom_kill': 0, 'oom_group_kill': 0}
[container_monitor] pf-test-2: current=402.3MiB swap=64.7MiB max=501.0MiB cpu.usage_usec=1689938 method=swap_current_delta_fallback detail={'delta_swap_current': 0, 'swap_saturated': False, 'workingset_refault_anon': 6387} events={'low': 0, 'high': 0, 'max': 6, 'oom': 0, 'oom_kill': 0, 'oom_group_kill': 0}
[container_monitor] pf-test-2: current=402.3MiB swap=64.7MiB max=501.0MiB cpu.usage_usec=1691045 method=swap_current_delta_fallback detail={'delta_swap_current': 0, 'swap_saturated': False, 'workingset_refault_anon': 6387} events={'low': 0, 'high': 0, 'max': 6, 'oom': 0, 'oom_kill': 0, 'oom_group_kill': 0}
[container_monitor] pf-test-2: current=402.3MiB swap=64.7MiB max=501.0MiB cpu.usage_usec=1695068 method=swap_current_delta_fallback detail={'delta_swap_current': 0, 'swap_saturated': False, 'workingset_refault_anon': 6387} events={'low': 0, 'high': 0, 'max': 6, 'oom': 0, 'oom_kill': 0, 'oom_group_kill': 0}
[container_monitor] pf-test-2: current=402.3MiB swap=64.7MiB max=501.0MiB cpu.usage_usec=1700321 method=swap_current_delta_fallback detail={'delta_swap_current': 0, 'swap_saturated': False, 'workingset_refault_anon': 6387} events={'low': 0, 'high': 0, 'max': 6, 'oom': 0, 'oom_kill': 0, 'oom_group_kill': 0}
[container_monitor] pf-test-2: current=402.3MiB swap=64.7MiB max=501.0MiB cpu.usage_usec=1703097 method=swap_current_delta_fallback detail={'delta_swap_current': 0, 'swap_saturated': False, 'workingset_refault_anon': 6387} events={'low': 0, 'high': 0, 'max': 6, 'oom': 0, 'oom_kill': 0, 'oom_group_kill': 0}
[container_monitor] pf-test-2: current=402.3MiB swap=64.7MiB max=501.0MiB cpu.usage_usec=1704139 method=swap_current_delta_fallback detail={'delta_swap_current': 0, 'swap_saturated': False, 'workingset_refault_anon': 6387} events={'low': 0, 'high': 0, 'max': 6, 'oom': 0, 'oom_kill': 0, 'oom_group_kill': 0}
[container_monitor] pf-test-2: current=402.3MiB swap=64.7MiB max=501.0MiB cpu.usage_usec=1705043 method=swap_current_delta_fallback detail={'delta_swap_current': 0, 'swap_saturated': False, 'workingset_refault_anon': 6387} events={'low': 0, 'high': 0, 'max': 6, 'oom': 0, 'oom_kill': 0, 'oom_group_kill': 0}
[container_monitor] pf-test-2: current=402.3MiB swap=64.7MiB max=501.0MiB cpu.usage_usec=1705953 method=swap_current_delta_fallback detail={'delta_swap_current': 0, 'swap_saturated': False, 'workingset_refault_anon': 6387} events={'low': 0, 'high': 0, 'max': 6, 'oom': 0, 'oom_kill': 0, 'oom_group_kill': 0}
[container_monitor] pf-test-2: current=402.3MiB swap=64.7MiB max=501.0MiB cpu.usage_usec=1711032 method=swap_current_delta_fallback detail={'delta_swap_current': 0, 'swap_saturated': False, 'workingset_refault_anon': 6387} events={'low': 0, 'high': 0, 'max': 6, 'oom': 0, 'oom_kill': 0, 'oom_group_kill': 0}
[container_monitor] pf-test-2: current=402.3MiB swap=64.7MiB max=501.0MiB cpu.usage_usec=1715662 method=swap_current_delta_fallback detail={'delta_swap_current': 0, 'swap_saturated': False, 'workingset_refault_anon': 6387} events={'low': 0, 'high': 0, 'max': 6, 'oom': 0, 'oom_kill': 0, 'oom_group_kill': 0}
[container_monitor] pf-test-2: current=402.5MiB swap=64.7MiB max=501.0MiB cpu.usage_usec=1720705 method=swap_current_delta_fallback detail={'delta_swap_current': 0, 'swap_saturated': False, 'workingset_refault_anon': 6387} events={'low': 0, 'high': 0, 'max': 6, 'oom': 0, 'oom_kill': 0, 'oom_group_kill': 0}
[container_monitor] pf-test-2: current=402.6MiB swap=64.7MiB max=501.0MiB cpu.usage_usec=1723324 method=swap_current_delta_fallback detail={'delta_swap_current': -20480, 'swap_saturated': False, 'workingset_refault_anon': 6397} events={'low': 0, 'high': 0, 'max': 6, 'oom': 0, 'oom_kill': 0, 'oom_group_kill': 0}
[container_monitor] pf-test-2: current=402.3MiB swap=64.7MiB max=501.0MiB cpu.usage_usec=1724372 method=swap_current_delta_fallback detail={'delta_swap_current': 0, 'swap_saturated': False, 'workingset_refault_anon': 6397} events={'low': 0, 'high': 0, 'max': 6, 'oom': 0, 'oom_kill': 0, 'oom_group_kill': 0}
[container_monitor] pf-test-2: current=402.3MiB swap=64.7MiB max=501.0MiB cpu.usage_usec=1725642 method=swap_current_delta_fallback detail={'delta_swap_current': 0, 'swap_saturated': False, 'workingset_refault_anon': 6397} events={'low': 0, 'high': 0, 'max': 6, 'oom': 0, 'oom_kill': 0, 'oom_group_kill': 0}
[container_monitor] pf-test-2: current=402.3MiB swap=64.7MiB max=501.0MiB cpu.usage_usec=1730112 method=swap_current_delta_fallback detail={'delta_swap_current': 0, 'swap_saturated': False, 'workingset_refault_anon': 6397} events={'low': 0, 'high': 0, 'max': 6, 'oom': 0, 'oom_kill': 0, 'oom_group_kill': 0}
[container_monitor] pf-test-2: current=402.3MiB swap=64.7MiB max=501.0MiB cpu.usage_usec=1733494 method=swap_current_delta_fallback detail={'delta_swap_current': 0, 'swap_saturated': False, 'workingset_refault_anon': 6397} events={'low': 0, 'high': 0, 'max': 6, 'oom': 0, 'oom_kill': 0, 'oom_group_kill': 0}
[container_monitor] pf-test-2: current=402.3MiB swap=64.7MiB max=501.0MiB cpu.usage_usec=1734494 method=swap_current_delta_fallback detail={'delta_swap_current': 0, 'swap_saturated': False, 'workingset_refault_anon': 6397} events={'low': 0, 'high': 0, 'max': 6, 'oom': 0, 'oom_kill': 0, 'oom_group_kill': 0}
[container_monitor] pf-test-2: current=402.3MiB swap=64.7MiB max=501.0MiB cpu.usage_usec=1735539 method=swap_current_delta_fallback detail={'delta_swap_current': -12288, 'swap_saturated': False, 'workingset_refault_anon': 6397} events={'low': 0, 'high': 0, 'max': 6, 'oom': 0, 'oom_kill': 0, 'oom_group_kill': 0}
[container_monitor] pf-test-2: current=402.3MiB swap=64.7MiB max=501.0MiB cpu.usage_usec=1736503 method=swap_current_delta_fallback detail={'delta_swap_current': 0, 'swap_saturated': False, 'workingset_refault_anon': 6397} events={'low': 0, 'high': 0, 'max': 6, 'oom': 0, 'oom_kill': 0, 'oom_group_kill': 0}
[container_monitor] pf-test-2: current=402.3MiB swap=64.7MiB max=501.0MiB cpu.usage_usec=1740161 method=swap_current_delta_fallback detail={'delta_swap_current': 0, 'swap_saturated': False, 'workingset_refault_anon': 6397} events={'low': 0, 'high': 0, 'max': 6, 'oom': 0, 'oom_kill': 0, 'oom_group_kill': 0}
[container_monitor] pf-test-2: current=404.7MiB swap=64.7MiB max=501.0MiB cpu.usage_usec=1744872 method=swap_current_delta_fallback detail={'delta_swap_current': 0, 'swap_saturated': False, 'workingset_refault_anon': 6397} events={'low': 0, 'high': 0, 'max': 6, 'oom': 0, 'oom_kill': 0, 'oom_group_kill': 0}
[container_monitor] pf-test-2: current=404.7MiB swap=64.7MiB max=501.0MiB cpu.usage_usec=1747157 method=swap_current_delta_fallback detail={'delta_swap_current': 0, 'swap_saturated': False, 'workingset_refault_anon': 6397} events={'low': 0, 'high': 0, 'max': 6, 'oom': 0, 'oom_kill': 0, 'oom_group_kill': 0}
[container_monitor] pf-test-2: current=404.7MiB swap=64.7MiB max=501.0MiB cpu.usage_usec=1748105 method=swap_current_delta_fallback detail={'delta_swap_current': 0, 'swap_saturated': False, 'workingset_refault_anon': 6397} events={'low': 0, 'high': 0, 'max': 6, 'oom': 0, 'oom_kill': 0, 'oom_group_kill': 0}
[container_monitor] pf-test-2: current=404.7MiB swap=64.7MiB max=501.0MiB cpu.usage_usec=1749368 method=swap_current_delta_fallback detail={'delta_swap_current': 0, 'swap_saturated': False, 'workingset_refault_anon': 6397} events={'low': 0, 'high': 0, 'max': 6, 'oom': 0, 'oom_kill': 0, 'oom_group_kill': 0}
[container_monitor] pf-test-2: current=404.7MiB swap=64.7MiB max=501.0MiB cpu.usage_usec=1750682 method=swap_current_delta_fallback detail={'delta_swap_current': 0, 'swap_saturated': False, 'workingset_refault_anon': 6397} events={'low': 0, 'high': 0, 'max': 6, 'oom': 0, 'oom_kill': 0, 'oom_group_kill': 0}
[container_monitor] pf-test-2: current=407.7MiB swap=64.7MiB max=501.0MiB cpu.usage_usec=1755565 method=swap_current_delta_fallback detail={'delta_swap_current': 0, 'swap_saturated': False, 'workingset_refault_anon': 6397} events={'low': 0, 'high': 0, 'max': 6, 'oom': 0, 'oom_kill': 0, 'oom_group_kill': 0}
[container_monitor] pf-test-2: current=407.7MiB swap=64.7MiB max=501.0MiB cpu.usage_usec=1760483 method=swap_current_delta_fallback detail={'delta_swap_current': 0, 'swap_saturated': False, 'workingset_refault_anon': 6397} events={'low': 0, 'high': 0, 'max': 6, 'oom': 0, 'oom_kill': 0, 'oom_group_kill': 0}
[container_monitor] pf-test-2: current=407.7MiB swap=64.7MiB max=501.0MiB cpu.usage_usec=1761424 method=swap_current_delta_fallback detail={'delta_swap_current': 0, 'swap_saturated': False, 'workingset_refault_anon': 6402} events={'low': 0, 'high': 0, 'max': 6, 'oom': 0, 'oom_kill': 0, 'oom_group_kill': 0}
[container_monitor] pf-test-2: current=407.7MiB swap=64.7MiB max=501.0MiB cpu.usage_usec=1762591 method=swap_current_delta_fallback detail={'delta_swap_current': 0, 'swap_saturated': False, 'workingset_refault_anon': 6402} events={'low': 0, 'high': 0, 'max': 6, 'oom': 0, 'oom_kill': 0, 'oom_group_kill': 0}
[container_monitor] pf-test-2: current=407.7MiB swap=64.7MiB max=501.0MiB cpu.usage_usec=1763403 method=swap_current_delta_fallback detail={'delta_swap_current': 0, 'swap_saturated': False, 'workingset_refault_anon': 6402} events={'low': 0, 'high': 0, 'max': 6, 'oom': 0, 'oom_kill': 0, 'oom_group_kill': 0}
[container_monitor] pf-test-2: current=407.7MiB swap=64.7MiB max=501.0MiB cpu.usage_usec=1766018 method=swap_current_delta_fallback detail={'delta_swap_current': 0, 'swap_saturated': False, 'workingset_refault_anon': 6402} events={'low': 0, 'high': 0, 'max': 6, 'oom': 0, 'oom_kill': 0, 'oom_group_kill': 0}
[container_monitor] pf-test-2: current=411.8MiB swap=64.7MiB max=501.0MiB cpu.usage_usec=1771254 method=swap_current_delta_fallback detail={'delta_swap_current': 0, 'swap_saturated': False, 'workingset_refault_anon': 6402} events={'low': 0, 'high': 0, 'max': 6, 'oom': 0, 'oom_kill': 0, 'oom_group_kill': 0}
[container_monitor] pf-test-2: current=411.8MiB swap=64.7MiB max=501.0MiB cpu.usage_usec=1774673 method=swap_current_delta_fallback detail={'delta_swap_current': 0, 'swap_saturated': False, 'workingset_refault_anon': 6402} events={'low': 0, 'high': 0, 'max': 6, 'oom': 0, 'oom_kill': 0, 'oom_group_kill': 0}
[container_monitor] pf-test-2: current=411.8MiB swap=64.7MiB max=501.0MiB cpu.usage_usec=1775315 method=swap_current_delta_fallback detail={'delta_swap_current': 0, 'swap_saturated': False, 'workingset_refault_anon': 6402} events={'low': 0, 'high': 0, 'max': 6, 'oom': 0, 'oom_kill': 0, 'oom_group_kill': 0}
[container_monitor] pf-test-2: current=411.8MiB swap=64.7MiB max=501.0MiB cpu.usage_usec=1775763 method=swap_current_delta_fallback detail={'delta_swap_current': 0, 'swap_saturated': False, 'workingset_refault_anon': 6402} events={'low': 0, 'high': 0, 'max': 6, 'oom': 0, 'oom_kill': 0, 'oom_group_kill': 0}
[container_monitor] pf-test-2: current=411.8MiB swap=64.7MiB max=501.0MiB cpu.usage_usec=1776500 method=swap_current_delta_fallback detail={'delta_swap_current': 0, 'swap_saturated': False, 'workingset_refault_anon': 6402} events={'low': 0, 'high': 0, 'max': 6, 'oom': 0, 'oom_kill': 0, 'oom_group_kill': 0}
[container_monitor] pf-test-2: current=411.8MiB swap=64.7MiB max=501.0MiB cpu.usage_usec=1780751 method=swap_current_delta_fallback detail={'delta_swap_current': 0, 'swap_saturated': False, 'workingset_refault_anon': 6402} events={'low': 0, 'high': 0, 'max': 6, 'oom': 0, 'oom_kill': 0, 'oom_group_kill': 0}
[container_monitor] pf-test-2: current=411.8MiB swap=64.7MiB max=501.0MiB cpu.usage_usec=1786235 method=swap_current_delta_fallback detail={'delta_swap_current': 0, 'swap_saturated': False, 'workingset_refault_anon': 6402} events={'low': 0, 'high': 0, 'max': 6, 'oom': 0, 'oom_kill': 0, 'oom_group_kill': 0}
[container_monitor] pf-test-2: current=412.7MiB swap=64.7MiB max=501.0MiB cpu.usage_usec=1790664 method=swap_current_delta_fallback detail={'delta_swap_current': 0, 'swap_saturated': False, 'workingset_refault_anon': 6402} events={'low': 0, 'high': 0, 'max': 6, 'oom': 0, 'oom_kill': 0, 'oom_group_kill': 0}
[container_monitor] pf-test-2: current=412.7MiB swap=64.7MiB max=501.0MiB cpu.usage_usec=1793729 method=swap_current_delta_fallback detail={'delta_swap_current': -16384, 'swap_saturated': False, 'workingset_refault_anon': 6402} events={'low': 0, 'high': 0, 'max': 6, 'oom': 0, 'oom_kill': 0, 'oom_group_kill': 0}
[container_monitor] pf-test-2: current=412.7MiB swap=64.7MiB max=501.0MiB cpu.usage_usec=1794542 method=swap_current_delta_fallback detail={'delta_swap_current': 0, 'swap_saturated': False, 'workingset_refault_anon': 6402} events={'low': 0, 'high': 0, 'max': 6, 'oom': 0, 'oom_kill': 0, 'oom_group_kill': 0}
[container_monitor] pf-test-2: current=412.7MiB swap=64.7MiB max=501.0MiB cpu.usage_usec=1795363 method=swap_current_delta_fallback detail={'delta_swap_current': 0, 'swap_saturated': False, 'workingset_refault_anon': 6402} events={'low': 0, 'high': 0, 'max': 6, 'oom': 0, 'oom_kill': 0, 'oom_group_kill': 0}
[container_monitor] pf-test-2: current=412.7MiB swap=64.7MiB max=501.0MiB cpu.usage_usec=1796144 method=swap_current_delta_fallback detail={'delta_swap_current': 0, 'swap_saturated': False, 'workingset_refault_anon': 6402} events={'low': 0, 'high': 0, 'max': 6, 'oom': 0, 'oom_kill': 0, 'oom_group_kill': 0}
[container_monitor] pf-test-2: current=416.6MiB swap=64.7MiB max=501.0MiB cpu.usage_usec=1800749 method=swap_current_delta_fallback detail={'delta_swap_current': 0, 'swap_saturated': False, 'workingset_refault_anon': 6402} events={'low': 0, 'high': 0, 'max': 6, 'oom': 0, 'oom_kill': 0, 'oom_group_kill': 0}
[container_monitor] pf-test-2: current=420.7MiB swap=64.7MiB max=501.0MiB cpu.usage_usec=1805723 method=swap_current_delta_fallback detail={'delta_swap_current': 0, 'swap_saturated': False, 'workingset_refault_anon': 6402} events={'low': 0, 'high': 0, 'max': 6, 'oom': 0, 'oom_kill': 0, 'oom_group_kill': 0}
[container_monitor] pf-test-2: current=420.7MiB swap=64.7MiB max=501.0MiB cpu.usage_usec=1807842 method=swap_current_delta_fallback detail={'delta_swap_current': 0, 'swap_saturated': False, 'workingset_refault_anon': 6402} events={'low': 0, 'high': 0, 'max': 6, 'oom': 0, 'oom_kill': 0, 'oom_group_kill': 0}
[container_monitor] pf-test-2: current=420.7MiB swap=64.7MiB max=501.0MiB cpu.usage_usec=1808643 method=swap_current_delta_fallback detail={'delta_swap_current': 0, 'swap_saturated': False, 'workingset_refault_anon': 6402} events={'low': 0, 'high': 0, 'max': 6, 'oom': 0, 'oom_kill': 0, 'oom_group_kill': 0}
[container_monitor] pf-test-2: current=420.7MiB swap=64.7MiB max=501.0MiB cpu.usage_usec=1809305 method=swap_current_delta_fallback detail={'delta_swap_current': 0, 'swap_saturated': False, 'workingset_refault_anon': 6402} events={'low': 0, 'high': 0, 'max': 6, 'oom': 0, 'oom_kill': 0, 'oom_group_kill': 0}
[container_monitor] pf-test-2: current=420.7MiB swap=64.7MiB max=501.0MiB cpu.usage_usec=1809862 method=swap_current_delta_fallback detail={'delta_swap_current': 0, 'swap_saturated': False, 'workingset_refault_anon': 6402} events={'low': 0, 'high': 0, 'max': 6, 'oom': 0, 'oom_kill': 0, 'oom_group_kill': 0}
[container_monitor] pf-test-2: current=424.0MiB swap=64.7MiB max=501.0MiB cpu.usage_usec=1814491 method=swap_current_delta_fallback detail={'delta_swap_current': 0, 'swap_saturated': False, 'workingset_refault_anon': 6402} events={'low': 0, 'high': 0, 'max': 6, 'oom': 0, 'oom_kill': 0, 'oom_group_kill': 0}
[container_monitor] pf-test-2: current=427.7MiB swap=64.7MiB max=501.0MiB cpu.usage_usec=1820390 method=swap_current_delta_fallback detail={'delta_swap_current': 0, 'swap_saturated': False, 'workingset_refault_anon': 6402} events={'low': 0, 'high': 0, 'max': 6, 'oom': 0, 'oom_kill': 0, 'oom_group_kill': 0}
[container_monitor] pf-test-2: current=428.7MiB swap=64.7MiB max=501.0MiB cpu.usage_usec=1824672 method=swap_current_delta_fallback detail={'delta_swap_current': 0, 'swap_saturated': False, 'workingset_refault_anon': 6402} events={'low': 0, 'high': 0, 'max': 6, 'oom': 0, 'oom_kill': 0, 'oom_group_kill': 0}
[container_monitor] pf-test-2: current=428.7MiB swap=64.7MiB max=501.0MiB cpu.usage_usec=1828389 method=swap_current_delta_fallback detail={'delta_swap_current': 0, 'swap_saturated': False, 'workingset_refault_anon': 6402} events={'low': 0, 'high': 0, 'max': 6, 'oom': 0, 'oom_kill': 0, 'oom_group_kill': 0}
[container_monitor] pf-test-2: current=428.7MiB swap=64.7MiB max=501.0MiB cpu.usage_usec=1829219 method=swap_current_delta_fallback detail={'delta_swap_current': 0, 'swap_saturated': False, 'workingset_refault_anon': 6402} events={'low': 0, 'high': 0, 'max': 6, 'oom': 0, 'oom_kill': 0, 'oom_group_kill': 0}
[container_monitor] pf-test-2: current=428.7MiB swap=64.7MiB max=501.0MiB cpu.usage_usec=1830099 method=swap_current_delta_fallback detail={'delta_swap_current': 0, 'swap_saturated': False, 'workingset_refault_anon': 6402} events={'low': 0, 'high': 0, 'max': 6, 'oom': 0, 'oom_kill': 0, 'oom_group_kill': 0}
[container_monitor] pf-test-2: current=428.7MiB swap=64.7MiB max=501.0MiB cpu.usage_usec=1831128 method=swap_current_delta_fallback detail={'delta_swap_current': 0, 'swap_saturated': False, 'workingset_refault_anon': 6402} events={'low': 0, 'high': 0, 'max': 6, 'oom': 0, 'oom_kill': 0, 'oom_group_kill': 0}
[container_monitor] pf-test-2: current=432.5MiB swap=64.7MiB max=501.0MiB cpu.usage_usec=1836291 method=swap_current_delta_fallback detail={'delta_swap_current': 0, 'swap_saturated': False, 'workingset_refault_anon': 6402} events={'low': 0, 'high': 0, 'max': 6, 'oom': 0, 'oom_kill': 0, 'oom_group_kill': 0}
[container_monitor] pf-test-2: current=435.5MiB swap=64.7MiB max=501.0MiB cpu.usage_usec=1840664 method=swap_current_delta_fallback detail={'delta_swap_current': 0, 'swap_saturated': False, 'workingset_refault_anon': 6402} events={'low': 0, 'high': 0, 'max': 6, 'oom': 0, 'oom_kill': 0, 'oom_group_kill': 0}
[container_monitor] pf-test-2: current=436.7MiB swap=64.7MiB max=501.0MiB cpu.usage_usec=1845553 method=swap_current_delta_fallback detail={'delta_swap_current': 0, 'swap_saturated': False, 'workingset_refault_anon': 6404} events={'low': 0, 'high': 0, 'max': 6, 'oom': 0, 'oom_kill': 0, 'oom_group_kill': 0}
[container_monitor] pf-test-2: current=436.7MiB swap=64.7MiB max=501.0MiB cpu.usage_usec=1850161 method=swap_current_delta_fallback detail={'delta_swap_current': 0, 'swap_saturated': False, 'workingset_refault_anon': 6404} events={'low': 0, 'high': 0, 'max': 6, 'oom': 0, 'oom_kill': 0, 'oom_group_kill': 0}
[container_monitor] pf-test-2: current=436.7MiB swap=64.7MiB max=501.0MiB cpu.usage_usec=1851110 method=swap_current_delta_fallback detail={'delta_swap_current': 0, 'swap_saturated': False, 'workingset_refault_anon': 6404} events={'low': 0, 'high': 0, 'max': 6, 'oom': 0, 'oom_kill': 0, 'oom_group_kill': 0}
[container_monitor] pf-test-2: current=436.7MiB swap=64.7MiB max=501.0MiB cpu.usage_usec=1852021 method=swap_current_delta_fallback detail={'delta_swap_current': 0, 'swap_saturated': False, 'workingset_refault_anon': 6404} events={'low': 0, 'high': 0, 'max': 6, 'oom': 0, 'oom_kill': 0, 'oom_group_kill': 0}
[container_monitor] pf-test-2: current=436.7MiB swap=64.7MiB max=501.0MiB cpu.usage_usec=1853003 method=swap_current_delta_fallback detail={'delta_swap_current': 0, 'swap_saturated': False, 'workingset_refault_anon': 6404} events={'low': 0, 'high': 0, 'max': 6, 'oom': 0, 'oom_kill': 0, 'oom_group_kill': 0}
[container_monitor] pf-test-2: current=441.3MiB swap=64.7MiB max=501.0MiB cpu.usage_usec=1859198 method=swap_current_delta_fallback detail={'delta_swap_current': 0, 'swap_saturated': False, 'workingset_refault_anon': 6404} events={'low': 0, 'high': 0, 'max': 6, 'oom': 0, 'oom_kill': 0, 'oom_group_kill': 0}
[container_monitor] pf-test-2: current=444.8MiB swap=64.7MiB max=501.0MiB cpu.usage_usec=1863740 method=swap_current_delta_fallback detail={'delta_swap_current': 0, 'swap_saturated': False, 'workingset_refault_anon': 6404} events={'low': 0, 'high': 0, 'max': 6, 'oom': 0, 'oom_kill': 0, 'oom_group_kill': 0}
[container_monitor] pf-test-2: current=444.8MiB swap=64.7MiB max=501.0MiB cpu.usage_usec=1868807 method=swap_current_delta_fallback detail={'delta_swap_current': 0, 'swap_saturated': False, 'workingset_refault_anon': 6404} events={'low': 0, 'high': 0, 'max': 6, 'oom': 0, 'oom_kill': 0, 'oom_group_kill': 0}
[container_monitor] pf-test-2: current=444.8MiB swap=64.7MiB max=501.0MiB cpu.usage_usec=1871270 method=swap_current_delta_fallback detail={'delta_swap_current': 0, 'swap_saturated': False, 'workingset_refault_anon': 6404} events={'low': 0, 'high': 0, 'max': 6, 'oom': 0, 'oom_kill': 0, 'oom_group_kill': 0}
[container_monitor] pf-test-2: current=444.8MiB swap=64.7MiB max=501.0MiB cpu.usage_usec=1872211 method=swap_current_delta_fallback detail={'delta_swap_current': 0, 'swap_saturated': False, 'workingset_refault_anon': 6412} events={'low': 0, 'high': 0, 'max': 6, 'oom': 0, 'oom_kill': 0, 'oom_group_kill': 0}
[container_monitor] pf-test-2: current=444.8MiB swap=64.7MiB max=501.0MiB cpu.usage_usec=1873012 method=swap_current_delta_fallback detail={'delta_swap_current': 0, 'swap_saturated': False, 'workingset_refault_anon': 6412} events={'low': 0, 'high': 0, 'max': 6, 'oom': 0, 'oom_kill': 0, 'oom_group_kill': 0}
[container_monitor] pf-test-2: current=446.6MiB swap=64.7MiB max=501.0MiB cpu.usage_usec=1876558 method=swap_current_delta_fallback detail={'delta_swap_current': 0, 'swap_saturated': False, 'workingset_refault_anon': 6412} events={'low': 0, 'high': 0, 'max': 6, 'oom': 0, 'oom_kill': 0, 'oom_group_kill': 0}
[container_monitor] pf-test-2: current=450.7MiB swap=64.7MiB max=501.0MiB cpu.usage_usec=1882011 method=swap_current_delta_fallback detail={'delta_swap_current': 0, 'swap_saturated': False, 'workingset_refault_anon': 6412} events={'low': 0, 'high': 0, 'max': 6, 'oom': 0, 'oom_kill': 0, 'oom_group_kill': 0}
[container_monitor] pf-test-2: current=452.8MiB swap=64.7MiB max=501.0MiB cpu.usage_usec=1886619 method=swap_current_delta_fallback detail={'delta_swap_current': 0, 'swap_saturated': False, 'workingset_refault_anon': 6412} events={'low': 0, 'high': 0, 'max': 6, 'oom': 0, 'oom_kill': 0, 'oom_group_kill': 0}
[container_monitor] pf-test-2: current=452.8MiB swap=64.7MiB max=501.0MiB cpu.usage_usec=1890488 method=swap_current_delta_fallback detail={'delta_swap_current': 0, 'swap_saturated': False, 'workingset_refault_anon': 6412} events={'low': 0, 'high': 0, 'max': 6, 'oom': 0, 'oom_kill': 0, 'oom_group_kill': 0}
[container_monitor] pf-test-2: current=452.8MiB swap=64.7MiB max=501.0MiB cpu.usage_usec=1891431 method=swap_current_delta_fallback detail={'delta_swap_current': 0, 'swap_saturated': False, 'workingset_refault_anon': 6412} events={'low': 0, 'high': 0, 'max': 6, 'oom': 0, 'oom_kill': 0, 'oom_group_kill': 0}
[container_monitor] pf-test-2: current=452.8MiB swap=64.7MiB max=501.0MiB cpu.usage_usec=1892238 method=swap_current_delta_fallback detail={'delta_swap_current': 0, 'swap_saturated': False, 'workingset_refault_anon': 6412} events={'low': 0, 'high': 0, 'max': 6, 'oom': 0, 'oom_kill': 0, 'oom_group_kill': 0}
[container_monitor] pf-test-2: current=452.8MiB swap=64.7MiB max=501.0MiB cpu.usage_usec=1893053 method=swap_current_delta_fallback detail={'delta_swap_current': 0, 'swap_saturated': False, 'workingset_refault_anon': 6412} events={'low': 0, 'high': 0, 'max': 6, 'oom': 0, 'oom_kill': 0, 'oom_group_kill': 0}
[container_monitor] pf-test-2: current=456.4MiB swap=64.7MiB max=501.0MiB cpu.usage_usec=1898384 method=swap_current_delta_fallback detail={'delta_swap_current': 0, 'swap_saturated': False, 'workingset_refault_anon': 6412} events={'low': 0, 'high': 0, 'max': 6, 'oom': 0, 'oom_kill': 0, 'oom_group_kill': 0}
[container_monitor] pf-test-2: current=459.8MiB swap=64.7MiB max=501.0MiB cpu.usage_usec=1903414 method=swap_current_delta_fallback detail={'delta_swap_current': 0, 'swap_saturated': False, 'workingset_refault_anon': 6412} events={'low': 0, 'high': 0, 'max': 6, 'oom': 0, 'oom_kill': 0, 'oom_group_kill': 0}
[container_monitor] pf-test-2: current=460.8MiB swap=64.7MiB max=501.0MiB cpu.usage_usec=1907447 method=swap_current_delta_fallback detail={'delta_swap_current': 0, 'swap_saturated': False, 'workingset_refault_anon': 6412} events={'low': 0, 'high': 0, 'max': 6, 'oom': 0, 'oom_kill': 0, 'oom_group_kill': 0}
[container_monitor] pf-test-2: current=460.8MiB swap=64.7MiB max=501.0MiB cpu.usage_usec=1909190 method=swap_current_delta_fallback detail={'delta_swap_current': 0, 'swap_saturated': False, 'workingset_refault_anon': 6412} events={'low': 0, 'high': 0, 'max': 6, 'oom': 0, 'oom_kill': 0, 'oom_group_kill': 0}
[container_monitor] pf-test-2: current=460.8MiB swap=64.7MiB max=501.0MiB cpu.usage_usec=1910020 method=swap_current_delta_fallback detail={'delta_swap_current': 0, 'swap_saturated': False, 'workingset_refault_anon': 6412} events={'low': 0, 'high': 0, 'max': 6, 'oom': 0, 'oom_kill': 0, 'oom_group_kill': 0}
[container_monitor] pf-test-2: current=460.8MiB swap=64.7MiB max=501.0MiB cpu.usage_usec=1911360 method=swap_current_delta_fallback detail={'delta_swap_current': 0, 'swap_saturated': False, 'workingset_refault_anon': 6412} events={'low': 0, 'high': 0, 'max': 6, 'oom': 0, 'oom_kill': 0, 'oom_group_kill': 0}
[container_monitor] pf-test-2: current=460.8MiB swap=64.7MiB max=501.0MiB cpu.usage_usec=1912464 method=swap_current_delta_fallback detail={'delta_swap_current': 0, 'swap_saturated': False, 'workingset_refault_anon': 6412} events={'low': 0, 'high': 0, 'max': 6, 'oom': 0, 'oom_kill': 0, 'oom_group_kill': 0}
[container_monitor] pf-test-2: current=465.4MiB swap=64.7MiB max=501.0MiB cpu.usage_usec=1919038 method=swap_current_delta_fallback detail={'delta_swap_current': 0, 'swap_saturated': False, 'workingset_refault_anon': 6412} events={'low': 0, 'high': 0, 'max': 6, 'oom': 0, 'oom_kill': 0, 'oom_group_kill': 0}
[container_monitor] pf-test-2: current=468.8MiB swap=64.7MiB max=501.0MiB cpu.usage_usec=1923530 method=swap_current_delta_fallback detail={'delta_swap_current': 0, 'swap_saturated': False, 'workingset_refault_anon': 6412} events={'low': 0, 'high': 0, 'max': 6, 'oom': 0, 'oom_kill': 0, 'oom_group_kill': 0}
[container_monitor] pf-test-2: current=468.8MiB swap=64.7MiB max=501.0MiB cpu.usage_usec=1926315 method=swap_current_delta_fallback detail={'delta_swap_current': 0, 'swap_saturated': False, 'workingset_refault_anon': 6412} events={'low': 0, 'high': 0, 'max': 6, 'oom': 0, 'oom_kill': 0, 'oom_group_kill': 0}
[container_monitor] pf-test-2: current=468.8MiB swap=64.7MiB max=501.0MiB cpu.usage_usec=1927101 method=swap_current_delta_fallback detail={'delta_swap_current': 0, 'swap_saturated': False, 'workingset_refault_anon': 6412} events={'low': 0, 'high': 0, 'max': 6, 'oom': 0, 'oom_kill': 0, 'oom_group_kill': 0}
[container_monitor] pf-test-2: current=468.8MiB swap=64.7MiB max=501.0MiB cpu.usage_usec=1927913 method=swap_current_delta_fallback detail={'delta_swap_current': 0, 'swap_saturated': False, 'workingset_refault_anon': 6412} events={'low': 0, 'high': 0, 'max': 6, 'oom': 0, 'oom_kill': 0, 'oom_group_kill': 0}
[container_monitor] pf-test-2: current=468.8MiB swap=64.7MiB max=501.0MiB cpu.usage_usec=1928529 method=swap_current_delta_fallback detail={'delta_swap_current': 0, 'swap_saturated': False, 'workingset_refault_anon': 6412} events={'low': 0, 'high': 0, 'max': 6, 'oom': 0, 'oom_kill': 0, 'oom_group_kill': 0}
[container_monitor] pf-test-2: current=471.7MiB swap=64.7MiB max=501.0MiB cpu.usage_usec=1932788 method=swap_current_delta_fallback detail={'delta_swap_current': 0, 'swap_saturated': False, 'workingset_refault_anon': 6412} events={'low': 0, 'high': 0, 'max': 6, 'oom': 0, 'oom_kill': 0, 'oom_group_kill': 0}
[container_monitor] pf-test-2: current=475.5MiB swap=64.7MiB max=501.0MiB cpu.usage_usec=1938136 method=swap_current_delta_fallback detail={'delta_swap_current': 0, 'swap_saturated': False, 'workingset_refault_anon': 6412} events={'low': 0, 'high': 0, 'max': 6, 'oom': 0, 'oom_kill': 0, 'oom_group_kill': 0}
[container_monitor] pf-test-2: current=476.9MiB swap=64.7MiB max=501.0MiB cpu.usage_usec=1942890 method=swap_current_delta_fallback detail={'delta_swap_current': 0, 'swap_saturated': False, 'workingset_refault_anon': 6412} events={'low': 0, 'high': 0, 'max': 6, 'oom': 0, 'oom_kill': 0, 'oom_group_kill': 0}
[container_monitor] pf-test-2: current=476.9MiB swap=64.7MiB max=501.0MiB cpu.usage_usec=1944034 method=swap_current_delta_fallback detail={'delta_swap_current': 0, 'swap_saturated': False, 'workingset_refault_anon': 6412} events={'low': 0, 'high': 0, 'max': 6, 'oom': 0, 'oom_kill': 0, 'oom_group_kill': 0}
[container_monitor] pf-test-2: current=476.9MiB swap=64.7MiB max=501.0MiB cpu.usage_usec=1945217 method=swap_current_delta_fallback detail={'delta_swap_current': 0, 'swap_saturated': False, 'workingset_refault_anon': 6412} events={'low': 0, 'high': 0, 'max': 6, 'oom': 0, 'oom_kill': 0, 'oom_group_kill': 0}
[container_monitor] pf-test-2: current=476.9MiB swap=64.7MiB max=501.0MiB cpu.usage_usec=1946085 method=swap_current_delta_fallback detail={'delta_swap_current': 0, 'swap_saturated': False, 'workingset_refault_anon': 6412} events={'low': 0, 'high': 0, 'max': 6, 'oom': 0, 'oom_kill': 0, 'oom_group_kill': 0}
[container_monitor] pf-test-2: current=478.4MiB swap=64.7MiB max=501.0MiB cpu.usage_usec=1948737 method=swap_current_delta_fallback detail={'delta_swap_current': 0, 'swap_saturated': False, 'workingset_refault_anon': 6412} events={'low': 0, 'high': 0, 'max': 6, 'oom': 0, 'oom_kill': 0, 'oom_group_kill': 0}
[container_monitor] pf-test-2: current=483.3MiB swap=64.7MiB max=501.0MiB cpu.usage_usec=1953966 method=swap_current_delta_fallback detail={'delta_swap_current': 0, 'swap_saturated': False, 'workingset_refault_anon': 6412} events={'low': 0, 'high': 0, 'max': 6, 'oom': 0, 'oom_kill': 0, 'oom_group_kill': 0}
[container_monitor] pf-test-2: current=484.9MiB swap=64.7MiB max=501.0MiB cpu.usage_usec=1958480 method=swap_current_delta_fallback detail={'delta_swap_current': 0, 'swap_saturated': False, 'workingset_refault_anon': 6412} events={'low': 0, 'high': 0, 'max': 6, 'oom': 0, 'oom_kill': 0, 'oom_group_kill': 0}
[container_monitor] pf-test-2: current=484.9MiB swap=64.7MiB max=501.0MiB cpu.usage_usec=1959279 method=swap_current_delta_fallback detail={'delta_swap_current': 0, 'swap_saturated': False, 'workingset_refault_anon': 6412} events={'low': 0, 'high': 0, 'max': 6, 'oom': 0, 'oom_kill': 0, 'oom_group_kill': 0}
[container_monitor] pf-test-2: current=484.9MiB swap=64.7MiB max=501.0MiB cpu.usage_usec=1960299 method=swap_current_delta_fallback detail={'delta_swap_current': 0, 'swap_saturated': False, 'workingset_refault_anon': 6412} events={'low': 0, 'high': 0, 'max': 6, 'oom': 0, 'oom_kill': 0, 'oom_group_kill': 0}
[container_monitor] pf-test-2: current=484.9MiB swap=64.6MiB max=501.0MiB cpu.usage_usec=1961224 method=swap_current_delta_fallback detail={'delta_swap_current': -20480, 'swap_saturated': False, 'workingset_refault_anon': 6412} events={'low': 0, 'high': 0, 'max': 6, 'oom': 0, 'oom_kill': 0, 'oom_group_kill': 0}
[container_monitor] pf-test-2: current=487.1MiB swap=64.6MiB max=501.0MiB cpu.usage_usec=1964925 method=swap_current_delta_fallback detail={'delta_swap_current': 0, 'swap_saturated': False, 'workingset_refault_anon': 6412} events={'low': 0, 'high': 0, 'max': 6, 'oom': 0, 'oom_kill': 0, 'oom_group_kill': 0}
[container_monitor] pf-test-2: current=492.0MiB swap=64.6MiB max=501.0MiB cpu.usage_usec=1969474 method=swap_current_delta_fallback detail={'delta_swap_current': 0, 'swap_saturated': False, 'workingset_refault_anon': 6412} events={'low': 0, 'high': 0, 'max': 6, 'oom': 0, 'oom_kill': 0, 'oom_group_kill': 0}
[container_monitor] pf-test-2: current=492.9MiB swap=64.6MiB max=501.0MiB cpu.usage_usec=1973596 method=swap_current_delta_fallback detail={'delta_swap_current': 0, 'swap_saturated': False, 'workingset_refault_anon': 6412} events={'low': 0, 'high': 0, 'max': 6, 'oom': 0, 'oom_kill': 0, 'oom_group_kill': 0}
[container_monitor] pf-test-2: current=492.9MiB swap=64.6MiB max=501.0MiB cpu.usage_usec=1974640 method=swap_current_delta_fallback detail={'delta_swap_current': 0, 'swap_saturated': False, 'workingset_refault_anon': 6412} events={'low': 0, 'high': 0, 'max': 6, 'oom': 0, 'oom_kill': 0, 'oom_group_kill': 0}
[container_monitor] pf-test-2: current=492.9MiB swap=64.6MiB max=501.0MiB cpu.usage_usec=1975619 method=swap_current_delta_fallback detail={'delta_swap_current': 0, 'swap_saturated': False, 'workingset_refault_anon': 6412} events={'low': 0, 'high': 0, 'max': 6, 'oom': 0, 'oom_kill': 0, 'oom_group_kill': 0}
[container_monitor] pf-test-2: current=492.9MiB swap=64.6MiB max=501.0MiB cpu.usage_usec=1976473 method=swap_current_delta_fallback detail={'delta_swap_current': 0, 'swap_saturated': False, 'workingset_refault_anon': 6412} events={'low': 0, 'high': 0, 'max': 6, 'oom': 0, 'oom_kill': 0, 'oom_group_kill': 0}
[container_monitor] pf-test-2: current=493.9MiB swap=64.6MiB max=501.0MiB cpu.usage_usec=1979627 method=swap_current_delta_fallback detail={'delta_swap_current': 0, 'swap_saturated': False, 'workingset_refault_anon': 6412} events={'low': 0, 'high': 0, 'max': 6, 'oom': 0, 'oom_kill': 0, 'oom_group_kill': 0}
[container_monitor] pf-test-2: current=498.9MiB swap=64.6MiB max=501.0MiB cpu.usage_usec=1984582 method=swap_current_delta_fallback detail={'delta_swap_current': 0, 'swap_saturated': False, 'workingset_refault_anon': 6412} events={'low': 0, 'high': 0, 'max': 6, 'oom': 0, 'oom_kill': 0, 'oom_group_kill': 0}
[container_monitor] pf-test-2: current=500.9MiB swap=64.6MiB max=501.0MiB cpu.usage_usec=1989665 method=swap_current_delta_fallback detail={'delta_swap_current': 0, 'swap_saturated': False, 'workingset_refault_anon': 6412} events={'low': 0, 'high': 0, 'max': 6, 'oom': 0, 'oom_kill': 0, 'oom_group_kill': 0}
[container_monitor] pf-test-2: current=500.9MiB swap=64.6MiB max=501.0MiB cpu.usage_usec=1994594 method=swap_current_delta_fallback detail={'delta_swap_current': 0, 'swap_saturated': False, 'workingset_refault_anon': 6416} events={'low': 0, 'high': 0, 'max': 6, 'oom': 0, 'oom_kill': 0, 'oom_group_kill': 0}
[container_monitor] pf-test-2: current=500.9MiB swap=64.6MiB max=501.0MiB cpu.usage_usec=1999762 method=swap_current_delta_fallback detail={'delta_swap_current': 0, 'swap_saturated': False, 'workingset_refault_anon': 6417} events={'low': 0, 'high': 0, 'max': 6, 'oom': 0, 'oom_kill': 0, 'oom_group_kill': 0}
[container_monitor] pf-test-2: current=501.0MiB swap=64.6MiB max=501.0MiB cpu.usage_usec=2004982 method=swap_current_delta_fallback detail={'delta_swap_current': 0, 'swap_saturated': False, 'workingset_refault_anon': 6417} events={'low': 0, 'high': 0, 'max': 6, 'oom': 0, 'oom_kill': 0, 'oom_group_kill': 0}
[container_monitor] pf-test-2: current=501.0MiB swap=64.6MiB max=501.0MiB cpu.usage_usec=2006026 method=swap_current_delta_fallback detail={'delta_swap_current': 0, 'swap_saturated': False, 'workingset_refault_anon': 6427} events={'low': 0, 'high': 0, 'max': 6, 'oom': 0, 'oom_kill': 0, 'oom_group_kill': 0}
[container_monitor] pf-test-2: current=501.0MiB swap=64.6MiB max=501.0MiB cpu.usage_usec=2006722 method=swap_current_delta_fallback detail={'delta_swap_current': 0, 'swap_saturated': False, 'workingset_refault_anon': 6427} events={'low': 0, 'high': 0, 'max': 6, 'oom': 0, 'oom_kill': 0, 'oom_group_kill': 0}
[container_monitor] pf-test-2: current=500.8MiB swap=65.4MiB max=501.0MiB cpu.usage_usec=2010893 method=swap_current_delta_fallback detail={'delta_swap_current': 839680, 'swap_saturated': False, 'workingset_refault_anon': 6427} events={'low': 0, 'high': 0, 'max': 7, 'oom': 0, 'oom_kill': 0, 'oom_group_kill': 0}
[container_monitor] pf-test-2: OCM 감지 (method=swap_current_delta_fallback, detail={'delta_swap_current': 839680, 'swap_saturated': False, 'workingset_refault_anon': 6427})
[puff_manager] pf-test-2: puff 적용 501MiB -> 701MiB
[container_monitor] pf-test-2: puff 완료, 새 메모리 한도 701MiB
[container_monitor] pf-test-2: 이미 suspend 상태, 재적용 생략
[container_monitor] pf-test-2: current=505.7MiB swap=65.4MiB max=701.0MiB cpu.usage_usec=2018770 method=swap_current_delta_fallback detail={'delta_swap_current': 0, 'swap_saturated': False, 'workingset_refault_anon': 6427} events={'low': 0, 'high': 0, 'max': 7, 'oom': 0, 'oom_kill': 0, 'oom_group_kill': 0}
[container_monitor] pf-test-2: current=508.2MiB swap=65.4MiB max=701.0MiB cpu.usage_usec=2023784 method=swap_current_delta_fallback detail={'delta_swap_current': 0, 'swap_saturated': False, 'workingset_refault_anon': 6427} events={'low': 0, 'high': 0, 'max': 7, 'oom': 0, 'oom_kill': 0, 'oom_group_kill': 0}
[container_monitor] pf-test-2: current=510.4MiB swap=65.4MiB max=701.0MiB cpu.usage_usec=2028172 method=swap_current_delta_fallback detail={'delta_swap_current': 0, 'swap_saturated': False, 'workingset_refault_anon': 6427} events={'low': 0, 'high': 0, 'max': 7, 'oom': 0, 'oom_kill': 0, 'oom_group_kill': 0}
[container_monitor] pf-test-2: current=511.6MiB swap=65.4MiB max=701.0MiB cpu.usage_usec=2033584 method=swap_current_delta_fallback detail={'delta_swap_current': 0, 'swap_saturated': False, 'workingset_refault_anon': 6427} events={'low': 0, 'high': 0, 'max': 7, 'oom': 0, 'oom_kill': 0, 'oom_group_kill': 0}
[container_monitor] pf-test-2: current=512.6MiB swap=65.4MiB max=701.0MiB cpu.usage_usec=2037942 method=swap_current_delta_fallback detail={'delta_swap_current': 0, 'swap_saturated': False, 'workingset_refault_anon': 6427} events={'low': 0, 'high': 0, 'max': 7, 'oom': 0, 'oom_kill': 0, 'oom_group_kill': 0}
[container_monitor] pf-test-2: current=513.8MiB swap=65.4MiB max=701.0MiB cpu.usage_usec=2043118 method=swap_current_delta_fallback detail={'delta_swap_current': 0, 'swap_saturated': False, 'workingset_refault_anon': 6427} events={'low': 0, 'high': 0, 'max': 7, 'oom': 0, 'oom_kill': 0, 'oom_group_kill': 0}
[container_monitor] pf-test-2: current=515.0MiB swap=65.4MiB max=701.0MiB cpu.usage_usec=2047975 method=swap_current_delta_fallback detail={'delta_swap_current': 0, 'swap_saturated': False, 'workingset_refault_anon': 6427} events={'low': 0, 'high': 0, 'max': 7, 'oom': 0, 'oom_kill': 0, 'oom_group_kill': 0}
[container_monitor] pf-test-2: current=518.1MiB swap=65.4MiB max=701.0MiB cpu.usage_usec=2053561 method=swap_current_delta_fallback detail={'delta_swap_current': 0, 'swap_saturated': False, 'workingset_refault_anon': 6427} events={'low': 0, 'high': 0, 'max': 7, 'oom': 0, 'oom_kill': 0, 'oom_group_kill': 0}
[container_monitor] pf-test-2: current=519.3MiB swap=65.4MiB max=701.0MiB cpu.usage_usec=2058012 method=swap_current_delta_fallback detail={'delta_swap_current': 0, 'swap_saturated': False, 'workingset_refault_anon': 6427} events={'low': 0, 'high': 0, 'max': 7, 'oom': 0, 'oom_kill': 0, 'oom_group_kill': 0}
[container_monitor] pf-test-2: current=520.6MiB swap=65.4MiB max=701.0MiB cpu.usage_usec=2063083 method=swap_current_delta_fallback detail={'delta_swap_current': 0, 'swap_saturated': False, 'workingset_refault_anon': 6427} events={'low': 0, 'high': 0, 'max': 7, 'oom': 0, 'oom_kill': 0, 'oom_group_kill': 0}
[container_monitor] pf-test-2: current=523.2MiB swap=65.4MiB max=701.0MiB cpu.usage_usec=2068523 method=swap_current_delta_fallback detail={'delta_swap_current': -86016, 'swap_saturated': False, 'workingset_refault_anon': 6427} events={'low': 0, 'high': 0, 'max': 7, 'oom': 0, 'oom_kill': 0, 'oom_group_kill': 0}
[container_monitor] pf-test-2: current=525.6MiB swap=65.4MiB max=701.0MiB cpu.usage_usec=2073764 method=swap_current_delta_fallback detail={'delta_swap_current': 0, 'swap_saturated': False, 'workingset_refault_anon': 6427} events={'low': 0, 'high': 0, 'max': 7, 'oom': 0, 'oom_kill': 0, 'oom_group_kill': 0}
[container_monitor] pf-test-2: current=527.7MiB swap=65.4MiB max=701.0MiB cpu.usage_usec=2078595 method=swap_current_delta_fallback detail={'delta_swap_current': 0, 'swap_saturated': False, 'workingset_refault_anon': 6427} events={'low': 0, 'high': 0, 'max': 7, 'oom': 0, 'oom_kill': 0, 'oom_group_kill': 0}
[container_monitor] pf-test-2: current=531.6MiB swap=65.4MiB max=701.0MiB cpu.usage_usec=2083850 method=swap_current_delta_fallback detail={'delta_swap_current': 0, 'swap_saturated': False, 'workingset_refault_anon': 6427} events={'low': 0, 'high': 0, 'max': 7, 'oom': 0, 'oom_kill': 0, 'oom_group_kill': 0}
[container_monitor] pf-test-2: current=532.7MiB swap=65.4MiB max=701.0MiB cpu.usage_usec=2088489 method=swap_current_delta_fallback detail={'delta_swap_current': 0, 'swap_saturated': False, 'workingset_refault_anon': 6427} events={'low': 0, 'high': 0, 'max': 7, 'oom': 0, 'oom_kill': 0, 'oom_group_kill': 0}
[container_monitor] pf-test-2: current=536.3MiB swap=65.4MiB max=701.0MiB cpu.usage_usec=2093440 method=swap_current_delta_fallback detail={'delta_swap_current': 0, 'swap_saturated': False, 'workingset_refault_anon': 6427} events={'low': 0, 'high': 0, 'max': 7, 'oom': 0, 'oom_kill': 0, 'oom_group_kill': 0}
[container_monitor] pf-test-2: current=541.0MiB swap=65.4MiB max=701.0MiB cpu.usage_usec=2098332 method=swap_current_delta_fallback detail={'delta_swap_current': 0, 'swap_saturated': False, 'workingset_refault_anon': 6427} events={'low': 0, 'high': 0, 'max': 7, 'oom': 0, 'oom_kill': 0, 'oom_group_kill': 0}
[container_monitor] pf-test-2: current=543.7MiB swap=65.4MiB max=701.0MiB cpu.usage_usec=2103847 method=swap_current_delta_fallback detail={'delta_swap_current': 0, 'swap_saturated': False, 'workingset_refault_anon': 6427} events={'low': 0, 'high': 0, 'max': 7, 'oom': 0, 'oom_kill': 0, 'oom_group_kill': 0}
[container_monitor] pf-test-2: current=547.9MiB swap=65.4MiB max=701.0MiB cpu.usage_usec=2108876 method=swap_current_delta_fallback detail={'delta_swap_current': 0, 'swap_saturated': False, 'workingset_refault_anon': 6427} events={'low': 0, 'high': 0, 'max': 7, 'oom': 0, 'oom_kill': 0, 'oom_group_kill': 0}
[container_monitor] pf-test-2: current=549.1MiB swap=65.4MiB max=701.0MiB cpu.usage_usec=2113024 method=swap_current_delta_fallback detail={'delta_swap_current': 0, 'swap_saturated': False, 'workingset_refault_anon': 6427} events={'low': 0, 'high': 0, 'max': 7, 'oom': 0, 'oom_kill': 0, 'oom_group_kill': 0}
[container_monitor] pf-test-2: current=550.4MiB swap=65.4MiB max=701.0MiB cpu.usage_usec=2118164 method=swap_current_delta_fallback detail={'delta_swap_current': 0, 'swap_saturated': False, 'workingset_refault_anon': 6427} events={'low': 0, 'high': 0, 'max': 7, 'oom': 0, 'oom_kill': 0, 'oom_group_kill': 0}
[container_monitor] pf-test-2: current=552.2MiB swap=65.4MiB max=701.0MiB cpu.usage_usec=2123163 method=swap_current_delta_fallback detail={'delta_swap_current': 0, 'swap_saturated': False, 'workingset_refault_anon': 6427} events={'low': 0, 'high': 0, 'max': 7, 'oom': 0, 'oom_kill': 0, 'oom_group_kill': 0}
[container_monitor] pf-test-2: current=554.4MiB swap=65.4MiB max=701.0MiB cpu.usage_usec=2128438 method=swap_current_delta_fallback detail={'delta_swap_current': 0, 'swap_saturated': False, 'workingset_refault_anon': 6427} events={'low': 0, 'high': 0, 'max': 7, 'oom': 0, 'oom_kill': 0, 'oom_group_kill': 0}
[container_monitor] pf-test-2: current=555.1MiB swap=65.4MiB max=701.0MiB cpu.usage_usec=2133506 method=swap_current_delta_fallback detail={'delta_swap_current': 0, 'swap_saturated': False, 'workingset_refault_anon': 6427} events={'low': 0, 'high': 0, 'max': 7, 'oom': 0, 'oom_kill': 0, 'oom_group_kill': 0}
[container_monitor] pf-test-2: current=556.5MiB swap=65.4MiB max=701.0MiB cpu.usage_usec=2137940 method=swap_current_delta_fallback detail={'delta_swap_current': 0, 'swap_saturated': False, 'workingset_refault_anon': 6427} events={'low': 0, 'high': 0, 'max': 7, 'oom': 0, 'oom_kill': 0, 'oom_group_kill': 0}
[container_monitor] pf-test-2: current=558.5MiB swap=65.4MiB max=701.0MiB cpu.usage_usec=2143753 method=swap_current_delta_fallback detail={'delta_swap_current': 0, 'swap_saturated': False, 'workingset_refault_anon': 6427} events={'low': 0, 'high': 0, 'max': 7, 'oom': 0, 'oom_kill': 0, 'oom_group_kill': 0}
[container_monitor] pf-test-2: current=559.8MiB swap=65.4MiB max=701.0MiB cpu.usage_usec=2148562 method=swap_current_delta_fallback detail={'delta_swap_current': 0, 'swap_saturated': False, 'workingset_refault_anon': 6427} events={'low': 0, 'high': 0, 'max': 7, 'oom': 0, 'oom_kill': 0, 'oom_group_kill': 0}
[container_monitor] pf-test-2: current=561.5MiB swap=65.4MiB max=701.0MiB cpu.usage_usec=2153368 method=swap_current_delta_fallback detail={'delta_swap_current': 0, 'swap_saturated': False, 'workingset_refault_anon': 6427} events={'low': 0, 'high': 0, 'max': 7, 'oom': 0, 'oom_kill': 0, 'oom_group_kill': 0}
[container_monitor] pf-test-2: current=564.3MiB swap=65.4MiB max=701.0MiB cpu.usage_usec=2158899 method=swap_current_delta_fallback detail={'delta_swap_current': 0, 'swap_saturated': False, 'workingset_refault_anon': 6427} events={'low': 0, 'high': 0, 'max': 7, 'oom': 0, 'oom_kill': 0, 'oom_group_kill': 0}
[container_monitor] pf-test-2: current=566.0MiB swap=65.4MiB max=701.0MiB cpu.usage_usec=2163325 method=swap_current_delta_fallback detail={'delta_swap_current': 0, 'swap_saturated': False, 'workingset_refault_anon': 6427} events={'low': 0, 'high': 0, 'max': 7, 'oom': 0, 'oom_kill': 0, 'oom_group_kill': 0}
[container_monitor] pf-test-2: current=567.2MiB swap=65.4MiB max=701.0MiB cpu.usage_usec=2168258 method=swap_current_delta_fallback detail={'delta_swap_current': 0, 'swap_saturated': False, 'workingset_refault_anon': 6427} events={'low': 0, 'high': 0, 'max': 7, 'oom': 0, 'oom_kill': 0, 'oom_group_kill': 0}
[container_monitor] pf-test-2: current=568.9MiB swap=65.4MiB max=701.0MiB cpu.usage_usec=2173635 method=swap_current_delta_fallback detail={'delta_swap_current': 0, 'swap_saturated': False, 'workingset_refault_anon': 6427} events={'low': 0, 'high': 0, 'max': 7, 'oom': 0, 'oom_kill': 0, 'oom_group_kill': 0}
[container_monitor] pf-test-2: current=571.8MiB swap=65.4MiB max=701.0MiB cpu.usage_usec=2178122 method=swap_current_delta_fallback detail={'delta_swap_current': 0, 'swap_saturated': False, 'workingset_refault_anon': 6427} events={'low': 0, 'high': 0, 'max': 7, 'oom': 0, 'oom_kill': 0, 'oom_group_kill': 0}
[container_monitor] pf-test-2: current=577.5MiB swap=65.4MiB max=701.0MiB cpu.usage_usec=2183247 method=swap_current_delta_fallback detail={'delta_swap_current': 0, 'swap_saturated': False, 'workingset_refault_anon': 6427} events={'low': 0, 'high': 0, 'max': 7, 'oom': 0, 'oom_kill': 0, 'oom_group_kill': 0}
[container_monitor] pf-test-2: current=578.9MiB swap=65.4MiB max=701.0MiB cpu.usage_usec=2188101 method=swap_current_delta_fallback detail={'delta_swap_current': 0, 'swap_saturated': False, 'workingset_refault_anon': 6427} events={'low': 0, 'high': 0, 'max': 7, 'oom': 0, 'oom_kill': 0, 'oom_group_kill': 0}
[container_monitor] pf-test-2: current=581.5MiB swap=65.4MiB max=701.0MiB cpu.usage_usec=2194073 method=swap_current_delta_fallback detail={'delta_swap_current': 0, 'swap_saturated': False, 'workingset_refault_anon': 6427} events={'low': 0, 'high': 0, 'max': 7, 'oom': 0, 'oom_kill': 0, 'oom_group_kill': 0}
[container_monitor] pf-test-2: current=583.6MiB swap=65.4MiB max=701.0MiB cpu.usage_usec=2199164 method=swap_current_delta_fallback detail={'delta_swap_current': 0, 'swap_saturated': False, 'workingset_refault_anon': 6427} events={'low': 0, 'high': 0, 'max': 7, 'oom': 0, 'oom_kill': 0, 'oom_group_kill': 0}
[container_monitor] pf-test-2: current=584.9MiB swap=65.4MiB max=701.0MiB cpu.usage_usec=2204327 method=swap_current_delta_fallback detail={'delta_swap_current': 0, 'swap_saturated': False, 'workingset_refault_anon': 6427} events={'low': 0, 'high': 0, 'max': 7, 'oom': 0, 'oom_kill': 0, 'oom_group_kill': 0}
[container_monitor] pf-test-2: current=586.5MiB swap=65.4MiB max=701.0MiB cpu.usage_usec=2209008 method=swap_current_delta_fallback detail={'delta_swap_current': 0, 'swap_saturated': False, 'workingset_refault_anon': 6427} events={'low': 0, 'high': 0, 'max': 7, 'oom': 0, 'oom_kill': 0, 'oom_group_kill': 0}
[container_monitor] pf-test-2: current=589.6MiB swap=65.4MiB max=701.0MiB cpu.usage_usec=2214019 method=swap_current_delta_fallback detail={'delta_swap_current': 0, 'swap_saturated': False, 'workingset_refault_anon': 6427} events={'low': 0, 'high': 0, 'max': 7, 'oom': 0, 'oom_kill': 0, 'oom_group_kill': 0}
[container_monitor] pf-test-2: current=591.5MiB swap=65.4MiB max=701.0MiB cpu.usage_usec=2219795 method=swap_current_delta_fallback detail={'delta_swap_current': 0, 'swap_saturated': False, 'workingset_refault_anon': 6427} events={'low': 0, 'high': 0, 'max': 7, 'oom': 0, 'oom_kill': 0, 'oom_group_kill': 0}
[container_monitor] pf-test-2: current=594.7MiB swap=65.4MiB max=701.0MiB cpu.usage_usec=2224630 method=swap_current_delta_fallback detail={'delta_swap_current': 0, 'swap_saturated': False, 'workingset_refault_anon': 6427} events={'low': 0, 'high': 0, 'max': 7, 'oom': 0, 'oom_kill': 0, 'oom_group_kill': 0}
[container_monitor] pf-test-2: current=598.0MiB swap=65.4MiB max=701.0MiB cpu.usage_usec=2229664 method=swap_current_delta_fallback detail={'delta_swap_current': 0, 'swap_saturated': False, 'workingset_refault_anon': 6427} events={'low': 0, 'high': 0, 'max': 7, 'oom': 0, 'oom_kill': 0, 'oom_group_kill': 0}
[container_monitor] pf-test-2: current=600.1MiB swap=65.4MiB max=701.0MiB cpu.usage_usec=2234222 method=swap_current_delta_fallback detail={'delta_swap_current': 0, 'swap_saturated': False, 'workingset_refault_anon': 6427} events={'low': 0, 'high': 0, 'max': 7, 'oom': 0, 'oom_kill': 0, 'oom_group_kill': 0}
[container_monitor] pf-test-2: current=602.9MiB swap=65.4MiB max=701.0MiB cpu.usage_usec=2239347 method=swap_current_delta_fallback detail={'delta_swap_current': 0, 'swap_saturated': False, 'workingset_refault_anon': 6427} events={'low': 0, 'high': 0, 'max': 7, 'oom': 0, 'oom_kill': 0, 'oom_group_kill': 0}
[container_monitor] pf-test-2: current=605.5MiB swap=65.4MiB max=701.0MiB cpu.usage_usec=2244216 method=swap_current_delta_fallback detail={'delta_swap_current': 0, 'swap_saturated': False, 'workingset_refault_anon': 6427} events={'low': 0, 'high': 0, 'max': 7, 'oom': 0, 'oom_kill': 0, 'oom_group_kill': 0}
[container_monitor] pf-test-2: current=607.5MiB swap=65.4MiB max=701.0MiB cpu.usage_usec=2249772 method=swap_current_delta_fallback detail={'delta_swap_current': 0, 'swap_saturated': False, 'workingset_refault_anon': 6427} events={'low': 0, 'high': 0, 'max': 7, 'oom': 0, 'oom_kill': 0, 'oom_group_kill': 0}
[container_monitor] pf-test-2: current=609.1MiB swap=65.4MiB max=701.0MiB cpu.usage_usec=2254286 method=swap_current_delta_fallback detail={'delta_swap_current': 0, 'swap_saturated': False, 'workingset_refault_anon': 6427} events={'low': 0, 'high': 0, 'max': 7, 'oom': 0, 'oom_kill': 0, 'oom_group_kill': 0}
[container_monitor] pf-test-2: current=611.2MiB swap=65.4MiB max=701.0MiB cpu.usage_usec=2259812 method=swap_current_delta_fallback detail={'delta_swap_current': 0, 'swap_saturated': False, 'workingset_refault_anon': 6427} events={'low': 0, 'high': 0, 'max': 7, 'oom': 0, 'oom_kill': 0, 'oom_group_kill': 0}
[container_monitor] pf-test-2: current=613.1MiB swap=65.4MiB max=701.0MiB cpu.usage_usec=2264727 method=swap_current_delta_fallback detail={'delta_swap_current': 0, 'swap_saturated': False, 'workingset_refault_anon': 6427} events={'low': 0, 'high': 0, 'max': 7, 'oom': 0, 'oom_kill': 0, 'oom_group_kill': 0}
[container_monitor] pf-test-2: current=614.7MiB swap=65.4MiB max=701.0MiB cpu.usage_usec=2269089 method=swap_current_delta_fallback detail={'delta_swap_current': 0, 'swap_saturated': False, 'workingset_refault_anon': 6427} events={'low': 0, 'high': 0, 'max': 7, 'oom': 0, 'oom_kill': 0, 'oom_group_kill': 0}
[container_monitor] pf-test-2: current=617.0MiB swap=65.4MiB max=701.0MiB cpu.usage_usec=2274501 method=swap_current_delta_fallback detail={'delta_swap_current': 0, 'swap_saturated': False, 'workingset_refault_anon': 6427} events={'low': 0, 'high': 0, 'max': 7, 'oom': 0, 'oom_kill': 0, 'oom_group_kill': 0}
[container_monitor] pf-test-2: current=620.3MiB swap=65.4MiB max=701.0MiB cpu.usage_usec=2279095 method=swap_current_delta_fallback detail={'delta_swap_current': 0, 'swap_saturated': False, 'workingset_refault_anon': 6427} events={'low': 0, 'high': 0, 'max': 7, 'oom': 0, 'oom_kill': 0, 'oom_group_kill': 0}
[container_monitor] pf-test-2: current=623.7MiB swap=65.4MiB max=701.0MiB cpu.usage_usec=2283960 method=swap_current_delta_fallback detail={'delta_swap_current': 0, 'swap_saturated': False, 'workingset_refault_anon': 6427} events={'low': 0, 'high': 0, 'max': 7, 'oom': 0, 'oom_kill': 0, 'oom_group_kill': 0}
[container_monitor] pf-test-2: current=630.3MiB swap=65.4MiB max=701.0MiB cpu.usage_usec=2289734 method=swap_current_delta_fallback detail={'delta_swap_current': 0, 'swap_saturated': False, 'workingset_refault_anon': 6427} events={'low': 0, 'high': 0, 'max': 7, 'oom': 0, 'oom_kill': 0, 'oom_group_kill': 0}
[container_monitor] pf-test-2: current=632.8MiB swap=65.4MiB max=701.0MiB cpu.usage_usec=2294910 method=swap_current_delta_fallback detail={'delta_swap_current': 0, 'swap_saturated': False, 'workingset_refault_anon': 6427} events={'low': 0, 'high': 0, 'max': 7, 'oom': 0, 'oom_kill': 0, 'oom_group_kill': 0}
[container_monitor] pf-test-2: current=635.2MiB swap=65.4MiB max=701.0MiB cpu.usage_usec=2299809 method=swap_current_delta_fallback detail={'delta_swap_current': 0, 'swap_saturated': False, 'workingset_refault_anon': 6427} events={'low': 0, 'high': 0, 'max': 7, 'oom': 0, 'oom_kill': 0, 'oom_group_kill': 0}
[container_monitor] pf-test-2: current=640.8MiB swap=65.4MiB max=701.0MiB cpu.usage_usec=2304211 method=swap_current_delta_fallback detail={'delta_swap_current': 0, 'swap_saturated': False, 'workingset_refault_anon': 6427} events={'low': 0, 'high': 0, 'max': 7, 'oom': 0, 'oom_kill': 0, 'oom_group_kill': 0}
[container_monitor] pf-test-2: current=645.9MiB swap=65.4MiB max=701.0MiB cpu.usage_usec=2309115 method=swap_current_delta_fallback detail={'delta_swap_current': 0, 'swap_saturated': False, 'workingset_refault_anon': 6427} events={'low': 0, 'high': 0, 'max': 7, 'oom': 0, 'oom_kill': 0, 'oom_group_kill': 0}
[container_monitor] pf-test-2: current=649.2MiB swap=65.4MiB max=701.0MiB cpu.usage_usec=2314545 method=swap_current_delta_fallback detail={'delta_swap_current': 0, 'swap_saturated': False, 'workingset_refault_anon': 6427} events={'low': 0, 'high': 0, 'max': 7, 'oom': 0, 'oom_kill': 0, 'oom_group_kill': 0}
[container_monitor] pf-test-2: current=653.9MiB swap=65.4MiB max=701.0MiB cpu.usage_usec=2319145 method=swap_current_delta_fallback detail={'delta_swap_current': 0, 'swap_saturated': False, 'workingset_refault_anon': 6427} events={'low': 0, 'high': 0, 'max': 7, 'oom': 0, 'oom_kill': 0, 'oom_group_kill': 0}
[container_monitor] pf-test-2: current=661.0MiB swap=65.4MiB max=701.0MiB cpu.usage_usec=2324226 method=swap_current_delta_fallback detail={'delta_swap_current': 0, 'swap_saturated': False, 'workingset_refault_anon': 6427} events={'low': 0, 'high': 0, 'max': 7, 'oom': 0, 'oom_kill': 0, 'oom_group_kill': 0}
[container_monitor] pf-test-2: current=666.7MiB swap=65.4MiB max=701.0MiB cpu.usage_usec=2329116 method=swap_current_delta_fallback detail={'delta_swap_current': 0, 'swap_saturated': False, 'workingset_refault_anon': 6427} events={'low': 0, 'high': 0, 'max': 7, 'oom': 0, 'oom_kill': 0, 'oom_group_kill': 0}
[container_monitor] pf-test-2: current=669.7MiB swap=65.4MiB max=701.0MiB cpu.usage_usec=2333901 method=swap_current_delta_fallback detail={'delta_swap_current': 0, 'swap_saturated': False, 'workingset_refault_anon': 6427} events={'low': 0, 'high': 0, 'max': 7, 'oom': 0, 'oom_kill': 0, 'oom_group_kill': 0}
[container_monitor] pf-test-2: current=674.2MiB swap=65.4MiB max=701.0MiB cpu.usage_usec=2339067 method=swap_current_delta_fallback detail={'delta_swap_current': 0, 'swap_saturated': False, 'workingset_refault_anon': 6427} events={'low': 0, 'high': 0, 'max': 7, 'oom': 0, 'oom_kill': 0, 'oom_group_kill': 0}
[container_monitor] pf-test-2: current=678.1MiB swap=65.4MiB max=701.0MiB cpu.usage_usec=2344016 method=swap_current_delta_fallback detail={'delta_swap_current': 0, 'swap_saturated': False, 'workingset_refault_anon': 6427} events={'low': 0, 'high': 0, 'max': 7, 'oom': 0, 'oom_kill': 0, 'oom_group_kill': 0}
[container_monitor] pf-test-2: current=680.3MiB swap=65.4MiB max=701.0MiB cpu.usage_usec=2349342 method=swap_current_delta_fallback detail={'delta_swap_current': 0, 'swap_saturated': False, 'workingset_refault_anon': 6427} events={'low': 0, 'high': 0, 'max': 7, 'oom': 0, 'oom_kill': 0, 'oom_group_kill': 0}
[container_monitor] pf-test-2: current=683.0MiB swap=65.4MiB max=701.0MiB cpu.usage_usec=2354680 method=swap_current_delta_fallback detail={'delta_swap_current': 0, 'swap_saturated': False, 'workingset_refault_anon': 6427} events={'low': 0, 'high': 0, 'max': 7, 'oom': 0, 'oom_kill': 0, 'oom_group_kill': 0}
[container_monitor] pf-test-2: current=688.0MiB swap=65.4MiB max=701.0MiB cpu.usage_usec=2359422 method=swap_current_delta_fallback detail={'delta_swap_current': 0, 'swap_saturated': False, 'workingset_refault_anon': 6427} events={'low': 0, 'high': 0, 'max': 7, 'oom': 0, 'oom_kill': 0, 'oom_group_kill': 0}
[container_monitor] pf-test-2: current=691.0MiB swap=65.4MiB max=701.0MiB cpu.usage_usec=2364556 method=swap_current_delta_fallback detail={'delta_swap_current': 0, 'swap_saturated': False, 'workingset_refault_anon': 6427} events={'low': 0, 'high': 0, 'max': 7, 'oom': 0, 'oom_kill': 0, 'oom_group_kill': 0}
[container_monitor] pf-test-2: current=693.9MiB swap=65.4MiB max=701.0MiB cpu.usage_usec=2369249 method=swap_current_delta_fallback detail={'delta_swap_current': 0, 'swap_saturated': False, 'workingset_refault_anon': 6427} events={'low': 0, 'high': 0, 'max': 7, 'oom': 0, 'oom_kill': 0, 'oom_group_kill': 0}
[container_monitor] pf-test-2: current=696.9MiB swap=65.4MiB max=701.0MiB cpu.usage_usec=2374730 method=swap_current_delta_fallback detail={'delta_swap_current': 0, 'swap_saturated': False, 'workingset_refault_anon': 6427} events={'low': 0, 'high': 0, 'max': 7, 'oom': 0, 'oom_kill': 0, 'oom_group_kill': 0}
[container_monitor] pf-test-2: current=699.8MiB swap=65.4MiB max=701.0MiB cpu.usage_usec=2379261 method=swap_current_delta_fallback detail={'delta_swap_current': 0, 'swap_saturated': False, 'workingset_refault_anon': 6427} events={'low': 0, 'high': 0, 'max': 7, 'oom': 0, 'oom_kill': 0, 'oom_group_kill': 0}
[container_monitor] pf-test-2: current=700.9MiB swap=65.5MiB max=701.0MiB cpu.usage_usec=2384144 method=swap_current_delta_fallback detail={'delta_swap_current': 131072, 'swap_saturated': False, 'workingset_refault_anon': 6427} events={'low': 0, 'high': 0, 'max': 10, 'oom': 0, 'oom_kill': 0, 'oom_group_kill': 0}
[container_monitor] pf-test-2: OCM 감지 (method=swap_current_delta_fallback, detail={'delta_swap_current': 131072, 'swap_saturated': False, 'workingset_refault_anon': 6427})
[puff_manager] pf-test-2: puff 적용 701MiB -> 981MiB
[container_monitor] pf-test-2: puff 완료, 새 메모리 한도 981MiB
[container_monitor] pf-test-2: 이미 suspend 상태, 재적용 생략
[container_monitor] pf-test-2: current=700.9MiB swap=65.5MiB max=981.0MiB cpu.usage_usec=2395406 method=swap_current_delta_fallback detail={'delta_swap_current': 0, 'swap_saturated': False, 'workingset_refault_anon': 6427} events={'low': 0, 'high': 0, 'max': 10, 'oom': 0, 'oom_kill': 0, 'oom_group_kill': 0}
[container_monitor] pf-test-2: current=701.2MiB swap=65.4MiB max=981.0MiB cpu.usage_usec=2400606 method=swap_current_delta_fallback detail={'delta_swap_current': -139264, 'swap_saturated': False, 'workingset_refault_anon': 6504} events={'low': 0, 'high': 0, 'max': 10, 'oom': 0, 'oom_kill': 0, 'oom_group_kill': 0}
[container_monitor] pf-test-2: current=701.2MiB swap=65.4MiB max=981.0MiB cpu.usage_usec=2402062 method=swap_current_delta_fallback detail={'delta_swap_current': 0, 'swap_saturated': False, 'workingset_refault_anon': 6504} events={'low': 0, 'high': 0, 'max': 10, 'oom': 0, 'oom_kill': 0, 'oom_group_kill': 0}
[container_monitor] pf-test-2: current=701.2MiB swap=65.4MiB max=981.0MiB cpu.usage_usec=2402780 method=swap_current_delta_fallback detail={'delta_swap_current': 0, 'swap_saturated': False, 'workingset_refault_anon': 6504} events={'low': 0, 'high': 0, 'max': 10, 'oom': 0, 'oom_kill': 0, 'oom_group_kill': 0}
[container_monitor] pf-test-2: current=701.2MiB swap=65.4MiB max=981.0MiB cpu.usage_usec=2403678 method=swap_current_delta_fallback detail={'delta_swap_current': 0, 'swap_saturated': False, 'workingset_refault_anon': 6504} events={'low': 0, 'high': 0, 'max': 10, 'oom': 0, 'oom_kill': 0, 'oom_group_kill': 0}
[container_monitor] pf-test-2: current=701.2MiB swap=65.4MiB max=981.0MiB cpu.usage_usec=2407697 method=swap_current_delta_fallback detail={'delta_swap_current': 0, 'swap_saturated': False, 'workingset_refault_anon': 6504} events={'low': 0, 'high': 0, 'max': 10, 'oom': 0, 'oom_kill': 0, 'oom_group_kill': 0}
[container_monitor] pf-test-2: current=701.2MiB swap=65.4MiB max=981.0MiB cpu.usage_usec=2412417 method=swap_current_delta_fallback detail={'delta_swap_current': 0, 'swap_saturated': False, 'workingset_refault_anon': 6504} events={'low': 0, 'high': 0, 'max': 10, 'oom': 0, 'oom_kill': 0, 'oom_group_kill': 0}
[container_monitor] pf-test-2: current=701.2MiB swap=65.4MiB max=981.0MiB cpu.usage_usec=2417776 method=swap_current_delta_fallback detail={'delta_swap_current': 0, 'swap_saturated': False, 'workingset_refault_anon': 6504} events={'low': 0, 'high': 0, 'max': 10, 'oom': 0, 'oom_kill': 0, 'oom_group_kill': 0}
[container_monitor] pf-test-2: current=701.2MiB swap=65.4MiB max=981.0MiB cpu.usage_usec=2421459 method=swap_current_delta_fallback detail={'delta_swap_current': 0, 'swap_saturated': False, 'workingset_refault_anon': 6504} events={'low': 0, 'high': 0, 'max': 10, 'oom': 0, 'oom_kill': 0, 'oom_group_kill': 0}
[container_monitor] pf-test-2: current=701.2MiB swap=65.4MiB max=981.0MiB cpu.usage_usec=2422341 method=swap_current_delta_fallback detail={'delta_swap_current': 0, 'swap_saturated': False, 'workingset_refault_anon': 6504} events={'low': 0, 'high': 0, 'max': 10, 'oom': 0, 'oom_kill': 0, 'oom_group_kill': 0}
[container_monitor] pf-test-2: current=701.2MiB swap=65.4MiB max=981.0MiB cpu.usage_usec=2424206 method=swap_current_delta_fallback detail={'delta_swap_current': 0, 'swap_saturated': False, 'workingset_refault_anon': 6504} events={'low': 0, 'high': 0, 'max': 10, 'oom': 0, 'oom_kill': 0, 'oom_group_kill': 0}
[container_monitor] pf-test-2: current=701.2MiB swap=65.4MiB max=981.0MiB cpu.usage_usec=2425012 method=swap_current_delta_fallback detail={'delta_swap_current': 0, 'swap_saturated': False, 'workingset_refault_anon': 6504} events={'low': 0, 'high': 0, 'max': 10, 'oom': 0, 'oom_kill': 0, 'oom_group_kill': 0}
[container_monitor] pf-test-2: current=701.2MiB swap=65.4MiB max=981.0MiB cpu.usage_usec=2429094 method=swap_current_delta_fallback detail={'delta_swap_current': 0, 'swap_saturated': False, 'workingset_refault_anon': 6504} events={'low': 0, 'high': 0, 'max': 10, 'oom': 0, 'oom_kill': 0, 'oom_group_kill': 0}
[container_monitor] pf-test-2: current=701.2MiB swap=65.4MiB max=981.0MiB cpu.usage_usec=2434152 method=swap_current_delta_fallback detail={'delta_swap_current': 0, 'swap_saturated': False, 'workingset_refault_anon': 6504} events={'low': 0, 'high': 0, 'max': 10, 'oom': 0, 'oom_kill': 0, 'oom_group_kill': 0}
[container_monitor] pf-test-2: current=701.2MiB swap=65.4MiB max=981.0MiB cpu.usage_usec=2438361 method=swap_current_delta_fallback detail={'delta_swap_current': 0, 'swap_saturated': False, 'workingset_refault_anon': 6504} events={'low': 0, 'high': 0, 'max': 10, 'oom': 0, 'oom_kill': 0, 'oom_group_kill': 0}
[container_monitor] pf-test-2: current=701.2MiB swap=65.4MiB max=981.0MiB cpu.usage_usec=2440749 method=swap_current_delta_fallback detail={'delta_swap_current': 0, 'swap_saturated': False, 'workingset_refault_anon': 6504} events={'low': 0, 'high': 0, 'max': 10, 'oom': 0, 'oom_kill': 0, 'oom_group_kill': 0}
[container_monitor] pf-test-2: current=701.2MiB swap=65.4MiB max=981.0MiB cpu.usage_usec=2441734 method=swap_current_delta_fallback detail={'delta_swap_current': 0, 'swap_saturated': False, 'workingset_refault_anon': 6504} events={'low': 0, 'high': 0, 'max': 10, 'oom': 0, 'oom_kill': 0, 'oom_group_kill': 0}
[container_monitor] pf-test-2: current=701.2MiB swap=65.4MiB max=981.0MiB cpu.usage_usec=2442565 method=swap_current_delta_fallback detail={'delta_swap_current': 0, 'swap_saturated': False, 'workingset_refault_anon': 6504} events={'low': 0, 'high': 0, 'max': 10, 'oom': 0, 'oom_kill': 0, 'oom_group_kill': 0}
[container_monitor] pf-test-2: current=701.2MiB swap=65.4MiB max=981.0MiB cpu.usage_usec=2443417 method=swap_current_delta_fallback detail={'delta_swap_current': 0, 'swap_saturated': False, 'workingset_refault_anon': 6504} events={'low': 0, 'high': 0, 'max': 10, 'oom': 0, 'oom_kill': 0, 'oom_group_kill': 0}
[container_monitor] pf-test-2: current=701.2MiB swap=65.4MiB max=981.0MiB cpu.usage_usec=2449199 method=swap_current_delta_fallback detail={'delta_swap_current': 0, 'swap_saturated': False, 'workingset_refault_anon': 6504} events={'low': 0, 'high': 0, 'max': 10, 'oom': 0, 'oom_kill': 0, 'oom_group_kill': 0}
[container_monitor] pf-test-2: current=701.2MiB swap=65.4MiB max=981.0MiB cpu.usage_usec=2453989 method=swap_current_delta_fallback detail={'delta_swap_current': 0, 'swap_saturated': False, 'workingset_refault_anon': 6504} events={'low': 0, 'high': 0, 'max': 10, 'oom': 0, 'oom_kill': 0, 'oom_group_kill': 0}
[container_monitor] pf-test-2: current=701.2MiB swap=65.4MiB max=981.0MiB cpu.usage_usec=2455664 method=swap_current_delta_fallback detail={'delta_swap_current': 0, 'swap_saturated': False, 'workingset_refault_anon': 6504} events={'low': 0, 'high': 0, 'max': 10, 'oom': 0, 'oom_kill': 0, 'oom_group_kill': 0}
[container_monitor] pf-test-2: current=701.2MiB swap=65.4MiB max=981.0MiB cpu.usage_usec=2456447 method=swap_current_delta_fallback detail={'delta_swap_current': 0, 'swap_saturated': False, 'workingset_refault_anon': 6504} events={'low': 0, 'high': 0, 'max': 10, 'oom': 0, 'oom_kill': 0, 'oom_group_kill': 0}
[container_monitor] pf-test-2: current=701.2MiB swap=65.4MiB max=981.0MiB cpu.usage_usec=2457192 method=swap_current_delta_fallback detail={'delta_swap_current': 0, 'swap_saturated': False, 'workingset_refault_anon': 6504} events={'low': 0, 'high': 0, 'max': 10, 'oom': 0, 'oom_kill': 0, 'oom_group_kill': 0}
[container_monitor] pf-test-2: current=701.2MiB swap=65.4MiB max=981.0MiB cpu.usage_usec=2457975 method=swap_current_delta_fallback detail={'delta_swap_current': 0, 'swap_saturated': False, 'workingset_refault_anon': 6504} events={'low': 0, 'high': 0, 'max': 10, 'oom': 0, 'oom_kill': 0, 'oom_group_kill': 0}
[container_monitor] pf-test-2: current=701.2MiB swap=65.4MiB max=981.0MiB cpu.usage_usec=2462728 method=swap_current_delta_fallback detail={'delta_swap_current': 0, 'swap_saturated': False, 'workingset_refault_anon': 6504} events={'low': 0, 'high': 0, 'max': 10, 'oom': 0, 'oom_kill': 0, 'oom_group_kill': 0}
[container_monitor] pf-test-2: current=701.2MiB swap=65.4MiB max=981.0MiB cpu.usage_usec=2467304 method=swap_current_delta_fallback detail={'delta_swap_current': 0, 'swap_saturated': False, 'workingset_refault_anon': 6504} events={'low': 0, 'high': 0, 'max': 10, 'oom': 0, 'oom_kill': 0, 'oom_group_kill': 0}
[container_monitor] pf-test-2: current=701.2MiB swap=65.4MiB max=981.0MiB cpu.usage_usec=2469874 method=swap_current_delta_fallback detail={'delta_swap_current': 0, 'swap_saturated': False, 'workingset_refault_anon': 6504} events={'low': 0, 'high': 0, 'max': 10, 'oom': 0, 'oom_kill': 0, 'oom_group_kill': 0}
[container_monitor] pf-test-2: current=701.2MiB swap=65.4MiB max=981.0MiB cpu.usage_usec=2470758 method=swap_current_delta_fallback detail={'delta_swap_current': 0, 'swap_saturated': False, 'workingset_refault_anon': 6504} events={'low': 0, 'high': 0, 'max': 10, 'oom': 0, 'oom_kill': 0, 'oom_group_kill': 0}
[container_monitor] pf-test-2: current=701.2MiB swap=65.4MiB max=981.0MiB cpu.usage_usec=2471512 method=swap_current_delta_fallback detail={'delta_swap_current': 0, 'swap_saturated': False, 'workingset_refault_anon': 6504} events={'low': 0, 'high': 0, 'max': 10, 'oom': 0, 'oom_kill': 0, 'oom_group_kill': 0}
[container_monitor] pf-test-2: current=701.2MiB swap=65.4MiB max=981.0MiB cpu.usage_usec=2472140 method=swap_current_delta_fallback detail={'delta_swap_current': 0, 'swap_saturated': False, 'workingset_refault_anon': 6504} events={'low': 0, 'high': 0, 'max': 10, 'oom': 0, 'oom_kill': 0, 'oom_group_kill': 0}
[container_monitor] pf-test-2: current=701.2MiB swap=65.4MiB max=981.0MiB cpu.usage_usec=2477299 method=swap_current_delta_fallback detail={'delta_swap_current': 0, 'swap_saturated': False, 'workingset_refault_anon': 6504} events={'low': 0, 'high': 0, 'max': 10, 'oom': 0, 'oom_kill': 0, 'oom_group_kill': 0}
[container_monitor] pf-test-2: current=701.2MiB swap=65.4MiB max=981.0MiB cpu.usage_usec=2482675 method=swap_current_delta_fallback detail={'delta_swap_current': 0, 'swap_saturated': False, 'workingset_refault_anon': 6504} events={'low': 0, 'high': 0, 'max': 10, 'oom': 0, 'oom_kill': 0, 'oom_group_kill': 0}
[container_monitor] pf-test-2: current=701.2MiB swap=65.4MiB max=981.0MiB cpu.usage_usec=2487266 method=swap_current_delta_fallback detail={'delta_swap_current': 0, 'swap_saturated': False, 'workingset_refault_anon': 6504} events={'low': 0, 'high': 0, 'max': 10, 'oom': 0, 'oom_kill': 0, 'oom_group_kill': 0}
[container_monitor] pf-test-2: current=701.2MiB swap=65.4MiB max=981.0MiB cpu.usage_usec=2488306 method=swap_current_delta_fallback detail={'delta_swap_current': 0, 'swap_saturated': False, 'workingset_refault_anon': 6504} events={'low': 0, 'high': 0, 'max': 10, 'oom': 0, 'oom_kill': 0, 'oom_group_kill': 0}
[container_monitor] pf-test-2: current=701.2MiB swap=65.4MiB max=981.0MiB cpu.usage_usec=2489236 method=swap_current_delta_fallback detail={'delta_swap_current': 0, 'swap_saturated': False, 'workingset_refault_anon': 6504} events={'low': 0, 'high': 0, 'max': 10, 'oom': 0, 'oom_kill': 0, 'oom_group_kill': 0}
[container_monitor] pf-test-2: current=701.2MiB swap=65.4MiB max=981.0MiB cpu.usage_usec=2490079 method=swap_current_delta_fallback detail={'delta_swap_current': 0, 'swap_saturated': False, 'workingset_refault_anon': 6504} events={'low': 0, 'high': 0, 'max': 10, 'oom': 0, 'oom_kill': 0, 'oom_group_kill': 0}
[container_monitor] pf-test-2: current=701.2MiB swap=65.4MiB max=981.0MiB cpu.usage_usec=2493161 method=swap_current_delta_fallback detail={'delta_swap_current': 0, 'swap_saturated': False, 'workingset_refault_anon': 6504} events={'low': 0, 'high': 0, 'max': 10, 'oom': 0, 'oom_kill': 0, 'oom_group_kill': 0}
[container_monitor] pf-test-2: current=701.2MiB swap=65.4MiB max=981.0MiB cpu.usage_usec=2498115 method=swap_current_delta_fallback detail={'delta_swap_current': 0, 'swap_saturated': False, 'workingset_refault_anon': 6504} events={'low': 0, 'high': 0, 'max': 10, 'oom': 0, 'oom_kill': 0, 'oom_group_kill': 0}
[container_monitor] pf-test-2: current=701.2MiB swap=65.4MiB max=981.0MiB cpu.usage_usec=2502757 method=swap_current_delta_fallback detail={'delta_swap_current': 0, 'swap_saturated': False, 'workingset_refault_anon': 6504} events={'low': 0, 'high': 0, 'max': 10, 'oom': 0, 'oom_kill': 0, 'oom_group_kill': 0}
[container_monitor] pf-test-2: current=701.2MiB swap=65.4MiB max=981.0MiB cpu.usage_usec=2507480 method=swap_current_delta_fallback detail={'delta_swap_current': 0, 'swap_saturated': False, 'workingset_refault_anon': 6504} events={'low': 0, 'high': 0, 'max': 10, 'oom': 0, 'oom_kill': 0, 'oom_group_kill': 0}
[container_monitor] pf-test-2: current=701.2MiB swap=65.4MiB max=981.0MiB cpu.usage_usec=2510252 method=swap_current_delta_fallback detail={'delta_swap_current': 0, 'swap_saturated': False, 'workingset_refault_anon': 6504} events={'low': 0, 'high': 0, 'max': 10, 'oom': 0, 'oom_kill': 0, 'oom_group_kill': 0}
[container_monitor] pf-test-2: current=701.2MiB swap=65.4MiB max=981.0MiB cpu.usage_usec=2510921 method=swap_current_delta_fallback detail={'delta_swap_current': 0, 'swap_saturated': False, 'workingset_refault_anon': 6504} events={'low': 0, 'high': 0, 'max': 10, 'oom': 0, 'oom_kill': 0, 'oom_group_kill': 0}
[container_monitor] pf-test-2: current=701.2MiB swap=65.4MiB max=981.0MiB cpu.usage_usec=2511581 method=swap_current_delta_fallback detail={'delta_swap_current': 0, 'swap_saturated': False, 'workingset_refault_anon': 6504} events={'low': 0, 'high': 0, 'max': 10, 'oom': 0, 'oom_kill': 0, 'oom_group_kill': 0}
[container_monitor] pf-test-2: current=701.2MiB swap=65.4MiB max=981.0MiB cpu.usage_usec=2512183 method=swap_current_delta_fallback detail={'delta_swap_current': 0, 'swap_saturated': False, 'workingset_refault_anon': 6504} events={'low': 0, 'high': 0, 'max': 10, 'oom': 0, 'oom_kill': 0, 'oom_group_kill': 0}
[container_monitor] pf-test-2: current=701.2MiB swap=65.4MiB max=981.0MiB cpu.usage_usec=2517227 method=swap_current_delta_fallback detail={'delta_swap_current': 0, 'swap_saturated': False, 'workingset_refault_anon': 6504} events={'low': 0, 'high': 0, 'max': 10, 'oom': 0, 'oom_kill': 0, 'oom_group_kill': 0}
[container_monitor] pf-test-2: current=701.2MiB swap=65.4MiB max=981.0MiB cpu.usage_usec=2523096 method=swap_current_delta_fallback detail={'delta_swap_current': 0, 'swap_saturated': False, 'workingset_refault_anon': 6504} events={'low': 0, 'high': 0, 'max': 10, 'oom': 0, 'oom_kill': 0, 'oom_group_kill': 0}
[container_monitor] pf-test-2: current=701.5MiB swap=65.4MiB max=981.0MiB cpu.usage_usec=2527635 method=swap_current_delta_fallback detail={'delta_swap_current': 0, 'swap_saturated': False, 'workingset_refault_anon': 6504} events={'low': 0, 'high': 0, 'max': 10, 'oom': 0, 'oom_kill': 0, 'oom_group_kill': 0}
[container_monitor] pf-test-2: current=701.5MiB swap=65.4MiB max=981.0MiB cpu.usage_usec=2532324 method=swap_current_delta_fallback detail={'delta_swap_current': 0, 'swap_saturated': False, 'workingset_refault_anon': 6510} events={'low': 0, 'high': 0, 'max': 10, 'oom': 0, 'oom_kill': 0, 'oom_group_kill': 0}
[container_monitor] pf-test-2: current=701.6MiB swap=65.4MiB max=981.0MiB cpu.usage_usec=2537209 method=swap_current_delta_fallback detail={'delta_swap_current': 0, 'swap_saturated': False, 'workingset_refault_anon': 6511} events={'low': 0, 'high': 0, 'max': 10, 'oom': 0, 'oom_kill': 0, 'oom_group_kill': 0}
[container_monitor] pf-test-2: current=701.3MiB swap=65.4MiB max=981.0MiB cpu.usage_usec=2539250 method=swap_current_delta_fallback detail={'delta_swap_current': 0, 'swap_saturated': False, 'workingset_refault_anon': 6517} events={'low': 0, 'high': 0, 'max': 10, 'oom': 0, 'oom_kill': 0, 'oom_group_kill': 0}
[container_monitor] pf-test-2: current=701.3MiB swap=65.4MiB max=981.0MiB cpu.usage_usec=2540077 method=swap_current_delta_fallback detail={'delta_swap_current': 0, 'swap_saturated': False, 'workingset_refault_anon': 6517} events={'low': 0, 'high': 0, 'max': 10, 'oom': 0, 'oom_kill': 0, 'oom_group_kill': 0}
[container_monitor] pf-test-2: current=701.3MiB swap=65.4MiB max=981.0MiB cpu.usage_usec=2540923 method=swap_current_delta_fallback detail={'delta_swap_current': 0, 'swap_saturated': False, 'workingset_refault_anon': 6517} events={'low': 0, 'high': 0, 'max': 10, 'oom': 0, 'oom_kill': 0, 'oom_group_kill': 0}
[container_monitor] pf-test-2: current=701.3MiB swap=65.4MiB max=981.0MiB cpu.usage_usec=2547253 method=swap_current_delta_fallback detail={'delta_swap_current': 0, 'swap_saturated': False, 'workingset_refault_anon': 6517} events={'low': 0, 'high': 0, 'max': 10, 'oom': 0, 'oom_kill': 0, 'oom_group_kill': 0}
[container_monitor] pf-test-2: current=701.3MiB swap=65.4MiB max=981.0MiB cpu.usage_usec=2552885 method=swap_current_delta_fallback detail={'delta_swap_current': 0, 'swap_saturated': False, 'workingset_refault_anon': 6517} events={'low': 0, 'high': 0, 'max': 10, 'oom': 0, 'oom_kill': 0, 'oom_group_kill': 0}
[container_monitor] pf-test-2: current=701.3MiB swap=65.4MiB max=981.0MiB cpu.usage_usec=2557394 method=swap_current_delta_fallback detail={'delta_swap_current': 0, 'swap_saturated': False, 'workingset_refault_anon': 6517} events={'low': 0, 'high': 0, 'max': 10, 'oom': 0, 'oom_kill': 0, 'oom_group_kill': 0}
[container_monitor] pf-test-2: current=701.3MiB swap=65.4MiB max=981.0MiB cpu.usage_usec=2558596 method=swap_current_delta_fallback detail={'delta_swap_current': 0, 'swap_saturated': False, 'workingset_refault_anon': 6517} events={'low': 0, 'high': 0, 'max': 10, 'oom': 0, 'oom_kill': 0, 'oom_group_kill': 0}
[container_monitor] pf-test-2: current=701.3MiB swap=65.4MiB max=981.0MiB cpu.usage_usec=2559490 method=swap_current_delta_fallback detail={'delta_swap_current': 0, 'swap_saturated': False, 'workingset_refault_anon': 6517} events={'low': 0, 'high': 0, 'max': 10, 'oom': 0, 'oom_kill': 0, 'oom_group_kill': 0}
[container_monitor] pf-test-2: current=701.3MiB swap=65.4MiB max=981.0MiB cpu.usage_usec=2560796 method=swap_current_delta_fallback detail={'delta_swap_current': 0, 'swap_saturated': False, 'workingset_refault_anon': 6517} events={'low': 0, 'high': 0, 'max': 10, 'oom': 0, 'oom_kill': 0, 'oom_group_kill': 0}
[container_monitor] pf-test-2: current=701.3MiB swap=65.4MiB max=981.0MiB cpu.usage_usec=2562095 method=swap_current_delta_fallback detail={'delta_swap_current': 0, 'swap_saturated': False, 'workingset_refault_anon': 6517} events={'low': 0, 'high': 0, 'max': 10, 'oom': 0, 'oom_kill': 0, 'oom_group_kill': 0}
[container_monitor] pf-test-2: current=701.3MiB swap=65.4MiB max=981.0MiB cpu.usage_usec=2568168 method=swap_current_delta_fallback detail={'delta_swap_current': 0, 'swap_saturated': False, 'workingset_refault_anon': 6517} events={'low': 0, 'high': 0, 'max': 10, 'oom': 0, 'oom_kill': 0, 'oom_group_kill': 0}
[container_monitor] pf-test-2: current=701.3MiB swap=65.4MiB max=981.0MiB cpu.usage_usec=2572211 method=swap_current_delta_fallback detail={'delta_swap_current': 0, 'swap_saturated': False, 'workingset_refault_anon': 6517} events={'low': 0, 'high': 0, 'max': 10, 'oom': 0, 'oom_kill': 0, 'oom_group_kill': 0}
[container_monitor] pf-test-2: current=701.3MiB swap=65.4MiB max=981.0MiB cpu.usage_usec=2574858 method=swap_current_delta_fallback detail={'delta_swap_current': 0, 'swap_saturated': False, 'workingset_refault_anon': 6517} events={'low': 0, 'high': 0, 'max': 10, 'oom': 0, 'oom_kill': 0, 'oom_group_kill': 0}
[container_monitor] pf-test-2: current=701.3MiB swap=65.4MiB max=981.0MiB cpu.usage_usec=2575515 method=swap_current_delta_fallback detail={'delta_swap_current': 0, 'swap_saturated': False, 'workingset_refault_anon': 6517} events={'low': 0, 'high': 0, 'max': 10, 'oom': 0, 'oom_kill': 0, 'oom_group_kill': 0}
[container_monitor] pf-test-2: current=701.3MiB swap=65.4MiB max=981.0MiB cpu.usage_usec=2576215 method=swap_current_delta_fallback detail={'delta_swap_current': 0, 'swap_saturated': False, 'workingset_refault_anon': 6517} events={'low': 0, 'high': 0, 'max': 10, 'oom': 0, 'oom_kill': 0, 'oom_group_kill': 0}
[container_monitor] pf-test-2: current=701.3MiB swap=65.4MiB max=981.0MiB cpu.usage_usec=2579143 method=swap_current_delta_fallback detail={'delta_swap_current': 0, 'swap_saturated': False, 'workingset_refault_anon': 6517} events={'low': 0, 'high': 0, 'max': 10, 'oom': 0, 'oom_kill': 0, 'oom_group_kill': 0}
[container_monitor] pf-test-2: current=701.3MiB swap=65.4MiB max=981.0MiB cpu.usage_usec=2583840 method=swap_current_delta_fallback detail={'delta_swap_current': 0, 'swap_saturated': False, 'workingset_refault_anon': 6517} events={'low': 0, 'high': 0, 'max': 10, 'oom': 0, 'oom_kill': 0, 'oom_group_kill': 0}
[container_monitor] pf-test-2: current=701.3MiB swap=65.4MiB max=981.0MiB cpu.usage_usec=2589028 method=swap_current_delta_fallback detail={'delta_swap_current': 0, 'swap_saturated': False, 'workingset_refault_anon': 6517} events={'low': 0, 'high': 0, 'max': 10, 'oom': 0, 'oom_kill': 0, 'oom_group_kill': 0}
[container_monitor] pf-test-2: current=701.3MiB swap=65.4MiB max=981.0MiB cpu.usage_usec=2592208 method=swap_current_delta_fallback detail={'delta_swap_current': 0, 'swap_saturated': False, 'workingset_refault_anon': 6517} events={'low': 0, 'high': 0, 'max': 10, 'oom': 0, 'oom_kill': 0, 'oom_group_kill': 0}
[container_monitor] pf-test-2: current=701.3MiB swap=65.4MiB max=981.0MiB cpu.usage_usec=2592963 method=swap_current_delta_fallback detail={'delta_swap_current': 0, 'swap_saturated': False, 'workingset_refault_anon': 6517} events={'low': 0, 'high': 0, 'max': 10, 'oom': 0, 'oom_kill': 0, 'oom_group_kill': 0}
[container_monitor] pf-test-2: current=701.3MiB swap=65.4MiB max=981.0MiB cpu.usage_usec=2593661 method=swap_current_delta_fallback detail={'delta_swap_current': 0, 'swap_saturated': False, 'workingset_refault_anon': 6517} events={'low': 0, 'high': 0, 'max': 10, 'oom': 0, 'oom_kill': 0, 'oom_group_kill': 0}
[container_monitor] pf-test-2: current=701.3MiB swap=65.4MiB max=981.0MiB cpu.usage_usec=2594297 method=swap_current_delta_fallback detail={'delta_swap_current': 0, 'swap_saturated': False, 'workingset_refault_anon': 6517} events={'low': 0, 'high': 0, 'max': 10, 'oom': 0, 'oom_kill': 0, 'oom_group_kill': 0}
[container_monitor] pf-test-2: current=701.3MiB swap=65.4MiB max=981.0MiB cpu.usage_usec=2599209 method=swap_current_delta_fallback detail={'delta_swap_current': 0, 'swap_saturated': False, 'workingset_refault_anon': 6517} events={'low': 0, 'high': 0, 'max': 10, 'oom': 0, 'oom_kill': 0, 'oom_group_kill': 0}
[container_monitor] pf-test-2: current=701.3MiB swap=65.4MiB max=981.0MiB cpu.usage_usec=2603656 method=swap_current_delta_fallback detail={'delta_swap_current': 0, 'swap_saturated': False, 'workingset_refault_anon': 6517} events={'low': 0, 'high': 0, 'max': 10, 'oom': 0, 'oom_kill': 0, 'oom_group_kill': 0}
[container_monitor] pf-test-2: current=701.3MiB swap=65.4MiB max=981.0MiB cpu.usage_usec=2605429 method=swap_current_delta_fallback detail={'delta_swap_current': 0, 'swap_saturated': False, 'workingset_refault_anon': 6517} events={'low': 0, 'high': 0, 'max': 10, 'oom': 0, 'oom_kill': 0, 'oom_group_kill': 0}
[container_monitor] pf-test-2: current=701.3MiB swap=65.4MiB max=981.0MiB cpu.usage_usec=2606120 method=swap_current_delta_fallback detail={'delta_swap_current': 0, 'swap_saturated': False, 'workingset_refault_anon': 6517} events={'low': 0, 'high': 0, 'max': 10, 'oom': 0, 'oom_kill': 0, 'oom_group_kill': 0}
[container_monitor] pf-test-2: current=701.3MiB swap=65.4MiB max=981.0MiB cpu.usage_usec=2607068 method=swap_current_delta_fallback detail={'delta_swap_current': 0, 'swap_saturated': False, 'workingset_refault_anon': 6517} events={'low': 0, 'high': 0, 'max': 10, 'oom': 0, 'oom_kill': 0, 'oom_group_kill': 0}
[container_monitor] pf-test-2: current=701.3MiB swap=65.4MiB max=981.0MiB cpu.usage_usec=2607711 method=swap_current_delta_fallback detail={'delta_swap_current': 0, 'swap_saturated': False, 'workingset_refault_anon': 6517} events={'low': 0, 'high': 0, 'max': 10, 'oom': 0, 'oom_kill': 0, 'oom_group_kill': 0}
[container_monitor] pf-test-2: current=701.3MiB swap=65.4MiB max=981.0MiB cpu.usage_usec=2613958 method=swap_current_delta_fallback detail={'delta_swap_current': 0, 'swap_saturated': False, 'workingset_refault_anon': 6517} events={'low': 0, 'high': 0, 'max': 10, 'oom': 0, 'oom_kill': 0, 'oom_group_kill': 0}
[container_monitor] pf-test-2: current=701.3MiB swap=65.4MiB max=981.0MiB cpu.usage_usec=2618454 method=swap_current_delta_fallback detail={'delta_swap_current': 0, 'swap_saturated': False, 'workingset_refault_anon': 6517} events={'low': 0, 'high': 0, 'max': 10, 'oom': 0, 'oom_kill': 0, 'oom_group_kill': 0}
[container_monitor] pf-test-2: current=701.3MiB swap=65.4MiB max=981.0MiB cpu.usage_usec=2619423 method=swap_current_delta_fallback detail={'delta_swap_current': 0, 'swap_saturated': False, 'workingset_refault_anon': 6517} events={'low': 0, 'high': 0, 'max': 10, 'oom': 0, 'oom_kill': 0, 'oom_group_kill': 0}
[container_monitor] pf-test-2: current=701.3MiB swap=65.4MiB max=981.0MiB cpu.usage_usec=2620098 method=swap_current_delta_fallback detail={'delta_swap_current': 0, 'swap_saturated': False, 'workingset_refault_anon': 6517} events={'low': 0, 'high': 0, 'max': 10, 'oom': 0, 'oom_kill': 0, 'oom_group_kill': 0}
[container_monitor] pf-test-2: current=701.3MiB swap=65.4MiB max=981.0MiB cpu.usage_usec=2620845 method=swap_current_delta_fallback detail={'delta_swap_current': 0, 'swap_saturated': False, 'workingset_refault_anon': 6517} events={'low': 0, 'high': 0, 'max': 10, 'oom': 0, 'oom_kill': 0, 'oom_group_kill': 0}
[container_monitor] pf-test-2: current=701.3MiB swap=65.4MiB max=981.0MiB cpu.usage_usec=2624553 method=swap_current_delta_fallback detail={'delta_swap_current': 0, 'swap_saturated': False, 'workingset_refault_anon': 6517} events={'low': 0, 'high': 0, 'max': 10, 'oom': 0, 'oom_kill': 0, 'oom_group_kill': 0}
[container_monitor] pf-test-2: current=701.3MiB swap=65.4MiB max=981.0MiB cpu.usage_usec=2629913 method=swap_current_delta_fallback detail={'delta_swap_current': 0, 'swap_saturated': False, 'workingset_refault_anon': 6517} events={'low': 0, 'high': 0, 'max': 10, 'oom': 0, 'oom_kill': 0, 'oom_group_kill': 0}
[container_monitor] pf-test-2: current=701.3MiB swap=65.4MiB max=981.0MiB cpu.usage_usec=2634450 method=swap_current_delta_fallback detail={'delta_swap_current': 0, 'swap_saturated': False, 'workingset_refault_anon': 6517} events={'low': 0, 'high': 0, 'max': 10, 'oom': 0, 'oom_kill': 0, 'oom_group_kill': 0}
[container_monitor] pf-test-2: current=701.3MiB swap=65.4MiB max=981.0MiB cpu.usage_usec=2638258 method=swap_current_delta_fallback detail={'delta_swap_current': 0, 'swap_saturated': False, 'workingset_refault_anon': 6517} events={'low': 0, 'high': 0, 'max': 10, 'oom': 0, 'oom_kill': 0, 'oom_group_kill': 0}
[container_monitor] pf-test-2: current=701.3MiB swap=65.4MiB max=981.0MiB cpu.usage_usec=2639611 method=swap_current_delta_fallback detail={'delta_swap_current': 0, 'swap_saturated': False, 'workingset_refault_anon': 6517} events={'low': 0, 'high': 0, 'max': 10, 'oom': 0, 'oom_kill': 0, 'oom_group_kill': 0}
[container_monitor] pf-test-2: current=701.3MiB swap=65.4MiB max=981.0MiB cpu.usage_usec=2640656 method=swap_current_delta_fallback detail={'delta_swap_current': 0, 'swap_saturated': False, 'workingset_refault_anon': 6517} events={'low': 0, 'high': 0, 'max': 10, 'oom': 0, 'oom_kill': 0, 'oom_group_kill': 0}
[container_monitor] pf-test-2: current=701.3MiB swap=65.4MiB max=981.0MiB cpu.usage_usec=2641605 method=swap_current_delta_fallback detail={'delta_swap_current': 0, 'swap_saturated': False, 'workingset_refault_anon': 6517} events={'low': 0, 'high': 0, 'max': 10, 'oom': 0, 'oom_kill': 0, 'oom_group_kill': 0}
[container_monitor] pf-test-2: current=701.3MiB swap=65.2MiB max=981.0MiB cpu.usage_usec=2645688 method=swap_current_delta_fallback detail={'delta_swap_current': -192512, 'swap_saturated': False, 'workingset_refault_anon': 6517} events={'low': 0, 'high': 0, 'max': 10, 'oom': 0, 'oom_kill': 0, 'oom_group_kill': 0}
[container_monitor] pf-test-2: current=701.3MiB swap=65.2MiB max=981.0MiB cpu.usage_usec=2649562 method=swap_current_delta_fallback detail={'delta_swap_current': 0, 'swap_saturated': False, 'workingset_refault_anon': 6517} events={'low': 0, 'high': 0, 'max': 10, 'oom': 0, 'oom_kill': 0, 'oom_group_kill': 0}
[container_monitor] pf-test-2: current=701.3MiB swap=65.2MiB max=981.0MiB cpu.usage_usec=2650510 method=swap_current_delta_fallback detail={'delta_swap_current': 0, 'swap_saturated': False, 'workingset_refault_anon': 6517} events={'low': 0, 'high': 0, 'max': 10, 'oom': 0, 'oom_kill': 0, 'oom_group_kill': 0}
[container_monitor] pf-test-2: current=701.3MiB swap=65.2MiB max=981.0MiB cpu.usage_usec=2651297 method=swap_current_delta_fallback detail={'delta_swap_current': 0, 'swap_saturated': False, 'workingset_refault_anon': 6517} events={'low': 0, 'high': 0, 'max': 10, 'oom': 0, 'oom_kill': 0, 'oom_group_kill': 0}
[container_monitor] pf-test-2: current=701.3MiB swap=65.2MiB max=981.0MiB cpu.usage_usec=2652074 method=swap_current_delta_fallback detail={'delta_swap_current': 0, 'swap_saturated': False, 'workingset_refault_anon': 6517} events={'low': 0, 'high': 0, 'max': 10, 'oom': 0, 'oom_kill': 0, 'oom_group_kill': 0}
[container_monitor] pf-test-2: current=701.3MiB swap=65.2MiB max=981.0MiB cpu.usage_usec=2655382 method=swap_current_delta_fallback detail={'delta_swap_current': 0, 'swap_saturated': False, 'workingset_refault_anon': 6517} events={'low': 0, 'high': 0, 'max': 10, 'oom': 0, 'oom_kill': 0, 'oom_group_kill': 0}
[container_monitor] pf-test-2: current=701.3MiB swap=65.2MiB max=981.0MiB cpu.usage_usec=2660933 method=swap_current_delta_fallback detail={'delta_swap_current': 0, 'swap_saturated': False, 'workingset_refault_anon': 6517} events={'low': 0, 'high': 0, 'max': 10, 'oom': 0, 'oom_kill': 0, 'oom_group_kill': 0}
[container_monitor] pf-test-2: current=701.3MiB swap=65.2MiB max=981.0MiB cpu.usage_usec=2665675 method=swap_current_delta_fallback detail={'delta_swap_current': 0, 'swap_saturated': False, 'workingset_refault_anon': 6517} events={'low': 0, 'high': 0, 'max': 10, 'oom': 0, 'oom_kill': 0, 'oom_group_kill': 0}
[container_monitor] pf-test-2: current=701.3MiB swap=65.2MiB max=981.0MiB cpu.usage_usec=2668093 method=swap_current_delta_fallback detail={'delta_swap_current': 0, 'swap_saturated': False, 'workingset_refault_anon': 6518} events={'low': 0, 'high': 0, 'max': 10, 'oom': 0, 'oom_kill': 0, 'oom_group_kill': 0}
[container_monitor] pf-test-2: current=701.3MiB swap=65.2MiB max=981.0MiB cpu.usage_usec=2669445 method=swap_current_delta_fallback detail={'delta_swap_current': 0, 'swap_saturated': False, 'workingset_refault_anon': 6518} events={'low': 0, 'high': 0, 'max': 10, 'oom': 0, 'oom_kill': 0, 'oom_group_kill': 0}
[container_monitor] pf-test-2: current=701.3MiB swap=65.2MiB max=981.0MiB cpu.usage_usec=2670054 method=swap_current_delta_fallback detail={'delta_swap_current': 0, 'swap_saturated': False, 'workingset_refault_anon': 6518} events={'low': 0, 'high': 0, 'max': 10, 'oom': 0, 'oom_kill': 0, 'oom_group_kill': 0}
[container_monitor] pf-test-2: current=701.3MiB swap=65.2MiB max=981.0MiB cpu.usage_usec=2670978 method=swap_current_delta_fallback detail={'delta_swap_current': 0, 'swap_saturated': False, 'workingset_refault_anon': 6518} events={'low': 0, 'high': 0, 'max': 10, 'oom': 0, 'oom_kill': 0, 'oom_group_kill': 0}
[container_monitor] pf-test-2: current=701.3MiB swap=65.2MiB max=981.0MiB cpu.usage_usec=2677476 method=swap_current_delta_fallback detail={'delta_swap_current': 0, 'swap_saturated': False, 'workingset_refault_anon': 6518} events={'low': 0, 'high': 0, 'max': 10, 'oom': 0, 'oom_kill': 0, 'oom_group_kill': 0}
[container_monitor] pf-test-2: current=701.3MiB swap=65.2MiB max=981.0MiB cpu.usage_usec=2678629 method=swap_current_delta_fallback detail={'delta_swap_current': 0, 'swap_saturated': False, 'workingset_refault_anon': 6518} events={'low': 0, 'high': 0, 'max': 10, 'oom': 0, 'oom_kill': 0, 'oom_group_kill': 0}
[container_monitor] pf-test-2: current=701.3MiB swap=65.2MiB max=981.0MiB cpu.usage_usec=2679785 method=swap_current_delta_fallback detail={'delta_swap_current': 0, 'swap_saturated': False, 'workingset_refault_anon': 6518} events={'low': 0, 'high': 0, 'max': 10, 'oom': 0, 'oom_kill': 0, 'oom_group_kill': 0}
[container_monitor] pf-test-2: current=701.3MiB swap=65.2MiB max=981.0MiB cpu.usage_usec=2680656 method=swap_current_delta_fallback detail={'delta_swap_current': 0, 'swap_saturated': False, 'workingset_refault_anon': 6518} events={'low': 0, 'high': 0, 'max': 10, 'oom': 0, 'oom_kill': 0, 'oom_group_kill': 0}
[container_monitor] pf-test-2: current=701.3MiB swap=65.2MiB max=981.0MiB cpu.usage_usec=2681432 method=swap_current_delta_fallback detail={'delta_swap_current': 0, 'swap_saturated': False, 'workingset_refault_anon': 6518} events={'low': 0, 'high': 0, 'max': 10, 'oom': 0, 'oom_kill': 0, 'oom_group_kill': 0}
[container_monitor] pf-test-2: current=701.3MiB swap=65.2MiB max=981.0MiB cpu.usage_usec=2687374 method=swap_current_delta_fallback detail={'delta_swap_current': 0, 'swap_saturated': False, 'workingset_refault_anon': 6518} events={'low': 0, 'high': 0, 'max': 10, 'oom': 0, 'oom_kill': 0, 'oom_group_kill': 0}
[container_monitor] pf-test-2: current=701.3MiB swap=65.2MiB max=981.0MiB cpu.usage_usec=2690989 method=swap_current_delta_fallback detail={'delta_swap_current': 0, 'swap_saturated': False, 'workingset_refault_anon': 6518} events={'low': 0, 'high': 0, 'max': 10, 'oom': 0, 'oom_kill': 0, 'oom_group_kill': 0}
[container_monitor] pf-test-2: current=701.3MiB swap=65.2MiB max=981.0MiB cpu.usage_usec=2691823 method=swap_current_delta_fallback detail={'delta_swap_current': 0, 'swap_saturated': False, 'workingset_refault_anon': 6518} events={'low': 0, 'high': 0, 'max': 10, 'oom': 0, 'oom_kill': 0, 'oom_group_kill': 0}
[container_monitor] pf-test-2: current=701.3MiB swap=65.2MiB max=981.0MiB cpu.usage_usec=2692500 method=swap_current_delta_fallback detail={'delta_swap_current': 0, 'swap_saturated': False, 'workingset_refault_anon': 6518} events={'low': 0, 'high': 0, 'max': 10, 'oom': 0, 'oom_kill': 0, 'oom_group_kill': 0}
[container_monitor] pf-test-2: current=701.3MiB swap=65.2MiB max=981.0MiB cpu.usage_usec=2693174 method=swap_current_delta_fallback detail={'delta_swap_current': 0, 'swap_saturated': False, 'workingset_refault_anon': 6518} events={'low': 0, 'high': 0, 'max': 10, 'oom': 0, 'oom_kill': 0, 'oom_group_kill': 0}
[container_monitor] pf-test-2: current=701.3MiB swap=65.2MiB max=981.0MiB cpu.usage_usec=2696902 method=swap_current_delta_fallback detail={'delta_swap_current': 0, 'swap_saturated': False, 'workingset_refault_anon': 6518} events={'low': 0, 'high': 0, 'max': 10, 'oom': 0, 'oom_kill': 0, 'oom_group_kill': 0}
[container_monitor] pf-test-2: current=701.3MiB swap=65.2MiB max=981.0MiB cpu.usage_usec=2701461 method=swap_current_delta_fallback detail={'delta_swap_current': 0, 'swap_saturated': False, 'workingset_refault_anon': 6518} events={'low': 0, 'high': 0, 'max': 10, 'oom': 0, 'oom_kill': 0, 'oom_group_kill': 0}
[container_monitor] pf-test-2: current=701.3MiB swap=65.2MiB max=981.0MiB cpu.usage_usec=2704393 method=swap_current_delta_fallback detail={'delta_swap_current': 0, 'swap_saturated': False, 'workingset_refault_anon': 6518} events={'low': 0, 'high': 0, 'max': 10, 'oom': 0, 'oom_kill': 0, 'oom_group_kill': 0}
[container_monitor] pf-test-2: current=701.3MiB swap=65.2MiB max=981.0MiB cpu.usage_usec=2705378 method=swap_current_delta_fallback detail={'delta_swap_current': 0, 'swap_saturated': False, 'workingset_refault_anon': 6518} events={'low': 0, 'high': 0, 'max': 10, 'oom': 0, 'oom_kill': 0, 'oom_group_kill': 0}
[container_monitor] pf-test-2: current=701.3MiB swap=65.2MiB max=981.0MiB cpu.usage_usec=2706496 method=swap_current_delta_fallback detail={'delta_swap_current': 0, 'swap_saturated': False, 'workingset_refault_anon': 6518} events={'low': 0, 'high': 0, 'max': 10, 'oom': 0, 'oom_kill': 0, 'oom_group_kill': 0}
[container_monitor] pf-test-2: current=701.3MiB swap=65.2MiB max=981.0MiB cpu.usage_usec=2707241 method=swap_current_delta_fallback detail={'delta_swap_current': 0, 'swap_saturated': False, 'workingset_refault_anon': 6518} events={'low': 0, 'high': 0, 'max': 10, 'oom': 0, 'oom_kill': 0, 'oom_group_kill': 0}
[container_monitor] pf-test-2: current=701.3MiB swap=65.2MiB max=981.0MiB cpu.usage_usec=2711979 method=swap_current_delta_fallback detail={'delta_swap_current': 0, 'swap_saturated': False, 'workingset_refault_anon': 6518} events={'low': 0, 'high': 0, 'max': 10, 'oom': 0, 'oom_kill': 0, 'oom_group_kill': 0}
[container_monitor] pf-test-2: current=701.4MiB swap=65.2MiB max=981.0MiB cpu.usage_usec=2716563 method=swap_current_delta_fallback detail={'delta_swap_current': 0, 'swap_saturated': False, 'workingset_refault_anon': 6518} events={'low': 0, 'high': 0, 'max': 10, 'oom': 0, 'oom_kill': 0, 'oom_group_kill': 0}
[container_monitor] pf-test-2: current=701.4MiB swap=65.2MiB max=981.0MiB cpu.usage_usec=2719355 method=swap_current_delta_fallback detail={'delta_swap_current': 0, 'swap_saturated': False, 'workingset_refault_anon': 6526} events={'low': 0, 'high': 0, 'max': 10, 'oom': 0, 'oom_kill': 0, 'oom_group_kill': 0}
[container_monitor] pf-test-2: current=701.4MiB swap=65.2MiB max=981.0MiB cpu.usage_usec=2720052 method=swap_current_delta_fallback detail={'delta_swap_current': 0, 'swap_saturated': False, 'workingset_refault_anon': 6526} events={'low': 0, 'high': 0, 'max': 10, 'oom': 0, 'oom_kill': 0, 'oom_group_kill': 0}
[container_monitor] pf-test-2: current=701.4MiB swap=65.2MiB max=981.0MiB cpu.usage_usec=2720839 method=swap_current_delta_fallback detail={'delta_swap_current': 0, 'swap_saturated': False, 'workingset_refault_anon': 6526} events={'low': 0, 'high': 0, 'max': 10, 'oom': 0, 'oom_kill': 0, 'oom_group_kill': 0}
[container_monitor] pf-test-2: current=701.4MiB swap=65.2MiB max=981.0MiB cpu.usage_usec=2721461 method=swap_current_delta_fallback detail={'delta_swap_current': 0, 'swap_saturated': False, 'workingset_refault_anon': 6526} events={'low': 0, 'high': 0, 'max': 10, 'oom': 0, 'oom_kill': 0, 'oom_group_kill': 0}
[container_monitor] pf-test-2: current=701.4MiB swap=65.2MiB max=981.0MiB cpu.usage_usec=2726538 method=swap_current_delta_fallback detail={'delta_swap_current': 0, 'swap_saturated': False, 'workingset_refault_anon': 6526} events={'low': 0, 'high': 0, 'max': 10, 'oom': 0, 'oom_kill': 0, 'oom_group_kill': 0}
[container_monitor] pf-test-2: current=701.4MiB swap=65.2MiB max=981.0MiB cpu.usage_usec=2731383 method=swap_current_delta_fallback detail={'delta_swap_current': 0, 'swap_saturated': False, 'workingset_refault_anon': 6526} events={'low': 0, 'high': 0, 'max': 10, 'oom': 0, 'oom_kill': 0, 'oom_group_kill': 0}
[container_monitor] pf-test-2: current=701.4MiB swap=65.2MiB max=981.0MiB cpu.usage_usec=2732206 method=swap_current_delta_fallback detail={'delta_swap_current': 0, 'swap_saturated': False, 'workingset_refault_anon': 6526} events={'low': 0, 'high': 0, 'max': 10, 'oom': 0, 'oom_kill': 0, 'oom_group_kill': 0}
[container_monitor] pf-test-2: current=701.4MiB swap=65.2MiB max=981.0MiB cpu.usage_usec=2732846 method=swap_current_delta_fallback detail={'delta_swap_current': 0, 'swap_saturated': False, 'workingset_refault_anon': 6526} events={'low': 0, 'high': 0, 'max': 10, 'oom': 0, 'oom_kill': 0, 'oom_group_kill': 0}
[container_monitor] pf-test-2: current=701.4MiB swap=65.2MiB max=981.0MiB cpu.usage_usec=2733624 method=swap_current_delta_fallback detail={'delta_swap_current': 0, 'swap_saturated': False, 'workingset_refault_anon': 6526} events={'low': 0, 'high': 0, 'max': 10, 'oom': 0, 'oom_kill': 0, 'oom_group_kill': 0}
[container_monitor] pf-test-2: current=701.4MiB swap=65.2MiB max=981.0MiB cpu.usage_usec=2736479 method=swap_current_delta_fallback detail={'delta_swap_current': 0, 'swap_saturated': False, 'workingset_refault_anon': 6526} events={'low': 0, 'high': 0, 'max': 10, 'oom': 0, 'oom_kill': 0, 'oom_group_kill': 0}
[container_monitor] pf-test-2: current=701.4MiB swap=65.2MiB max=981.0MiB cpu.usage_usec=2741505 method=swap_current_delta_fallback detail={'delta_swap_current': 0, 'swap_saturated': False, 'workingset_refault_anon': 6526} events={'low': 0, 'high': 0, 'max': 10, 'oom': 0, 'oom_kill': 0, 'oom_group_kill': 0}
[container_monitor] pf-test-2: current=701.4MiB swap=65.2MiB max=981.0MiB cpu.usage_usec=2746643 method=swap_current_delta_fallback detail={'delta_swap_current': 0, 'swap_saturated': False, 'workingset_refault_anon': 6526} events={'low': 0, 'high': 0, 'max': 10, 'oom': 0, 'oom_kill': 0, 'oom_group_kill': 0}
[container_monitor] pf-test-2: current=701.4MiB swap=65.2MiB max=981.0MiB cpu.usage_usec=2749814 method=swap_current_delta_fallback detail={'delta_swap_current': 0, 'swap_saturated': False, 'workingset_refault_anon': 6531} events={'low': 0, 'high': 0, 'max': 10, 'oom': 0, 'oom_kill': 0, 'oom_group_kill': 0}
[container_monitor] pf-test-2: current=701.4MiB swap=65.2MiB max=981.0MiB cpu.usage_usec=2750518 method=swap_current_delta_fallback detail={'delta_swap_current': 0, 'swap_saturated': False, 'workingset_refault_anon': 6531} events={'low': 0, 'high': 0, 'max': 10, 'oom': 0, 'oom_kill': 0, 'oom_group_kill': 0}
[container_monitor] pf-test-2: current=701.4MiB swap=65.2MiB max=981.0MiB cpu.usage_usec=2751249 method=swap_current_delta_fallback detail={'delta_swap_current': 0, 'swap_saturated': False, 'workingset_refault_anon': 6531} events={'low': 0, 'high': 0, 'max': 10, 'oom': 0, 'oom_kill': 0, 'oom_group_kill': 0}
[container_monitor] pf-test-2: current=701.4MiB swap=65.2MiB max=981.0MiB cpu.usage_usec=2755204 method=swap_current_delta_fallback detail={'delta_swap_current': 0, 'swap_saturated': False, 'workingset_refault_anon': 6531} events={'low': 0, 'high': 0, 'max': 10, 'oom': 0, 'oom_kill': 0, 'oom_group_kill': 0}
[container_monitor] pf-test-2: current=701.4MiB swap=65.2MiB max=981.0MiB cpu.usage_usec=2759856 method=swap_current_delta_fallback detail={'delta_swap_current': 0, 'swap_saturated': False, 'workingset_refault_anon': 6531} events={'low': 0, 'high': 0, 'max': 10, 'oom': 0, 'oom_kill': 0, 'oom_group_kill': 0}
[container_monitor] pf-test-2: current=701.4MiB swap=65.2MiB max=981.0MiB cpu.usage_usec=2760707 method=swap_current_delta_fallback detail={'delta_swap_current': 0, 'swap_saturated': False, 'workingset_refault_anon': 6531} events={'low': 0, 'high': 0, 'max': 10, 'oom': 0, 'oom_kill': 0, 'oom_group_kill': 0}
[container_monitor] pf-test-2: current=701.4MiB swap=65.2MiB max=981.0MiB cpu.usage_usec=2761551 method=swap_current_delta_fallback detail={'delta_swap_current': 0, 'swap_saturated': False, 'workingset_refault_anon': 6531} events={'low': 0, 'high': 0, 'max': 10, 'oom': 0, 'oom_kill': 0, 'oom_group_kill': 0}
[container_monitor] pf-test-2: current=701.4MiB swap=65.2MiB max=981.0MiB cpu.usage_usec=2762235 method=swap_current_delta_fallback detail={'delta_swap_current': 0, 'swap_saturated': False, 'workingset_refault_anon': 6531} events={'low': 0, 'high': 0, 'max': 10, 'oom': 0, 'oom_kill': 0, 'oom_group_kill': 0}
[container_monitor] pf-test-2: current=701.4MiB swap=65.2MiB max=981.0MiB cpu.usage_usec=2765073 method=swap_current_delta_fallback detail={'delta_swap_current': 0, 'swap_saturated': False, 'workingset_refault_anon': 6531} events={'low': 0, 'high': 0, 'max': 10, 'oom': 0, 'oom_kill': 0, 'oom_group_kill': 0}
[container_monitor] pf-test-2: current=701.4MiB swap=65.2MiB max=981.0MiB cpu.usage_usec=2769699 method=swap_current_delta_fallback detail={'delta_swap_current': 0, 'swap_saturated': False, 'workingset_refault_anon': 6531} events={'low': 0, 'high': 0, 'max': 10, 'oom': 0, 'oom_kill': 0, 'oom_group_kill': 0}
[container_monitor] pf-test-2: current=701.4MiB swap=65.2MiB max=981.0MiB cpu.usage_usec=2774289 method=swap_current_delta_fallback detail={'delta_swap_current': 0, 'swap_saturated': False, 'workingset_refault_anon': 6531} events={'low': 0, 'high': 0, 'max': 10, 'oom': 0, 'oom_kill': 0, 'oom_group_kill': 0}
[container_monitor] pf-test-2: current=701.4MiB swap=65.2MiB max=981.0MiB cpu.usage_usec=2775097 method=swap_current_delta_fallback detail={'delta_swap_current': 0, 'swap_saturated': False, 'workingset_refault_anon': 6533} events={'low': 0, 'high': 0, 'max': 10, 'oom': 0, 'oom_kill': 0, 'oom_group_kill': 0}
[container_monitor] pf-test-2: current=701.4MiB swap=65.2MiB max=981.0MiB cpu.usage_usec=2775843 method=swap_current_delta_fallback detail={'delta_swap_current': 0, 'swap_saturated': False, 'workingset_refault_anon': 6533} events={'low': 0, 'high': 0, 'max': 10, 'oom': 0, 'oom_kill': 0, 'oom_group_kill': 0}
[container_monitor] pf-test-2: current=701.4MiB swap=65.2MiB max=981.0MiB cpu.usage_usec=2776490 method=swap_current_delta_fallback detail={'delta_swap_current': 0, 'swap_saturated': False, 'workingset_refault_anon': 6533} events={'low': 0, 'high': 0, 'max': 10, 'oom': 0, 'oom_kill': 0, 'oom_group_kill': 0}
[container_monitor] pf-test-2: current=701.4MiB swap=65.2MiB max=981.0MiB cpu.usage_usec=2779543 method=swap_current_delta_fallback detail={'delta_swap_current': 0, 'swap_saturated': False, 'workingset_refault_anon': 6533} events={'low': 0, 'high': 0, 'max': 10, 'oom': 0, 'oom_kill': 0, 'oom_group_kill': 0}
[container_monitor] pf-test-2: current=701.4MiB swap=65.2MiB max=981.0MiB cpu.usage_usec=2784375 method=swap_current_delta_fallback detail={'delta_swap_current': 0, 'swap_saturated': False, 'workingset_refault_anon': 6533} events={'low': 0, 'high': 0, 'max': 10, 'oom': 0, 'oom_kill': 0, 'oom_group_kill': 0}
[container_monitor] pf-test-2: current=701.4MiB swap=65.2MiB max=981.0MiB cpu.usage_usec=2786053 method=swap_current_delta_fallback detail={'delta_swap_current': 0, 'swap_saturated': False, 'workingset_refault_anon': 6533} events={'low': 0, 'high': 0, 'max': 10, 'oom': 0, 'oom_kill': 0, 'oom_group_kill': 0}
[container_monitor] pf-test-2: current=701.4MiB swap=65.2MiB max=981.0MiB cpu.usage_usec=2786923 method=swap_current_delta_fallback detail={'delta_swap_current': 0, 'swap_saturated': False, 'workingset_refault_anon': 6533} events={'low': 0, 'high': 0, 'max': 10, 'oom': 0, 'oom_kill': 0, 'oom_group_kill': 0}
[container_monitor] pf-test-2: current=701.4MiB swap=65.2MiB max=981.0MiB cpu.usage_usec=2787682 method=swap_current_delta_fallback detail={'delta_swap_current': 0, 'swap_saturated': False, 'workingset_refault_anon': 6533} events={'low': 0, 'high': 0, 'max': 10, 'oom': 0, 'oom_kill': 0, 'oom_group_kill': 0}
[container_monitor] pf-test-2: current=701.4MiB swap=65.2MiB max=981.0MiB cpu.usage_usec=2788435 method=swap_current_delta_fallback detail={'delta_swap_current': 0, 'swap_saturated': False, 'workingset_refault_anon': 6533} events={'low': 0, 'high': 0, 'max': 10, 'oom': 0, 'oom_kill': 0, 'oom_group_kill': 0}
[container_monitor] pf-test-2: current=702.9MiB swap=65.1MiB max=981.0MiB cpu.usage_usec=2794316 method=swap_current_delta_fallback detail={'delta_swap_current': -53248, 'swap_saturated': False, 'workingset_refault_anon': 6533} events={'low': 0, 'high': 0, 'max': 10, 'oom': 0, 'oom_kill': 0, 'oom_group_kill': 0}
[container_monitor] pf-test-2: current=706.1MiB swap=65.1MiB max=981.0MiB cpu.usage_usec=2799459 method=swap_current_delta_fallback detail={'delta_swap_current': 0, 'swap_saturated': False, 'workingset_refault_anon': 6533} events={'low': 0, 'high': 0, 'max': 10, 'oom': 0, 'oom_kill': 0, 'oom_group_kill': 0}
[container_monitor] pf-test-2: current=709.6MiB swap=65.1MiB max=981.0MiB cpu.usage_usec=2805668 method=swap_current_delta_fallback detail={'delta_swap_current': 0, 'swap_saturated': False, 'workingset_refault_anon': 6533} events={'low': 0, 'high': 0, 'max': 10, 'oom': 0, 'oom_kill': 0, 'oom_group_kill': 0}
[container_monitor] pf-test-2: current=711.8MiB swap=65.1MiB max=981.0MiB cpu.usage_usec=2810468 method=swap_current_delta_fallback detail={'delta_swap_current': 0, 'swap_saturated': False, 'workingset_refault_anon': 6533} events={'low': 0, 'high': 0, 'max': 10, 'oom': 0, 'oom_kill': 0, 'oom_group_kill': 0}
[container_monitor] pf-test-2: current=716.0MiB swap=65.1MiB max=981.0MiB cpu.usage_usec=2816204 method=swap_current_delta_fallback detail={'delta_swap_current': 0, 'swap_saturated': False, 'workingset_refault_anon': 6533} events={'low': 0, 'high': 0, 'max': 10, 'oom': 0, 'oom_kill': 0, 'oom_group_kill': 0}
[container_monitor] pf-test-2: current=720.5MiB swap=65.1MiB max=981.0MiB cpu.usage_usec=2820268 method=swap_current_delta_fallback detail={'delta_swap_current': 0, 'swap_saturated': False, 'workingset_refault_anon': 6533} events={'low': 0, 'high': 0, 'max': 10, 'oom': 0, 'oom_kill': 0, 'oom_group_kill': 0}
[container_monitor] pf-test-2: current=723.0MiB swap=65.1MiB max=981.0MiB cpu.usage_usec=2825375 method=swap_current_delta_fallback detail={'delta_swap_current': 0, 'swap_saturated': False, 'workingset_refault_anon': 6533} events={'low': 0, 'high': 0, 'max': 10, 'oom': 0, 'oom_kill': 0, 'oom_group_kill': 0}
[container_monitor] pf-test-2: current=725.2MiB swap=65.1MiB max=981.0MiB cpu.usage_usec=2830513 method=swap_current_delta_fallback detail={'delta_swap_current': 0, 'swap_saturated': False, 'workingset_refault_anon': 6533} events={'low': 0, 'high': 0, 'max': 10, 'oom': 0, 'oom_kill': 0, 'oom_group_kill': 0}
[container_monitor] pf-test-2: current=726.1MiB swap=65.1MiB max=981.0MiB cpu.usage_usec=2835210 method=swap_current_delta_fallback detail={'delta_swap_current': 0, 'swap_saturated': False, 'workingset_refault_anon': 6533} events={'low': 0, 'high': 0, 'max': 10, 'oom': 0, 'oom_kill': 0, 'oom_group_kill': 0}
[container_monitor] pf-test-2: current=727.6MiB swap=65.1MiB max=981.0MiB cpu.usage_usec=2840974 method=swap_current_delta_fallback detail={'delta_swap_current': 0, 'swap_saturated': False, 'workingset_refault_anon': 6533} events={'low': 0, 'high': 0, 'max': 10, 'oom': 0, 'oom_kill': 0, 'oom_group_kill': 0}
[container_monitor] pf-test-2: current=728.7MiB swap=65.1MiB max=981.0MiB cpu.usage_usec=2845219 method=swap_current_delta_fallback detail={'delta_swap_current': 0, 'swap_saturated': False, 'workingset_refault_anon': 6533} events={'low': 0, 'high': 0, 'max': 10, 'oom': 0, 'oom_kill': 0, 'oom_group_kill': 0}
[container_monitor] pf-test-2: current=730.5MiB swap=65.1MiB max=981.0MiB cpu.usage_usec=2850237 method=swap_current_delta_fallback detail={'delta_swap_current': 0, 'swap_saturated': False, 'workingset_refault_anon': 6533} events={'low': 0, 'high': 0, 'max': 10, 'oom': 0, 'oom_kill': 0, 'oom_group_kill': 0}
[container_monitor] pf-test-2: current=733.2MiB swap=65.1MiB max=981.0MiB cpu.usage_usec=2855701 method=swap_current_delta_fallback detail={'delta_swap_current': 0, 'swap_saturated': False, 'workingset_refault_anon': 6533} events={'low': 0, 'high': 0, 'max': 10, 'oom': 0, 'oom_kill': 0, 'oom_group_kill': 0}
[container_monitor] pf-test-2: current=734.6MiB swap=65.1MiB max=981.0MiB cpu.usage_usec=2860888 method=swap_current_delta_fallback detail={'delta_swap_current': 0, 'swap_saturated': False, 'workingset_refault_anon': 6533} events={'low': 0, 'high': 0, 'max': 10, 'oom': 0, 'oom_kill': 0, 'oom_group_kill': 0}
[container_monitor] pf-test-2: current=735.7MiB swap=65.1MiB max=981.0MiB cpu.usage_usec=2866376 method=swap_current_delta_fallback detail={'delta_swap_current': 0, 'swap_saturated': False, 'workingset_refault_anon': 6533} events={'low': 0, 'high': 0, 'max': 10, 'oom': 0, 'oom_kill': 0, 'oom_group_kill': 0}
[container_monitor] pf-test-2: current=736.9MiB swap=65.1MiB max=981.0MiB cpu.usage_usec=2870653 method=swap_current_delta_fallback detail={'delta_swap_current': 0, 'swap_saturated': False, 'workingset_refault_anon': 6533} events={'low': 0, 'high': 0, 'max': 10, 'oom': 0, 'oom_kill': 0, 'oom_group_kill': 0}
[container_monitor] pf-test-2: current=737.8MiB swap=65.1MiB max=981.0MiB cpu.usage_usec=2875727 method=swap_current_delta_fallback detail={'delta_swap_current': 0, 'swap_saturated': False, 'workingset_refault_anon': 6533} events={'low': 0, 'high': 0, 'max': 10, 'oom': 0, 'oom_kill': 0, 'oom_group_kill': 0}
[container_monitor] pf-test-2: current=739.7MiB swap=65.1MiB max=981.0MiB cpu.usage_usec=2880647 method=swap_current_delta_fallback detail={'delta_swap_current': 0, 'swap_saturated': False, 'workingset_refault_anon': 6533} events={'low': 0, 'high': 0, 'max': 10, 'oom': 0, 'oom_kill': 0, 'oom_group_kill': 0}
[container_monitor] pf-test-2: current=741.4MiB swap=65.1MiB max=981.0MiB cpu.usage_usec=2885924 method=swap_current_delta_fallback detail={'delta_swap_current': 0, 'swap_saturated': False, 'workingset_refault_anon': 6533} events={'low': 0, 'high': 0, 'max': 10, 'oom': 0, 'oom_kill': 0, 'oom_group_kill': 0}
[container_monitor] pf-test-2: current=742.7MiB swap=65.1MiB max=981.0MiB cpu.usage_usec=2890583 method=swap_current_delta_fallback detail={'delta_swap_current': 0, 'swap_saturated': False, 'workingset_refault_anon': 6533} events={'low': 0, 'high': 0, 'max': 10, 'oom': 0, 'oom_kill': 0, 'oom_group_kill': 0}
[container_monitor] pf-test-2: current=743.8MiB swap=65.1MiB max=981.0MiB cpu.usage_usec=2895252 method=swap_current_delta_fallback detail={'delta_swap_current': 0, 'swap_saturated': False, 'workingset_refault_anon': 6533} events={'low': 0, 'high': 0, 'max': 10, 'oom': 0, 'oom_kill': 0, 'oom_group_kill': 0}
[container_monitor] pf-test-2: current=745.5MiB swap=65.1MiB max=981.0MiB cpu.usage_usec=2901173 method=swap_current_delta_fallback detail={'delta_swap_current': 0, 'swap_saturated': False, 'workingset_refault_anon': 6533} events={'low': 0, 'high': 0, 'max': 10, 'oom': 0, 'oom_kill': 0, 'oom_group_kill': 0}
[container_monitor] pf-test-2: current=746.8MiB swap=65.1MiB max=981.0MiB cpu.usage_usec=2905700 method=swap_current_delta_fallback detail={'delta_swap_current': 0, 'swap_saturated': False, 'workingset_refault_anon': 6533} events={'low': 0, 'high': 0, 'max': 10, 'oom': 0, 'oom_kill': 0, 'oom_group_kill': 0}
[container_monitor] pf-test-2: current=748.7MiB swap=65.1MiB max=981.0MiB cpu.usage_usec=2910903 method=swap_current_delta_fallback detail={'delta_swap_current': 0, 'swap_saturated': False, 'workingset_refault_anon': 6533} events={'low': 0, 'high': 0, 'max': 10, 'oom': 0, 'oom_kill': 0, 'oom_group_kill': 0}
[container_monitor] pf-test-2: current=750.9MiB swap=65.1MiB max=981.0MiB cpu.usage_usec=2915468 method=swap_current_delta_fallback detail={'delta_swap_current': 0, 'swap_saturated': False, 'workingset_refault_anon': 6533} events={'low': 0, 'high': 0, 'max': 10, 'oom': 0, 'oom_kill': 0, 'oom_group_kill': 0}
[container_monitor] pf-test-2: current=752.5MiB swap=65.1MiB max=981.0MiB cpu.usage_usec=2920533 method=swap_current_delta_fallback detail={'delta_swap_current': 0, 'swap_saturated': False, 'workingset_refault_anon': 6533} events={'low': 0, 'high': 0, 'max': 10, 'oom': 0, 'oom_kill': 0, 'oom_group_kill': 0}
[container_monitor] pf-test-2: current=754.2MiB swap=65.1MiB max=981.0MiB cpu.usage_usec=2925703 method=swap_current_delta_fallback detail={'delta_swap_current': 0, 'swap_saturated': False, 'workingset_refault_anon': 6533} events={'low': 0, 'high': 0, 'max': 10, 'oom': 0, 'oom_kill': 0, 'oom_group_kill': 0}
[container_monitor] pf-test-2: current=756.2MiB swap=65.1MiB max=981.0MiB cpu.usage_usec=2931224 method=swap_current_delta_fallback detail={'delta_swap_current': 0, 'swap_saturated': False, 'workingset_refault_anon': 6533} events={'low': 0, 'high': 0, 'max': 10, 'oom': 0, 'oom_kill': 0, 'oom_group_kill': 0}
[container_monitor] pf-test-2: current=757.7MiB swap=65.1MiB max=981.0MiB cpu.usage_usec=2935276 method=swap_current_delta_fallback detail={'delta_swap_current': 0, 'swap_saturated': False, 'workingset_refault_anon': 6533} events={'low': 0, 'high': 0, 'max': 10, 'oom': 0, 'oom_kill': 0, 'oom_group_kill': 0}
[container_monitor] pf-test-2: current=759.7MiB swap=65.1MiB max=981.0MiB cpu.usage_usec=2940271 method=swap_current_delta_fallback detail={'delta_swap_current': 0, 'swap_saturated': False, 'workingset_refault_anon': 6533} events={'low': 0, 'high': 0, 'max': 10, 'oom': 0, 'oom_kill': 0, 'oom_group_kill': 0}
[container_monitor] pf-test-2: current=761.5MiB swap=65.1MiB max=981.0MiB cpu.usage_usec=2945319 method=swap_current_delta_fallback detail={'delta_swap_current': 0, 'swap_saturated': False, 'workingset_refault_anon': 6533} events={'low': 0, 'high': 0, 'max': 10, 'oom': 0, 'oom_kill': 0, 'oom_group_kill': 0}
[container_monitor] pf-test-2: current=764.0MiB swap=65.1MiB max=981.0MiB cpu.usage_usec=2950572 method=swap_current_delta_fallback detail={'delta_swap_current': 0, 'swap_saturated': False, 'workingset_refault_anon': 6533} events={'low': 0, 'high': 0, 'max': 10, 'oom': 0, 'oom_kill': 0, 'oom_group_kill': 0}
[container_monitor] pf-test-2: current=765.5MiB swap=65.1MiB max=981.0MiB cpu.usage_usec=2955719 method=swap_current_delta_fallback detail={'delta_swap_current': 0, 'swap_saturated': False, 'workingset_refault_anon': 6533} events={'low': 0, 'high': 0, 'max': 10, 'oom': 0, 'oom_kill': 0, 'oom_group_kill': 0}
[container_monitor] pf-test-2: current=767.0MiB swap=65.1MiB max=981.0MiB cpu.usage_usec=2960476 method=swap_current_delta_fallback detail={'delta_swap_current': 0, 'swap_saturated': False, 'workingset_refault_anon': 6533} events={'low': 0, 'high': 0, 'max': 10, 'oom': 0, 'oom_kill': 0, 'oom_group_kill': 0}
[container_monitor] pf-test-2: current=768.6MiB swap=65.1MiB max=981.0MiB cpu.usage_usec=2965864 method=swap_current_delta_fallback detail={'delta_swap_current': 0, 'swap_saturated': False, 'workingset_refault_anon': 6533} events={'low': 0, 'high': 0, 'max': 10, 'oom': 0, 'oom_kill': 0, 'oom_group_kill': 0}
[container_monitor] pf-test-2: current=770.5MiB swap=65.1MiB max=981.0MiB cpu.usage_usec=2970912 method=swap_current_delta_fallback detail={'delta_swap_current': 0, 'swap_saturated': False, 'workingset_refault_anon': 6533} events={'low': 0, 'high': 0, 'max': 10, 'oom': 0, 'oom_kill': 0, 'oom_group_kill': 0}
[container_monitor] pf-test-2: current=772.5MiB swap=65.1MiB max=981.0MiB cpu.usage_usec=2975889 method=swap_current_delta_fallback detail={'delta_swap_current': 0, 'swap_saturated': False, 'workingset_refault_anon': 6533} events={'low': 0, 'high': 0, 'max': 10, 'oom': 0, 'oom_kill': 0, 'oom_group_kill': 0}
[container_monitor] pf-test-2: current=773.8MiB swap=65.1MiB max=981.0MiB cpu.usage_usec=2980647 method=swap_current_delta_fallback detail={'delta_swap_current': 0, 'swap_saturated': False, 'workingset_refault_anon': 6533} events={'low': 0, 'high': 0, 'max': 10, 'oom': 0, 'oom_kill': 0, 'oom_group_kill': 0}
[container_monitor] pf-test-2: current=775.6MiB swap=65.1MiB max=981.0MiB cpu.usage_usec=2985736 method=swap_current_delta_fallback detail={'delta_swap_current': 0, 'swap_saturated': False, 'workingset_refault_anon': 6533} events={'low': 0, 'high': 0, 'max': 10, 'oom': 0, 'oom_kill': 0, 'oom_group_kill': 0}
[container_monitor] pf-test-2: current=777.3MiB swap=65.1MiB max=981.0MiB cpu.usage_usec=2990378 method=swap_current_delta_fallback detail={'delta_swap_current': 0, 'swap_saturated': False, 'workingset_refault_anon': 6533} events={'low': 0, 'high': 0, 'max': 10, 'oom': 0, 'oom_kill': 0, 'oom_group_kill': 0}
[container_monitor] pf-test-2: current=778.2MiB swap=65.1MiB max=981.0MiB cpu.usage_usec=2995213 method=swap_current_delta_fallback detail={'delta_swap_current': 0, 'swap_saturated': False, 'workingset_refault_anon': 6533} events={'low': 0, 'high': 0, 'max': 10, 'oom': 0, 'oom_kill': 0, 'oom_group_kill': 0}
[container_monitor] pf-test-2: current=779.8MiB swap=65.1MiB max=981.0MiB cpu.usage_usec=3000658 method=swap_current_delta_fallback detail={'delta_swap_current': 0, 'swap_saturated': False, 'workingset_refault_anon': 6533} events={'low': 0, 'high': 0, 'max': 10, 'oom': 0, 'oom_kill': 0, 'oom_group_kill': 0}
[container_monitor] pf-test-2: current=781.6MiB swap=65.1MiB max=981.0MiB cpu.usage_usec=3005982 method=swap_current_delta_fallback detail={'delta_swap_current': 0, 'swap_saturated': False, 'workingset_refault_anon': 6533} events={'low': 0, 'high': 0, 'max': 10, 'oom': 0, 'oom_kill': 0, 'oom_group_kill': 0}
[container_monitor] pf-test-2: current=782.9MiB swap=65.1MiB max=981.0MiB cpu.usage_usec=3010292 method=swap_current_delta_fallback detail={'delta_swap_current': 0, 'swap_saturated': False, 'workingset_refault_anon': 6533} events={'low': 0, 'high': 0, 'max': 10, 'oom': 0, 'oom_kill': 0, 'oom_group_kill': 0}
[container_monitor] pf-test-2: current=784.9MiB swap=65.1MiB max=981.0MiB cpu.usage_usec=3016059 method=swap_current_delta_fallback detail={'delta_swap_current': 0, 'swap_saturated': False, 'workingset_refault_anon': 6533} events={'low': 0, 'high': 0, 'max': 10, 'oom': 0, 'oom_kill': 0, 'oom_group_kill': 0}
[container_monitor] pf-test-2: current=786.0MiB swap=65.1MiB max=981.0MiB cpu.usage_usec=3020404 method=swap_current_delta_fallback detail={'delta_swap_current': 0, 'swap_saturated': False, 'workingset_refault_anon': 6533} events={'low': 0, 'high': 0, 'max': 10, 'oom': 0, 'oom_kill': 0, 'oom_group_kill': 0}
[container_monitor] pf-test-2: current=787.8MiB swap=65.1MiB max=981.0MiB cpu.usage_usec=3026085 method=swap_current_delta_fallback detail={'delta_swap_current': 0, 'swap_saturated': False, 'workingset_refault_anon': 6533} events={'low': 0, 'high': 0, 'max': 10, 'oom': 0, 'oom_kill': 0, 'oom_group_kill': 0}
[container_monitor] pf-test-2: current=790.6MiB swap=65.1MiB max=981.0MiB cpu.usage_usec=3030229 method=swap_current_delta_fallback detail={'delta_swap_current': 0, 'swap_saturated': False, 'workingset_refault_anon': 6533} events={'low': 0, 'high': 0, 'max': 10, 'oom': 0, 'oom_kill': 0, 'oom_group_kill': 0}
[container_monitor] pf-test-2: current=792.4MiB swap=65.1MiB max=981.0MiB cpu.usage_usec=3035227 method=swap_current_delta_fallback detail={'delta_swap_current': 0, 'swap_saturated': False, 'workingset_refault_anon': 6533} events={'low': 0, 'high': 0, 'max': 10, 'oom': 0, 'oom_kill': 0, 'oom_group_kill': 0}
[container_monitor] pf-test-2: current=793.1MiB swap=65.1MiB max=981.0MiB cpu.usage_usec=3040340 method=swap_current_delta_fallback detail={'delta_swap_current': 0, 'swap_saturated': False, 'workingset_refault_anon': 6533} events={'low': 0, 'high': 0, 'max': 10, 'oom': 0, 'oom_kill': 0, 'oom_group_kill': 0}
[container_monitor] pf-test-2: current=794.0MiB swap=65.1MiB max=981.0MiB cpu.usage_usec=3045762 method=swap_current_delta_fallback detail={'delta_swap_current': 0, 'swap_saturated': False, 'workingset_refault_anon': 6533} events={'low': 0, 'high': 0, 'max': 10, 'oom': 0, 'oom_kill': 0, 'oom_group_kill': 0}
[container_monitor] pf-test-2: current=767.9MiB swap=94.8MiB max=981.0MiB cpu.usage_usec=3050672 method=swap_current_delta_fallback detail={'delta_swap_current': 31158272, 'swap_saturated': False, 'workingset_refault_anon': 6533} events={'low': 0, 'high': 0, 'max': 10, 'oom': 0, 'oom_kill': 0, 'oom_group_kill': 0}
[container_monitor] pf-test-2: current=769.2MiB swap=94.8MiB max=981.0MiB cpu.usage_usec=3055496 method=swap_current_delta_fallback detail={'delta_swap_current': 0, 'swap_saturated': False, 'workingset_refault_anon': 6533} events={'low': 0, 'high': 0, 'max': 10, 'oom': 0, 'oom_kill': 0, 'oom_group_kill': 0}
[container_monitor] pf-test-2: current=770.6MiB swap=94.8MiB max=981.0MiB cpu.usage_usec=3060469 method=swap_current_delta_fallback detail={'delta_swap_current': 0, 'swap_saturated': False, 'workingset_refault_anon': 6533} events={'low': 0, 'high': 0, 'max': 10, 'oom': 0, 'oom_kill': 0, 'oom_group_kill': 0}
[container_monitor] pf-test-2: current=772.4MiB swap=94.8MiB max=981.0MiB cpu.usage_usec=3065872 method=swap_current_delta_fallback detail={'delta_swap_current': 0, 'swap_saturated': False, 'workingset_refault_anon': 6533} events={'low': 0, 'high': 0, 'max': 10, 'oom': 0, 'oom_kill': 0, 'oom_group_kill': 0}
[container_monitor] pf-test-2: current=774.7MiB swap=94.8MiB max=981.0MiB cpu.usage_usec=3071513 method=swap_current_delta_fallback detail={'delta_swap_current': 0, 'swap_saturated': False, 'workingset_refault_anon': 6533} events={'low': 0, 'high': 0, 'max': 10, 'oom': 0, 'oom_kill': 0, 'oom_group_kill': 0}
[container_monitor] pf-test-2: current=775.9MiB swap=94.8MiB max=981.0MiB cpu.usage_usec=3076796 method=swap_current_delta_fallback detail={'delta_swap_current': 0, 'swap_saturated': False, 'workingset_refault_anon': 6533} events={'low': 0, 'high': 0, 'max': 10, 'oom': 0, 'oom_kill': 0, 'oom_group_kill': 0}
[container_monitor] pf-test-2: current=777.0MiB swap=94.8MiB max=981.0MiB cpu.usage_usec=3082094 method=swap_current_delta_fallback detail={'delta_swap_current': 0, 'swap_saturated': False, 'workingset_refault_anon': 6533} events={'low': 0, 'high': 0, 'max': 10, 'oom': 0, 'oom_kill': 0, 'oom_group_kill': 0}
[container_monitor] pf-test-2: current=777.7MiB swap=94.8MiB max=981.0MiB cpu.usage_usec=3086387 method=swap_current_delta_fallback detail={'delta_swap_current': 0, 'swap_saturated': False, 'workingset_refault_anon': 6533} events={'low': 0, 'high': 0, 'max': 10, 'oom': 0, 'oom_kill': 0, 'oom_group_kill': 0}
[container_monitor] pf-test-2: current=778.8MiB swap=94.8MiB max=981.0MiB cpu.usage_usec=3091810 method=swap_current_delta_fallback detail={'delta_swap_current': 0, 'swap_saturated': False, 'workingset_refault_anon': 6533} events={'low': 0, 'high': 0, 'max': 10, 'oom': 0, 'oom_kill': 0, 'oom_group_kill': 0}
[container_monitor] pf-test-2: current=779.8MiB swap=94.8MiB max=981.0MiB cpu.usage_usec=3097081 method=swap_current_delta_fallback detail={'delta_swap_current': 0, 'swap_saturated': False, 'workingset_refault_anon': 6533} events={'low': 0, 'high': 0, 'max': 10, 'oom': 0, 'oom_kill': 0, 'oom_group_kill': 0}
[container_monitor] pf-test-2: current=780.9MiB swap=94.8MiB max=981.0MiB cpu.usage_usec=3101556 method=swap_current_delta_fallback detail={'delta_swap_current': 0, 'swap_saturated': False, 'workingset_refault_anon': 6533} events={'low': 0, 'high': 0, 'max': 10, 'oom': 0, 'oom_kill': 0, 'oom_group_kill': 0}
[container_monitor] pf-test-2: current=781.9MiB swap=94.8MiB max=981.0MiB cpu.usage_usec=3106915 method=swap_current_delta_fallback detail={'delta_swap_current': 0, 'swap_saturated': False, 'workingset_refault_anon': 6533} events={'low': 0, 'high': 0, 'max': 10, 'oom': 0, 'oom_kill': 0, 'oom_group_kill': 0}
[container_monitor] pf-test-2: current=782.7MiB swap=94.8MiB max=981.0MiB cpu.usage_usec=3111736 method=swap_current_delta_fallback detail={'delta_swap_current': 0, 'swap_saturated': False, 'workingset_refault_anon': 6533} events={'low': 0, 'high': 0, 'max': 10, 'oom': 0, 'oom_kill': 0, 'oom_group_kill': 0}
[container_monitor] pf-test-2: current=783.7MiB swap=94.8MiB max=981.0MiB cpu.usage_usec=3116403 method=swap_current_delta_fallback detail={'delta_swap_current': 0, 'swap_saturated': False, 'workingset_refault_anon': 6533} events={'low': 0, 'high': 0, 'max': 10, 'oom': 0, 'oom_kill': 0, 'oom_group_kill': 0}
[container_monitor] pf-test-2: current=784.7MiB swap=94.8MiB max=981.0MiB cpu.usage_usec=3121951 method=swap_current_delta_fallback detail={'delta_swap_current': 0, 'swap_saturated': False, 'workingset_refault_anon': 6533} events={'low': 0, 'high': 0, 'max': 10, 'oom': 0, 'oom_kill': 0, 'oom_group_kill': 0}
[container_monitor] pf-test-2: current=785.7MiB swap=94.8MiB max=981.0MiB cpu.usage_usec=3126688 method=swap_current_delta_fallback detail={'delta_swap_current': 0, 'swap_saturated': False, 'workingset_refault_anon': 6533} events={'low': 0, 'high': 0, 'max': 10, 'oom': 0, 'oom_kill': 0, 'oom_group_kill': 0}
[container_monitor] pf-test-2: current=787.2MiB swap=94.8MiB max=981.0MiB cpu.usage_usec=3131233 method=swap_current_delta_fallback detail={'delta_swap_current': 0, 'swap_saturated': False, 'workingset_refault_anon': 6533} events={'low': 0, 'high': 0, 'max': 10, 'oom': 0, 'oom_kill': 0, 'oom_group_kill': 0}
[container_monitor] pf-test-2: current=788.7MiB swap=94.8MiB max=981.0MiB cpu.usage_usec=3136596 method=swap_current_delta_fallback detail={'delta_swap_current': 0, 'swap_saturated': False, 'workingset_refault_anon': 6533} events={'low': 0, 'high': 0, 'max': 10, 'oom': 0, 'oom_kill': 0, 'oom_group_kill': 0}
[container_monitor] pf-test-2: current=789.5MiB swap=94.8MiB max=981.0MiB cpu.usage_usec=3141268 method=swap_current_delta_fallback detail={'delta_swap_current': 0, 'swap_saturated': False, 'workingset_refault_anon': 6533} events={'low': 0, 'high': 0, 'max': 10, 'oom': 0, 'oom_kill': 0, 'oom_group_kill': 0}
[container_monitor] pf-test-2: current=790.6MiB swap=94.8MiB max=981.0MiB cpu.usage_usec=3147192 method=swap_current_delta_fallback detail={'delta_swap_current': 0, 'swap_saturated': False, 'workingset_refault_anon': 6533} events={'low': 0, 'high': 0, 'max': 10, 'oom': 0, 'oom_kill': 0, 'oom_group_kill': 0}
[container_monitor] pf-test-2: current=791.2MiB swap=94.8MiB max=981.0MiB cpu.usage_usec=3151940 method=swap_current_delta_fallback detail={'delta_swap_current': 0, 'swap_saturated': False, 'workingset_refault_anon': 6533} events={'low': 0, 'high': 0, 'max': 10, 'oom': 0, 'oom_kill': 0, 'oom_group_kill': 0}
[container_monitor] pf-test-2: current=792.6MiB swap=94.8MiB max=981.0MiB cpu.usage_usec=3156447 method=swap_current_delta_fallback detail={'delta_swap_current': 0, 'swap_saturated': False, 'workingset_refault_anon': 6533} events={'low': 0, 'high': 0, 'max': 10, 'oom': 0, 'oom_kill': 0, 'oom_group_kill': 0}
[container_monitor] pf-test-2: current=794.0MiB swap=94.8MiB max=981.0MiB cpu.usage_usec=3161841 method=swap_current_delta_fallback detail={'delta_swap_current': 0, 'swap_saturated': False, 'workingset_refault_anon': 6533} events={'low': 0, 'high': 0, 'max': 10, 'oom': 0, 'oom_kill': 0, 'oom_group_kill': 0}
[container_monitor] pf-test-2: current=795.2MiB swap=94.8MiB max=981.0MiB cpu.usage_usec=3167026 method=swap_current_delta_fallback detail={'delta_swap_current': 0, 'swap_saturated': False, 'workingset_refault_anon': 6533} events={'low': 0, 'high': 0, 'max': 10, 'oom': 0, 'oom_kill': 0, 'oom_group_kill': 0}
[container_monitor] pf-test-2: current=797.1MiB swap=94.8MiB max=981.0MiB cpu.usage_usec=3172121 method=swap_current_delta_fallback detail={'delta_swap_current': 0, 'swap_saturated': False, 'workingset_refault_anon': 6533} events={'low': 0, 'high': 0, 'max': 10, 'oom': 0, 'oom_kill': 0, 'oom_group_kill': 0}
[container_monitor] pf-test-2: current=798.0MiB swap=94.8MiB max=981.0MiB cpu.usage_usec=3176455 method=swap_current_delta_fallback detail={'delta_swap_current': 0, 'swap_saturated': False, 'workingset_refault_anon': 6533} events={'low': 0, 'high': 0, 'max': 10, 'oom': 0, 'oom_kill': 0, 'oom_group_kill': 0}
[container_monitor] pf-test-2: current=799.8MiB swap=94.8MiB max=981.0MiB cpu.usage_usec=3182029 method=swap_current_delta_fallback detail={'delta_swap_current': 0, 'swap_saturated': False, 'workingset_refault_anon': 6533} events={'low': 0, 'high': 0, 'max': 10, 'oom': 0, 'oom_kill': 0, 'oom_group_kill': 0}
[container_monitor] pf-test-2: current=801.3MiB swap=94.8MiB max=981.0MiB cpu.usage_usec=3186927 method=swap_current_delta_fallback detail={'delta_swap_current': 0, 'swap_saturated': False, 'workingset_refault_anon': 6533} events={'low': 0, 'high': 0, 'max': 10, 'oom': 0, 'oom_kill': 0, 'oom_group_kill': 0}
[container_monitor] pf-test-2: current=802.4MiB swap=94.8MiB max=981.0MiB cpu.usage_usec=3192131 method=swap_current_delta_fallback detail={'delta_swap_current': 0, 'swap_saturated': False, 'workingset_refault_anon': 6533} events={'low': 0, 'high': 0, 'max': 10, 'oom': 0, 'oom_kill': 0, 'oom_group_kill': 0}
[container_monitor] pf-test-2: current=803.6MiB swap=94.8MiB max=981.0MiB cpu.usage_usec=3197181 method=swap_current_delta_fallback detail={'delta_swap_current': 0, 'swap_saturated': False, 'workingset_refault_anon': 6533} events={'low': 0, 'high': 0, 'max': 10, 'oom': 0, 'oom_kill': 0, 'oom_group_kill': 0}
[container_monitor] pf-test-2: current=804.6MiB swap=94.8MiB max=981.0MiB cpu.usage_usec=3201763 method=swap_current_delta_fallback detail={'delta_swap_current': 0, 'swap_saturated': False, 'workingset_refault_anon': 6533} events={'low': 0, 'high': 0, 'max': 10, 'oom': 0, 'oom_kill': 0, 'oom_group_kill': 0}
[container_monitor] pf-test-2: current=806.1MiB swap=94.8MiB max=981.0MiB cpu.usage_usec=3206671 method=swap_current_delta_fallback detail={'delta_swap_current': 0, 'swap_saturated': False, 'workingset_refault_anon': 6533} events={'low': 0, 'high': 0, 'max': 10, 'oom': 0, 'oom_kill': 0, 'oom_group_kill': 0}
[container_monitor] pf-test-2: current=807.4MiB swap=94.8MiB max=981.0MiB cpu.usage_usec=3211245 method=swap_current_delta_fallback detail={'delta_swap_current': 0, 'swap_saturated': False, 'workingset_refault_anon': 6533} events={'low': 0, 'high': 0, 'max': 10, 'oom': 0, 'oom_kill': 0, 'oom_group_kill': 0}
[container_monitor] pf-test-2: current=809.1MiB swap=94.8MiB max=981.0MiB cpu.usage_usec=3217166 method=swap_current_delta_fallback detail={'delta_swap_current': 0, 'swap_saturated': False, 'workingset_refault_anon': 6533} events={'low': 0, 'high': 0, 'max': 10, 'oom': 0, 'oom_kill': 0, 'oom_group_kill': 0}
[container_monitor] pf-test-2: current=810.2MiB swap=94.8MiB max=981.0MiB cpu.usage_usec=3221411 method=swap_current_delta_fallback detail={'delta_swap_current': 0, 'swap_saturated': False, 'workingset_refault_anon': 6533} events={'low': 0, 'high': 0, 'max': 10, 'oom': 0, 'oom_kill': 0, 'oom_group_kill': 0}
[container_monitor] pf-test-2: current=811.5MiB swap=94.8MiB max=981.0MiB cpu.usage_usec=3226379 method=swap_current_delta_fallback detail={'delta_swap_current': 0, 'swap_saturated': False, 'workingset_refault_anon': 6533} events={'low': 0, 'high': 0, 'max': 10, 'oom': 0, 'oom_kill': 0, 'oom_group_kill': 0}
[container_monitor] pf-test-2: current=812.6MiB swap=94.8MiB max=981.0MiB cpu.usage_usec=3231276 method=swap_current_delta_fallback detail={'delta_swap_current': 0, 'swap_saturated': False, 'workingset_refault_anon': 6533} events={'low': 0, 'high': 0, 'max': 10, 'oom': 0, 'oom_kill': 0, 'oom_group_kill': 0}
[container_monitor] pf-test-2: current=813.7MiB swap=94.8MiB max=981.0MiB cpu.usage_usec=3236773 method=swap_current_delta_fallback detail={'delta_swap_current': 0, 'swap_saturated': False, 'workingset_refault_anon': 6533} events={'low': 0, 'high': 0, 'max': 10, 'oom': 0, 'oom_kill': 0, 'oom_group_kill': 0}
[container_monitor] pf-test-2: current=814.6MiB swap=94.8MiB max=981.0MiB cpu.usage_usec=3241478 method=swap_current_delta_fallback detail={'delta_swap_current': 0, 'swap_saturated': False, 'workingset_refault_anon': 6533} events={'low': 0, 'high': 0, 'max': 10, 'oom': 0, 'oom_kill': 0, 'oom_group_kill': 0}
[container_monitor] pf-test-2: current=816.1MiB swap=94.8MiB max=981.0MiB cpu.usage_usec=3246752 method=swap_current_delta_fallback detail={'delta_swap_current': 0, 'swap_saturated': False, 'workingset_refault_anon': 6533} events={'low': 0, 'high': 0, 'max': 10, 'oom': 0, 'oom_kill': 0, 'oom_group_kill': 0}
[container_monitor] pf-test-2: current=817.7MiB swap=94.8MiB max=981.0MiB cpu.usage_usec=3251388 method=swap_current_delta_fallback detail={'delta_swap_current': 0, 'swap_saturated': False, 'workingset_refault_anon': 6533} events={'low': 0, 'high': 0, 'max': 10, 'oom': 0, 'oom_kill': 0, 'oom_group_kill': 0}
[container_monitor] pf-test-2: current=820.3MiB swap=94.8MiB max=981.0MiB cpu.usage_usec=3256405 method=swap_current_delta_fallback detail={'delta_swap_current': 0, 'swap_saturated': False, 'workingset_refault_anon': 6533} events={'low': 0, 'high': 0, 'max': 10, 'oom': 0, 'oom_kill': 0, 'oom_group_kill': 0}
[container_monitor] pf-test-2: current=821.0MiB swap=94.8MiB max=981.0MiB cpu.usage_usec=3261285 method=swap_current_delta_fallback detail={'delta_swap_current': 0, 'swap_saturated': False, 'workingset_refault_anon': 6533} events={'low': 0, 'high': 0, 'max': 10, 'oom': 0, 'oom_kill': 0, 'oom_group_kill': 0}
[container_monitor] pf-test-2: current=821.9MiB swap=94.8MiB max=981.0MiB cpu.usage_usec=3266802 method=swap_current_delta_fallback detail={'delta_swap_current': 0, 'swap_saturated': False, 'workingset_refault_anon': 6533} events={'low': 0, 'high': 0, 'max': 10, 'oom': 0, 'oom_kill': 0, 'oom_group_kill': 0}
[container_monitor] pf-test-2: current=822.9MiB swap=94.8MiB max=981.0MiB cpu.usage_usec=3271779 method=swap_current_delta_fallback detail={'delta_swap_current': 0, 'swap_saturated': False, 'workingset_refault_anon': 6533} events={'low': 0, 'high': 0, 'max': 10, 'oom': 0, 'oom_kill': 0, 'oom_group_kill': 0}
[container_monitor] pf-test-2: current=823.6MiB swap=94.8MiB max=981.0MiB cpu.usage_usec=3276221 method=swap_current_delta_fallback detail={'delta_swap_current': 0, 'swap_saturated': False, 'workingset_refault_anon': 6533} events={'low': 0, 'high': 0, 'max': 10, 'oom': 0, 'oom_kill': 0, 'oom_group_kill': 0}
[container_monitor] pf-test-2: current=825.2MiB swap=94.8MiB max=981.0MiB cpu.usage_usec=3282203 method=swap_current_delta_fallback detail={'delta_swap_current': 0, 'swap_saturated': False, 'workingset_refault_anon': 6533} events={'low': 0, 'high': 0, 'max': 10, 'oom': 0, 'oom_kill': 0, 'oom_group_kill': 0}
[container_monitor] pf-test-2: current=826.2MiB swap=94.8MiB max=981.0MiB cpu.usage_usec=3287113 method=swap_current_delta_fallback detail={'delta_swap_current': 0, 'swap_saturated': False, 'workingset_refault_anon': 6533} events={'low': 0, 'high': 0, 'max': 10, 'oom': 0, 'oom_kill': 0, 'oom_group_kill': 0}
[container_monitor] pf-test-2: current=827.3MiB swap=94.8MiB max=981.0MiB cpu.usage_usec=3291327 method=swap_current_delta_fallback detail={'delta_swap_current': 0, 'swap_saturated': False, 'workingset_refault_anon': 6533} events={'low': 0, 'high': 0, 'max': 10, 'oom': 0, 'oom_kill': 0, 'oom_group_kill': 0}
[container_monitor] pf-test-2: current=828.9MiB swap=94.8MiB max=981.0MiB cpu.usage_usec=3296752 method=swap_current_delta_fallback detail={'delta_swap_current': 0, 'swap_saturated': False, 'workingset_refault_anon': 6533} events={'low': 0, 'high': 0, 'max': 10, 'oom': 0, 'oom_kill': 0, 'oom_group_kill': 0}
[container_monitor] pf-test-2: current=830.1MiB swap=94.8MiB max=981.0MiB cpu.usage_usec=3301948 method=swap_current_delta_fallback detail={'delta_swap_current': 0, 'swap_saturated': False, 'workingset_refault_anon': 6533} events={'low': 0, 'high': 0, 'max': 10, 'oom': 0, 'oom_kill': 0, 'oom_group_kill': 0}
[container_monitor] pf-test-2: current=831.7MiB swap=94.8MiB max=981.0MiB cpu.usage_usec=3306523 method=swap_current_delta_fallback detail={'delta_swap_current': 0, 'swap_saturated': False, 'workingset_refault_anon': 6533} events={'low': 0, 'high': 0, 'max': 10, 'oom': 0, 'oom_kill': 0, 'oom_group_kill': 0}
[container_monitor] pf-test-2: current=833.1MiB swap=94.8MiB max=981.0MiB cpu.usage_usec=3311902 method=swap_current_delta_fallback detail={'delta_swap_current': 0, 'swap_saturated': False, 'workingset_refault_anon': 6533} events={'low': 0, 'high': 0, 'max': 10, 'oom': 0, 'oom_kill': 0, 'oom_group_kill': 0}
[container_monitor] pf-test-2: current=834.0MiB swap=94.8MiB max=981.0MiB cpu.usage_usec=3316650 method=swap_current_delta_fallback detail={'delta_swap_current': 0, 'swap_saturated': False, 'workingset_refault_anon': 6533} events={'low': 0, 'high': 0, 'max': 10, 'oom': 0, 'oom_kill': 0, 'oom_group_kill': 0}
[container_monitor] pf-test-2: current=835.3MiB swap=94.8MiB max=981.0MiB cpu.usage_usec=3321502 method=swap_current_delta_fallback detail={'delta_swap_current': 0, 'swap_saturated': False, 'workingset_refault_anon': 6533} events={'low': 0, 'high': 0, 'max': 10, 'oom': 0, 'oom_kill': 0, 'oom_group_kill': 0}
[container_monitor] pf-test-2: current=834.9MiB swap=94.8MiB max=981.0MiB cpu.usage_usec=3326208 method=swap_current_delta_fallback detail={'delta_swap_current': 0, 'swap_saturated': False, 'workingset_refault_anon': 6533} events={'low': 0, 'high': 0, 'max': 10, 'oom': 0, 'oom_kill': 0, 'oom_group_kill': 0}
[container_monitor] pf-test-2: current=837.3MiB swap=94.8MiB max=981.0MiB cpu.usage_usec=3332227 method=swap_current_delta_fallback detail={'delta_swap_current': 0, 'swap_saturated': False, 'workingset_refault_anon': 6533} events={'low': 0, 'high': 0, 'max': 10, 'oom': 0, 'oom_kill': 0, 'oom_group_kill': 0}
[container_monitor] pf-test-2: current=836.6MiB swap=97.7MiB max=981.0MiB cpu.usage_usec=3336638 method=swap_current_delta_fallback detail={'delta_swap_current': 2990080, 'swap_saturated': False, 'workingset_refault_anon': 6533} events={'low': 0, 'high': 0, 'max': 10, 'oom': 0, 'oom_kill': 0, 'oom_group_kill': 0}
[container_monitor] pf-test-2: current=838.5MiB swap=97.7MiB max=981.0MiB cpu.usage_usec=3342387 method=swap_current_delta_fallback detail={'delta_swap_current': 0, 'swap_saturated': False, 'workingset_refault_anon': 6533} events={'low': 0, 'high': 0, 'max': 10, 'oom': 0, 'oom_kill': 0, 'oom_group_kill': 0}
[container_monitor] pf-test-2: current=833.4MiB swap=103.8MiB max=981.0MiB cpu.usage_usec=3347878 method=swap_current_delta_fallback detail={'delta_swap_current': 6422528, 'swap_saturated': False, 'workingset_refault_anon': 6533} events={'low': 0, 'high': 0, 'max': 10, 'oom': 0, 'oom_kill': 0, 'oom_group_kill': 0}
[container_monitor] pf-test-2: current=834.4MiB swap=103.8MiB max=981.0MiB cpu.usage_usec=3352234 method=swap_current_delta_fallback detail={'delta_swap_current': 0, 'swap_saturated': False, 'workingset_refault_anon': 6533} events={'low': 0, 'high': 0, 'max': 10, 'oom': 0, 'oom_kill': 0, 'oom_group_kill': 0}
[container_monitor] pf-test-2: current=835.9MiB swap=103.8MiB max=981.0MiB cpu.usage_usec=3357892 method=swap_current_delta_fallback detail={'delta_swap_current': 0, 'swap_saturated': False, 'workingset_refault_anon': 6533} events={'low': 0, 'high': 0, 'max': 10, 'oom': 0, 'oom_kill': 0, 'oom_group_kill': 0}
[container_monitor] pf-test-2: current=836.2MiB swap=105.8MiB max=981.0MiB cpu.usage_usec=3363206 method=swap_current_delta_fallback detail={'delta_swap_current': 2109440, 'swap_saturated': False, 'workingset_refault_anon': 6533} events={'low': 0, 'high': 0, 'max': 10, 'oom': 0, 'oom_kill': 0, 'oom_group_kill': 0}
[container_monitor] pf-test-2: current=831.9MiB swap=117.3MiB max=981.0MiB cpu.usage_usec=3367286 method=swap_current_delta_fallback detail={'delta_swap_current': 11997184, 'swap_saturated': False, 'workingset_refault_anon': 6533} events={'low': 0, 'high': 0, 'max': 10, 'oom': 0, 'oom_kill': 0, 'oom_group_kill': 0}
[container_monitor] pf-test-2: current=833.2MiB swap=117.3MiB max=981.0MiB cpu.usage_usec=3372923 method=swap_current_delta_fallback detail={'delta_swap_current': 0, 'swap_saturated': False, 'workingset_refault_anon': 6533} events={'low': 0, 'high': 0, 'max': 10, 'oom': 0, 'oom_kill': 0, 'oom_group_kill': 0}
[container_monitor] pf-test-2: current=835.0MiB swap=117.3MiB max=981.0MiB cpu.usage_usec=3378001 method=swap_current_delta_fallback detail={'delta_swap_current': 0, 'swap_saturated': False, 'workingset_refault_anon': 6533} events={'low': 0, 'high': 0, 'max': 10, 'oom': 0, 'oom_kill': 0, 'oom_group_kill': 0}
[container_monitor] pf-test-2: current=837.1MiB swap=117.3MiB max=981.0MiB cpu.usage_usec=3383021 method=swap_current_delta_fallback detail={'delta_swap_current': 0, 'swap_saturated': False, 'workingset_refault_anon': 6533} events={'low': 0, 'high': 0, 'max': 10, 'oom': 0, 'oom_kill': 0, 'oom_group_kill': 0}
[container_monitor] pf-test-2: current=838.7MiB swap=117.3MiB max=981.0MiB cpu.usage_usec=3387306 method=swap_current_delta_fallback detail={'delta_swap_current': 0, 'swap_saturated': False, 'workingset_refault_anon': 6533} events={'low': 0, 'high': 0, 'max': 10, 'oom': 0, 'oom_kill': 0, 'oom_group_kill': 0}
[container_monitor] pf-test-2: current=841.0MiB swap=117.3MiB max=981.0MiB cpu.usage_usec=3392296 method=swap_current_delta_fallback detail={'delta_swap_current': 0, 'swap_saturated': False, 'workingset_refault_anon': 6533} events={'low': 0, 'high': 0, 'max': 10, 'oom': 0, 'oom_kill': 0, 'oom_group_kill': 0}
[container_monitor] pf-test-2: current=844.1MiB swap=117.3MiB max=981.0MiB cpu.usage_usec=3397873 method=swap_current_delta_fallback detail={'delta_swap_current': 0, 'swap_saturated': False, 'workingset_refault_anon': 6533} events={'low': 0, 'high': 0, 'max': 10, 'oom': 0, 'oom_kill': 0, 'oom_group_kill': 0}
[container_monitor] pf-test-2: current=846.7MiB swap=117.3MiB max=981.0MiB cpu.usage_usec=3402788 method=swap_current_delta_fallback detail={'delta_swap_current': 0, 'swap_saturated': False, 'workingset_refault_anon': 6533} events={'low': 0, 'high': 0, 'max': 10, 'oom': 0, 'oom_kill': 0, 'oom_group_kill': 0}
[container_monitor] pf-test-2: current=842.7MiB swap=124.3MiB max=981.0MiB cpu.usage_usec=3407551 method=swap_current_delta_fallback detail={'delta_swap_current': 7360512, 'swap_saturated': True, 'workingset_refault_anon': 6533} events={'low': 0, 'high': 0, 'max': 10, 'oom': 0, 'oom_kill': 0, 'oom_group_kill': 0}
[container_monitor] pf-test-2: current=846.8MiB swap=124.3MiB max=981.0MiB cpu.usage_usec=3412933 method=swap_current_delta_fallback detail={'delta_swap_current': 0, 'swap_saturated': True, 'workingset_refault_anon': 6533} events={'low': 0, 'high': 0, 'max': 10, 'oom': 0, 'oom_kill': 0, 'oom_group_kill': 0}
[container_monitor] pf-test-2: current=848.9MiB swap=124.3MiB max=981.0MiB cpu.usage_usec=3417546 method=swap_current_delta_fallback detail={'delta_swap_current': 0, 'swap_saturated': True, 'workingset_refault_anon': 6533} events={'low': 0, 'high': 0, 'max': 10, 'oom': 0, 'oom_kill': 0, 'oom_group_kill': 0}
[container_monitor] pf-test-2: current=851.7MiB swap=124.3MiB max=981.0MiB cpu.usage_usec=3422213 method=swap_current_delta_fallback detail={'delta_swap_current': 0, 'swap_saturated': True, 'workingset_refault_anon': 6533} events={'low': 0, 'high': 0, 'max': 10, 'oom': 0, 'oom_kill': 0, 'oom_group_kill': 0}
[container_monitor] pf-test-2: current=857.8MiB swap=124.3MiB max=981.0MiB cpu.usage_usec=3427739 method=swap_current_delta_fallback detail={'delta_swap_current': 0, 'swap_saturated': True, 'workingset_refault_anon': 6533} events={'low': 0, 'high': 0, 'max': 10, 'oom': 0, 'oom_kill': 0, 'oom_group_kill': 0}
[container_monitor] pf-test-2: OCM 감지 (method=swap_current_delta_fallback, detail={'delta_swap_current': 0, 'swap_saturated': True, 'workingset_refault_anon': 6533})
[puff_manager] pf-test-2: 호스트 여유 없음 (assigned=3119MiB budget=3119MiB), puff 건너뜀
[container_monitor] pf-test-2: 이미 suspend 상태, 재적용 생략
[container_monitor] pf-test-2: current=856.5MiB swap=128.0MiB max=981.0MiB cpu.usage_usec=3434223 method=swap_current_delta_fallback detail={'delta_swap_current': 3899392, 'swap_saturated': True, 'workingset_refault_anon': 6533} events={'low': 0, 'high': 0, 'max': 10, 'oom': 0, 'oom_kill': 0, 'oom_group_kill': 0}
[container_monitor] pf-test-2: OCM 감지 (method=swap_current_delta_fallback, detail={'delta_swap_current': 3899392, 'swap_saturated': True, 'workingset_refault_anon': 6533})
[puff_manager] pf-test-2: 호스트 여유 없음 (assigned=3119MiB budget=3119MiB), puff 건너뜀
[container_monitor] pf-test-2: 이미 suspend 상태, 재적용 생략
[container_monitor] pf-test-2: current=862.2MiB swap=128.0MiB max=981.0MiB cpu.usage_usec=3440079 method=swap_current_delta_fallback detail={'delta_swap_current': 0, 'swap_saturated': True, 'workingset_refault_anon': 6533} events={'low': 0, 'high': 0, 'max': 10, 'oom': 0, 'oom_kill': 0, 'oom_group_kill': 0}
[container_monitor] pf-test-2: OCM 감지 (method=swap_current_delta_fallback, detail={'delta_swap_current': 0, 'swap_saturated': True, 'workingset_refault_anon': 6533})
[puff_manager] pf-test-2: 호스트 여유 없음 (assigned=3119MiB budget=3119MiB), puff 건너뜀
[container_monitor] pf-test-2: 이미 suspend 상태, 재적용 생략
[container_monitor] pf-test-2: current=863.7MiB swap=128.0MiB max=981.0MiB cpu.usage_usec=3445998 method=swap_current_delta_fallback detail={'delta_swap_current': 0, 'swap_saturated': True, 'workingset_refault_anon': 6533} events={'low': 0, 'high': 0, 'max': 10, 'oom': 0, 'oom_kill': 0, 'oom_group_kill': 0}
[container_monitor] pf-test-2: OCM 감지 (method=swap_current_delta_fallback, detail={'delta_swap_current': 0, 'swap_saturated': True, 'workingset_refault_anon': 6533})
[puff_manager] pf-test-2: 호스트 여유 없음 (assigned=3119MiB budget=3119MiB), puff 건너뜀
[container_monitor] pf-test-2: 이미 suspend 상태, 재적용 생략
[container_monitor] pf-test-2: current=863.7MiB swap=128.0MiB max=981.0MiB cpu.usage_usec=3451221 method=swap_current_delta_fallback detail={'delta_swap_current': 0, 'swap_saturated': True, 'workingset_refault_anon': 6533} events={'low': 0, 'high': 0, 'max': 10, 'oom': 0, 'oom_kill': 0, 'oom_group_kill': 0}
[container_monitor] pf-test-2: OCM 감지 (method=swap_current_delta_fallback, detail={'delta_swap_current': 0, 'swap_saturated': True, 'workingset_refault_anon': 6533})
[puff_manager] pf-test-2: 호스트 여유 없음 (assigned=3119MiB budget=3119MiB), puff 건너뜀
[container_monitor] pf-test-2: 이미 suspend 상태, 재적용 생략
[container_monitor] pf-test-2: current=863.7MiB swap=128.0MiB max=981.0MiB cpu.usage_usec=3457316 method=swap_current_delta_fallback detail={'delta_swap_current': -4096, 'swap_saturated': True, 'workingset_refault_anon': 6533} events={'low': 0, 'high': 0, 'max': 10, 'oom': 0, 'oom_kill': 0, 'oom_group_kill': 0}
[container_monitor] pf-test-2: OCM 감지 (method=swap_current_delta_fallback, detail={'delta_swap_current': -4096, 'swap_saturated': True, 'workingset_refault_anon': 6533})
[puff_manager] pf-test-2: 호스트 여유 없음 (assigned=3119MiB budget=3119MiB), puff 건너뜀
[container_monitor] pf-test-2: 이미 suspend 상태, 재적용 생략
[container_monitor] pf-test-2: current=865.7MiB swap=126.1MiB max=981.0MiB cpu.usage_usec=3462329 method=swap_current_delta_fallback detail={'delta_swap_current': -2023424, 'swap_saturated': True, 'workingset_refault_anon': 6560} events={'low': 0, 'high': 0, 'max': 10, 'oom': 0, 'oom_kill': 0, 'oom_group_kill': 0}
[container_monitor] pf-test-2: OCM 감지 (method=swap_current_delta_fallback, detail={'delta_swap_current': -2023424, 'swap_saturated': True, 'workingset_refault_anon': 6560})
[puff_manager] pf-test-2: 호스트 여유 없음 (assigned=3119MiB budget=3119MiB), puff 건너뜀
[container_monitor] pf-test-2: 이미 suspend 상태, 재적용 생략
[container_monitor] pf-test-2: current=867.3MiB swap=124.3MiB max=981.0MiB cpu.usage_usec=3468289 method=swap_current_delta_fallback detail={'delta_swap_current': -1802240, 'swap_saturated': True, 'workingset_refault_anon': 6560} events={'low': 0, 'high': 0, 'max': 10, 'oom': 0, 'oom_kill': 0, 'oom_group_kill': 0}
[container_monitor] pf-test-2: OCM 감지 (method=swap_current_delta_fallback, detail={'delta_swap_current': -1802240, 'swap_saturated': True, 'workingset_refault_anon': 6560})
[puff_manager] pf-test-2: 호스트 여유 없음 (assigned=3119MiB budget=3119MiB), puff 건너뜀
[container_monitor] pf-test-2: 이미 suspend 상태, 재적용 생략
[container_monitor] pf-test-2: current=869.3MiB swap=122.3MiB max=981.0MiB cpu.usage_usec=3474291 method=swap_current_delta_fallback detail={'delta_swap_current': -2097152, 'swap_saturated': True, 'workingset_refault_anon': 6560} events={'low': 0, 'high': 0, 'max': 10, 'oom': 0, 'oom_kill': 0, 'oom_group_kill': 0}
[container_monitor] pf-test-2: OCM 감지 (method=swap_current_delta_fallback, detail={'delta_swap_current': -2097152, 'swap_saturated': True, 'workingset_refault_anon': 6560})
[puff_manager] pf-test-2: 호스트 여유 없음 (assigned=3119MiB budget=3119MiB), puff 건너뜀
[container_monitor] pf-test-2: 이미 suspend 상태, 재적용 생략
[container_monitor] pf-test-2: current=871.8MiB swap=119.9MiB max=981.0MiB cpu.usage_usec=3480275 method=swap_current_delta_fallback detail={'delta_swap_current': -2617344, 'swap_saturated': False, 'workingset_refault_anon': 6680} events={'low': 0, 'high': 0, 'max': 10, 'oom': 0, 'oom_kill': 0, 'oom_group_kill': 0}
[container_monitor] pf-test-2: current=872.8MiB swap=118.8MiB max=981.0MiB cpu.usage_usec=3485221 method=swap_current_delta_fallback detail={'delta_swap_current': -1064960, 'swap_saturated': False, 'workingset_refault_anon': 6696} events={'low': 0, 'high': 0, 'max': 10, 'oom': 0, 'oom_kill': 0, 'oom_group_kill': 0}
[container_monitor] pf-test-2: current=873.9MiB swap=117.7MiB max=981.0MiB cpu.usage_usec=3490317 method=swap_current_delta_fallback detail={'delta_swap_current': -1142784, 'swap_saturated': False, 'workingset_refault_anon': 6704} events={'low': 0, 'high': 0, 'max': 10, 'oom': 0, 'oom_kill': 0, 'oom_group_kill': 0}
[container_monitor] pf-test-2: current=875.2MiB swap=116.5MiB max=981.0MiB cpu.usage_usec=3495224 method=swap_current_delta_fallback detail={'delta_swap_current': -1335296, 'swap_saturated': False, 'workingset_refault_anon': 6712} events={'low': 0, 'high': 0, 'max': 10, 'oom': 0, 'oom_kill': 0, 'oom_group_kill': 0}
[container_monitor] pf-test-2: current=875.9MiB swap=115.9MiB max=981.0MiB cpu.usage_usec=3500440 method=swap_current_delta_fallback detail={'delta_swap_current': -634880, 'swap_saturated': False, 'workingset_refault_anon': 6712} events={'low': 0, 'high': 0, 'max': 10, 'oom': 0, 'oom_kill': 0, 'oom_group_kill': 0}
[container_monitor] pf-test-2: current=876.6MiB swap=115.1MiB max=981.0MiB cpu.usage_usec=3505226 method=swap_current_delta_fallback detail={'delta_swap_current': -831488, 'swap_saturated': False, 'workingset_refault_anon': 6712} events={'low': 0, 'high': 0, 'max': 10, 'oom': 0, 'oom_kill': 0, 'oom_group_kill': 0}
[container_monitor] pf-test-2: current=864.3MiB swap=128.0MiB max=981.0MiB cpu.usage_usec=3510391 method=swap_current_delta_fallback detail={'delta_swap_current': 13553664, 'swap_saturated': True, 'workingset_refault_anon': 6712} events={'low': 0, 'high': 0, 'max': 10, 'oom': 0, 'oom_kill': 0, 'oom_group_kill': 0}
[container_monitor] pf-test-2: OCM 감지 (method=swap_current_delta_fallback, detail={'delta_swap_current': 13553664, 'swap_saturated': True, 'workingset_refault_anon': 6712})
[puff_manager] pf-test-2: 호스트 여유 없음 (assigned=3119MiB budget=3119MiB), puff 건너뜀
[container_monitor] pf-test-2: 이미 suspend 상태, 재적용 생략
[container_monitor] pf-test-2: current=865.1MiB swap=126.5MiB max=981.0MiB cpu.usage_usec=3516344 method=swap_current_delta_fallback detail={'delta_swap_current': -1531904, 'swap_saturated': True, 'workingset_refault_anon': 6790} events={'low': 0, 'high': 0, 'max': 10, 'oom': 0, 'oom_kill': 0, 'oom_group_kill': 0}
[container_monitor] pf-test-2: OCM 감지 (method=swap_current_delta_fallback, detail={'delta_swap_current': -1531904, 'swap_saturated': True, 'workingset_refault_anon': 6790})
[puff_manager] pf-test-2: 호스트 여유 없음 (assigned=3119MiB budget=3119MiB), puff 건너뜀
[container_monitor] pf-test-2: 이미 suspend 상태, 재적용 생략
[container_monitor] pf-test-2: current=866.4MiB swap=125.0MiB max=981.0MiB cpu.usage_usec=3521337 method=swap_current_delta_fallback detail={'delta_swap_current': -1568768, 'swap_saturated': True, 'workingset_refault_anon': 6871} events={'low': 0, 'high': 0, 'max': 10, 'oom': 0, 'oom_kill': 0, 'oom_group_kill': 0}
[container_monitor] pf-test-2: OCM 감지 (method=swap_current_delta_fallback, detail={'delta_swap_current': -1568768, 'swap_saturated': True, 'workingset_refault_anon': 6871})
[puff_manager] pf-test-2: 호스트 여유 없음 (assigned=3119MiB budget=3119MiB), puff 건너뜀
[container_monitor] pf-test-2: 이미 suspend 상태, 재적용 생략
[container_monitor] pf-test-2: current=869.4MiB swap=122.1MiB max=981.0MiB cpu.usage_usec=3527242 method=swap_current_delta_fallback detail={'delta_swap_current': -3129344, 'swap_saturated': True, 'workingset_refault_anon': 6879} events={'low': 0, 'high': 0, 'max': 10, 'oom': 0, 'oom_kill': 0, 'oom_group_kill': 0}
[container_monitor] pf-test-2: OCM 감지 (method=swap_current_delta_fallback, detail={'delta_swap_current': -3129344, 'swap_saturated': True, 'workingset_refault_anon': 6879})
[puff_manager] pf-test-2: 호스트 여유 없음 (assigned=3119MiB budget=3119MiB), puff 건너뜀
[container_monitor] pf-test-2: 이미 suspend 상태, 재적용 생략
[container_monitor] pf-test-2: current=872.4MiB swap=119.0MiB max=981.0MiB cpu.usage_usec=3533260 method=swap_current_delta_fallback detail={'delta_swap_current': -3158016, 'swap_saturated': False, 'workingset_refault_anon': 6879} events={'low': 0, 'high': 0, 'max': 10, 'oom': 0, 'oom_kill': 0, 'oom_group_kill': 0}
[container_monitor] pf-test-2: current=875.0MiB swap=116.5MiB max=981.0MiB cpu.usage_usec=3538299 method=swap_current_delta_fallback detail={'delta_swap_current': -2674688, 'swap_saturated': False, 'workingset_refault_anon': 6973} events={'low': 0, 'high': 0, 'max': 10, 'oom': 0, 'oom_kill': 0, 'oom_group_kill': 0}
[container_monitor] pf-test-2: current=877.0MiB swap=114.5MiB max=981.0MiB cpu.usage_usec=3543241 method=swap_current_delta_fallback detail={'delta_swap_current': -2117632, 'swap_saturated': False, 'workingset_refault_anon': 6973} events={'low': 0, 'high': 0, 'max': 10, 'oom': 0, 'oom_kill': 0, 'oom_group_kill': 0}
[container_monitor] pf-test-2: current=879.9MiB swap=111.6MiB max=981.0MiB cpu.usage_usec=3548242 method=swap_current_delta_fallback detail={'delta_swap_current': -3022848, 'swap_saturated': False, 'workingset_refault_anon': 6973} events={'low': 0, 'high': 0, 'max': 10, 'oom': 0, 'oom_kill': 0, 'oom_group_kill': 0}
[container_monitor] pf-test-2: current=878.0MiB swap=115.8MiB max=981.0MiB cpu.usage_usec=3553218 method=swap_current_delta_fallback detail={'delta_swap_current': 4452352, 'swap_saturated': False, 'workingset_refault_anon': 7136} events={'low': 0, 'high': 0, 'max': 10, 'oom': 0, 'oom_kill': 0, 'oom_group_kill': 0}
[container_monitor] pf-test-2: OCM 감지 (method=swap_current_delta_fallback, detail={'delta_swap_current': 4452352, 'swap_saturated': False, 'workingset_refault_anon': 7136})
[puff_manager] pf-test-2: 호스트 여유 없음 (assigned=3119MiB budget=3119MiB), puff 건너뜀
[container_monitor] pf-test-2: 이미 suspend 상태, 재적용 생략
[container_monitor] pf-test-2: current=872.5MiB swap=119.7MiB max=981.0MiB cpu.usage_usec=3559227 method=swap_current_delta_fallback detail={'delta_swap_current': 4050944, 'swap_saturated': False, 'workingset_refault_anon': 7136} events={'low': 0, 'high': 0, 'max': 10, 'oom': 0, 'oom_kill': 0, 'oom_group_kill': 0}
[container_monitor] pf-test-2: OCM 감지 (method=swap_current_delta_fallback, detail={'delta_swap_current': 4050944, 'swap_saturated': False, 'workingset_refault_anon': 7136})
[puff_manager] pf-test-2: 호스트 여유 없음 (assigned=3119MiB budget=3119MiB), puff 건너뜀
[container_monitor] pf-test-2: 이미 suspend 상태, 재적용 생략
[container_monitor] pf-test-2: current=876.7MiB swap=115.4MiB max=981.0MiB cpu.usage_usec=3564227 method=swap_current_delta_fallback detail={'delta_swap_current': -4489216, 'swap_saturated': False, 'workingset_refault_anon': 7136} events={'low': 0, 'high': 0, 'max': 10, 'oom': 0, 'oom_kill': 0, 'oom_group_kill': 0}
[container_monitor] pf-test-2: current=878.4MiB swap=113.7MiB max=981.0MiB cpu.usage_usec=3569236 method=swap_current_delta_fallback detail={'delta_swap_current': -1802240, 'swap_saturated': False, 'workingset_refault_anon': 7136} events={'low': 0, 'high': 0, 'max': 10, 'oom': 0, 'oom_kill': 0, 'oom_group_kill': 0}
[container_monitor] pf-test-2: current=880.4MiB swap=111.8MiB max=981.0MiB cpu.usage_usec=3574233 method=swap_current_delta_fallback detail={'delta_swap_current': -1994752, 'swap_saturated': False, 'workingset_refault_anon': 7136} events={'low': 0, 'high': 0, 'max': 10, 'oom': 0, 'oom_kill': 0, 'oom_group_kill': 0}
[container_monitor] pf-test-2: current=882.9MiB swap=108.4MiB max=981.0MiB cpu.usage_usec=3579250 method=swap_current_delta_fallback detail={'delta_swap_current': -3616768, 'swap_saturated': False, 'workingset_refault_anon': 7181} events={'low': 0, 'high': 0, 'max': 10, 'oom': 0, 'oom_kill': 0, 'oom_group_kill': 0}
[container_monitor] pf-test-2: current=883.9MiB swap=107.3MiB max=981.0MiB cpu.usage_usec=3584249 method=swap_current_delta_fallback detail={'delta_swap_current': -1081344, 'swap_saturated': False, 'workingset_refault_anon': 7181} events={'low': 0, 'high': 0, 'max': 10, 'oom': 0, 'oom_kill': 0, 'oom_group_kill': 0}
[container_monitor] pf-test-2: current=884.9MiB swap=106.4MiB max=981.0MiB cpu.usage_usec=3589285 method=swap_current_delta_fallback detail={'delta_swap_current': -962560, 'swap_saturated': False, 'workingset_refault_anon': 7181} events={'low': 0, 'high': 0, 'max': 10, 'oom': 0, 'oom_kill': 0, 'oom_group_kill': 0}
[container_monitor] pf-test-2: current=885.7MiB swap=105.6MiB max=981.0MiB cpu.usage_usec=3594264 method=swap_current_delta_fallback detail={'delta_swap_current': -839680, 'swap_saturated': False, 'workingset_refault_anon': 7181} events={'low': 0, 'high': 0, 'max': 10, 'oom': 0, 'oom_kill': 0, 'oom_group_kill': 0}
[container_monitor] pf-test-2: current=886.9MiB swap=104.4MiB max=981.0MiB cpu.usage_usec=3599221 method=swap_current_delta_fallback detail={'delta_swap_current': -1277952, 'swap_saturated': False, 'workingset_refault_anon': 7181} events={'low': 0, 'high': 0, 'max': 10, 'oom': 0, 'oom_kill': 0, 'oom_group_kill': 0}
[container_monitor] pf-test-2: current=887.7MiB swap=103.6MiB max=981.0MiB cpu.usage_usec=3604319 method=swap_current_delta_fallback detail={'delta_swap_current': -856064, 'swap_saturated': False, 'workingset_refault_anon': 7181} events={'low': 0, 'high': 0, 'max': 10, 'oom': 0, 'oom_kill': 0, 'oom_group_kill': 0}
[container_monitor] pf-test-2: current=888.6MiB swap=102.7MiB max=981.0MiB cpu.usage_usec=3609311 method=swap_current_delta_fallback detail={'delta_swap_current': -913408, 'swap_saturated': False, 'workingset_refault_anon': 7181} events={'low': 0, 'high': 0, 'max': 10, 'oom': 0, 'oom_kill': 0, 'oom_group_kill': 0}
[container_monitor] pf-test-2: current=889.5MiB swap=101.8MiB max=981.0MiB cpu.usage_usec=3614330 method=swap_current_delta_fallback detail={'delta_swap_current': -888832, 'swap_saturated': False, 'workingset_refault_anon': 7181} events={'low': 0, 'high': 0, 'max': 10, 'oom': 0, 'oom_kill': 0, 'oom_group_kill': 0}
[container_monitor] pf-test-2: current=890.5MiB swap=101.0MiB max=981.0MiB cpu.usage_usec=3619270 method=swap_current_delta_fallback detail={'delta_swap_current': -937984, 'swap_saturated': False, 'workingset_refault_anon': 7181} events={'low': 0, 'high': 0, 'max': 10, 'oom': 0, 'oom_kill': 0, 'oom_group_kill': 0}
[container_monitor] pf-test-2: current=891.1MiB swap=100.1MiB max=981.0MiB cpu.usage_usec=3624227 method=swap_current_delta_fallback detail={'delta_swap_current': -860160, 'swap_saturated': False, 'workingset_refault_anon': 7181} events={'low': 0, 'high': 0, 'max': 10, 'oom': 0, 'oom_kill': 0, 'oom_group_kill': 0}
[container_monitor] pf-test-2: current=892.2MiB swap=99.0MiB max=981.0MiB cpu.usage_usec=3629300 method=swap_current_delta_fallback detail={'delta_swap_current': -1171456, 'swap_saturated': False, 'workingset_refault_anon': 7181} events={'low': 0, 'high': 0, 'max': 10, 'oom': 0, 'oom_kill': 0, 'oom_group_kill': 0}
[container_monitor] pf-test-2: current=893.0MiB swap=98.3MiB max=981.0MiB cpu.usage_usec=3634304 method=swap_current_delta_fallback detail={'delta_swap_current': -761856, 'swap_saturated': False, 'workingset_refault_anon': 7181} events={'low': 0, 'high': 0, 'max': 10, 'oom': 0, 'oom_kill': 0, 'oom_group_kill': 0}
[container_monitor] pf-test-2: current=895.3MiB swap=95.9MiB max=981.0MiB cpu.usage_usec=3639277 method=swap_current_delta_fallback detail={'delta_swap_current': -2457600, 'swap_saturated': False, 'workingset_refault_anon': 7184} events={'low': 0, 'high': 0, 'max': 10, 'oom': 0, 'oom_kill': 0, 'oom_group_kill': 0}
[container_monitor] pf-test-2: current=897.0MiB swap=94.3MiB max=981.0MiB cpu.usage_usec=3644291 method=swap_current_delta_fallback detail={'delta_swap_current': -1699840, 'swap_saturated': False, 'workingset_refault_anon': 7252} events={'low': 0, 'high': 0, 'max': 10, 'oom': 0, 'oom_kill': 0, 'oom_group_kill': 0}
[container_monitor] pf-test-2: current=898.1MiB swap=93.2MiB max=981.0MiB cpu.usage_usec=3649262 method=swap_current_delta_fallback detail={'delta_swap_current': -1208320, 'swap_saturated': False, 'workingset_refault_anon': 7265} events={'low': 0, 'high': 0, 'max': 10, 'oom': 0, 'oom_kill': 0, 'oom_group_kill': 0}
[container_monitor] pf-test-2: current=898.9MiB swap=92.4MiB max=981.0MiB cpu.usage_usec=3654240 method=swap_current_delta_fallback detail={'delta_swap_current': -851968, 'swap_saturated': False, 'workingset_refault_anon': 7265} events={'low': 0, 'high': 0, 'max': 10, 'oom': 0, 'oom_kill': 0, 'oom_group_kill': 0}
[container_monitor] pf-test-2: current=901.6MiB swap=89.7MiB max=981.0MiB cpu.usage_usec=3659223 method=swap_current_delta_fallback detail={'delta_swap_current': -2834432, 'swap_saturated': False, 'workingset_refault_anon': 7320} events={'low': 0, 'high': 0, 'max': 10, 'oom': 0, 'oom_kill': 0, 'oom_group_kill': 0}
[container_monitor] pf-test-2: current=905.7MiB swap=85.5MiB max=981.0MiB cpu.usage_usec=3664223 method=swap_current_delta_fallback detail={'delta_swap_current': -4362240, 'swap_saturated': False, 'workingset_refault_anon': 7320} events={'low': 0, 'high': 0, 'max': 10, 'oom': 0, 'oom_kill': 0, 'oom_group_kill': 0}
[container_monitor] pf-test-2: current=908.2MiB swap=83.0MiB max=981.0MiB cpu.usage_usec=3669208 method=swap_current_delta_fallback detail={'delta_swap_current': -2654208, 'swap_saturated': False, 'workingset_refault_anon': 7320} events={'low': 0, 'high': 0, 'max': 10, 'oom': 0, 'oom_kill': 0, 'oom_group_kill': 0}
[container_monitor] pf-test-2: current=909.2MiB swap=82.0MiB max=981.0MiB cpu.usage_usec=3674275 method=swap_current_delta_fallback detail={'delta_swap_current': -1032192, 'swap_saturated': False, 'workingset_refault_anon': 7320} events={'low': 0, 'high': 0, 'max': 10, 'oom': 0, 'oom_kill': 0, 'oom_group_kill': 0}
[container_monitor] pf-test-2: current=910.4MiB swap=80.8MiB max=981.0MiB cpu.usage_usec=3679310 method=swap_current_delta_fallback detail={'delta_swap_current': -1228800, 'swap_saturated': False, 'workingset_refault_anon': 7320} events={'low': 0, 'high': 0, 'max': 10, 'oom': 0, 'oom_kill': 0, 'oom_group_kill': 0}
[container_monitor] pf-test-2: current=911.2MiB swap=80.1MiB max=981.0MiB cpu.usage_usec=3684246 method=swap_current_delta_fallback detail={'delta_swap_current': -749568, 'swap_saturated': False, 'workingset_refault_anon': 7320} events={'low': 0, 'high': 0, 'max': 10, 'oom': 0, 'oom_kill': 0, 'oom_group_kill': 0}
[container_monitor] pf-test-2: current=912.2MiB swap=79.1MiB max=981.0MiB cpu.usage_usec=3689215 method=swap_current_delta_fallback detail={'delta_swap_current': -1081344, 'swap_saturated': False, 'workingset_refault_anon': 7320} events={'low': 0, 'high': 0, 'max': 10, 'oom': 0, 'oom_kill': 0, 'oom_group_kill': 0}
[container_monitor] pf-test-2: current=913.2MiB swap=78.0MiB max=981.0MiB cpu.usage_usec=3694271 method=swap_current_delta_fallback detail={'delta_swap_current': -1155072, 'swap_saturated': False, 'workingset_refault_anon': 7320} events={'low': 0, 'high': 0, 'max': 10, 'oom': 0, 'oom_kill': 0, 'oom_group_kill': 0}
[container_monitor] pf-test-2: current=917.4MiB swap=73.8MiB max=981.0MiB cpu.usage_usec=3699222 method=swap_current_delta_fallback detail={'delta_swap_current': -4358144, 'swap_saturated': False, 'workingset_refault_anon': 7320} events={'low': 0, 'high': 0, 'max': 10, 'oom': 0, 'oom_kill': 0, 'oom_group_kill': 0}
[container_monitor] pf-test-2: current=918.4MiB swap=72.8MiB max=981.0MiB cpu.usage_usec=3704209 method=swap_current_delta_fallback detail={'delta_swap_current': -1081344, 'swap_saturated': False, 'workingset_refault_anon': 7320} events={'low': 0, 'high': 0, 'max': 10, 'oom': 0, 'oom_kill': 0, 'oom_group_kill': 0}
[container_monitor] pf-test-2: current=919.6MiB swap=71.6MiB max=981.0MiB cpu.usage_usec=3709923 method=swap_current_delta_fallback detail={'delta_swap_current': -1212416, 'swap_saturated': False, 'workingset_refault_anon': 7320} events={'low': 0, 'high': 0, 'max': 10, 'oom': 0, 'oom_kill': 0, 'oom_group_kill': 0}
[container_monitor] pf-test-2: current=920.7MiB swap=70.7MiB max=981.0MiB cpu.usage_usec=3715036 method=swap_current_delta_fallback detail={'delta_swap_current': -917504, 'swap_saturated': False, 'workingset_refault_anon': 7320} events={'low': 0, 'high': 0, 'max': 10, 'oom': 0, 'oom_kill': 0, 'oom_group_kill': 0}
[container_monitor] pf-test-2: current=922.4MiB swap=69.0MiB max=981.0MiB cpu.usage_usec=3720304 method=swap_current_delta_fallback detail={'delta_swap_current': -1875968, 'swap_saturated': False, 'workingset_refault_anon': 7320} events={'low': 0, 'high': 0, 'max': 10, 'oom': 0, 'oom_kill': 0, 'oom_group_kill': 0}
[container_monitor] pf-test-2: current=923.5MiB swap=67.7MiB max=981.0MiB cpu.usage_usec=3725325 method=swap_current_delta_fallback detail={'delta_swap_current': -1318912, 'swap_saturated': False, 'workingset_refault_anon': 7320} events={'low': 0, 'high': 0, 'max': 10, 'oom': 0, 'oom_kill': 0, 'oom_group_kill': 0}
[container_monitor] pf-test-2: current=924.3MiB swap=66.9MiB max=981.0MiB cpu.usage_usec=3730234 method=swap_current_delta_fallback detail={'delta_swap_current': -856064, 'swap_saturated': False, 'workingset_refault_anon': 7320} events={'low': 0, 'high': 0, 'max': 10, 'oom': 0, 'oom_kill': 0, 'oom_group_kill': 0}
[container_monitor] pf-test-2: current=925.3MiB swap=66.0MiB max=981.0MiB cpu.usage_usec=3735212 method=swap_current_delta_fallback detail={'delta_swap_current': -942080, 'swap_saturated': False, 'workingset_refault_anon': 7320} events={'low': 0, 'high': 0, 'max': 10, 'oom': 0, 'oom_kill': 0, 'oom_group_kill': 0}
[container_monitor] pf-test-2: current=926.5MiB swap=64.9MiB max=981.0MiB cpu.usage_usec=3740279 method=swap_current_delta_fallback detail={'delta_swap_current': -1134592, 'swap_saturated': False, 'workingset_refault_anon': 7320} events={'low': 0, 'high': 0, 'max': 10, 'oom': 0, 'oom_kill': 0, 'oom_group_kill': 0}
[container_monitor] pf-test-2: current=927.6MiB swap=64.0MiB max=981.0MiB cpu.usage_usec=3745276 method=swap_current_delta_fallback detail={'delta_swap_current': -962560, 'swap_saturated': False, 'workingset_refault_anon': 7320} events={'low': 0, 'high': 0, 'max': 10, 'oom': 0, 'oom_kill': 0, 'oom_group_kill': 0}
[container_monitor] pf-test-2: current=929.2MiB swap=64.0MiB max=981.0MiB cpu.usage_usec=3750276 method=swap_current_delta_fallback detail={'delta_swap_current': 0, 'swap_saturated': False, 'workingset_refault_anon': 7320} events={'low': 0, 'high': 0, 'max': 10, 'oom': 0, 'oom_kill': 0, 'oom_group_kill': 0}
[container_monitor] pf-test-2: current=929.8MiB swap=64.0MiB max=981.0MiB cpu.usage_usec=3755245 method=swap_current_delta_fallback detail={'delta_swap_current': 0, 'swap_saturated': False, 'workingset_refault_anon': 7320} events={'low': 0, 'high': 0, 'max': 10, 'oom': 0, 'oom_kill': 0, 'oom_group_kill': 0}
[container_monitor] pf-test-2: current=930.4MiB swap=64.0MiB max=981.0MiB cpu.usage_usec=3760224 method=swap_current_delta_fallback detail={'delta_swap_current': 0, 'swap_saturated': False, 'workingset_refault_anon': 7344} events={'low': 0, 'high': 0, 'max': 10, 'oom': 0, 'oom_kill': 0, 'oom_group_kill': 0}
[container_monitor] pf-test-2: current=931.6MiB swap=64.0MiB max=981.0MiB cpu.usage_usec=3765214 method=swap_current_delta_fallback detail={'delta_swap_current': 0, 'swap_saturated': False, 'workingset_refault_anon': 7360} events={'low': 0, 'high': 0, 'max': 10, 'oom': 0, 'oom_kill': 0, 'oom_group_kill': 0}
[container_monitor] pf-test-2: current=933.1MiB swap=64.0MiB max=981.0MiB cpu.usage_usec=3770336 method=swap_current_delta_fallback detail={'delta_swap_current': 0, 'swap_saturated': False, 'workingset_refault_anon': 7360} events={'low': 0, 'high': 0, 'max': 10, 'oom': 0, 'oom_kill': 0, 'oom_group_kill': 0}
[container_monitor] pf-test-2: current=934.4MiB swap=64.0MiB max=981.0MiB cpu.usage_usec=3775219 method=swap_current_delta_fallback detail={'delta_swap_current': 0, 'swap_saturated': False, 'workingset_refault_anon': 7360} events={'low': 0, 'high': 0, 'max': 10, 'oom': 0, 'oom_kill': 0, 'oom_group_kill': 0}
[container_monitor] pf-test-2: current=935.4MiB swap=64.0MiB max=981.0MiB cpu.usage_usec=3780298 method=swap_current_delta_fallback detail={'delta_swap_current': 0, 'swap_saturated': False, 'workingset_refault_anon': 7360} events={'low': 0, 'high': 0, 'max': 10, 'oom': 0, 'oom_kill': 0, 'oom_group_kill': 0}
[container_monitor] pf-test-2: current=936.6MiB swap=64.0MiB max=981.0MiB cpu.usage_usec=3785291 method=swap_current_delta_fallback detail={'delta_swap_current': 0, 'swap_saturated': False, 'workingset_refault_anon': 7360} events={'low': 0, 'high': 0, 'max': 10, 'oom': 0, 'oom_kill': 0, 'oom_group_kill': 0}
[container_monitor] pf-test-2: current=937.7MiB swap=64.0MiB max=981.0MiB cpu.usage_usec=3790274 method=swap_current_delta_fallback detail={'delta_swap_current': 0, 'swap_saturated': False, 'workingset_refault_anon': 7360} events={'low': 0, 'high': 0, 'max': 10, 'oom': 0, 'oom_kill': 0, 'oom_group_kill': 0}
[container_monitor] pf-test-2: current=938.6MiB swap=64.0MiB max=981.0MiB cpu.usage_usec=3795304 method=swap_current_delta_fallback detail={'delta_swap_current': 0, 'swap_saturated': False, 'workingset_refault_anon': 7360} events={'low': 0, 'high': 0, 'max': 10, 'oom': 0, 'oom_kill': 0, 'oom_group_kill': 0}
[container_monitor] pf-test-2: current=939.4MiB swap=64.0MiB max=981.0MiB cpu.usage_usec=3800221 method=swap_current_delta_fallback detail={'delta_swap_current': 0, 'swap_saturated': False, 'workingset_refault_anon': 7360} events={'low': 0, 'high': 0, 'max': 10, 'oom': 0, 'oom_kill': 0, 'oom_group_kill': 0}
[container_monitor] pf-test-2: current=940.4MiB swap=64.0MiB max=981.0MiB cpu.usage_usec=3805281 method=swap_current_delta_fallback detail={'delta_swap_current': 0, 'swap_saturated': False, 'workingset_refault_anon': 7360} events={'low': 0, 'high': 0, 'max': 10, 'oom': 0, 'oom_kill': 0, 'oom_group_kill': 0}
[container_monitor] pf-test-2: current=941.4MiB swap=64.0MiB max=981.0MiB cpu.usage_usec=3810222 method=swap_current_delta_fallback detail={'delta_swap_current': 0, 'swap_saturated': False, 'workingset_refault_anon': 7360} events={'low': 0, 'high': 0, 'max': 10, 'oom': 0, 'oom_kill': 0, 'oom_group_kill': 0}
[container_monitor] pf-test-2: current=942.5MiB swap=64.0MiB max=981.0MiB cpu.usage_usec=3815210 method=swap_current_delta_fallback detail={'delta_swap_current': 0, 'swap_saturated': False, 'workingset_refault_anon': 7402} events={'low': 0, 'high': 0, 'max': 10, 'oom': 0, 'oom_kill': 0, 'oom_group_kill': 0}
[container_monitor] pf-test-2: current=943.4MiB swap=64.0MiB max=981.0MiB cpu.usage_usec=3820217 method=swap_current_delta_fallback detail={'delta_swap_current': 0, 'swap_saturated': False, 'workingset_refault_anon': 7402} events={'low': 0, 'high': 0, 'max': 10, 'oom': 0, 'oom_kill': 0, 'oom_group_kill': 0}
[container_monitor] pf-test-2: current=944.1MiB swap=64.0MiB max=981.0MiB cpu.usage_usec=3825267 method=swap_current_delta_fallback detail={'delta_swap_current': 0, 'swap_saturated': False, 'workingset_refault_anon': 7402} events={'low': 0, 'high': 0, 'max': 10, 'oom': 0, 'oom_kill': 0, 'oom_group_kill': 0}
[container_monitor] pf-test-2: current=944.1MiB swap=64.0MiB max=981.0MiB cpu.usage_usec=3830591 method=swap_current_delta_fallback detail={'delta_swap_current': 0, 'swap_saturated': False, 'workingset_refault_anon': 7402} events={'low': 0, 'high': 0, 'max': 10, 'oom': 0, 'oom_kill': 0, 'oom_group_kill': 0}
[container_monitor] pf-test-2: current=944.1MiB swap=64.0MiB max=981.0MiB cpu.usage_usec=3835721 method=swap_current_delta_fallback detail={'delta_swap_current': 0, 'swap_saturated': False, 'workingset_refault_anon': 7402} events={'low': 0, 'high': 0, 'max': 10, 'oom': 0, 'oom_kill': 0, 'oom_group_kill': 0}
[container_monitor] pf-test-2: current=944.1MiB swap=64.1MiB max=981.0MiB cpu.usage_usec=3840214 method=swap_current_delta_fallback detail={'delta_swap_current': 81920, 'swap_saturated': False, 'workingset_refault_anon': 7402} events={'low': 0, 'high': 0, 'max': 10, 'oom': 0, 'oom_kill': 0, 'oom_group_kill': 0}
[container_monitor] pf-test-2: OCM 감지 (method=swap_current_delta_fallback, detail={'delta_swap_current': 81920, 'swap_saturated': False, 'workingset_refault_anon': 7402})
[puff_manager] pf-test-2: 호스트 여유 없음 (assigned=3119MiB budget=3119MiB), puff 건너뜀
[container_monitor] pf-test-2: 이미 suspend 상태, 재적용 생략
[container_monitor] pf-test-2: current=946.1MiB swap=63.9MiB max=981.0MiB cpu.usage_usec=3846380 method=swap_current_delta_fallback detail={'delta_swap_current': -180224, 'swap_saturated': False, 'workingset_refault_anon': 7402} events={'low': 0, 'high': 0, 'max': 10, 'oom': 0, 'oom_kill': 0, 'oom_group_kill': 0}
[container_monitor] pf-test-2: current=947.2MiB swap=63.9MiB max=981.0MiB cpu.usage_usec=3851214 method=swap_current_delta_fallback detail={'delta_swap_current': 0, 'swap_saturated': False, 'workingset_refault_anon': 7402} events={'low': 0, 'high': 0, 'max': 10, 'oom': 0, 'oom_kill': 0, 'oom_group_kill': 0}
[container_monitor] pf-test-2: current=948.6MiB swap=63.9MiB max=981.0MiB cpu.usage_usec=3856225 method=swap_current_delta_fallback detail={'delta_swap_current': 0, 'swap_saturated': False, 'workingset_refault_anon': 7402} events={'low': 0, 'high': 0, 'max': 10, 'oom': 0, 'oom_kill': 0, 'oom_group_kill': 0}
[container_monitor] pf-test-2: current=951.5MiB swap=63.9MiB max=981.0MiB cpu.usage_usec=3861284 method=swap_current_delta_fallback detail={'delta_swap_current': 0, 'swap_saturated': False, 'workingset_refault_anon': 7418} events={'low': 0, 'high': 0, 'max': 10, 'oom': 0, 'oom_kill': 0, 'oom_group_kill': 0}
[container_monitor] pf-test-2: current=954.0MiB swap=63.9MiB max=981.0MiB cpu.usage_usec=3866219 method=swap_current_delta_fallback detail={'delta_swap_current': 0, 'swap_saturated': False, 'workingset_refault_anon': 7436} events={'low': 0, 'high': 0, 'max': 10, 'oom': 0, 'oom_kill': 0, 'oom_group_kill': 0}
[container_monitor] pf-test-2: current=955.9MiB swap=63.9MiB max=981.0MiB cpu.usage_usec=3871247 method=swap_current_delta_fallback detail={'delta_swap_current': 0, 'swap_saturated': False, 'workingset_refault_anon': 7489} events={'low': 0, 'high': 0, 'max': 10, 'oom': 0, 'oom_kill': 0, 'oom_group_kill': 0}
[container_monitor] pf-test-2: current=957.7MiB swap=63.9MiB max=981.0MiB cpu.usage_usec=3876239 method=swap_current_delta_fallback detail={'delta_swap_current': 0, 'swap_saturated': False, 'workingset_refault_anon': 7489} events={'low': 0, 'high': 0, 'max': 10, 'oom': 0, 'oom_kill': 0, 'oom_group_kill': 0}
[container_monitor] pf-test-2: current=959.4MiB swap=63.9MiB max=981.0MiB cpu.usage_usec=3881309 method=swap_current_delta_fallback detail={'delta_swap_current': 0, 'swap_saturated': False, 'workingset_refault_anon': 7489} events={'low': 0, 'high': 0, 'max': 10, 'oom': 0, 'oom_kill': 0, 'oom_group_kill': 0}
[container_monitor] pf-test-2: current=960.4MiB swap=63.9MiB max=981.0MiB cpu.usage_usec=3886838 method=swap_current_delta_fallback detail={'delta_swap_current': 0, 'swap_saturated': False, 'workingset_refault_anon': 7521} events={'low': 0, 'high': 0, 'max': 10, 'oom': 0, 'oom_kill': 0, 'oom_group_kill': 0}
[container_monitor] pf-test-2: current=960.4MiB swap=63.9MiB max=981.0MiB cpu.usage_usec=3891239 method=swap_current_delta_fallback detail={'delta_swap_current': 0, 'swap_saturated': False, 'workingset_refault_anon': 7521} events={'low': 0, 'high': 0, 'max': 10, 'oom': 0, 'oom_kill': 0, 'oom_group_kill': 0}
[container_monitor] pf-test-2: current=960.4MiB swap=63.9MiB max=981.0MiB cpu.usage_usec=3899309 method=swap_current_delta_fallback detail={'delta_swap_current': 0, 'swap_saturated': False, 'workingset_refault_anon': 7521} events={'low': 0, 'high': 0, 'max': 10, 'oom': 0, 'oom_kill': 0, 'oom_group_kill': 0}
[container_monitor] pf-test-2: current=960.4MiB swap=63.9MiB max=981.0MiB cpu.usage_usec=3901942 method=swap_current_delta_fallback detail={'delta_swap_current': 0, 'swap_saturated': False, 'workingset_refault_anon': 7521} events={'low': 0, 'high': 0, 'max': 10, 'oom': 0, 'oom_kill': 0, 'oom_group_kill': 0}
[container_monitor] pf-test-2: current=960.4MiB swap=63.9MiB max=981.0MiB cpu.usage_usec=3907218 method=swap_current_delta_fallback detail={'delta_swap_current': 0, 'swap_saturated': False, 'workingset_refault_anon': 7521} events={'low': 0, 'high': 0, 'max': 10, 'oom': 0, 'oom_kill': 0, 'oom_group_kill': 0}
[container_monitor] pf-test-2: current=960.4MiB swap=63.9MiB max=981.0MiB cpu.usage_usec=3912012 method=swap_current_delta_fallback detail={'delta_swap_current': 0, 'swap_saturated': False, 'workingset_refault_anon': 7521} events={'low': 0, 'high': 0, 'max': 10, 'oom': 0, 'oom_kill': 0, 'oom_group_kill': 0}
[container_monitor] pf-test-2: current=960.4MiB swap=63.9MiB max=981.0MiB cpu.usage_usec=3916959 method=swap_current_delta_fallback detail={'delta_swap_current': 0, 'swap_saturated': False, 'workingset_refault_anon': 7521} events={'low': 0, 'high': 0, 'max': 10, 'oom': 0, 'oom_kill': 0, 'oom_group_kill': 0}
[container_monitor] pf-test-2: current=960.4MiB swap=63.9MiB max=981.0MiB cpu.usage_usec=3921494 method=swap_current_delta_fallback detail={'delta_swap_current': 0, 'swap_saturated': False, 'workingset_refault_anon': 7521} events={'low': 0, 'high': 0, 'max': 10, 'oom': 0, 'oom_kill': 0, 'oom_group_kill': 0}
[container_monitor] pf-test-2: current=960.4MiB swap=63.9MiB max=981.0MiB cpu.usage_usec=3926755 method=swap_current_delta_fallback detail={'delta_swap_current': 0, 'swap_saturated': False, 'workingset_refault_anon': 7521} events={'low': 0, 'high': 0, 'max': 10, 'oom': 0, 'oom_kill': 0, 'oom_group_kill': 0}
[container_monitor] pf-test-2: current=960.4MiB swap=63.9MiB max=981.0MiB cpu.usage_usec=3931481 method=swap_current_delta_fallback detail={'delta_swap_current': 0, 'swap_saturated': False, 'workingset_refault_anon': 7521} events={'low': 0, 'high': 0, 'max': 10, 'oom': 0, 'oom_kill': 0, 'oom_group_kill': 0}
[container_monitor] pf-test-2: current=960.4MiB swap=63.9MiB max=981.0MiB cpu.usage_usec=3937011 method=swap_current_delta_fallback detail={'delta_swap_current': 0, 'swap_saturated': False, 'workingset_refault_anon': 7521} events={'low': 0, 'high': 0, 'max': 10, 'oom': 0, 'oom_kill': 0, 'oom_group_kill': 0}
[container_monitor] pf-test-2: current=960.4MiB swap=63.9MiB max=981.0MiB cpu.usage_usec=3941357 method=swap_current_delta_fallback detail={'delta_swap_current': 0, 'swap_saturated': False, 'workingset_refault_anon': 7521} events={'low': 0, 'high': 0, 'max': 10, 'oom': 0, 'oom_kill': 0, 'oom_group_kill': 0}
[container_monitor] pf-test-2: current=958.3MiB swap=68.7MiB max=981.0MiB cpu.usage_usec=3946656 method=swap_current_delta_fallback detail={'delta_swap_current': 5033984, 'swap_saturated': False, 'workingset_refault_anon': 7521} events={'low': 0, 'high': 0, 'max': 10, 'oom': 0, 'oom_kill': 0, 'oom_group_kill': 0}
[container_monitor] pf-test-2: OCM 감지 (method=swap_current_delta_fallback, detail={'delta_swap_current': 5033984, 'swap_saturated': False, 'workingset_refault_anon': 7521})
[puff_manager] pf-test-2: 호스트 여유 없음 (assigned=3119MiB budget=3119MiB), puff 건너뜀
[container_monitor] pf-test-2: 이미 suspend 상태, 재적용 생략
[container_monitor] pf-test-2: current=958.3MiB swap=68.7MiB max=981.0MiB cpu.usage_usec=3953188 method=swap_current_delta_fallback detail={'delta_swap_current': 0, 'swap_saturated': False, 'workingset_refault_anon': 7521} events={'low': 0, 'high': 0, 'max': 10, 'oom': 0, 'oom_kill': 0, 'oom_group_kill': 0}
[container_monitor] pf-test-2: current=958.3MiB swap=68.7MiB max=981.0MiB cpu.usage_usec=3958004 method=swap_current_delta_fallback detail={'delta_swap_current': 0, 'swap_saturated': False, 'workingset_refault_anon': 7521} events={'low': 0, 'high': 0, 'max': 10, 'oom': 0, 'oom_kill': 0, 'oom_group_kill': 0}
[container_monitor] pf-test-2: current=958.3MiB swap=68.7MiB max=981.0MiB cpu.usage_usec=3962834 method=swap_current_delta_fallback detail={'delta_swap_current': 0, 'swap_saturated': False, 'workingset_refault_anon': 7521} events={'low': 0, 'high': 0, 'max': 10, 'oom': 0, 'oom_kill': 0, 'oom_group_kill': 0}
[container_monitor] pf-test-2: current=958.3MiB swap=68.7MiB max=981.0MiB cpu.usage_usec=3968214 method=swap_current_delta_fallback detail={'delta_swap_current': 0, 'swap_saturated': False, 'workingset_refault_anon': 7521} events={'low': 0, 'high': 0, 'max': 10, 'oom': 0, 'oom_kill': 0, 'oom_group_kill': 0}
[container_monitor] pf-test-2: current=958.3MiB swap=68.7MiB max=981.0MiB cpu.usage_usec=3972589 method=swap_current_delta_fallback detail={'delta_swap_current': 0, 'swap_saturated': False, 'workingset_refault_anon': 7521} events={'low': 0, 'high': 0, 'max': 10, 'oom': 0, 'oom_kill': 0, 'oom_group_kill': 0}
[container_monitor] pf-test-2: current=958.3MiB swap=68.7MiB max=981.0MiB cpu.usage_usec=3977651 method=swap_current_delta_fallback detail={'delta_swap_current': 0, 'swap_saturated': False, 'workingset_refault_anon': 7521} events={'low': 0, 'high': 0, 'max': 10, 'oom': 0, 'oom_kill': 0, 'oom_group_kill': 0}
[container_monitor] pf-test-2: current=958.3MiB swap=68.7MiB max=981.0MiB cpu.usage_usec=3982459 method=swap_current_delta_fallback detail={'delta_swap_current': 0, 'swap_saturated': False, 'workingset_refault_anon': 7521} events={'low': 0, 'high': 0, 'max': 10, 'oom': 0, 'oom_kill': 0, 'oom_group_kill': 0}
[container_monitor] pf-test-2: current=958.3MiB swap=68.7MiB max=981.0MiB cpu.usage_usec=3987435 method=swap_current_delta_fallback detail={'delta_swap_current': 0, 'swap_saturated': False, 'workingset_refault_anon': 7521} events={'low': 0, 'high': 0, 'max': 10, 'oom': 0, 'oom_kill': 0, 'oom_group_kill': 0}
[container_monitor] pf-test-2: current=958.3MiB swap=68.7MiB max=981.0MiB cpu.usage_usec=3992326 method=swap_current_delta_fallback detail={'delta_swap_current': 0, 'swap_saturated': False, 'workingset_refault_anon': 7521} events={'low': 0, 'high': 0, 'max': 10, 'oom': 0, 'oom_kill': 0, 'oom_group_kill': 0}
[container_monitor] pf-test-2: current=958.3MiB swap=68.7MiB max=981.0MiB cpu.usage_usec=3997517 method=swap_current_delta_fallback detail={'delta_swap_current': 0, 'swap_saturated': False, 'workingset_refault_anon': 7521} events={'low': 0, 'high': 0, 'max': 10, 'oom': 0, 'oom_kill': 0, 'oom_group_kill': 0}
[container_monitor] pf-test-2: current=956.1MiB swap=68.7MiB max=981.0MiB cpu.usage_usec=4002350 method=swap_current_delta_fallback detail={'delta_swap_current': 24576, 'swap_saturated': False, 'workingset_refault_anon': 7521} events={'low': 0, 'high': 0, 'max': 10, 'oom': 0, 'oom_kill': 0, 'oom_group_kill': 0}
[container_monitor] pf-test-2: OCM 감지 (method=swap_current_delta_fallback, detail={'delta_swap_current': 24576, 'swap_saturated': False, 'workingset_refault_anon': 7521})
[puff_manager] pf-test-2: 호스트 여유 없음 (assigned=3119MiB budget=3119MiB), puff 건너뜀
[container_monitor] pf-test-2: 이미 suspend 상태, 재적용 생략
[container_monitor] pf-test-2: current=956.1MiB swap=68.7MiB max=981.0MiB cpu.usage_usec=4008213 method=swap_current_delta_fallback detail={'delta_swap_current': 0, 'swap_saturated': False, 'workingset_refault_anon': 7521} events={'low': 0, 'high': 0, 'max': 10, 'oom': 0, 'oom_kill': 0, 'oom_group_kill': 0}
[container_monitor] pf-test-2: current=919.7MiB swap=104.0MiB max=977.0MiB cpu.usage_usec=4015586 method=swap_current_delta_fallback detail={'delta_swap_current': 36966400, 'swap_saturated': False, 'workingset_refault_anon': 7525} events={'low': 0, 'high': 0, 'max': 10, 'oom': 0, 'oom_kill': 0, 'oom_group_kill': 0}
[container_monitor] pf-test-2: OCM 감지 (method=swap_current_delta_fallback, detail={'delta_swap_current': 36966400, 'swap_saturated': False, 'workingset_refault_anon': 7525})
[puff_manager] pf-test-2: puff 적용 977MiB -> 1219MiB
[container_monitor] pf-test-2: puff 완료, 새 메모리 한도 1219MiB
[container_monitor] pf-test-2: 이미 suspend 상태, 재적용 생략
[container_monitor] pf-test-2: current=894.5MiB swap=128.0MiB max=1219.0MiB cpu.usage_usec=4022520 method=swap_current_delta_fallback detail={'delta_swap_current': 25202688, 'swap_saturated': True, 'workingset_refault_anon': 7526} events={'low': 0, 'high': 0, 'max': 10, 'oom': 0, 'oom_kill': 0, 'oom_group_kill': 0}
[container_monitor] pf-test-2: current=894.5MiB swap=128.0MiB max=1219.0MiB cpu.usage_usec=4026890 method=swap_current_delta_fallback detail={'delta_swap_current': 0, 'swap_saturated': True, 'workingset_refault_anon': 7526} events={'low': 0, 'high': 0, 'max': 10, 'oom': 0, 'oom_kill': 0, 'oom_group_kill': 0}
[container_monitor] pf-test-2: current=895.2MiB swap=127.4MiB max=1219.0MiB cpu.usage_usec=4032446 method=swap_current_delta_fallback detail={'delta_swap_current': -634880, 'swap_saturated': True, 'workingset_refault_anon': 7709} events={'low': 0, 'high': 0, 'max': 10, 'oom': 0, 'oom_kill': 0, 'oom_group_kill': 0}
[container_monitor] pf-test-2: current=895.2MiB swap=127.4MiB max=1219.0MiB cpu.usage_usec=4036906 method=swap_current_delta_fallback detail={'delta_swap_current': 0, 'swap_saturated': True, 'workingset_refault_anon': 7710} events={'low': 0, 'high': 0, 'max': 10, 'oom': 0, 'oom_kill': 0, 'oom_group_kill': 0}
[container_monitor] pf-test-2: current=895.2MiB swap=127.4MiB max=1219.0MiB cpu.usage_usec=4041966 method=swap_current_delta_fallback detail={'delta_swap_current': 0, 'swap_saturated': True, 'workingset_refault_anon': 7710} events={'low': 0, 'high': 0, 'max': 10, 'oom': 0, 'oom_kill': 0, 'oom_group_kill': 0}
[container_monitor] pf-test-2: current=895.2MiB swap=127.3MiB max=1219.0MiB cpu.usage_usec=4047124 method=swap_current_delta_fallback detail={'delta_swap_current': -98304, 'swap_saturated': True, 'workingset_refault_anon': 7713} events={'low': 0, 'high': 0, 'max': 10, 'oom': 0, 'oom_kill': 0, 'oom_group_kill': 0}
[container_monitor] pf-test-2: current=895.2MiB swap=127.3MiB max=1219.0MiB cpu.usage_usec=4051821 method=swap_current_delta_fallback detail={'delta_swap_current': -4096, 'swap_saturated': True, 'workingset_refault_anon': 7713} events={'low': 0, 'high': 0, 'max': 10, 'oom': 0, 'oom_kill': 0, 'oom_group_kill': 0}
[container_monitor] pf-test-2: current=895.2MiB swap=127.3MiB max=1219.0MiB cpu.usage_usec=4057079 method=swap_current_delta_fallback detail={'delta_swap_current': 0, 'swap_saturated': True, 'workingset_refault_anon': 7713} events={'low': 0, 'high': 0, 'max': 10, 'oom': 0, 'oom_kill': 0, 'oom_group_kill': 0}
[container_monitor] pf-test-2: current=895.2MiB swap=127.3MiB max=1219.0MiB cpu.usage_usec=4062283 method=swap_current_delta_fallback detail={'delta_swap_current': 0, 'swap_saturated': True, 'workingset_refault_anon': 7713} events={'low': 0, 'high': 0, 'max': 10, 'oom': 0, 'oom_kill': 0, 'oom_group_kill': 0}
[container_monitor] pf-test-2: current=895.2MiB swap=127.3MiB max=1219.0MiB cpu.usage_usec=4067335 method=swap_current_delta_fallback detail={'delta_swap_current': 0, 'swap_saturated': True, 'workingset_refault_anon': 7713} events={'low': 0, 'high': 0, 'max': 10, 'oom': 0, 'oom_kill': 0, 'oom_group_kill': 0}
[container_monitor] pf-test-2: current=895.2MiB swap=127.3MiB max=1219.0MiB cpu.usage_usec=4071866 method=swap_current_delta_fallback detail={'delta_swap_current': 0, 'swap_saturated': True, 'workingset_refault_anon': 7713} events={'low': 0, 'high': 0, 'max': 10, 'oom': 0, 'oom_kill': 0, 'oom_group_kill': 0}
[container_monitor] pf-test-2: current=895.2MiB swap=127.3MiB max=1219.0MiB cpu.usage_usec=4077019 method=swap_current_delta_fallback detail={'delta_swap_current': 0, 'swap_saturated': True, 'workingset_refault_anon': 7713} events={'low': 0, 'high': 0, 'max': 10, 'oom': 0, 'oom_kill': 0, 'oom_group_kill': 0}
[container_monitor] pf-test-2: current=895.2MiB swap=127.3MiB max=1219.0MiB cpu.usage_usec=4082253 method=swap_current_delta_fallback detail={'delta_swap_current': 0, 'swap_saturated': True, 'workingset_refault_anon': 7713} events={'low': 0, 'high': 0, 'max': 10, 'oom': 0, 'oom_kill': 0, 'oom_group_kill': 0}
[container_monitor] pf-test-2: current=895.2MiB swap=127.3MiB max=1219.0MiB cpu.usage_usec=4088336 method=swap_current_delta_fallback detail={'delta_swap_current': 0, 'swap_saturated': True, 'workingset_refault_anon': 7713} events={'low': 0, 'high': 0, 'max': 10, 'oom': 0, 'oom_kill': 0, 'oom_group_kill': 0}
[container_monitor] pf-test-2: current=895.2MiB swap=127.3MiB max=1219.0MiB cpu.usage_usec=4093015 method=swap_current_delta_fallback detail={'delta_swap_current': 0, 'swap_saturated': True, 'workingset_refault_anon': 7713} events={'low': 0, 'high': 0, 'max': 10, 'oom': 0, 'oom_kill': 0, 'oom_group_kill': 0}
[container_monitor] pf-test-2: current=895.2MiB swap=127.3MiB max=1219.0MiB cpu.usage_usec=4098491 method=swap_current_delta_fallback detail={'delta_swap_current': 0, 'swap_saturated': True, 'workingset_refault_anon': 7713} events={'low': 0, 'high': 0, 'max': 10, 'oom': 0, 'oom_kill': 0, 'oom_group_kill': 0}
[container_monitor] pf-test-2: current=895.2MiB swap=127.3MiB max=1219.0MiB cpu.usage_usec=4102761 method=swap_current_delta_fallback detail={'delta_swap_current': 0, 'swap_saturated': True, 'workingset_refault_anon': 7713} events={'low': 0, 'high': 0, 'max': 10, 'oom': 0, 'oom_kill': 0, 'oom_group_kill': 0}
[container_monitor] pf-test-2: current=895.2MiB swap=127.3MiB max=1219.0MiB cpu.usage_usec=4107730 method=swap_current_delta_fallback detail={'delta_swap_current': 0, 'swap_saturated': True, 'workingset_refault_anon': 7713} events={'low': 0, 'high': 0, 'max': 10, 'oom': 0, 'oom_kill': 0, 'oom_group_kill': 0}
[container_monitor] pf-test-2: current=895.2MiB swap=127.3MiB max=1219.0MiB cpu.usage_usec=4113239 method=swap_current_delta_fallback detail={'delta_swap_current': 0, 'swap_saturated': True, 'workingset_refault_anon': 7713} events={'low': 0, 'high': 0, 'max': 10, 'oom': 0, 'oom_kill': 0, 'oom_group_kill': 0}
[container_monitor] pf-test-2: current=895.2MiB swap=127.3MiB max=1219.0MiB cpu.usage_usec=4118077 method=swap_current_delta_fallback detail={'delta_swap_current': 0, 'swap_saturated': True, 'workingset_refault_anon': 7713} events={'low': 0, 'high': 0, 'max': 10, 'oom': 0, 'oom_kill': 0, 'oom_group_kill': 0}
[container_monitor] pf-test-2: current=895.2MiB swap=127.3MiB max=1219.0MiB cpu.usage_usec=4122756 method=swap_current_delta_fallback detail={'delta_swap_current': 0, 'swap_saturated': True, 'workingset_refault_anon': 7713} events={'low': 0, 'high': 0, 'max': 10, 'oom': 0, 'oom_kill': 0, 'oom_group_kill': 0}
[container_monitor] pf-test-2: current=895.2MiB swap=127.3MiB max=1219.0MiB cpu.usage_usec=4128511 method=swap_current_delta_fallback detail={'delta_swap_current': 0, 'swap_saturated': True, 'workingset_refault_anon': 7713} events={'low': 0, 'high': 0, 'max': 10, 'oom': 0, 'oom_kill': 0, 'oom_group_kill': 0}
[container_monitor] pf-test-2: current=895.2MiB swap=127.3MiB max=1219.0MiB cpu.usage_usec=4132825 method=swap_current_delta_fallback detail={'delta_swap_current': 0, 'swap_saturated': True, 'workingset_refault_anon': 7713} events={'low': 0, 'high': 0, 'max': 10, 'oom': 0, 'oom_kill': 0, 'oom_group_kill': 0}
[container_monitor] pf-test-2: current=895.2MiB swap=127.3MiB max=1219.0MiB cpu.usage_usec=4137978 method=swap_current_delta_fallback detail={'delta_swap_current': 0, 'swap_saturated': True, 'workingset_refault_anon': 7713} events={'low': 0, 'high': 0, 'max': 10, 'oom': 0, 'oom_kill': 0, 'oom_group_kill': 0}
[container_monitor] pf-test-2: current=895.2MiB swap=127.3MiB max=1219.0MiB cpu.usage_usec=4142686 method=swap_current_delta_fallback detail={'delta_swap_current': 0, 'swap_saturated': True, 'workingset_refault_anon': 7713} events={'low': 0, 'high': 0, 'max': 10, 'oom': 0, 'oom_kill': 0, 'oom_group_kill': 0}
[container_monitor] pf-test-2: current=895.2MiB swap=127.3MiB max=1219.0MiB cpu.usage_usec=4148416 method=swap_current_delta_fallback detail={'delta_swap_current': 0, 'swap_saturated': True, 'workingset_refault_anon': 7713} events={'low': 0, 'high': 0, 'max': 10, 'oom': 0, 'oom_kill': 0, 'oom_group_kill': 0}
[container_monitor] pf-test-2: current=895.2MiB swap=127.3MiB max=1219.0MiB cpu.usage_usec=4152756 method=swap_current_delta_fallback detail={'delta_swap_current': 0, 'swap_saturated': True, 'workingset_refault_anon': 7713} events={'low': 0, 'high': 0, 'max': 10, 'oom': 0, 'oom_kill': 0, 'oom_group_kill': 0}
[container_monitor] pf-test-2: current=895.2MiB swap=127.3MiB max=1219.0MiB cpu.usage_usec=4157683 method=swap_current_delta_fallback detail={'delta_swap_current': 0, 'swap_saturated': True, 'workingset_refault_anon': 7713} events={'low': 0, 'high': 0, 'max': 10, 'oom': 0, 'oom_kill': 0, 'oom_group_kill': 0}
[container_monitor] pf-test-2: current=895.2MiB swap=127.3MiB max=1219.0MiB cpu.usage_usec=4163396 method=swap_current_delta_fallback detail={'delta_swap_current': 0, 'swap_saturated': True, 'workingset_refault_anon': 7713} events={'low': 0, 'high': 0, 'max': 10, 'oom': 0, 'oom_kill': 0, 'oom_group_kill': 0}
[container_monitor] pf-test-2: current=895.2MiB swap=127.3MiB max=1219.0MiB cpu.usage_usec=4168102 method=swap_current_delta_fallback detail={'delta_swap_current': 0, 'swap_saturated': True, 'workingset_refault_anon': 7713} events={'low': 0, 'high': 0, 'max': 10, 'oom': 0, 'oom_kill': 0, 'oom_group_kill': 0}
[container_monitor] pf-test-2: current=895.2MiB swap=127.3MiB max=1219.0MiB cpu.usage_usec=4173001 method=swap_current_delta_fallback detail={'delta_swap_current': 0, 'swap_saturated': True, 'workingset_refault_anon': 7713} events={'low': 0, 'high': 0, 'max': 10, 'oom': 0, 'oom_kill': 0, 'oom_group_kill': 0}
[container_monitor] pf-test-2: current=895.2MiB swap=127.3MiB max=1219.0MiB cpu.usage_usec=4178350 method=swap_current_delta_fallback detail={'delta_swap_current': 0, 'swap_saturated': True, 'workingset_refault_anon': 7713} events={'low': 0, 'high': 0, 'max': 10, 'oom': 0, 'oom_kill': 0, 'oom_group_kill': 0}
[container_monitor] pf-test-2: current=895.2MiB swap=127.3MiB max=1219.0MiB cpu.usage_usec=4182591 method=swap_current_delta_fallback detail={'delta_swap_current': 0, 'swap_saturated': True, 'workingset_refault_anon': 7713} events={'low': 0, 'high': 0, 'max': 10, 'oom': 0, 'oom_kill': 0, 'oom_group_kill': 0}
[container_monitor] pf-test-2: current=895.2MiB swap=127.3MiB max=1219.0MiB cpu.usage_usec=4187804 method=swap_current_delta_fallback detail={'delta_swap_current': 0, 'swap_saturated': True, 'workingset_refault_anon': 7713} events={'low': 0, 'high': 0, 'max': 10, 'oom': 0, 'oom_kill': 0, 'oom_group_kill': 0}
[container_monitor] pf-test-2: current=895.2MiB swap=127.3MiB max=1219.0MiB cpu.usage_usec=4193276 method=swap_current_delta_fallback detail={'delta_swap_current': 0, 'swap_saturated': True, 'workingset_refault_anon': 7713} events={'low': 0, 'high': 0, 'max': 10, 'oom': 0, 'oom_kill': 0, 'oom_group_kill': 0}
[container_monitor] pf-test-2: current=895.2MiB swap=127.3MiB max=1219.0MiB cpu.usage_usec=4198595 method=swap_current_delta_fallback detail={'delta_swap_current': 0, 'swap_saturated': True, 'workingset_refault_anon': 7713} events={'low': 0, 'high': 0, 'max': 10, 'oom': 0, 'oom_kill': 0, 'oom_group_kill': 0}
[container_monitor] pf-test-2: current=895.2MiB swap=127.3MiB max=1219.0MiB cpu.usage_usec=4203029 method=swap_current_delta_fallback detail={'delta_swap_current': 0, 'swap_saturated': True, 'workingset_refault_anon': 7713} events={'low': 0, 'high': 0, 'max': 10, 'oom': 0, 'oom_kill': 0, 'oom_group_kill': 0}
[container_monitor] pf-test-2: current=895.2MiB swap=127.3MiB max=1219.0MiB cpu.usage_usec=4208065 method=swap_current_delta_fallback detail={'delta_swap_current': 0, 'swap_saturated': True, 'workingset_refault_anon': 7713} events={'low': 0, 'high': 0, 'max': 10, 'oom': 0, 'oom_kill': 0, 'oom_group_kill': 0}
[container_monitor] pf-test-2: current=895.2MiB swap=127.3MiB max=1219.0MiB cpu.usage_usec=4212869 method=swap_current_delta_fallback detail={'delta_swap_current': 0, 'swap_saturated': True, 'workingset_refault_anon': 7713} events={'low': 0, 'high': 0, 'max': 10, 'oom': 0, 'oom_kill': 0, 'oom_group_kill': 0}
[container_monitor] pf-test-2: current=895.2MiB swap=127.3MiB max=1219.0MiB cpu.usage_usec=4218090 method=swap_current_delta_fallback detail={'delta_swap_current': 0, 'swap_saturated': True, 'workingset_refault_anon': 7713} events={'low': 0, 'high': 0, 'max': 10, 'oom': 0, 'oom_kill': 0, 'oom_group_kill': 0}
[container_monitor] pf-test-2: current=895.2MiB swap=127.3MiB max=1219.0MiB cpu.usage_usec=4223176 method=swap_current_delta_fallback detail={'delta_swap_current': 0, 'swap_saturated': True, 'workingset_refault_anon': 7713} events={'low': 0, 'high': 0, 'max': 10, 'oom': 0, 'oom_kill': 0, 'oom_group_kill': 0}
[container_monitor] pf-test-2: current=895.3MiB swap=127.3MiB max=1219.0MiB cpu.usage_usec=4227716 method=swap_current_delta_fallback detail={'delta_swap_current': 0, 'swap_saturated': True, 'workingset_refault_anon': 7714} events={'low': 0, 'high': 0, 'max': 10, 'oom': 0, 'oom_kill': 0, 'oom_group_kill': 0}
[container_monitor] pf-test-2: current=895.3MiB swap=127.3MiB max=1219.0MiB cpu.usage_usec=4233487 method=swap_current_delta_fallback detail={'delta_swap_current': 0, 'swap_saturated': True, 'workingset_refault_anon': 7714} events={'low': 0, 'high': 0, 'max': 10, 'oom': 0, 'oom_kill': 0, 'oom_group_kill': 0}
[container_monitor] pf-test-2: current=895.3MiB swap=127.3MiB max=1219.0MiB cpu.usage_usec=4238368 method=swap_current_delta_fallback detail={'delta_swap_current': 0, 'swap_saturated': True, 'workingset_refault_anon': 7714} events={'low': 0, 'high': 0, 'max': 10, 'oom': 0, 'oom_kill': 0, 'oom_group_kill': 0}
[container_monitor] pf-test-2: current=895.3MiB swap=127.3MiB max=1219.0MiB cpu.usage_usec=4242799 method=swap_current_delta_fallback detail={'delta_swap_current': 0, 'swap_saturated': True, 'workingset_refault_anon': 7714} events={'low': 0, 'high': 0, 'max': 10, 'oom': 0, 'oom_kill': 0, 'oom_group_kill': 0}
[container_monitor] pf-test-2: current=895.3MiB swap=127.3MiB max=1219.0MiB cpu.usage_usec=4247785 method=swap_current_delta_fallback detail={'delta_swap_current': 0, 'swap_saturated': True, 'workingset_refault_anon': 7714} events={'low': 0, 'high': 0, 'max': 10, 'oom': 0, 'oom_kill': 0, 'oom_group_kill': 0}
[container_monitor] pf-test-2: current=895.5MiB swap=127.1MiB max=1219.0MiB cpu.usage_usec=4253223 method=swap_current_delta_fallback detail={'delta_swap_current': -253952, 'swap_saturated': True, 'workingset_refault_anon': 7782} events={'low': 0, 'high': 0, 'max': 10, 'oom': 0, 'oom_kill': 0, 'oom_group_kill': 0}
[container_monitor] pf-test-2: current=895.5MiB swap=127.1MiB max=1219.0MiB cpu.usage_usec=4257896 method=swap_current_delta_fallback detail={'delta_swap_current': 0, 'swap_saturated': True, 'workingset_refault_anon': 7782} events={'low': 0, 'high': 0, 'max': 10, 'oom': 0, 'oom_kill': 0, 'oom_group_kill': 0}
[container_monitor] pf-test-2: current=896.7MiB swap=125.9MiB max=1219.0MiB cpu.usage_usec=4262624 method=swap_current_delta_fallback detail={'delta_swap_current': -1175552, 'swap_saturated': True, 'workingset_refault_anon': 8082} events={'low': 0, 'high': 0, 'max': 10, 'oom': 0, 'oom_kill': 0, 'oom_group_kill': 0}
[container_monitor] pf-test-2: current=897.3MiB swap=125.5MiB max=1219.0MiB cpu.usage_usec=4268252 method=swap_current_delta_fallback detail={'delta_swap_current': -499712, 'swap_saturated': True, 'workingset_refault_anon': 8226} events={'low': 0, 'high': 0, 'max': 10, 'oom': 0, 'oom_kill': 0, 'oom_group_kill': 0}
[container_monitor] pf-test-2: current=897.3MiB swap=125.3MiB max=1219.0MiB cpu.usage_usec=4273560 method=swap_current_delta_fallback detail={'delta_swap_current': -159744, 'swap_saturated': True, 'workingset_refault_anon': 8226} events={'low': 0, 'high': 0, 'max': 10, 'oom': 0, 'oom_kill': 0, 'oom_group_kill': 0}
[container_monitor] pf-test-2: current=897.3MiB swap=125.3MiB max=1219.0MiB cpu.usage_usec=4277641 method=swap_current_delta_fallback detail={'delta_swap_current': 0, 'swap_saturated': True, 'workingset_refault_anon': 8226} events={'low': 0, 'high': 0, 'max': 10, 'oom': 0, 'oom_kill': 0, 'oom_group_kill': 0}
[container_monitor] pf-test-2: current=897.3MiB swap=125.3MiB max=1219.0MiB cpu.usage_usec=4282702 method=swap_current_delta_fallback detail={'delta_swap_current': 0, 'swap_saturated': True, 'workingset_refault_anon': 8226} events={'low': 0, 'high': 0, 'max': 10, 'oom': 0, 'oom_kill': 0, 'oom_group_kill': 0}
[container_monitor] pf-test-2: current=894.4MiB swap=128.0MiB max=1219.0MiB cpu.usage_usec=4287887 method=swap_current_delta_fallback detail={'delta_swap_current': 2826240, 'swap_saturated': True, 'workingset_refault_anon': 8226} events={'low': 0, 'high': 0, 'max': 10, 'oom': 0, 'oom_kill': 0, 'oom_group_kill': 0}
[container_monitor] pf-test-2: current=894.4MiB swap=128.0MiB max=1219.0MiB cpu.usage_usec=4292801 method=swap_current_delta_fallback detail={'delta_swap_current': 0, 'swap_saturated': True, 'workingset_refault_anon': 8226} events={'low': 0, 'high': 0, 'max': 10, 'oom': 0, 'oom_kill': 0, 'oom_group_kill': 0}
[container_monitor] pf-test-2: current=894.4MiB swap=128.0MiB max=1219.0MiB cpu.usage_usec=4297681 method=swap_current_delta_fallback detail={'delta_swap_current': 0, 'swap_saturated': True, 'workingset_refault_anon': 8226} events={'low': 0, 'high': 0, 'max': 10, 'oom': 0, 'oom_kill': 0, 'oom_group_kill': 0}
[container_monitor] pf-test-2: current=894.4MiB swap=128.0MiB max=1219.0MiB cpu.usage_usec=4303239 method=swap_current_delta_fallback detail={'delta_swap_current': 0, 'swap_saturated': True, 'workingset_refault_anon': 8226} events={'low': 0, 'high': 0, 'max': 10, 'oom': 0, 'oom_kill': 0, 'oom_group_kill': 0}
[container_monitor] pf-test-2: current=894.4MiB swap=128.0MiB max=1219.0MiB cpu.usage_usec=4307859 method=swap_current_delta_fallback detail={'delta_swap_current': 0, 'swap_saturated': True, 'workingset_refault_anon': 8226} events={'low': 0, 'high': 0, 'max': 10, 'oom': 0, 'oom_kill': 0, 'oom_group_kill': 0}
[container_monitor] pf-test-2: current=894.4MiB swap=128.0MiB max=1219.0MiB cpu.usage_usec=4313426 method=swap_current_delta_fallback detail={'delta_swap_current': 0, 'swap_saturated': True, 'workingset_refault_anon': 8226} events={'low': 0, 'high': 0, 'max': 10, 'oom': 0, 'oom_kill': 0, 'oom_group_kill': 0}
[container_monitor] pf-test-2: current=894.4MiB swap=128.0MiB max=1219.0MiB cpu.usage_usec=4317632 method=swap_current_delta_fallback detail={'delta_swap_current': 0, 'swap_saturated': True, 'workingset_refault_anon': 8226} events={'low': 0, 'high': 0, 'max': 10, 'oom': 0, 'oom_kill': 0, 'oom_group_kill': 0}
[container_monitor] pf-test-2: current=894.4MiB swap=128.0MiB max=1219.0MiB cpu.usage_usec=4322959 method=swap_current_delta_fallback detail={'delta_swap_current': 0, 'swap_saturated': True, 'workingset_refault_anon': 8226} events={'low': 0, 'high': 0, 'max': 10, 'oom': 0, 'oom_kill': 0, 'oom_group_kill': 0}
[container_monitor] pf-test-2: current=894.4MiB swap=128.0MiB max=1219.0MiB cpu.usage_usec=4327733 method=swap_current_delta_fallback detail={'delta_swap_current': 0, 'swap_saturated': True, 'workingset_refault_anon': 8226} events={'low': 0, 'high': 0, 'max': 10, 'oom': 0, 'oom_kill': 0, 'oom_group_kill': 0}
[container_monitor] pf-test-2: current=894.4MiB swap=128.0MiB max=1219.0MiB cpu.usage_usec=4332716 method=swap_current_delta_fallback detail={'delta_swap_current': 0, 'swap_saturated': True, 'workingset_refault_anon': 8226} events={'low': 0, 'high': 0, 'max': 10, 'oom': 0, 'oom_kill': 0, 'oom_group_kill': 0}
[container_monitor] pf-test-2: current=894.4MiB swap=128.0MiB max=1219.0MiB cpu.usage_usec=4338387 method=swap_current_delta_fallback detail={'delta_swap_current': 0, 'swap_saturated': True, 'workingset_refault_anon': 8226} events={'low': 0, 'high': 0, 'max': 10, 'oom': 0, 'oom_kill': 0, 'oom_group_kill': 0}
[container_monitor] pf-test-2: current=894.4MiB swap=128.0MiB max=1219.0MiB cpu.usage_usec=4342598 method=swap_current_delta_fallback detail={'delta_swap_current': 0, 'swap_saturated': True, 'workingset_refault_anon': 8226} events={'low': 0, 'high': 0, 'max': 10, 'oom': 0, 'oom_kill': 0, 'oom_group_kill': 0}
[container_monitor] pf-test-2: current=894.4MiB swap=128.0MiB max=1219.0MiB cpu.usage_usec=4347986 method=swap_current_delta_fallback detail={'delta_swap_current': 0, 'swap_saturated': True, 'workingset_refault_anon': 8226} events={'low': 0, 'high': 0, 'max': 10, 'oom': 0, 'oom_kill': 0, 'oom_group_kill': 0}
[container_monitor] pf-test-2: current=894.4MiB swap=128.0MiB max=1219.0MiB cpu.usage_usec=4353174 method=swap_current_delta_fallback detail={'delta_swap_current': 0, 'swap_saturated': True, 'workingset_refault_anon': 8226} events={'low': 0, 'high': 0, 'max': 10, 'oom': 0, 'oom_kill': 0, 'oom_group_kill': 0}
[container_monitor] pf-test-2: current=894.4MiB swap=128.0MiB max=1219.0MiB cpu.usage_usec=4358187 method=swap_current_delta_fallback detail={'delta_swap_current': 0, 'swap_saturated': True, 'workingset_refault_anon': 8226} events={'low': 0, 'high': 0, 'max': 10, 'oom': 0, 'oom_kill': 0, 'oom_group_kill': 0}
[container_monitor] pf-test-2: current=894.4MiB swap=128.0MiB max=1219.0MiB cpu.usage_usec=4363050 method=swap_current_delta_fallback detail={'delta_swap_current': 0, 'swap_saturated': True, 'workingset_refault_anon': 8226} events={'low': 0, 'high': 0, 'max': 10, 'oom': 0, 'oom_kill': 0, 'oom_group_kill': 0}
[container_monitor] pf-test-2: current=894.4MiB swap=128.0MiB max=1219.0MiB cpu.usage_usec=4368171 method=swap_current_delta_fallback detail={'delta_swap_current': 0, 'swap_saturated': True, 'workingset_refault_anon': 8226} events={'low': 0, 'high': 0, 'max': 10, 'oom': 0, 'oom_kill': 0, 'oom_group_kill': 0}
[container_monitor] pf-test-2: current=894.4MiB swap=128.0MiB max=1219.0MiB cpu.usage_usec=4373244 method=swap_current_delta_fallback detail={'delta_swap_current': 0, 'swap_saturated': True, 'workingset_refault_anon': 8226} events={'low': 0, 'high': 0, 'max': 10, 'oom': 0, 'oom_kill': 0, 'oom_group_kill': 0}
[container_monitor] pf-test-2: current=894.5MiB swap=128.0MiB max=1219.0MiB cpu.usage_usec=4378494 method=swap_current_delta_fallback detail={'delta_swap_current': 0, 'swap_saturated': True, 'workingset_refault_anon': 8228} events={'low': 0, 'high': 0, 'max': 10, 'oom': 0, 'oom_kill': 0, 'oom_group_kill': 0}
[container_monitor] pf-test-2: current=894.5MiB swap=128.0MiB max=1219.0MiB cpu.usage_usec=4383452 method=swap_current_delta_fallback detail={'delta_swap_current': 0, 'swap_saturated': True, 'workingset_refault_anon': 8228} events={'low': 0, 'high': 0, 'max': 10, 'oom': 0, 'oom_kill': 0, 'oom_group_kill': 0}
[container_monitor] pf-test-2: current=894.5MiB swap=128.0MiB max=1219.0MiB cpu.usage_usec=4388493 method=swap_current_delta_fallback detail={'delta_swap_current': 0, 'swap_saturated': True, 'workingset_refault_anon': 8228} events={'low': 0, 'high': 0, 'max': 10, 'oom': 0, 'oom_kill': 0, 'oom_group_kill': 0}
[container_monitor] pf-test-2: current=894.5MiB swap=128.0MiB max=1219.0MiB cpu.usage_usec=4393251 method=swap_current_delta_fallback detail={'delta_swap_current': 0, 'swap_saturated': True, 'workingset_refault_anon': 8228} events={'low': 0, 'high': 0, 'max': 10, 'oom': 0, 'oom_kill': 0, 'oom_group_kill': 0}
[container_monitor] pf-test-2: current=894.5MiB swap=128.0MiB max=1219.0MiB cpu.usage_usec=4397660 method=swap_current_delta_fallback detail={'delta_swap_current': -20480, 'swap_saturated': True, 'workingset_refault_anon': 8233} events={'low': 0, 'high': 0, 'max': 10, 'oom': 0, 'oom_kill': 0, 'oom_group_kill': 0}
[container_monitor] pf-test-2: current=894.5MiB swap=128.0MiB max=1219.0MiB cpu.usage_usec=4402877 method=swap_current_delta_fallback detail={'delta_swap_current': 0, 'swap_saturated': True, 'workingset_refault_anon': 8233} events={'low': 0, 'high': 0, 'max': 10, 'oom': 0, 'oom_kill': 0, 'oom_group_kill': 0}
[container_monitor] pf-test-2: current=894.5MiB swap=128.0MiB max=1219.0MiB cpu.usage_usec=4408464 method=swap_current_delta_fallback detail={'delta_swap_current': 0, 'swap_saturated': True, 'workingset_refault_anon': 8233} events={'low': 0, 'high': 0, 'max': 10, 'oom': 0, 'oom_kill': 0, 'oom_group_kill': 0}
[container_monitor] pf-test-2: current=894.5MiB swap=128.0MiB max=1219.0MiB cpu.usage_usec=4412983 method=swap_current_delta_fallback detail={'delta_swap_current': 0, 'swap_saturated': True, 'workingset_refault_anon': 8233} events={'low': 0, 'high': 0, 'max': 10, 'oom': 0, 'oom_kill': 0, 'oom_group_kill': 0}
[container_monitor] pf-test-2: current=894.5MiB swap=128.0MiB max=1219.0MiB cpu.usage_usec=4419833 method=swap_current_delta_fallback detail={'delta_swap_current': 0, 'swap_saturated': True, 'workingset_refault_anon': 8233} events={'low': 0, 'high': 0, 'max': 10, 'oom': 0, 'oom_kill': 0, 'oom_group_kill': 0}
[container_monitor] pf-test-2: current=895.5MiB swap=127.2MiB max=1219.0MiB cpu.usage_usec=4422689 method=swap_current_delta_fallback detail={'delta_swap_current': -823296, 'swap_saturated': True, 'workingset_refault_anon': 8247} events={'low': 0, 'high': 0, 'max': 10, 'oom': 0, 'oom_kill': 0, 'oom_group_kill': 0}
[container_monitor] pf-test-2: current=898.5MiB swap=124.1MiB max=1219.0MiB cpu.usage_usec=4427599 method=swap_current_delta_fallback detail={'delta_swap_current': -3223552, 'swap_saturated': True, 'workingset_refault_anon': 8247} events={'low': 0, 'high': 0, 'max': 10, 'oom': 0, 'oom_kill': 0, 'oom_group_kill': 0}
[container_monitor] pf-test-2: current=900.4MiB swap=122.0MiB max=1219.0MiB cpu.usage_usec=4432596 method=swap_current_delta_fallback detail={'delta_swap_current': -2215936, 'swap_saturated': True, 'workingset_refault_anon': 8250} events={'low': 0, 'high': 0, 'max': 10, 'oom': 0, 'oom_kill': 0, 'oom_group_kill': 0}
[container_monitor] pf-test-2: current=902.5MiB swap=120.2MiB max=1219.0MiB cpu.usage_usec=4437664 method=swap_current_delta_fallback detail={'delta_swap_current': -1884160, 'swap_saturated': False, 'workingset_refault_anon': 8262} events={'low': 0, 'high': 0, 'max': 10, 'oom': 0, 'oom_kill': 0, 'oom_group_kill': 0}
[container_monitor] pf-test-2: current=903.3MiB swap=120.0MiB max=1219.0MiB cpu.usage_usec=4442645 method=swap_current_delta_fallback detail={'delta_swap_current': -245760, 'swap_saturated': False, 'workingset_refault_anon': 8297} events={'low': 0, 'high': 0, 'max': 10, 'oom': 0, 'oom_kill': 0, 'oom_group_kill': 0}
[container_monitor] pf-test-2: current=907.8MiB swap=115.3MiB max=1219.0MiB cpu.usage_usec=4447600 method=swap_current_delta_fallback detail={'delta_swap_current': -4947968, 'swap_saturated': False, 'workingset_refault_anon': 8302} events={'low': 0, 'high': 0, 'max': 10, 'oom': 0, 'oom_kill': 0, 'oom_group_kill': 0}
[container_monitor] pf-test-2: current=908.4MiB swap=115.6MiB max=1219.0MiB cpu.usage_usec=4452687 method=swap_current_delta_fallback detail={'delta_swap_current': 356352, 'swap_saturated': False, 'workingset_refault_anon': 8411} events={'low': 0, 'high': 0, 'max': 10, 'oom': 0, 'oom_kill': 0, 'oom_group_kill': 0}
[container_monitor] pf-test-2: current=901.7MiB swap=121.6MiB max=1219.0MiB cpu.usage_usec=4455388 method=swap_current_delta_fallback detail={'delta_swap_current': 6320128, 'swap_saturated': True, 'workingset_refault_anon': 8417} events={'low': 0, 'high': 0, 'max': 10, 'oom': 0, 'oom_kill': 0, 'oom_group_kill': 0}
[container_monitor] pf-test-2: current=901.7MiB swap=121.6MiB max=1219.0MiB cpu.usage_usec=4455983 method=swap_current_delta_fallback detail={'delta_swap_current': 0, 'swap_saturated': True, 'workingset_refault_anon': 8417} events={'low': 0, 'high': 0, 'max': 10, 'oom': 0, 'oom_kill': 0, 'oom_group_kill': 0}
[container_monitor] pf-test-2: current=901.7MiB swap=121.6MiB max=1219.0MiB cpu.usage_usec=4456570 method=swap_current_delta_fallback detail={'delta_swap_current': 0, 'swap_saturated': True, 'workingset_refault_anon': 8417} events={'low': 0, 'high': 0, 'max': 10, 'oom': 0, 'oom_kill': 0, 'oom_group_kill': 0}
[container_monitor] pf-test-2: current=901.7MiB swap=121.6MiB max=1219.0MiB cpu.usage_usec=4457213 method=swap_current_delta_fallback detail={'delta_swap_current': 0, 'swap_saturated': True, 'workingset_refault_anon': 8417} events={'low': 0, 'high': 0, 'max': 10, 'oom': 0, 'oom_kill': 0, 'oom_group_kill': 0}
[container_monitor] pf-test-2: current=903.6MiB swap=119.8MiB max=1219.0MiB cpu.usage_usec=4461552 method=swap_current_delta_fallback detail={'delta_swap_current': -1925120, 'swap_saturated': False, 'workingset_refault_anon': 8417} events={'low': 0, 'high': 0, 'max': 10, 'oom': 0, 'oom_kill': 0, 'oom_group_kill': 0}
[container_monitor] pf-test-2: current=905.8MiB swap=117.8MiB max=1219.0MiB cpu.usage_usec=4466671 method=swap_current_delta_fallback detail={'delta_swap_current': -2097152, 'swap_saturated': False, 'workingset_refault_anon': 8449} events={'low': 0, 'high': 0, 'max': 10, 'oom': 0, 'oom_kill': 0, 'oom_group_kill': 0}
[container_monitor] pf-test-2: current=909.0MiB swap=114.0MiB max=1219.0MiB cpu.usage_usec=4471737 method=swap_current_delta_fallback detail={'delta_swap_current': -3964928, 'swap_saturated': False, 'workingset_refault_anon': 8482} events={'low': 0, 'high': 0, 'max': 10, 'oom': 0, 'oom_kill': 0, 'oom_group_kill': 0}
[container_monitor] pf-test-2: current=909.0MiB swap=114.0MiB max=1219.0MiB cpu.usage_usec=4472506 method=swap_current_delta_fallback detail={'delta_swap_current': 16384, 'swap_saturated': False, 'workingset_refault_anon': 8482} events={'low': 0, 'high': 0, 'max': 10, 'oom': 0, 'oom_kill': 0, 'oom_group_kill': 0}
[container_monitor] pf-test-2: current=902.6MiB swap=121.3MiB max=1219.0MiB cpu.usage_usec=4473004 method=swap_current_delta_fallback detail={'delta_swap_current': 7581696, 'swap_saturated': False, 'workingset_refault_anon': 8482} events={'low': 0, 'high': 0, 'max': 10, 'oom': 0, 'oom_kill': 0, 'oom_group_kill': 0}
[container_monitor] pf-test-2: current=902.6MiB swap=121.3MiB max=1219.0MiB cpu.usage_usec=4473446 method=swap_current_delta_fallback detail={'delta_swap_current': 0, 'swap_saturated': False, 'workingset_refault_anon': 8482} events={'low': 0, 'high': 0, 'max': 10, 'oom': 0, 'oom_kill': 0, 'oom_group_kill': 0}
[container_monitor] pf-test-2: current=904.8MiB swap=119.2MiB max=1219.0MiB cpu.usage_usec=4476592 method=swap_current_delta_fallback detail={'delta_swap_current': -2166784, 'swap_saturated': False, 'workingset_refault_anon': 8485} events={'low': 0, 'high': 0, 'max': 10, 'oom': 0, 'oom_kill': 0, 'oom_group_kill': 0}
[container_monitor] pf-test-2: current=907.0MiB swap=116.8MiB max=1219.0MiB cpu.usage_usec=4481657 method=swap_current_delta_fallback detail={'delta_swap_current': -2453504, 'swap_saturated': False, 'workingset_refault_anon': 8566} events={'low': 0, 'high': 0, 'max': 10, 'oom': 0, 'oom_kill': 0, 'oom_group_kill': 0}
[container_monitor] pf-test-2: current=905.7MiB swap=118.3MiB max=1219.0MiB cpu.usage_usec=4485162 method=swap_current_delta_fallback detail={'delta_swap_current': 1544192, 'swap_saturated': False, 'workingset_refault_anon': 8566} events={'low': 0, 'high': 0, 'max': 10, 'oom': 0, 'oom_kill': 0, 'oom_group_kill': 0}
[container_monitor] pf-test-2: current=905.7MiB swap=118.3MiB max=1219.0MiB cpu.usage_usec=4485551 method=swap_current_delta_fallback detail={'delta_swap_current': 0, 'swap_saturated': False, 'workingset_refault_anon': 8566} events={'low': 0, 'high': 0, 'max': 10, 'oom': 0, 'oom_kill': 0, 'oom_group_kill': 0}
[container_monitor] pf-test-2: current=895.1MiB swap=128.0MiB max=1219.0MiB cpu.usage_usec=4485772 method=swap_current_delta_fallback detail={'delta_swap_current': 10149888, 'swap_saturated': True, 'workingset_refault_anon': 8566} events={'low': 0, 'high': 0, 'max': 10, 'oom': 0, 'oom_kill': 0, 'oom_group_kill': 0}
[container_monitor] pf-test-2: current=895.1MiB swap=128.0MiB max=1219.0MiB cpu.usage_usec=4486014 method=swap_current_delta_fallback detail={'delta_swap_current': 0, 'swap_saturated': True, 'workingset_refault_anon': 8566} events={'low': 0, 'high': 0, 'max': 10, 'oom': 0, 'oom_kill': 0, 'oom_group_kill': 0}
[container_monitor] pf-test-2: current=896.4MiB swap=126.9MiB max=1219.0MiB cpu.usage_usec=4488599 method=swap_current_delta_fallback detail={'delta_swap_current': -1200128, 'swap_saturated': True, 'workingset_refault_anon': 8566} events={'low': 0, 'high': 0, 'max': 10, 'oom': 0, 'oom_kill': 0, 'oom_group_kill': 0}
[container_monitor] pf-test-2: current=899.8MiB swap=123.4MiB max=1219.0MiB cpu.usage_usec=4493619 method=swap_current_delta_fallback detail={'delta_swap_current': -3665920, 'swap_saturated': True, 'workingset_refault_anon': 8617} events={'low': 0, 'high': 0, 'max': 10, 'oom': 0, 'oom_kill': 0, 'oom_group_kill': 0}
[container_monitor] pf-test-2: current=902.9MiB swap=120.2MiB max=1219.0MiB cpu.usage_usec=4497938 method=swap_current_delta_fallback detail={'delta_swap_current': -3264512, 'swap_saturated': False, 'workingset_refault_anon': 8617} events={'low': 0, 'high': 0, 'max': 10, 'oom': 0, 'oom_kill': 0, 'oom_group_kill': 0}
[container_monitor] pf-test-2: current=902.9MiB swap=120.2MiB max=1219.0MiB cpu.usage_usec=4498561 method=swap_current_delta_fallback detail={'delta_swap_current': 0, 'swap_saturated': False, 'workingset_refault_anon': 8617} events={'low': 0, 'high': 0, 'max': 10, 'oom': 0, 'oom_kill': 0, 'oom_group_kill': 0}
[container_monitor] pf-test-2: current=895.3MiB swap=128.0MiB max=1219.0MiB cpu.usage_usec=4498947 method=swap_current_delta_fallback detail={'delta_swap_current': 8130560, 'swap_saturated': True, 'workingset_refault_anon': 8618} events={'low': 0, 'high': 0, 'max': 10, 'oom': 0, 'oom_kill': 0, 'oom_group_kill': 0}
[container_monitor] pf-test-2: current=895.3MiB swap=128.0MiB max=1219.0MiB cpu.usage_usec=4499125 method=swap_current_delta_fallback detail={'delta_swap_current': 0, 'swap_saturated': True, 'workingset_refault_anon': 8618} events={'low': 0, 'high': 0, 'max': 10, 'oom': 0, 'oom_kill': 0, 'oom_group_kill': 0}
[container_monitor] pf-test-2: current=897.5MiB swap=125.9MiB max=1219.0MiB cpu.usage_usec=4501592 method=swap_current_delta_fallback detail={'delta_swap_current': -2199552, 'swap_saturated': True, 'workingset_refault_anon': 8618} events={'low': 0, 'high': 0, 'max': 10, 'oom': 0, 'oom_kill': 0, 'oom_group_kill': 0}
[container_monitor] pf-test-2: current=902.7MiB swap=120.6MiB max=1219.0MiB cpu.usage_usec=4506595 method=swap_current_delta_fallback detail={'delta_swap_current': -5545984, 'swap_saturated': False, 'workingset_refault_anon': 8662} events={'low': 0, 'high': 0, 'max': 10, 'oom': 0, 'oom_kill': 0, 'oom_group_kill': 0}
[container_monitor] pf-test-2: current=896.2MiB swap=127.5MiB max=1219.0MiB cpu.usage_usec=4508074 method=swap_current_delta_fallback detail={'delta_swap_current': 7192576, 'swap_saturated': True, 'workingset_refault_anon': 8722} events={'low': 0, 'high': 0, 'max': 10, 'oom': 0, 'oom_kill': 0, 'oom_group_kill': 0}
[container_monitor] pf-test-2: current=895.0MiB swap=128.0MiB max=1219.0MiB cpu.usage_usec=4508377 method=swap_current_delta_fallback detail={'delta_swap_current': 548864, 'swap_saturated': True, 'workingset_refault_anon': 8722} events={'low': 0, 'high': 0, 'max': 10, 'oom': 0, 'oom_kill': 0, 'oom_group_kill': 0}
[container_monitor] pf-test-2: current=895.0MiB swap=128.0MiB max=1219.0MiB cpu.usage_usec=4508733 method=swap_current_delta_fallback detail={'delta_swap_current': 0, 'swap_saturated': True, 'workingset_refault_anon': 8722} events={'low': 0, 'high': 0, 'max': 10, 'oom': 0, 'oom_kill': 0, 'oom_group_kill': 0}
[container_monitor] pf-test-2: current=895.0MiB swap=128.0MiB max=1219.0MiB cpu.usage_usec=4509069 method=swap_current_delta_fallback detail={'delta_swap_current': 0, 'swap_saturated': True, 'workingset_refault_anon': 8722} events={'low': 0, 'high': 0, 'max': 10, 'oom': 0, 'oom_kill': 0, 'oom_group_kill': 0}
[container_monitor] pf-test-2: current=899.5MiB swap=123.8MiB max=1219.0MiB cpu.usage_usec=4513591 method=swap_current_delta_fallback detail={'delta_swap_current': -4399104, 'swap_saturated': True, 'workingset_refault_anon': 8722} events={'low': 0, 'high': 0, 'max': 10, 'oom': 0, 'oom_kill': 0, 'oom_group_kill': 0}
[container_monitor] pf-test-2: current=900.5MiB swap=122.5MiB max=1219.0MiB cpu.usage_usec=4519690 method=swap_current_delta_fallback detail={'delta_swap_current': -1339392, 'swap_saturated': True, 'workingset_refault_anon': 8722} events={'low': 0, 'high': 0, 'max': 10, 'oom': 0, 'oom_kill': 0, 'oom_group_kill': 0}
[container_monitor] pf-test-2: current=895.5MiB swap=127.6MiB max=1219.0MiB cpu.usage_usec=4523460 method=swap_current_delta_fallback detail={'delta_swap_current': 5365760, 'swap_saturated': True, 'workingset_refault_anon': 8722} events={'low': 0, 'high': 0, 'max': 10, 'oom': 0, 'oom_kill': 0, 'oom_group_kill': 0}
[container_monitor] pf-test-2: current=895.5MiB swap=127.6MiB max=1219.0MiB cpu.usage_usec=4524142 method=swap_current_delta_fallback detail={'delta_swap_current': 0, 'swap_saturated': True, 'workingset_refault_anon': 8722} events={'low': 0, 'high': 0, 'max': 10, 'oom': 0, 'oom_kill': 0, 'oom_group_kill': 0}
[container_monitor] pf-test-2: current=895.5MiB swap=127.6MiB max=1219.0MiB cpu.usage_usec=4524542 method=swap_current_delta_fallback detail={'delta_swap_current': 0, 'swap_saturated': True, 'workingset_refault_anon': 8722} events={'low': 0, 'high': 0, 'max': 10, 'oom': 0, 'oom_kill': 0, 'oom_group_kill': 0}
[container_monitor] pf-test-2: current=895.5MiB swap=127.6MiB max=1219.0MiB cpu.usage_usec=4524991 method=swap_current_delta_fallback detail={'delta_swap_current': 0, 'swap_saturated': True, 'workingset_refault_anon': 8722} events={'low': 0, 'high': 0, 'max': 10, 'oom': 0, 'oom_kill': 0, 'oom_group_kill': 0}
[container_monitor] pf-test-2: current=896.7MiB swap=126.5MiB max=1219.0MiB cpu.usage_usec=4528187 method=swap_current_delta_fallback detail={'delta_swap_current': -1146880, 'swap_saturated': True, 'workingset_refault_anon': 8786} events={'low': 0, 'high': 0, 'max': 10, 'oom': 0, 'oom_kill': 0, 'oom_group_kill': 0}
[container_monitor] pf-test-2: current=896.9MiB swap=126.5MiB max=1219.0MiB cpu.usage_usec=4532185 method=swap_current_delta_fallback detail={'delta_swap_current': -61440, 'swap_saturated': True, 'workingset_refault_anon': 8792} events={'low': 0, 'high': 0, 'max': 10, 'oom': 0, 'oom_kill': 0, 'oom_group_kill': 0}
[container_monitor] pf-test-2: current=896.9MiB swap=126.5MiB max=1219.0MiB cpu.usage_usec=4532782 method=swap_current_delta_fallback detail={'delta_swap_current': 0, 'swap_saturated': True, 'workingset_refault_anon': 8792} events={'low': 0, 'high': 0, 'max': 10, 'oom': 0, 'oom_kill': 0, 'oom_group_kill': 0}
[container_monitor] pf-test-2: current=896.9MiB swap=126.5MiB max=1219.0MiB cpu.usage_usec=4533294 method=swap_current_delta_fallback detail={'delta_swap_current': 0, 'swap_saturated': True, 'workingset_refault_anon': 8792} events={'low': 0, 'high': 0, 'max': 10, 'oom': 0, 'oom_kill': 0, 'oom_group_kill': 0}
[container_monitor] pf-test-2: current=896.9MiB swap=126.5MiB max=1219.0MiB cpu.usage_usec=4533603 method=swap_current_delta_fallback detail={'delta_swap_current': 0, 'swap_saturated': True, 'workingset_refault_anon': 8792} events={'low': 0, 'high': 0, 'max': 10, 'oom': 0, 'oom_kill': 0, 'oom_group_kill': 0}
[container_monitor] pf-test-2: current=899.5MiB swap=124.2MiB max=1219.0MiB cpu.usage_usec=4536596 method=swap_current_delta_fallback detail={'delta_swap_current': -2428928, 'swap_saturated': True, 'workingset_refault_anon': 8983} events={'low': 0, 'high': 0, 'max': 10, 'oom': 0, 'oom_kill': 0, 'oom_group_kill': 0}
[container_monitor] pf-test-2: current=902.5MiB swap=120.9MiB max=1219.0MiB cpu.usage_usec=4539978 method=swap_current_delta_fallback detail={'delta_swap_current': -3465216, 'swap_saturated': False, 'workingset_refault_anon': 8983} events={'low': 0, 'high': 0, 'max': 10, 'oom': 0, 'oom_kill': 0, 'oom_group_kill': 0}
[container_monitor] pf-test-2: current=902.6MiB swap=120.9MiB max=1219.0MiB cpu.usage_usec=4540774 method=swap_current_delta_fallback detail={'delta_swap_current': 0, 'swap_saturated': False, 'workingset_refault_anon': 8983} events={'low': 0, 'high': 0, 'max': 10, 'oom': 0, 'oom_kill': 0, 'oom_group_kill': 0}
[container_monitor] pf-test-2: current=902.6MiB swap=120.9MiB max=1219.0MiB cpu.usage_usec=4541489 method=swap_current_delta_fallback detail={'delta_swap_current': 0, 'swap_saturated': False, 'workingset_refault_anon': 8983} events={'low': 0, 'high': 0, 'max': 10, 'oom': 0, 'oom_kill': 0, 'oom_group_kill': 0}
[container_monitor] pf-test-2: current=902.6MiB swap=120.9MiB max=1219.0MiB cpu.usage_usec=4542080 method=swap_current_delta_fallback detail={'delta_swap_current': 0, 'swap_saturated': False, 'workingset_refault_anon': 8983} events={'low': 0, 'high': 0, 'max': 10, 'oom': 0, 'oom_kill': 0, 'oom_group_kill': 0}
[container_monitor] pf-test-2: current=903.3MiB swap=120.3MiB max=1219.0MiB cpu.usage_usec=4545634 method=swap_current_delta_fallback detail={'delta_swap_current': -581632, 'swap_saturated': False, 'workingset_refault_anon': 8985} events={'low': 0, 'high': 0, 'max': 10, 'oom': 0, 'oom_kill': 0, 'oom_group_kill': 0}
[container_monitor] pf-test-2: current=905.3MiB swap=118.2MiB max=1219.0MiB cpu.usage_usec=4550592 method=swap_current_delta_fallback detail={'delta_swap_current': -2179072, 'swap_saturated': False, 'workingset_refault_anon': 9004} events={'low': 0, 'high': 0, 'max': 10, 'oom': 0, 'oom_kill': 0, 'oom_group_kill': 0}
[container_monitor] pf-test-2: current=907.5MiB swap=116.0MiB max=1219.0MiB cpu.usage_usec=4555675 method=swap_current_delta_fallback detail={'delta_swap_current': -2297856, 'swap_saturated': False, 'workingset_refault_anon': 9054} events={'low': 0, 'high': 0, 'max': 10, 'oom': 0, 'oom_kill': 0, 'oom_group_kill': 0}
[container_monitor] pf-test-2: current=910.5MiB swap=113.1MiB max=1219.0MiB cpu.usage_usec=4560644 method=swap_current_delta_fallback detail={'delta_swap_current': -3088384, 'swap_saturated': False, 'workingset_refault_anon': 9054} events={'low': 0, 'high': 0, 'max': 10, 'oom': 0, 'oom_kill': 0, 'oom_group_kill': 0}
[container_monitor] pf-test-2: current=910.4MiB swap=112.9MiB max=1219.0MiB cpu.usage_usec=4563220 method=swap_current_delta_fallback detail={'delta_swap_current': -241664, 'swap_saturated': False, 'workingset_refault_anon': 9054} events={'low': 0, 'high': 0, 'max': 10, 'oom': 0, 'oom_kill': 0, 'oom_group_kill': 0}
[container_monitor] pf-test-2: current=910.4MiB swap=112.9MiB max=1219.0MiB cpu.usage_usec=4563636 method=swap_current_delta_fallback detail={'delta_swap_current': 0, 'swap_saturated': False, 'workingset_refault_anon': 9054} events={'low': 0, 'high': 0, 'max': 10, 'oom': 0, 'oom_kill': 0, 'oom_group_kill': 0}
[container_monitor] pf-test-2: current=910.4MiB swap=112.9MiB max=1219.0MiB cpu.usage_usec=4564621 method=swap_current_delta_fallback detail={'delta_swap_current': 0, 'swap_saturated': False, 'workingset_refault_anon': 9054} events={'low': 0, 'high': 0, 'max': 10, 'oom': 0, 'oom_kill': 0, 'oom_group_kill': 0}
[container_monitor] pf-test-2: current=910.4MiB swap=112.9MiB max=1219.0MiB cpu.usage_usec=4565621 method=swap_current_delta_fallback detail={'delta_swap_current': 0, 'swap_saturated': False, 'workingset_refault_anon': 9054} events={'low': 0, 'high': 0, 'max': 10, 'oom': 0, 'oom_kill': 0, 'oom_group_kill': 0}
[container_monitor] pf-test-2: current=914.1MiB swap=109.4MiB max=1219.0MiB cpu.usage_usec=4569619 method=swap_current_delta_fallback detail={'delta_swap_current': -3657728, 'swap_saturated': False, 'workingset_refault_anon': 9089} events={'low': 0, 'high': 0, 'max': 10, 'oom': 0, 'oom_kill': 0, 'oom_group_kill': 0}
[container_monitor] pf-test-2: current=916.2MiB swap=107.2MiB max=1219.0MiB cpu.usage_usec=4574973 method=swap_current_delta_fallback detail={'delta_swap_current': -2318336, 'swap_saturated': False, 'workingset_refault_anon': 9090} events={'low': 0, 'high': 0, 'max': 10, 'oom': 0, 'oom_kill': 0, 'oom_group_kill': 0}
[container_monitor] pf-test-2: current=917.8MiB swap=105.5MiB max=1219.0MiB cpu.usage_usec=4579847 method=swap_current_delta_fallback detail={'delta_swap_current': -1753088, 'swap_saturated': False, 'workingset_refault_anon': 9134} events={'low': 0, 'high': 0, 'max': 10, 'oom': 0, 'oom_kill': 0, 'oom_group_kill': 0}
[container_monitor] pf-test-2: current=917.8MiB swap=105.5MiB max=1219.0MiB cpu.usage_usec=4581013 method=swap_current_delta_fallback detail={'delta_swap_current': 12288, 'swap_saturated': False, 'workingset_refault_anon': 9134} events={'low': 0, 'high': 0, 'max': 10, 'oom': 0, 'oom_kill': 0, 'oom_group_kill': 0}
[container_monitor] pf-test-2: current=917.8MiB swap=105.5MiB max=1219.0MiB cpu.usage_usec=4581547 method=swap_current_delta_fallback detail={'delta_swap_current': 0, 'swap_saturated': False, 'workingset_refault_anon': 9134} events={'low': 0, 'high': 0, 'max': 10, 'oom': 0, 'oom_kill': 0, 'oom_group_kill': 0}
[container_monitor] pf-test-2: current=917.8MiB swap=105.5MiB max=1219.0MiB cpu.usage_usec=4582331 method=swap_current_delta_fallback detail={'delta_swap_current': 0, 'swap_saturated': False, 'workingset_refault_anon': 9134} events={'low': 0, 'high': 0, 'max': 10, 'oom': 0, 'oom_kill': 0, 'oom_group_kill': 0}
[container_monitor] pf-test-2: current=917.8MiB swap=105.5MiB max=1219.0MiB cpu.usage_usec=4583135 method=swap_current_delta_fallback detail={'delta_swap_current': 0, 'swap_saturated': False, 'workingset_refault_anon': 9134} events={'low': 0, 'high': 0, 'max': 10, 'oom': 0, 'oom_kill': 0, 'oom_group_kill': 0}
[container_monitor] pf-test-2: current=918.9MiB swap=104.4MiB max=1219.0MiB cpu.usage_usec=4588898 method=swap_current_delta_fallback detail={'delta_swap_current': -1142784, 'swap_saturated': False, 'workingset_refault_anon': 9134} events={'low': 0, 'high': 0, 'max': 10, 'oom': 0, 'oom_kill': 0, 'oom_group_kill': 0}
[container_monitor] pf-test-2: current=920.9MiB swap=102.5MiB max=1219.0MiB cpu.usage_usec=4593575 method=swap_current_delta_fallback detail={'delta_swap_current': -2048000, 'swap_saturated': False, 'workingset_refault_anon': 9134} events={'low': 0, 'high': 0, 'max': 10, 'oom': 0, 'oom_kill': 0, 'oom_group_kill': 0}
[container_monitor] pf-test-2: current=920.9MiB swap=102.4MiB max=1219.0MiB cpu.usage_usec=4594214 method=swap_current_delta_fallback detail={'delta_swap_current': -65536, 'swap_saturated': False, 'workingset_refault_anon': 9134} events={'low': 0, 'high': 0, 'max': 10, 'oom': 0, 'oom_kill': 0, 'oom_group_kill': 0}
[container_monitor] pf-test-2: current=920.8MiB swap=102.4MiB max=1219.0MiB cpu.usage_usec=4594614 method=swap_current_delta_fallback detail={'delta_swap_current': 16384, 'swap_saturated': False, 'workingset_refault_anon': 9134} events={'low': 0, 'high': 0, 'max': 10, 'oom': 0, 'oom_kill': 0, 'oom_group_kill': 0}
[container_monitor] pf-test-2: current=920.8MiB swap=102.4MiB max=1219.0MiB cpu.usage_usec=4595275 method=swap_current_delta_fallback detail={'delta_swap_current': 0, 'swap_saturated': False, 'workingset_refault_anon': 9134} events={'low': 0, 'high': 0, 'max': 10, 'oom': 0, 'oom_kill': 0, 'oom_group_kill': 0}
[container_monitor] pf-test-2: current=921.2MiB swap=102.2MiB max=1219.0MiB cpu.usage_usec=4597593 method=swap_current_delta_fallback detail={'delta_swap_current': -241664, 'swap_saturated': False, 'workingset_refault_anon': 9135} events={'low': 0, 'high': 0, 'max': 10, 'oom': 0, 'oom_kill': 0, 'oom_group_kill': 0}
[container_monitor] pf-test-2: current=922.5MiB swap=100.9MiB max=1219.0MiB cpu.usage_usec=4602706 method=swap_current_delta_fallback detail={'delta_swap_current': -1347584, 'swap_saturated': False, 'workingset_refault_anon': 9135} events={'low': 0, 'high': 0, 'max': 10, 'oom': 0, 'oom_kill': 0, 'oom_group_kill': 0}
[container_monitor] pf-test-2: current=923.8MiB swap=99.8MiB max=1219.0MiB cpu.usage_usec=4607610 method=swap_current_delta_fallback detail={'delta_swap_current': -1208320, 'swap_saturated': False, 'workingset_refault_anon': 9196} events={'low': 0, 'high': 0, 'max': 10, 'oom': 0, 'oom_kill': 0, 'oom_group_kill': 0}
[container_monitor] pf-test-2: current=925.2MiB swap=98.1MiB max=1219.0MiB cpu.usage_usec=4612648 method=swap_current_delta_fallback detail={'delta_swap_current': -1699840, 'swap_saturated': False, 'workingset_refault_anon': 9196} events={'low': 0, 'high': 0, 'max': 10, 'oom': 0, 'oom_kill': 0, 'oom_group_kill': 0}
[container_monitor] pf-test-2: current=926.9MiB swap=96.6MiB max=1219.0MiB cpu.usage_usec=4617604 method=swap_current_delta_fallback detail={'delta_swap_current': -1638400, 'swap_saturated': False, 'workingset_refault_anon': 9220} events={'low': 0, 'high': 0, 'max': 10, 'oom': 0, 'oom_kill': 0, 'oom_group_kill': 0}
[container_monitor] pf-test-2: current=928.1MiB swap=95.2MiB max=1219.0MiB cpu.usage_usec=4622592 method=swap_current_delta_fallback detail={'delta_swap_current': -1413120, 'swap_saturated': False, 'workingset_refault_anon': 9220} events={'low': 0, 'high': 0, 'max': 10, 'oom': 0, 'oom_kill': 0, 'oom_group_kill': 0}
[container_monitor] pf-test-2: current=923.8MiB swap=100.5MiB max=1219.0MiB cpu.usage_usec=4627623 method=swap_current_delta_fallback detail={'delta_swap_current': 5492736, 'swap_saturated': False, 'workingset_refault_anon': 9220} events={'low': 0, 'high': 0, 'max': 10, 'oom': 0, 'oom_kill': 0, 'oom_group_kill': 0}
[container_monitor] pf-test-2: current=923.8MiB swap=100.5MiB max=1219.0MiB cpu.usage_usec=4629971 method=swap_current_delta_fallback detail={'delta_swap_current': 0, 'swap_saturated': False, 'workingset_refault_anon': 9220} events={'low': 0, 'high': 0, 'max': 10, 'oom': 0, 'oom_kill': 0, 'oom_group_kill': 0}
[container_monitor] pf-test-2: current=923.8MiB swap=100.5MiB max=1219.0MiB cpu.usage_usec=4630764 method=swap_current_delta_fallback detail={'delta_swap_current': 0, 'swap_saturated': False, 'workingset_refault_anon': 9220} events={'low': 0, 'high': 0, 'max': 10, 'oom': 0, 'oom_kill': 0, 'oom_group_kill': 0}
[container_monitor] pf-test-2: current=923.8MiB swap=100.5MiB max=1219.0MiB cpu.usage_usec=4631481 method=swap_current_delta_fallback detail={'delta_swap_current': 0, 'swap_saturated': False, 'workingset_refault_anon': 9220} events={'low': 0, 'high': 0, 'max': 10, 'oom': 0, 'oom_kill': 0, 'oom_group_kill': 0}
[container_monitor] pf-test-2: current=919.0MiB swap=105.8MiB max=1219.0MiB cpu.usage_usec=4632127 method=swap_current_delta_fallback detail={'delta_swap_current': 5640192, 'swap_saturated': False, 'workingset_refault_anon': 9221} events={'low': 0, 'high': 0, 'max': 10, 'oom': 0, 'oom_kill': 0, 'oom_group_kill': 0}
[container_monitor] pf-test-2: current=917.5MiB swap=106.1MiB max=1219.0MiB cpu.usage_usec=4635808 method=swap_current_delta_fallback detail={'delta_swap_current': 286720, 'swap_saturated': False, 'workingset_refault_anon': 9222} events={'low': 0, 'high': 0, 'max': 10, 'oom': 0, 'oom_kill': 0, 'oom_group_kill': 0}
[container_monitor] pf-test-2: current=917.5MiB swap=106.1MiB max=1219.0MiB cpu.usage_usec=4636016 method=swap_current_delta_fallback detail={'delta_swap_current': 0, 'swap_saturated': False, 'workingset_refault_anon': 9222} events={'low': 0, 'high': 0, 'max': 10, 'oom': 0, 'oom_kill': 0, 'oom_group_kill': 0}
[container_monitor] pf-test-2: current=917.5MiB swap=106.1MiB max=1219.0MiB cpu.usage_usec=4636644 method=swap_current_delta_fallback detail={'delta_swap_current': 0, 'swap_saturated': False, 'workingset_refault_anon': 9224} events={'low': 0, 'high': 0, 'max': 10, 'oom': 0, 'oom_kill': 0, 'oom_group_kill': 0}
[container_monitor] pf-test-2: current=917.5MiB swap=106.1MiB max=1219.0MiB cpu.usage_usec=4637121 method=swap_current_delta_fallback detail={'delta_swap_current': 0, 'swap_saturated': False, 'workingset_refault_anon': 9224} events={'low': 0, 'high': 0, 'max': 10, 'oom': 0, 'oom_kill': 0, 'oom_group_kill': 0}
[container_monitor] pf-test-2: current=898.8MiB swap=126.3MiB max=1219.0MiB cpu.usage_usec=4639786 method=swap_current_delta_fallback detail={'delta_swap_current': 21127168, 'swap_saturated': True, 'workingset_refault_anon': 9271} events={'low': 0, 'high': 0, 'max': 10, 'oom': 0, 'oom_kill': 0, 'oom_group_kill': 0}
[container_monitor] pf-test-2: current=898.0MiB swap=126.6MiB max=1219.0MiB cpu.usage_usec=4645122 method=swap_current_delta_fallback detail={'delta_swap_current': 307200, 'swap_saturated': True, 'workingset_refault_anon': 9271} events={'low': 0, 'high': 0, 'max': 10, 'oom': 0, 'oom_kill': 0, 'oom_group_kill': 0}
[container_monitor] pf-test-2: current=898.1MiB swap=126.4MiB max=1219.0MiB cpu.usage_usec=4646469 method=swap_current_delta_fallback detail={'delta_swap_current': -184320, 'swap_saturated': True, 'workingset_refault_anon': 9271} events={'low': 0, 'high': 0, 'max': 10, 'oom': 0, 'oom_kill': 0, 'oom_group_kill': 0}
[container_monitor] pf-test-2: current=898.1MiB swap=126.4MiB max=1219.0MiB cpu.usage_usec=4646917 method=swap_current_delta_fallback detail={'delta_swap_current': 0, 'swap_saturated': True, 'workingset_refault_anon': 9271} events={'low': 0, 'high': 0, 'max': 10, 'oom': 0, 'oom_kill': 0, 'oom_group_kill': 0}
[container_monitor] pf-test-2: current=898.1MiB swap=126.4MiB max=1219.0MiB cpu.usage_usec=4647600 method=swap_current_delta_fallback detail={'delta_swap_current': 0, 'swap_saturated': True, 'workingset_refault_anon': 9271} events={'low': 0, 'high': 0, 'max': 10, 'oom': 0, 'oom_kill': 0, 'oom_group_kill': 0}
[container_monitor] pf-test-2: current=898.1MiB swap=126.4MiB max=1219.0MiB cpu.usage_usec=4648086 method=swap_current_delta_fallback detail={'delta_swap_current': 0, 'swap_saturated': True, 'workingset_refault_anon': 9271} events={'low': 0, 'high': 0, 'max': 10, 'oom': 0, 'oom_kill': 0, 'oom_group_kill': 0}
[container_monitor] pf-test-2: current=898.4MiB swap=126.2MiB max=1219.0MiB cpu.usage_usec=4653596 method=swap_current_delta_fallback detail={'delta_swap_current': -188416, 'swap_saturated': True, 'workingset_refault_anon': 9277} events={'low': 0, 'high': 0, 'max': 10, 'oom': 0, 'oom_kill': 0, 'oom_group_kill': 0}
[container_monitor] pf-test-2: current=889.6MiB swap=127.0MiB max=1219.0MiB cpu.usage_usec=4654344 method=swap_current_delta_fallback detail={'delta_swap_current': 884736, 'swap_saturated': True, 'workingset_refault_anon': 9277} events={'low': 0, 'high': 0, 'max': 10, 'oom': 0, 'oom_kill': 0, 'oom_group_kill': 0}
[container_monitor] pf-test-2: current=889.6MiB swap=127.0MiB max=1219.0MiB cpu.usage_usec=4655052 method=swap_current_delta_fallback detail={'delta_swap_current': 0, 'swap_saturated': True, 'workingset_refault_anon': 9277} events={'low': 0, 'high': 0, 'max': 10, 'oom': 0, 'oom_kill': 0, 'oom_group_kill': 0}
[container_monitor] pf-test-2: current=889.6MiB swap=127.0MiB max=1219.0MiB cpu.usage_usec=4655655 method=swap_current_delta_fallback detail={'delta_swap_current': 0, 'swap_saturated': True, 'workingset_refault_anon': 9277} events={'low': 0, 'high': 0, 'max': 10, 'oom': 0, 'oom_kill': 0, 'oom_group_kill': 0}
[container_monitor] pf-test-2: current=889.6MiB swap=127.0MiB max=1219.0MiB cpu.usage_usec=4660597 method=swap_current_delta_fallback detail={'delta_swap_current': 0, 'swap_saturated': True, 'workingset_refault_anon': 9277} events={'low': 0, 'high': 0, 'max': 10, 'oom': 0, 'oom_kill': 0, 'oom_group_kill': 0}
[container_monitor] pf-test-2: current=889.6MiB swap=127.0MiB max=1219.0MiB cpu.usage_usec=4663433 method=swap_current_delta_fallback detail={'delta_swap_current': 0, 'swap_saturated': True, 'workingset_refault_anon': 9277} events={'low': 0, 'high': 0, 'max': 10, 'oom': 0, 'oom_kill': 0, 'oom_group_kill': 0}
[container_monitor] pf-test-2: current=888.0MiB swap=127.7MiB max=1219.0MiB cpu.usage_usec=4664060 method=swap_current_delta_fallback detail={'delta_swap_current': 647168, 'swap_saturated': True, 'workingset_refault_anon': 9277} events={'low': 0, 'high': 0, 'max': 10, 'oom': 0, 'oom_kill': 0, 'oom_group_kill': 0}
[container_monitor] pf-test-2: current=888.0MiB swap=127.7MiB max=1219.0MiB cpu.usage_usec=4664513 method=swap_current_delta_fallback detail={'delta_swap_current': 0, 'swap_saturated': True, 'workingset_refault_anon': 9277} events={'low': 0, 'high': 0, 'max': 10, 'oom': 0, 'oom_kill': 0, 'oom_group_kill': 0}
[container_monitor] pf-test-2: current=887.7MiB swap=127.7MiB max=1219.0MiB cpu.usage_usec=4665035 method=swap_current_delta_fallback detail={'delta_swap_current': 0, 'swap_saturated': True, 'workingset_refault_anon': 9277} events={'low': 0, 'high': 0, 'max': 10, 'oom': 0, 'oom_kill': 0, 'oom_group_kill': 0}
[container_monitor] pf-test-2: current=887.7MiB swap=127.7MiB max=1219.0MiB cpu.usage_usec=4668014 method=swap_current_delta_fallback detail={'delta_swap_current': 0, 'swap_saturated': True, 'workingset_refault_anon': 9277} events={'low': 0, 'high': 0, 'max': 10, 'oom': 0, 'oom_kill': 0, 'oom_group_kill': 0}
[container_monitor] pf-test-2: current=887.7MiB swap=127.7MiB max=1219.0MiB cpu.usage_usec=4670243 method=swap_current_delta_fallback detail={'delta_swap_current': 0, 'swap_saturated': True, 'workingset_refault_anon': 9277} events={'low': 0, 'high': 0, 'max': 10, 'oom': 0, 'oom_kill': 0, 'oom_group_kill': 0}
[container_monitor] pf-test-2: current=887.1MiB swap=128.0MiB max=1219.0MiB cpu.usage_usec=4670602 method=swap_current_delta_fallback detail={'delta_swap_current': 360448, 'swap_saturated': True, 'workingset_refault_anon': 9277} events={'low': 0, 'high': 0, 'max': 10, 'oom': 0, 'oom_kill': 0, 'oom_group_kill': 0}
[container_monitor] pf-test-2: current=887.1MiB swap=128.0MiB max=1219.0MiB cpu.usage_usec=4670886 method=swap_current_delta_fallback detail={'delta_swap_current': 0, 'swap_saturated': True, 'workingset_refault_anon': 9277} events={'low': 0, 'high': 0, 'max': 10, 'oom': 0, 'oom_kill': 0, 'oom_group_kill': 0}
[container_monitor] pf-test-2: current=887.1MiB swap=128.0MiB max=1219.0MiB cpu.usage_usec=4671211 method=swap_current_delta_fallback detail={'delta_swap_current': 0, 'swap_saturated': True, 'workingset_refault_anon': 9277} events={'low': 0, 'high': 0, 'max': 10, 'oom': 0, 'oom_kill': 0, 'oom_group_kill': 0}
[container_monitor] pf-test-2: current=887.1MiB swap=128.0MiB max=1219.0MiB cpu.usage_usec=4674635 method=swap_current_delta_fallback detail={'delta_swap_current': 0, 'swap_saturated': True, 'workingset_refault_anon': 9277} events={'low': 0, 'high': 0, 'max': 10, 'oom': 0, 'oom_kill': 0, 'oom_group_kill': 0}
[container_monitor] pf-test-2: current=888.1MiB swap=127.3MiB max=1219.0MiB cpu.usage_usec=4679645 method=swap_current_delta_fallback detail={'delta_swap_current': -720896, 'swap_saturated': True, 'workingset_refault_anon': 9284} events={'low': 0, 'high': 0, 'max': 10, 'oom': 0, 'oom_kill': 0, 'oom_group_kill': 0}
[container_monitor] pf-test-2: current=888.2MiB swap=127.0MiB max=1219.0MiB cpu.usage_usec=4682987 method=swap_current_delta_fallback detail={'delta_swap_current': -356352, 'swap_saturated': True, 'workingset_refault_anon': 9289} events={'low': 0, 'high': 0, 'max': 10, 'oom': 0, 'oom_kill': 0, 'oom_group_kill': 0}
[container_monitor] pf-test-2: current=888.2MiB swap=127.0MiB max=1219.0MiB cpu.usage_usec=4683473 method=swap_current_delta_fallback detail={'delta_swap_current': 0, 'swap_saturated': True, 'workingset_refault_anon': 9289} events={'low': 0, 'high': 0, 'max': 10, 'oom': 0, 'oom_kill': 0, 'oom_group_kill': 0}
[container_monitor] pf-test-2: current=888.2MiB swap=127.0MiB max=1219.0MiB cpu.usage_usec=4684233 method=swap_current_delta_fallback detail={'delta_swap_current': 0, 'swap_saturated': True, 'workingset_refault_anon': 9289} events={'low': 0, 'high': 0, 'max': 10, 'oom': 0, 'oom_kill': 0, 'oom_group_kill': 0}
[container_monitor] pf-test-2: current=888.2MiB swap=127.0MiB max=1219.0MiB cpu.usage_usec=4684831 method=swap_current_delta_fallback detail={'delta_swap_current': 0, 'swap_saturated': True, 'workingset_refault_anon': 9289} events={'low': 0, 'high': 0, 'max': 10, 'oom': 0, 'oom_kill': 0, 'oom_group_kill': 0}
[container_monitor] pf-test-2: current=890.9MiB swap=124.6MiB max=1219.0MiB cpu.usage_usec=4688639 method=swap_current_delta_fallback detail={'delta_swap_current': -2531328, 'swap_saturated': True, 'workingset_refault_anon': 9299} events={'low': 0, 'high': 0, 'max': 10, 'oom': 0, 'oom_kill': 0, 'oom_group_kill': 0}
[container_monitor] pf-test-2: current=895.4MiB swap=119.9MiB max=1219.0MiB cpu.usage_usec=4693391 method=swap_current_delta_fallback detail={'delta_swap_current': -4915200, 'swap_saturated': False, 'workingset_refault_anon': 9368} events={'low': 0, 'high': 0, 'max': 10, 'oom': 0, 'oom_kill': 0, 'oom_group_kill': 0}
[container_monitor] pf-test-2: current=895.4MiB swap=119.9MiB max=1219.0MiB cpu.usage_usec=4693797 method=swap_current_delta_fallback detail={'delta_swap_current': 0, 'swap_saturated': False, 'workingset_refault_anon': 9368} events={'low': 0, 'high': 0, 'max': 10, 'oom': 0, 'oom_kill': 0, 'oom_group_kill': 0}
[container_monitor] pf-test-2: current=895.4MiB swap=119.8MiB max=1219.0MiB cpu.usage_usec=4694138 method=swap_current_delta_fallback detail={'delta_swap_current': -28672, 'swap_saturated': False, 'workingset_refault_anon': 9368} events={'low': 0, 'high': 0, 'max': 10, 'oom': 0, 'oom_kill': 0, 'oom_group_kill': 0}
[container_monitor] pf-test-2: current=885.2MiB swap=128.0MiB max=1219.0MiB cpu.usage_usec=4694455 method=swap_current_delta_fallback detail={'delta_swap_current': 8552448, 'swap_saturated': True, 'workingset_refault_anon': 9368} events={'low': 0, 'high': 0, 'max': 10, 'oom': 0, 'oom_kill': 0, 'oom_group_kill': 0}
[container_monitor] pf-test-2: current=885.2MiB swap=128.0MiB max=1219.0MiB cpu.usage_usec=4696589 method=swap_current_delta_fallback detail={'delta_swap_current': 0, 'swap_saturated': True, 'workingset_refault_anon': 9368} events={'low': 0, 'high': 0, 'max': 10, 'oom': 0, 'oom_kill': 0, 'oom_group_kill': 0}
[container_monitor] pf-test-2: current=885.2MiB swap=128.0MiB max=1219.0MiB cpu.usage_usec=4698609 method=swap_current_delta_fallback detail={'delta_swap_current': -8192, 'swap_saturated': True, 'workingset_refault_anon': 9368} events={'low': 0, 'high': 0, 'max': 10, 'oom': 0, 'oom_kill': 0, 'oom_group_kill': 0}
[container_monitor] pf-test-2: current=885.2MiB swap=128.0MiB max=1219.0MiB cpu.usage_usec=4699169 method=swap_current_delta_fallback detail={'delta_swap_current': 0, 'swap_saturated': True, 'workingset_refault_anon': 9368} events={'low': 0, 'high': 0, 'max': 10, 'oom': 0, 'oom_kill': 0, 'oom_group_kill': 0}
[container_monitor] pf-test-2: current=885.2MiB swap=128.0MiB max=1219.0MiB cpu.usage_usec=4699788 method=swap_current_delta_fallback detail={'delta_swap_current': 0, 'swap_saturated': True, 'workingset_refault_anon': 9368} events={'low': 0, 'high': 0, 'max': 10, 'oom': 0, 'oom_kill': 0, 'oom_group_kill': 0}
[container_monitor] pf-test-2: current=885.2MiB swap=128.0MiB max=1219.0MiB cpu.usage_usec=4700152 method=swap_current_delta_fallback detail={'delta_swap_current': 0, 'swap_saturated': True, 'workingset_refault_anon': 9368} events={'low': 0, 'high': 0, 'max': 10, 'oom': 0, 'oom_kill': 0, 'oom_group_kill': 0}
[container_monitor] pf-test-2: current=887.5MiB swap=125.7MiB max=1219.0MiB cpu.usage_usec=4705593 method=swap_current_delta_fallback detail={'delta_swap_current': -2371584, 'swap_saturated': True, 'workingset_refault_anon': 9479} events={'low': 0, 'high': 0, 'max': 10, 'oom': 0, 'oom_kill': 0, 'oom_group_kill': 0}
[container_monitor] pf-test-2: current=889.9MiB swap=123.5MiB max=1219.0MiB cpu.usage_usec=4710648 method=swap_current_delta_fallback detail={'delta_swap_current': -2301952, 'swap_saturated': True, 'workingset_refault_anon': 9487} events={'low': 0, 'high': 0, 'max': 10, 'oom': 0, 'oom_kill': 0, 'oom_group_kill': 0}
[container_monitor] pf-test-2: current=889.8MiB swap=123.5MiB max=1219.0MiB cpu.usage_usec=4712725 method=swap_current_delta_fallback detail={'delta_swap_current': -49152, 'swap_saturated': True, 'workingset_refault_anon': 9487} events={'low': 0, 'high': 0, 'max': 10, 'oom': 0, 'oom_kill': 0, 'oom_group_kill': 0}
[container_monitor] pf-test-2: current=889.8MiB swap=123.5MiB max=1219.0MiB cpu.usage_usec=4713030 method=swap_current_delta_fallback detail={'delta_swap_current': 0, 'swap_saturated': True, 'workingset_refault_anon': 9487} events={'low': 0, 'high': 0, 'max': 10, 'oom': 0, 'oom_kill': 0, 'oom_group_kill': 0}
[container_monitor] pf-test-2: current=887.4MiB swap=123.9MiB max=1219.0MiB cpu.usage_usec=4713658 method=swap_current_delta_fallback detail={'delta_swap_current': 462848, 'swap_saturated': True, 'workingset_refault_anon': 9487} events={'low': 0, 'high': 0, 'max': 10, 'oom': 0, 'oom_kill': 0, 'oom_group_kill': 0}
[container_monitor] pf-test-2: current=887.6MiB swap=123.9MiB max=1219.0MiB cpu.usage_usec=4715633 method=swap_current_delta_fallback detail={'delta_swap_current': -40960, 'swap_saturated': True, 'workingset_refault_anon': 9549} events={'low': 0, 'high': 0, 'max': 10, 'oom': 0, 'oom_kill': 0, 'oom_group_kill': 0}
[container_monitor] pf-test-2: current=889.9MiB swap=122.8MiB max=1219.0MiB cpu.usage_usec=4721001 method=swap_current_delta_fallback detail={'delta_swap_current': -1118208, 'swap_saturated': True, 'workingset_refault_anon': 9577} events={'low': 0, 'high': 0, 'max': 10, 'oom': 0, 'oom_kill': 0, 'oom_group_kill': 0}
[container_monitor] pf-test-2: current=889.9MiB swap=122.8MiB max=1219.0MiB cpu.usage_usec=4722661 method=swap_current_delta_fallback detail={'delta_swap_current': 0, 'swap_saturated': True, 'workingset_refault_anon': 9577} events={'low': 0, 'high': 0, 'max': 10, 'oom': 0, 'oom_kill': 0, 'oom_group_kill': 0}
[container_monitor] pf-test-2: current=884.2MiB swap=128.0MiB max=1219.0MiB cpu.usage_usec=4723449 method=swap_current_delta_fallback detail={'delta_swap_current': 5427200, 'swap_saturated': True, 'workingset_refault_anon': 9577} events={'low': 0, 'high': 0, 'max': 10, 'oom': 0, 'oom_kill': 0, 'oom_group_kill': 0}
[container_monitor] pf-test-2: current=884.2MiB swap=128.0MiB max=1219.0MiB cpu.usage_usec=4724006 method=swap_current_delta_fallback detail={'delta_swap_current': 0, 'swap_saturated': True, 'workingset_refault_anon': 9577} events={'low': 0, 'high': 0, 'max': 10, 'oom': 0, 'oom_kill': 0, 'oom_group_kill': 0}
[container_monitor] pf-test-2: current=884.2MiB swap=128.0MiB max=1219.0MiB cpu.usage_usec=4724539 method=swap_current_delta_fallback detail={'delta_swap_current': 0, 'swap_saturated': True, 'workingset_refault_anon': 9578} events={'low': 0, 'high': 0, 'max': 10, 'oom': 0, 'oom_kill': 0, 'oom_group_kill': 0}
[container_monitor] pf-test-2: current=885.9MiB swap=128.0MiB max=1219.0MiB cpu.usage_usec=4729855 method=swap_current_delta_fallback detail={'delta_swap_current': 0, 'swap_saturated': True, 'workingset_refault_anon': 9578} events={'low': 0, 'high': 0, 'max': 10, 'oom': 0, 'oom_kill': 0, 'oom_group_kill': 0}
[container_monitor] pf-test-2: current=886.4MiB swap=127.8MiB max=1219.0MiB cpu.usage_usec=4734734 method=swap_current_delta_fallback detail={'delta_swap_current': -176128, 'swap_saturated': True, 'workingset_refault_anon': 9620} events={'low': 0, 'high': 0, 'max': 10, 'oom': 0, 'oom_kill': 0, 'oom_group_kill': 0}
[container_monitor] pf-test-2: current=887.2MiB swap=127.1MiB max=1219.0MiB cpu.usage_usec=4739628 method=swap_current_delta_fallback detail={'delta_swap_current': -733184, 'swap_saturated': True, 'workingset_refault_anon': 9699} events={'low': 0, 'high': 0, 'max': 10, 'oom': 0, 'oom_kill': 0, 'oom_group_kill': 0}
[container_monitor] pf-test-2: current=886.4MiB swap=128.0MiB max=1219.0MiB cpu.usage_usec=4744403 method=swap_current_delta_fallback detail={'delta_swap_current': 909312, 'swap_saturated': True, 'workingset_refault_anon': 9719} events={'low': 0, 'high': 0, 'max': 10, 'oom': 0, 'oom_kill': 0, 'oom_group_kill': 0}
[container_monitor] pf-test-2: current=886.4MiB swap=127.9MiB max=1219.0MiB cpu.usage_usec=4744591 method=swap_current_delta_fallback detail={'delta_swap_current': -77824, 'swap_saturated': True, 'workingset_refault_anon': 9719} events={'low': 0, 'high': 0, 'max': 10, 'oom': 0, 'oom_kill': 0, 'oom_group_kill': 0}
[container_monitor] pf-test-2: current=886.4MiB swap=127.9MiB max=1219.0MiB cpu.usage_usec=4748760 method=swap_current_delta_fallback detail={'delta_swap_current': 0, 'swap_saturated': True, 'workingset_refault_anon': 9721} events={'low': 0, 'high': 0, 'max': 10, 'oom': 0, 'oom_kill': 0, 'oom_group_kill': 0}
[container_monitor] pf-test-2: current=886.7MiB swap=127.9MiB max=1219.0MiB cpu.usage_usec=4752537 method=swap_current_delta_fallback detail={'delta_swap_current': -4096, 'swap_saturated': True, 'workingset_refault_anon': 9721} events={'low': 0, 'high': 0, 'max': 10, 'oom': 0, 'oom_kill': 0, 'oom_group_kill': 0}
[container_monitor] pf-test-2: current=886.5MiB swap=127.9MiB max=1219.0MiB cpu.usage_usec=4753378 method=swap_current_delta_fallback detail={'delta_swap_current': -12288, 'swap_saturated': True, 'workingset_refault_anon': 9721} events={'low': 0, 'high': 0, 'max': 10, 'oom': 0, 'oom_kill': 0, 'oom_group_kill': 0}
[container_monitor] pf-test-2: current=886.5MiB swap=127.9MiB max=1219.0MiB cpu.usage_usec=4753793 method=swap_current_delta_fallback detail={'delta_swap_current': -8192, 'swap_saturated': True, 'workingset_refault_anon': 9721} events={'low': 0, 'high': 0, 'max': 10, 'oom': 0, 'oom_kill': 0, 'oom_group_kill': 0}
[container_monitor] pf-test-2: current=886.5MiB swap=127.9MiB max=1219.0MiB cpu.usage_usec=4754168 method=swap_current_delta_fallback detail={'delta_swap_current': 0, 'swap_saturated': True, 'workingset_refault_anon': 9723} events={'low': 0, 'high': 0, 'max': 10, 'oom': 0, 'oom_kill': 0, 'oom_group_kill': 0}
[container_monitor] pf-test-2: current=886.5MiB swap=127.9MiB max=1219.0MiB cpu.usage_usec=4756863 method=swap_current_delta_fallback detail={'delta_swap_current': 0, 'swap_saturated': True, 'workingset_refault_anon': 9723} events={'low': 0, 'high': 0, 'max': 10, 'oom': 0, 'oom_kill': 0, 'oom_group_kill': 0}
[container_monitor] pf-test-2: current=886.4MiB swap=127.9MiB max=1219.0MiB cpu.usage_usec=4759081 method=swap_current_delta_fallback detail={'delta_swap_current': 0, 'swap_saturated': True, 'workingset_refault_anon': 9723} events={'low': 0, 'high': 0, 'max': 10, 'oom': 0, 'oom_kill': 0, 'oom_group_kill': 0}
[container_monitor] pf-test-2: current=886.4MiB swap=127.9MiB max=1219.0MiB cpu.usage_usec=4759723 method=swap_current_delta_fallback detail={'delta_swap_current': 0, 'swap_saturated': True, 'workingset_refault_anon': 9723} events={'low': 0, 'high': 0, 'max': 10, 'oom': 0, 'oom_kill': 0, 'oom_group_kill': 0}
[container_monitor] pf-test-2: current=886.4MiB swap=127.9MiB max=1219.0MiB cpu.usage_usec=4760352 method=swap_current_delta_fallback detail={'delta_swap_current': 0, 'swap_saturated': True, 'workingset_refault_anon': 9723} events={'low': 0, 'high': 0, 'max': 10, 'oom': 0, 'oom_kill': 0, 'oom_group_kill': 0}
[container_monitor] pf-test-2: current=886.4MiB swap=127.9MiB max=1219.0MiB cpu.usage_usec=4760899 method=swap_current_delta_fallback detail={'delta_swap_current': -4096, 'swap_saturated': True, 'workingset_refault_anon': 9723} events={'low': 0, 'high': 0, 'max': 10, 'oom': 0, 'oom_kill': 0, 'oom_group_kill': 0}
[container_monitor] pf-test-2: current=888.5MiB swap=127.9MiB max=1219.0MiB cpu.usage_usec=4766356 method=swap_current_delta_fallback detail={'delta_swap_current': 0, 'swap_saturated': True, 'workingset_refault_anon': 9723} events={'low': 0, 'high': 0, 'max': 10, 'oom': 0, 'oom_kill': 0, 'oom_group_kill': 0}
[container_monitor] pf-test-2: current=888.5MiB swap=127.9MiB max=1219.0MiB cpu.usage_usec=4769217 method=swap_current_delta_fallback detail={'delta_swap_current': 0, 'swap_saturated': True, 'workingset_refault_anon': 9723} events={'low': 0, 'high': 0, 'max': 10, 'oom': 0, 'oom_kill': 0, 'oom_group_kill': 0}
[container_monitor] pf-test-2: current=888.5MiB swap=127.9MiB max=1219.0MiB cpu.usage_usec=4770088 method=swap_current_delta_fallback detail={'delta_swap_current': 0, 'swap_saturated': True, 'workingset_refault_anon': 9723} events={'low': 0, 'high': 0, 'max': 10, 'oom': 0, 'oom_kill': 0, 'oom_group_kill': 0}
[container_monitor] pf-test-2: current=888.5MiB swap=127.9MiB max=1219.0MiB cpu.usage_usec=4770775 method=swap_current_delta_fallback detail={'delta_swap_current': 0, 'swap_saturated': True, 'workingset_refault_anon': 9723} events={'low': 0, 'high': 0, 'max': 10, 'oom': 0, 'oom_kill': 0, 'oom_group_kill': 0}
[container_monitor] pf-test-2: current=888.5MiB swap=127.9MiB max=1219.0MiB cpu.usage_usec=4771161 method=swap_current_delta_fallback detail={'delta_swap_current': 0, 'swap_saturated': True, 'workingset_refault_anon': 9723} events={'low': 0, 'high': 0, 'max': 10, 'oom': 0, 'oom_kill': 0, 'oom_group_kill': 0}
[container_monitor] pf-test-2: current=888.5MiB swap=127.9MiB max=1219.0MiB cpu.usage_usec=4775018 method=swap_current_delta_fallback detail={'delta_swap_current': 0, 'swap_saturated': True, 'workingset_refault_anon': 9723} events={'low': 0, 'high': 0, 'max': 10, 'oom': 0, 'oom_kill': 0, 'oom_group_kill': 0}
[container_monitor] pf-test-2: current=888.5MiB swap=127.9MiB max=1219.0MiB cpu.usage_usec=4777568 method=swap_current_delta_fallback detail={'delta_swap_current': 0, 'swap_saturated': True, 'workingset_refault_anon': 9723} events={'low': 0, 'high': 0, 'max': 10, 'oom': 0, 'oom_kill': 0, 'oom_group_kill': 0}
[container_monitor] pf-test-2: current=888.3MiB swap=127.9MiB max=1219.0MiB cpu.usage_usec=4778008 method=swap_current_delta_fallback detail={'delta_swap_current': -4096, 'swap_saturated': True, 'workingset_refault_anon': 9723} events={'low': 0, 'high': 0, 'max': 10, 'oom': 0, 'oom_kill': 0, 'oom_group_kill': 0}
[container_monitor] pf-test-2: current=888.7MiB swap=127.9MiB max=1219.0MiB cpu.usage_usec=4778442 method=swap_current_delta_fallback detail={'delta_swap_current': 0, 'swap_saturated': True, 'workingset_refault_anon': 9742} events={'low': 0, 'high': 0, 'max': 10, 'oom': 0, 'oom_kill': 0, 'oom_group_kill': 0}
[container_monitor] pf-test-2: current=888.8MiB swap=127.9MiB max=1219.0MiB cpu.usage_usec=4778607 method=swap_current_delta_fallback detail={'delta_swap_current': 0, 'swap_saturated': True, 'workingset_refault_anon': 9742} events={'low': 0, 'high': 0, 'max': 10, 'oom': 0, 'oom_kill': 0, 'oom_group_kill': 0}
[container_monitor] pf-test-2: current=888.8MiB swap=127.9MiB max=1219.0MiB cpu.usage_usec=4782846 method=swap_current_delta_fallback detail={'delta_swap_current': 0, 'swap_saturated': True, 'workingset_refault_anon': 9742} events={'low': 0, 'high': 0, 'max': 10, 'oom': 0, 'oom_kill': 0, 'oom_group_kill': 0}
[container_monitor] pf-test-2: current=889.0MiB swap=127.9MiB max=1219.0MiB cpu.usage_usec=4784474 method=swap_current_delta_fallback detail={'delta_swap_current': -4096, 'swap_saturated': True, 'workingset_refault_anon': 9742} events={'low': 0, 'high': 0, 'max': 10, 'oom': 0, 'oom_kill': 0, 'oom_group_kill': 0}
[container_monitor] pf-test-2: current=889.0MiB swap=127.9MiB max=1219.0MiB cpu.usage_usec=4784839 method=swap_current_delta_fallback detail={'delta_swap_current': 0, 'swap_saturated': True, 'workingset_refault_anon': 9742} events={'low': 0, 'high': 0, 'max': 10, 'oom': 0, 'oom_kill': 0, 'oom_group_kill': 0}
[container_monitor] pf-test-2: current=889.0MiB swap=127.9MiB max=1219.0MiB cpu.usage_usec=4785432 method=swap_current_delta_fallback detail={'delta_swap_current': 0, 'swap_saturated': True, 'workingset_refault_anon': 9742} events={'low': 0, 'high': 0, 'max': 10, 'oom': 0, 'oom_kill': 0, 'oom_group_kill': 0}
[container_monitor] pf-test-2: current=889.0MiB swap=127.9MiB max=1219.0MiB cpu.usage_usec=4785978 method=swap_current_delta_fallback detail={'delta_swap_current': 0, 'swap_saturated': True, 'workingset_refault_anon': 9742} events={'low': 0, 'high': 0, 'max': 10, 'oom': 0, 'oom_kill': 0, 'oom_group_kill': 0}
[container_monitor] pf-test-2: current=893.2MiB swap=127.9MiB max=1219.0MiB cpu.usage_usec=4788257 method=swap_current_delta_fallback detail={'delta_swap_current': -4096, 'swap_saturated': True, 'workingset_refault_anon': 9742} events={'low': 0, 'high': 0, 'max': 10, 'oom': 0, 'oom_kill': 0, 'oom_group_kill': 0}
[container_monitor] pf-test-2: current=893.2MiB swap=127.9MiB max=1219.0MiB cpu.usage_usec=4788656 method=swap_current_delta_fallback detail={'delta_swap_current': 0, 'swap_saturated': True, 'workingset_refault_anon': 9742} events={'low': 0, 'high': 0, 'max': 10, 'oom': 0, 'oom_kill': 0, 'oom_group_kill': 0}
[container_monitor] pf-test-2: current=893.2MiB swap=127.9MiB max=1219.0MiB cpu.usage_usec=4789226 method=swap_current_delta_fallback detail={'delta_swap_current': 0, 'swap_saturated': True, 'workingset_refault_anon': 9742} events={'low': 0, 'high': 0, 'max': 10, 'oom': 0, 'oom_kill': 0, 'oom_group_kill': 0}
[container_monitor] pf-test-2: current=893.2MiB swap=127.9MiB max=1219.0MiB cpu.usage_usec=4789850 method=swap_current_delta_fallback detail={'delta_swap_current': 0, 'swap_saturated': True, 'workingset_refault_anon': 9742} events={'low': 0, 'high': 0, 'max': 10, 'oom': 0, 'oom_kill': 0, 'oom_group_kill': 0}
[container_monitor] pf-test-2: current=901.2MiB swap=127.9MiB max=1219.0MiB cpu.usage_usec=4793160 method=swap_current_delta_fallback detail={'delta_swap_current': -4096, 'swap_saturated': True, 'workingset_refault_anon': 9742} events={'low': 0, 'high': 0, 'max': 10, 'oom': 0, 'oom_kill': 0, 'oom_group_kill': 0}
[container_monitor] pf-test-2: current=901.1MiB swap=127.9MiB max=1219.0MiB cpu.usage_usec=4793375 method=swap_current_delta_fallback detail={'delta_swap_current': 0, 'swap_saturated': True, 'workingset_refault_anon': 9742} events={'low': 0, 'high': 0, 'max': 10, 'oom': 0, 'oom_kill': 0, 'oom_group_kill': 0}
[container_monitor] pf-test-2: current=901.0MiB swap=127.9MiB max=1219.0MiB cpu.usage_usec=4793557 method=swap_current_delta_fallback detail={'delta_swap_current': 0, 'swap_saturated': True, 'workingset_refault_anon': 9742} events={'low': 0, 'high': 0, 'max': 10, 'oom': 0, 'oom_kill': 0, 'oom_group_kill': 0}
[container_monitor] pf-test-2: current=901.0MiB swap=127.9MiB max=1219.0MiB cpu.usage_usec=4793768 method=swap_current_delta_fallback detail={'delta_swap_current': 0, 'swap_saturated': True, 'workingset_refault_anon': 9743} events={'low': 0, 'high': 0, 'max': 10, 'oom': 0, 'oom_kill': 0, 'oom_group_kill': 0}
[container_monitor] pf-test-2: current=908.9MiB swap=127.9MiB max=1219.0MiB cpu.usage_usec=4796906 method=swap_current_delta_fallback detail={'delta_swap_current': 0, 'swap_saturated': True, 'workingset_refault_anon': 9743} events={'low': 0, 'high': 0, 'max': 10, 'oom': 0, 'oom_kill': 0, 'oom_group_kill': 0}
[container_monitor] pf-test-2: current=909.2MiB swap=127.9MiB max=1219.0MiB cpu.usage_usec=4801636 method=swap_current_delta_fallback detail={'delta_swap_current': -32768, 'swap_saturated': True, 'workingset_refault_anon': 9747} events={'low': 0, 'high': 0, 'max': 10, 'oom': 0, 'oom_kill': 0, 'oom_group_kill': 0}
[container_monitor] pf-test-2: current=909.2MiB swap=127.8MiB max=1219.0MiB cpu.usage_usec=4802476 method=swap_current_delta_fallback detail={'delta_swap_current': -69632, 'swap_saturated': True, 'workingset_refault_anon': 9747} events={'low': 0, 'high': 0, 'max': 10, 'oom': 0, 'oom_kill': 0, 'oom_group_kill': 0}
[container_monitor] pf-test-2: current=909.2MiB swap=127.8MiB max=1219.0MiB cpu.usage_usec=4802836 method=swap_current_delta_fallback detail={'delta_swap_current': 0, 'swap_saturated': True, 'workingset_refault_anon': 9748} events={'low': 0, 'high': 0, 'max': 10, 'oom': 0, 'oom_kill': 0, 'oom_group_kill': 0}
[container_monitor] pf-test-2: current=909.2MiB swap=127.8MiB max=1219.0MiB cpu.usage_usec=4803450 method=swap_current_delta_fallback detail={'delta_swap_current': 0, 'swap_saturated': True, 'workingset_refault_anon': 9748} events={'low': 0, 'high': 0, 'max': 10, 'oom': 0, 'oom_kill': 0, 'oom_group_kill': 0}
[container_monitor] pf-test-2: current=912.3MiB swap=127.8MiB max=1219.0MiB cpu.usage_usec=4807595 method=swap_current_delta_fallback detail={'delta_swap_current': 0, 'swap_saturated': True, 'workingset_refault_anon': 9748} events={'low': 0, 'high': 0, 'max': 10, 'oom': 0, 'oom_kill': 0, 'oom_group_kill': 0}
[container_monitor] pf-test-2: current=917.3MiB swap=127.8MiB max=1219.0MiB cpu.usage_usec=4810421 method=swap_current_delta_fallback detail={'delta_swap_current': 0, 'swap_saturated': True, 'workingset_refault_anon': 9748} events={'low': 0, 'high': 0, 'max': 10, 'oom': 0, 'oom_kill': 0, 'oom_group_kill': 0}
[container_monitor] pf-test-2: current=917.3MiB swap=127.8MiB max=1219.0MiB cpu.usage_usec=4810774 method=swap_current_delta_fallback detail={'delta_swap_current': -4096, 'swap_saturated': True, 'workingset_refault_anon': 9748} events={'low': 0, 'high': 0, 'max': 10, 'oom': 0, 'oom_kill': 0, 'oom_group_kill': 0}
[container_monitor] pf-test-2: current=917.3MiB swap=127.8MiB max=1219.0MiB cpu.usage_usec=4811039 method=swap_current_delta_fallback detail={'delta_swap_current': 0, 'swap_saturated': True, 'workingset_refault_anon': 9748} events={'low': 0, 'high': 0, 'max': 10, 'oom': 0, 'oom_kill': 0, 'oom_group_kill': 0}
[container_monitor] pf-test-2: current=917.3MiB swap=127.8MiB max=1219.0MiB cpu.usage_usec=4811903 method=swap_current_delta_fallback detail={'delta_swap_current': 0, 'swap_saturated': True, 'workingset_refault_anon': 9748} events={'low': 0, 'high': 0, 'max': 10, 'oom': 0, 'oom_kill': 0, 'oom_group_kill': 0}
[container_monitor] pf-test-2: current=920.8MiB swap=127.8MiB max=1219.0MiB cpu.usage_usec=4816016 method=swap_current_delta_fallback detail={'delta_swap_current': 0, 'swap_saturated': True, 'workingset_refault_anon': 9748} events={'low': 0, 'high': 0, 'max': 10, 'oom': 0, 'oom_kill': 0, 'oom_group_kill': 0}
[container_monitor] pf-test-2: current=924.9MiB swap=127.8MiB max=1219.0MiB cpu.usage_usec=4820759 method=swap_current_delta_fallback detail={'delta_swap_current': 0, 'swap_saturated': True, 'workingset_refault_anon': 9748} events={'low': 0, 'high': 0, 'max': 10, 'oom': 0, 'oom_kill': 0, 'oom_group_kill': 0}
[container_monitor] pf-test-2: current=925.3MiB swap=127.8MiB max=1219.0MiB cpu.usage_usec=4824219 method=swap_current_delta_fallback detail={'delta_swap_current': 0, 'swap_saturated': True, 'workingset_refault_anon': 9748} events={'low': 0, 'high': 0, 'max': 10, 'oom': 0, 'oom_kill': 0, 'oom_group_kill': 0}
[container_monitor] pf-test-2: current=925.3MiB swap=127.8MiB max=1219.0MiB cpu.usage_usec=4825494 method=swap_current_delta_fallback detail={'delta_swap_current': 0, 'swap_saturated': True, 'workingset_refault_anon': 9748} events={'low': 0, 'high': 0, 'max': 10, 'oom': 0, 'oom_kill': 0, 'oom_group_kill': 0}
[container_monitor] pf-test-2: current=925.3MiB swap=127.8MiB max=1219.0MiB cpu.usage_usec=4825935 method=swap_current_delta_fallback detail={'delta_swap_current': -4096, 'swap_saturated': True, 'workingset_refault_anon': 9748} events={'low': 0, 'high': 0, 'max': 10, 'oom': 0, 'oom_kill': 0, 'oom_group_kill': 0}
[container_monitor] pf-test-2: current=925.3MiB swap=127.8MiB max=1219.0MiB cpu.usage_usec=4827089 method=swap_current_delta_fallback detail={'delta_swap_current': 0, 'swap_saturated': True, 'workingset_refault_anon': 9748} events={'low': 0, 'high': 0, 'max': 10, 'oom': 0, 'oom_kill': 0, 'oom_group_kill': 0}
[container_monitor] pf-test-2: current=928.0MiB swap=127.8MiB max=1219.0MiB cpu.usage_usec=4830592 method=swap_current_delta_fallback detail={'delta_swap_current': 0, 'swap_saturated': True, 'workingset_refault_anon': 9748} events={'low': 0, 'high': 0, 'max': 10, 'oom': 0, 'oom_kill': 0, 'oom_group_kill': 0}
[container_monitor] pf-test-2: current=933.5MiB swap=127.8MiB max=1219.0MiB cpu.usage_usec=4836215 method=swap_current_delta_fallback detail={'delta_swap_current': 0, 'swap_saturated': True, 'workingset_refault_anon': 9748} events={'low': 0, 'high': 0, 'max': 10, 'oom': 0, 'oom_kill': 0, 'oom_group_kill': 0}
[container_monitor] pf-test-2: current=933.3MiB swap=127.8MiB max=1219.0MiB cpu.usage_usec=4838218 method=swap_current_delta_fallback detail={'delta_swap_current': 0, 'swap_saturated': True, 'workingset_refault_anon': 9748} events={'low': 0, 'high': 0, 'max': 10, 'oom': 0, 'oom_kill': 0, 'oom_group_kill': 0}
[container_monitor] pf-test-2: current=933.3MiB swap=127.8MiB max=1219.0MiB cpu.usage_usec=4839440 method=swap_current_delta_fallback detail={'delta_swap_current': 0, 'swap_saturated': True, 'workingset_refault_anon': 9748} events={'low': 0, 'high': 0, 'max': 10, 'oom': 0, 'oom_kill': 0, 'oom_group_kill': 0}
[container_monitor] pf-test-2: current=933.3MiB swap=127.8MiB max=1219.0MiB cpu.usage_usec=4840325 method=swap_current_delta_fallback detail={'delta_swap_current': 0, 'swap_saturated': True, 'workingset_refault_anon': 9748} events={'low': 0, 'high': 0, 'max': 10, 'oom': 0, 'oom_kill': 0, 'oom_group_kill': 0}
[container_monitor] pf-test-2: current=933.3MiB swap=127.8MiB max=1219.0MiB cpu.usage_usec=4841214 method=swap_current_delta_fallback detail={'delta_swap_current': 0, 'swap_saturated': True, 'workingset_refault_anon': 9748} events={'low': 0, 'high': 0, 'max': 10, 'oom': 0, 'oom_kill': 0, 'oom_group_kill': 0}
[container_monitor] pf-test-2: current=935.9MiB swap=127.8MiB max=1219.0MiB cpu.usage_usec=4846594 method=swap_current_delta_fallback detail={'delta_swap_current': 0, 'swap_saturated': True, 'workingset_refault_anon': 9748} events={'low': 0, 'high': 0, 'max': 10, 'oom': 0, 'oom_kill': 0, 'oom_group_kill': 0}
[container_monitor] pf-test-2: current=941.3MiB swap=127.8MiB max=1219.0MiB cpu.usage_usec=4848581 method=swap_current_delta_fallback detail={'delta_swap_current': 0, 'swap_saturated': True, 'workingset_refault_anon': 9748} events={'low': 0, 'high': 0, 'max': 10, 'oom': 0, 'oom_kill': 0, 'oom_group_kill': 0}
[container_monitor] pf-test-2: current=941.4MiB swap=127.8MiB max=1219.0MiB cpu.usage_usec=4849138 method=swap_current_delta_fallback detail={'delta_swap_current': -4096, 'swap_saturated': True, 'workingset_refault_anon': 9748} events={'low': 0, 'high': 0, 'max': 10, 'oom': 0, 'oom_kill': 0, 'oom_group_kill': 0}
[container_monitor] pf-test-2: current=941.4MiB swap=127.8MiB max=1219.0MiB cpu.usage_usec=4849644 method=swap_current_delta_fallback detail={'delta_swap_current': 0, 'swap_saturated': True, 'workingset_refault_anon': 9748} events={'low': 0, 'high': 0, 'max': 10, 'oom': 0, 'oom_kill': 0, 'oom_group_kill': 0}
[container_monitor] pf-test-2: current=941.4MiB swap=127.8MiB max=1219.0MiB cpu.usage_usec=4850518 method=swap_current_delta_fallback detail={'delta_swap_current': 0, 'swap_saturated': True, 'workingset_refault_anon': 9748} events={'low': 0, 'high': 0, 'max': 10, 'oom': 0, 'oom_kill': 0, 'oom_group_kill': 0}
[container_monitor] pf-test-2: current=943.9MiB swap=127.8MiB max=1219.0MiB cpu.usage_usec=4855140 method=swap_current_delta_fallback detail={'delta_swap_current': 0, 'swap_saturated': True, 'workingset_refault_anon': 9748} events={'low': 0, 'high': 0, 'max': 10, 'oom': 0, 'oom_kill': 0, 'oom_group_kill': 0}
[container_monitor] pf-test-2: current=946.8MiB swap=127.8MiB max=1219.0MiB cpu.usage_usec=4860259 method=swap_current_delta_fallback detail={'delta_swap_current': 0, 'swap_saturated': True, 'workingset_refault_anon': 9748} events={'low': 0, 'high': 0, 'max': 10, 'oom': 0, 'oom_kill': 0, 'oom_group_kill': 0}
[container_monitor] pf-test-2: current=948.4MiB swap=127.8MiB max=1219.0MiB cpu.usage_usec=4864705 method=swap_current_delta_fallback detail={'delta_swap_current': 0, 'swap_saturated': True, 'workingset_refault_anon': 9748} events={'low': 0, 'high': 0, 'max': 10, 'oom': 0, 'oom_kill': 0, 'oom_group_kill': 0}
[container_monitor] pf-test-2: current=949.4MiB swap=127.8MiB max=1219.0MiB cpu.usage_usec=4868487 method=swap_current_delta_fallback detail={'delta_swap_current': 0, 'swap_saturated': True, 'workingset_refault_anon': 9748} events={'low': 0, 'high': 0, 'max': 10, 'oom': 0, 'oom_kill': 0, 'oom_group_kill': 0}
[container_monitor] pf-test-2: current=949.4MiB swap=127.8MiB max=1219.0MiB cpu.usage_usec=4869432 method=swap_current_delta_fallback detail={'delta_swap_current': -4096, 'swap_saturated': True, 'workingset_refault_anon': 9748} events={'low': 0, 'high': 0, 'max': 10, 'oom': 0, 'oom_kill': 0, 'oom_group_kill': 0}
[container_monitor] pf-test-2: current=949.4MiB swap=127.8MiB max=1219.0MiB cpu.usage_usec=4870041 method=swap_current_delta_fallback detail={'delta_swap_current': 0, 'swap_saturated': True, 'workingset_refault_anon': 9748} events={'low': 0, 'high': 0, 'max': 10, 'oom': 0, 'oom_kill': 0, 'oom_group_kill': 0}
[container_monitor] pf-test-2: current=949.4MiB swap=127.8MiB max=1219.0MiB cpu.usage_usec=4871067 method=swap_current_delta_fallback detail={'delta_swap_current': 0, 'swap_saturated': True, 'workingset_refault_anon': 9748} events={'low': 0, 'high': 0, 'max': 10, 'oom': 0, 'oom_kill': 0, 'oom_group_kill': 0}
[container_monitor] pf-test-2: current=949.5MiB swap=127.8MiB max=1219.0MiB cpu.usage_usec=4874099 method=swap_current_delta_fallback detail={'delta_swap_current': 0, 'swap_saturated': True, 'workingset_refault_anon': 9748} events={'low': 0, 'high': 0, 'max': 10, 'oom': 0, 'oom_kill': 0, 'oom_group_kill': 0}
[container_monitor] pf-test-2: current=950.0MiB swap=127.7MiB max=1219.0MiB cpu.usage_usec=4878625 method=swap_current_delta_fallback detail={'delta_swap_current': -98304, 'swap_saturated': True, 'workingset_refault_anon': 9754} events={'low': 0, 'high': 0, 'max': 10, 'oom': 0, 'oom_kill': 0, 'oom_group_kill': 0}
[container_monitor] pf-test-2: current=950.4MiB swap=127.4MiB max=1219.0MiB cpu.usage_usec=4883626 method=swap_current_delta_fallback detail={'delta_swap_current': -249856, 'swap_saturated': True, 'workingset_refault_anon': 9758} events={'low': 0, 'high': 0, 'max': 10, 'oom': 0, 'oom_kill': 0, 'oom_group_kill': 0}
[container_monitor] pf-test-2: current=950.9MiB swap=127.2MiB max=1219.0MiB cpu.usage_usec=4888695 method=swap_current_delta_fallback detail={'delta_swap_current': -253952, 'swap_saturated': True, 'workingset_refault_anon': 9760} events={'low': 0, 'high': 0, 'max': 10, 'oom': 0, 'oom_kill': 0, 'oom_group_kill': 0}
[container_monitor] pf-test-2: current=951.6MiB swap=126.5MiB max=1219.0MiB cpu.usage_usec=4893777 method=swap_current_delta_fallback detail={'delta_swap_current': -749568, 'swap_saturated': True, 'workingset_refault_anon': 9764} events={'low': 0, 'high': 0, 'max': 10, 'oom': 0, 'oom_kill': 0, 'oom_group_kill': 0}
[container_monitor] pf-test-2: current=952.0MiB swap=126.0MiB max=1219.0MiB cpu.usage_usec=4898598 method=swap_current_delta_fallback detail={'delta_swap_current': -495616, 'swap_saturated': True, 'workingset_refault_anon': 9817} events={'low': 0, 'high': 0, 'max': 10, 'oom': 0, 'oom_kill': 0, 'oom_group_kill': 0}
[container_monitor] pf-test-2: current=952.5MiB swap=125.5MiB max=1219.0MiB cpu.usage_usec=4903629 method=swap_current_delta_fallback detail={'delta_swap_current': -524288, 'swap_saturated': True, 'workingset_refault_anon': 9849} events={'low': 0, 'high': 0, 'max': 10, 'oom': 0, 'oom_kill': 0, 'oom_group_kill': 0}
[container_monitor] pf-test-2: current=952.9MiB swap=125.3MiB max=1219.0MiB cpu.usage_usec=4908595 method=swap_current_delta_fallback detail={'delta_swap_current': -258048, 'swap_saturated': True, 'workingset_refault_anon': 9857} events={'low': 0, 'high': 0, 'max': 10, 'oom': 0, 'oom_kill': 0, 'oom_group_kill': 0}
[container_monitor] pf-test-2: current=953.1MiB swap=125.0MiB max=1219.0MiB cpu.usage_usec=4913649 method=swap_current_delta_fallback detail={'delta_swap_current': -262144, 'swap_saturated': True, 'workingset_refault_anon': 9857} events={'low': 0, 'high': 0, 'max': 10, 'oom': 0, 'oom_kill': 0, 'oom_group_kill': 0}
[container_monitor] pf-test-2: current=953.3MiB swap=124.8MiB max=1219.0MiB cpu.usage_usec=4918867 method=swap_current_delta_fallback detail={'delta_swap_current': -196608, 'swap_saturated': True, 'workingset_refault_anon': 9865} events={'low': 0, 'high': 0, 'max': 10, 'oom': 0, 'oom_kill': 0, 'oom_group_kill': 0}
[container_monitor] pf-test-2: current=953.4MiB swap=124.8MiB max=1219.0MiB cpu.usage_usec=4923782 method=swap_current_delta_fallback detail={'delta_swap_current': 0, 'swap_saturated': True, 'workingset_refault_anon': 9879} events={'low': 0, 'high': 0, 'max': 10, 'oom': 0, 'oom_kill': 0, 'oom_group_kill': 0}
[container_monitor] pf-test-2: current=953.8MiB swap=124.1MiB max=1219.0MiB cpu.usage_usec=4928622 method=swap_current_delta_fallback detail={'delta_swap_current': -770048, 'swap_saturated': True, 'workingset_refault_anon': 9881} events={'low': 0, 'high': 0, 'max': 10, 'oom': 0, 'oom_kill': 0, 'oom_group_kill': 0}
[container_monitor] pf-test-2: current=954.4MiB swap=124.1MiB max=1219.0MiB cpu.usage_usec=4933828 method=swap_current_delta_fallback detail={'delta_swap_current': 0, 'swap_saturated': True, 'workingset_refault_anon': 9897} events={'low': 0, 'high': 0, 'max': 10, 'oom': 0, 'oom_kill': 0, 'oom_group_kill': 0}
[container_monitor] pf-test-2: current=954.7MiB swap=123.8MiB max=1219.0MiB cpu.usage_usec=4938778 method=swap_current_delta_fallback detail={'delta_swap_current': -262144, 'swap_saturated': True, 'workingset_refault_anon': 9897} events={'low': 0, 'high': 0, 'max': 10, 'oom': 0, 'oom_kill': 0, 'oom_group_kill': 0}
[container_monitor] pf-test-2: current=954.9MiB swap=123.6MiB max=1219.0MiB cpu.usage_usec=4943635 method=swap_current_delta_fallback detail={'delta_swap_current': -258048, 'swap_saturated': True, 'workingset_refault_anon': 9913} events={'low': 0, 'high': 0, 'max': 10, 'oom': 0, 'oom_kill': 0, 'oom_group_kill': 0}
[container_monitor] pf-test-2: current=955.3MiB swap=122.8MiB max=1219.0MiB cpu.usage_usec=4948634 method=swap_current_delta_fallback detail={'delta_swap_current': -782336, 'swap_saturated': True, 'workingset_refault_anon': 9949} events={'low': 0, 'high': 0, 'max': 10, 'oom': 0, 'oom_kill': 0, 'oom_group_kill': 0}
[container_monitor] pf-test-2: current=955.9MiB swap=122.6MiB max=1219.0MiB cpu.usage_usec=4954432 method=swap_current_delta_fallback detail={'delta_swap_current': -262144, 'swap_saturated': True, 'workingset_refault_anon': 9978} events={'low': 0, 'high': 0, 'max': 10, 'oom': 0, 'oom_kill': 0, 'oom_group_kill': 0}
[container_monitor] pf-test-2: current=956.1MiB swap=122.2MiB max=1219.0MiB cpu.usage_usec=4959059 method=swap_current_delta_fallback detail={'delta_swap_current': -438272, 'swap_saturated': True, 'workingset_refault_anon': 9978} events={'low': 0, 'high': 0, 'max': 10, 'oom': 0, 'oom_kill': 0, 'oom_group_kill': 0}
[container_monitor] pf-test-2: current=957.9MiB swap=122.2MiB max=1219.0MiB cpu.usage_usec=4964644 method=swap_current_delta_fallback detail={'delta_swap_current': 0, 'swap_saturated': True, 'workingset_refault_anon': 9978} events={'low': 0, 'high': 0, 'max': 10, 'oom': 0, 'oom_kill': 0, 'oom_group_kill': 0}
[container_monitor] pf-test-2: current=960.0MiB swap=122.2MiB max=1219.0MiB cpu.usage_usec=4970359 method=swap_current_delta_fallback detail={'delta_swap_current': 0, 'swap_saturated': True, 'workingset_refault_anon': 9978} events={'low': 0, 'high': 0, 'max': 10, 'oom': 0, 'oom_kill': 0, 'oom_group_kill': 0}
[container_monitor] pf-test-2: current=961.7MiB swap=122.2MiB max=1219.0MiB cpu.usage_usec=4975522 method=swap_current_delta_fallback detail={'delta_swap_current': 0, 'swap_saturated': True, 'workingset_refault_anon': 9978} events={'low': 0, 'high': 0, 'max': 10, 'oom': 0, 'oom_kill': 0, 'oom_group_kill': 0}
[container_monitor] pf-test-2: current=963.3MiB swap=122.2MiB max=1219.0MiB cpu.usage_usec=4980408 method=swap_current_delta_fallback detail={'delta_swap_current': 0, 'swap_saturated': True, 'workingset_refault_anon': 9978} events={'low': 0, 'high': 0, 'max': 10, 'oom': 0, 'oom_kill': 0, 'oom_group_kill': 0}
[container_monitor] pf-test-2: current=964.1MiB swap=122.2MiB max=1219.0MiB cpu.usage_usec=4984892 method=swap_current_delta_fallback detail={'delta_swap_current': 0, 'swap_saturated': True, 'workingset_refault_anon': 9978} events={'low': 0, 'high': 0, 'max': 10, 'oom': 0, 'oom_kill': 0, 'oom_group_kill': 0}
[container_monitor] pf-test-2: current=966.4MiB swap=122.2MiB max=1219.0MiB cpu.usage_usec=4990570 method=swap_current_delta_fallback detail={'delta_swap_current': 0, 'swap_saturated': True, 'workingset_refault_anon': 9978} events={'low': 0, 'high': 0, 'max': 10, 'oom': 0, 'oom_kill': 0, 'oom_group_kill': 0}
[container_monitor] pf-test-2: current=967.2MiB swap=122.2MiB max=1219.0MiB cpu.usage_usec=4994738 method=swap_current_delta_fallback detail={'delta_swap_current': 0, 'swap_saturated': True, 'workingset_refault_anon': 9978} events={'low': 0, 'high': 0, 'max': 10, 'oom': 0, 'oom_kill': 0, 'oom_group_kill': 0}
[container_monitor] pf-test-2: current=968.5MiB swap=122.2MiB max=1219.0MiB cpu.usage_usec=5000084 method=swap_current_delta_fallback detail={'delta_swap_current': 0, 'swap_saturated': True, 'workingset_refault_anon': 9978} events={'low': 0, 'high': 0, 'max': 10, 'oom': 0, 'oom_kill': 0, 'oom_group_kill': 0}
[container_monitor] pf-test-2: current=969.9MiB swap=122.2MiB max=1219.0MiB cpu.usage_usec=5004631 method=swap_current_delta_fallback detail={'delta_swap_current': 0, 'swap_saturated': True, 'workingset_refault_anon': 9978} events={'low': 0, 'high': 0, 'max': 10, 'oom': 0, 'oom_kill': 0, 'oom_group_kill': 0}
[container_monitor] pf-test-2: current=971.2MiB swap=122.2MiB max=1219.0MiB cpu.usage_usec=5009935 method=swap_current_delta_fallback detail={'delta_swap_current': 0, 'swap_saturated': True, 'workingset_refault_anon': 9978} events={'low': 0, 'high': 0, 'max': 10, 'oom': 0, 'oom_kill': 0, 'oom_group_kill': 0}
[container_monitor] pf-test-2: current=972.2MiB swap=122.2MiB max=1219.0MiB cpu.usage_usec=5015300 method=swap_current_delta_fallback detail={'delta_swap_current': 0, 'swap_saturated': True, 'workingset_refault_anon': 9978} events={'low': 0, 'high': 0, 'max': 10, 'oom': 0, 'oom_kill': 0, 'oom_group_kill': 0}
[container_monitor] pf-test-2: current=973.4MiB swap=122.2MiB max=1219.0MiB cpu.usage_usec=5019658 method=swap_current_delta_fallback detail={'delta_swap_current': 0, 'swap_saturated': True, 'workingset_refault_anon': 9978} events={'low': 0, 'high': 0, 'max': 10, 'oom': 0, 'oom_kill': 0, 'oom_group_kill': 0}
[container_monitor] pf-test-2: current=975.4MiB swap=122.2MiB max=1219.0MiB cpu.usage_usec=5025383 method=swap_current_delta_fallback detail={'delta_swap_current': -16384, 'swap_saturated': True, 'workingset_refault_anon': 9978} events={'low': 0, 'high': 0, 'max': 10, 'oom': 0, 'oom_kill': 0, 'oom_group_kill': 0}
[container_monitor] pf-test-2: current=976.7MiB swap=122.2MiB max=1219.0MiB cpu.usage_usec=5030586 method=swap_current_delta_fallback detail={'delta_swap_current': 0, 'swap_saturated': True, 'workingset_refault_anon': 9978} events={'low': 0, 'high': 0, 'max': 10, 'oom': 0, 'oom_kill': 0, 'oom_group_kill': 0}
[container_monitor] pf-test-2: current=977.6MiB swap=122.2MiB max=1219.0MiB cpu.usage_usec=5034608 method=swap_current_delta_fallback detail={'delta_swap_current': 0, 'swap_saturated': True, 'workingset_refault_anon': 9978} events={'low': 0, 'high': 0, 'max': 10, 'oom': 0, 'oom_kill': 0, 'oom_group_kill': 0}
[container_monitor] pf-test-2: current=978.9MiB swap=122.2MiB max=1219.0MiB cpu.usage_usec=5040096 method=swap_current_delta_fallback detail={'delta_swap_current': 0, 'swap_saturated': True, 'workingset_refault_anon': 9978} events={'low': 0, 'high': 0, 'max': 10, 'oom': 0, 'oom_kill': 0, 'oom_group_kill': 0}
[container_monitor] pf-test-2: current=980.2MiB swap=122.2MiB max=1219.0MiB cpu.usage_usec=5045330 method=swap_current_delta_fallback detail={'delta_swap_current': 0, 'swap_saturated': True, 'workingset_refault_anon': 9978} events={'low': 0, 'high': 0, 'max': 10, 'oom': 0, 'oom_kill': 0, 'oom_group_kill': 0}
[container_monitor] pf-test-2: current=981.3MiB swap=122.2MiB max=1219.0MiB cpu.usage_usec=5049915 method=swap_current_delta_fallback detail={'delta_swap_current': 0, 'swap_saturated': True, 'workingset_refault_anon': 9978} events={'low': 0, 'high': 0, 'max': 10, 'oom': 0, 'oom_kill': 0, 'oom_group_kill': 0}
[container_monitor] pf-test-2: current=982.7MiB swap=122.2MiB max=1219.0MiB cpu.usage_usec=5055494 method=swap_current_delta_fallback detail={'delta_swap_current': 0, 'swap_saturated': True, 'workingset_refault_anon': 9978} events={'low': 0, 'high': 0, 'max': 10, 'oom': 0, 'oom_kill': 0, 'oom_group_kill': 0}
[container_monitor] pf-test-2: current=983.8MiB swap=122.2MiB max=1219.0MiB cpu.usage_usec=5059743 method=swap_current_delta_fallback detail={'delta_swap_current': 0, 'swap_saturated': True, 'workingset_refault_anon': 9978} events={'low': 0, 'high': 0, 'max': 10, 'oom': 0, 'oom_kill': 0, 'oom_group_kill': 0}
[container_monitor] pf-test-2: current=985.1MiB swap=122.2MiB max=1219.0MiB cpu.usage_usec=5064745 method=swap_current_delta_fallback detail={'delta_swap_current': 0, 'swap_saturated': True, 'workingset_refault_anon': 9978} events={'low': 0, 'high': 0, 'max': 10, 'oom': 0, 'oom_kill': 0, 'oom_group_kill': 0}
[container_monitor] pf-test-2: current=986.6MiB swap=122.2MiB max=1219.0MiB cpu.usage_usec=5070556 method=swap_current_delta_fallback detail={'delta_swap_current': 0, 'swap_saturated': True, 'workingset_refault_anon': 9978} events={'low': 0, 'high': 0, 'max': 10, 'oom': 0, 'oom_kill': 0, 'oom_group_kill': 0}
[container_monitor] pf-test-2: current=987.8MiB swap=122.2MiB max=1219.0MiB cpu.usage_usec=5075368 method=swap_current_delta_fallback detail={'delta_swap_current': 0, 'swap_saturated': True, 'workingset_refault_anon': 9978} events={'low': 0, 'high': 0, 'max': 10, 'oom': 0, 'oom_kill': 0, 'oom_group_kill': 0}
[container_monitor] pf-test-2: current=989.3MiB swap=122.2MiB max=1219.0MiB cpu.usage_usec=5080013 method=swap_current_delta_fallback detail={'delta_swap_current': 0, 'swap_saturated': True, 'workingset_refault_anon': 9978} events={'low': 0, 'high': 0, 'max': 10, 'oom': 0, 'oom_kill': 0, 'oom_group_kill': 0}
[container_monitor] pf-test-2: current=990.7MiB swap=122.2MiB max=1219.0MiB cpu.usage_usec=5085099 method=swap_current_delta_fallback detail={'delta_swap_current': 0, 'swap_saturated': True, 'workingset_refault_anon': 9978} events={'low': 0, 'high': 0, 'max': 10, 'oom': 0, 'oom_kill': 0, 'oom_group_kill': 0}
[container_monitor] pf-test-2: current=991.8MiB swap=122.2MiB max=1219.0MiB cpu.usage_usec=5089608 method=swap_current_delta_fallback detail={'delta_swap_current': 0, 'swap_saturated': True, 'workingset_refault_anon': 9978} events={'low': 0, 'high': 0, 'max': 10, 'oom': 0, 'oom_kill': 0, 'oom_group_kill': 0}
[container_monitor] pf-test-2: current=993.4MiB swap=122.2MiB max=1219.0MiB cpu.usage_usec=5095152 method=swap_current_delta_fallback detail={'delta_swap_current': 0, 'swap_saturated': True, 'workingset_refault_anon': 9978} events={'low': 0, 'high': 0, 'max': 10, 'oom': 0, 'oom_kill': 0, 'oom_group_kill': 0}
[container_monitor] pf-test-2: current=995.6MiB swap=122.2MiB max=1219.0MiB cpu.usage_usec=5099962 method=swap_current_delta_fallback detail={'delta_swap_current': 0, 'swap_saturated': True, 'workingset_refault_anon': 9978} events={'low': 0, 'high': 0, 'max': 10, 'oom': 0, 'oom_kill': 0, 'oom_group_kill': 0}
[container_monitor] pf-test-2: current=997.8MiB swap=122.2MiB max=1219.0MiB cpu.usage_usec=5105140 method=swap_current_delta_fallback detail={'delta_swap_current': 0, 'swap_saturated': True, 'workingset_refault_anon': 9978} events={'low': 0, 'high': 0, 'max': 10, 'oom': 0, 'oom_kill': 0, 'oom_group_kill': 0}
[container_monitor] pf-test-2: current=999.2MiB swap=122.2MiB max=1219.0MiB cpu.usage_usec=5109664 method=swap_current_delta_fallback detail={'delta_swap_current': 0, 'swap_saturated': True, 'workingset_refault_anon': 9978} events={'low': 0, 'high': 0, 'max': 10, 'oom': 0, 'oom_kill': 0, 'oom_group_kill': 0}
[container_monitor] pf-test-2: current=1000.5MiB swap=122.2MiB max=1219.0MiB cpu.usage_usec=5115514 method=swap_current_delta_fallback detail={'delta_swap_current': 0, 'swap_saturated': True, 'workingset_refault_anon': 9978} events={'low': 0, 'high': 0, 'max': 10, 'oom': 0, 'oom_kill': 0, 'oom_group_kill': 0}
[container_monitor] pf-test-2: current=1002.1MiB swap=122.2MiB max=1219.0MiB cpu.usage_usec=5120276 method=swap_current_delta_fallback detail={'delta_swap_current': 0, 'swap_saturated': True, 'workingset_refault_anon': 9978} events={'low': 0, 'high': 0, 'max': 10, 'oom': 0, 'oom_kill': 0, 'oom_group_kill': 0}
[container_monitor] pf-test-2: current=1003.2MiB swap=122.2MiB max=1219.0MiB cpu.usage_usec=5125157 method=swap_current_delta_fallback detail={'delta_swap_current': 0, 'swap_saturated': True, 'workingset_refault_anon': 9978} events={'low': 0, 'high': 0, 'max': 10, 'oom': 0, 'oom_kill': 0, 'oom_group_kill': 0}
[container_monitor] pf-test-2: current=1004.3MiB swap=122.2MiB max=1219.0MiB cpu.usage_usec=5129761 method=swap_current_delta_fallback detail={'delta_swap_current': 0, 'swap_saturated': True, 'workingset_refault_anon': 9978} events={'low': 0, 'high': 0, 'max': 10, 'oom': 0, 'oom_kill': 0, 'oom_group_kill': 0}
[container_monitor] pf-test-2: current=1005.9MiB swap=122.2MiB max=1219.0MiB cpu.usage_usec=5135560 method=swap_current_delta_fallback detail={'delta_swap_current': 0, 'swap_saturated': True, 'workingset_refault_anon': 9978} events={'low': 0, 'high': 0, 'max': 10, 'oom': 0, 'oom_kill': 0, 'oom_group_kill': 0}
[container_monitor] pf-test-2: current=1007.0MiB swap=122.2MiB max=1219.0MiB cpu.usage_usec=5139939 method=swap_current_delta_fallback detail={'delta_swap_current': 0, 'swap_saturated': True, 'workingset_refault_anon': 9978} events={'low': 0, 'high': 0, 'max': 10, 'oom': 0, 'oom_kill': 0, 'oom_group_kill': 0}
[container_monitor] pf-test-2: current=1008.3MiB swap=122.2MiB max=1219.0MiB cpu.usage_usec=5145107 method=swap_current_delta_fallback detail={'delta_swap_current': 0, 'swap_saturated': True, 'workingset_refault_anon': 9978} events={'low': 0, 'high': 0, 'max': 10, 'oom': 0, 'oom_kill': 0, 'oom_group_kill': 0}
[container_monitor] pf-test-2: current=1009.4MiB swap=122.2MiB max=1219.0MiB cpu.usage_usec=5150338 method=swap_current_delta_fallback detail={'delta_swap_current': 0, 'swap_saturated': True, 'workingset_refault_anon': 9978} events={'low': 0, 'high': 0, 'max': 10, 'oom': 0, 'oom_kill': 0, 'oom_group_kill': 0}
[container_monitor] pf-test-2: current=1010.5MiB swap=122.2MiB max=1219.0MiB cpu.usage_usec=5155487 method=swap_current_delta_fallback detail={'delta_swap_current': 0, 'swap_saturated': True, 'workingset_refault_anon': 9978} events={'low': 0, 'high': 0, 'max': 10, 'oom': 0, 'oom_kill': 0, 'oom_group_kill': 0}
[container_monitor] pf-test-2: current=1012.0MiB swap=122.2MiB max=1219.0MiB cpu.usage_usec=5159751 method=swap_current_delta_fallback detail={'delta_swap_current': 0, 'swap_saturated': True, 'workingset_refault_anon': 9978} events={'low': 0, 'high': 0, 'max': 10, 'oom': 0, 'oom_kill': 0, 'oom_group_kill': 0}
[container_monitor] pf-test-2: current=1013.7MiB swap=122.2MiB max=1219.0MiB cpu.usage_usec=5165143 method=swap_current_delta_fallback detail={'delta_swap_current': 0, 'swap_saturated': True, 'workingset_refault_anon': 9978} events={'low': 0, 'high': 0, 'max': 10, 'oom': 0, 'oom_kill': 0, 'oom_group_kill': 0}
[container_monitor] pf-test-2: current=1014.9MiB swap=122.2MiB max=1219.0MiB cpu.usage_usec=5169713 method=swap_current_delta_fallback detail={'delta_swap_current': 0, 'swap_saturated': True, 'workingset_refault_anon': 9978} events={'low': 0, 'high': 0, 'max': 10, 'oom': 0, 'oom_kill': 0, 'oom_group_kill': 0}
[container_monitor] pf-test-2: current=1016.1MiB swap=122.2MiB max=1219.0MiB cpu.usage_usec=5175544 method=swap_current_delta_fallback detail={'delta_swap_current': 0, 'swap_saturated': True, 'workingset_refault_anon': 9978} events={'low': 0, 'high': 0, 'max': 10, 'oom': 0, 'oom_kill': 0, 'oom_group_kill': 0}
[container_monitor] pf-test-2: current=1016.9MiB swap=122.2MiB max=1219.0MiB cpu.usage_usec=5180066 method=swap_current_delta_fallback detail={'delta_swap_current': 0, 'swap_saturated': True, 'workingset_refault_anon': 9978} events={'low': 0, 'high': 0, 'max': 10, 'oom': 0, 'oom_kill': 0, 'oom_group_kill': 0}
[container_monitor] pf-test-2: current=1018.0MiB swap=122.2MiB max=1219.0MiB cpu.usage_usec=5185001 method=swap_current_delta_fallback detail={'delta_swap_current': 0, 'swap_saturated': True, 'workingset_refault_anon': 9978} events={'low': 0, 'high': 0, 'max': 10, 'oom': 0, 'oom_kill': 0, 'oom_group_kill': 0}
[container_monitor] pf-test-2: current=1019.2MiB swap=122.2MiB max=1219.0MiB cpu.usage_usec=5190309 method=swap_current_delta_fallback detail={'delta_swap_current': 0, 'swap_saturated': True, 'workingset_refault_anon': 9978} events={'low': 0, 'high': 0, 'max': 10, 'oom': 0, 'oom_kill': 0, 'oom_group_kill': 0}
[container_monitor] pf-test-2: current=1020.1MiB swap=122.2MiB max=1219.0MiB cpu.usage_usec=5194985 method=swap_current_delta_fallback detail={'delta_swap_current': 0, 'swap_saturated': True, 'workingset_refault_anon': 9978} events={'low': 0, 'high': 0, 'max': 10, 'oom': 0, 'oom_kill': 0, 'oom_group_kill': 0}
[container_monitor] pf-test-2: current=1021.1MiB swap=122.2MiB max=1219.0MiB cpu.usage_usec=5199849 method=swap_current_delta_fallback detail={'delta_swap_current': 0, 'swap_saturated': True, 'workingset_refault_anon': 9978} events={'low': 0, 'high': 0, 'max': 10, 'oom': 0, 'oom_kill': 0, 'oom_group_kill': 0}
[container_monitor] pf-test-2: current=1022.3MiB swap=122.2MiB max=1219.0MiB cpu.usage_usec=5204805 method=swap_current_delta_fallback detail={'delta_swap_current': 0, 'swap_saturated': True, 'workingset_refault_anon': 9978} events={'low': 0, 'high': 0, 'max': 10, 'oom': 0, 'oom_kill': 0, 'oom_group_kill': 0}
[container_monitor] pf-test-2: current=1023.5MiB swap=122.2MiB max=1219.0MiB cpu.usage_usec=5209604 method=swap_current_delta_fallback detail={'delta_swap_current': 0, 'swap_saturated': True, 'workingset_refault_anon': 9978} events={'low': 0, 'high': 0, 'max': 10, 'oom': 0, 'oom_kill': 0, 'oom_group_kill': 0}
[container_monitor] pf-test-2: current=1025.1MiB swap=122.2MiB max=1219.0MiB cpu.usage_usec=5214610 method=swap_current_delta_fallback detail={'delta_swap_current': 0, 'swap_saturated': True, 'workingset_refault_anon': 9978} events={'low': 0, 'high': 0, 'max': 10, 'oom': 0, 'oom_kill': 0, 'oom_group_kill': 0}
[container_monitor] pf-test-2: current=1026.9MiB swap=122.2MiB max=1219.0MiB cpu.usage_usec=5219860 method=swap_current_delta_fallback detail={'delta_swap_current': 0, 'swap_saturated': True, 'workingset_refault_anon': 9978} events={'low': 0, 'high': 0, 'max': 10, 'oom': 0, 'oom_kill': 0, 'oom_group_kill': 0}
[container_monitor] pf-test-2: current=1028.3MiB swap=122.2MiB max=1219.0MiB cpu.usage_usec=5225320 method=swap_current_delta_fallback detail={'delta_swap_current': 0, 'swap_saturated': True, 'workingset_refault_anon': 9978} events={'low': 0, 'high': 0, 'max': 10, 'oom': 0, 'oom_kill': 0, 'oom_group_kill': 0}
[container_monitor] pf-test-2: current=1028.8MiB swap=122.2MiB max=1219.0MiB cpu.usage_usec=5229889 method=swap_current_delta_fallback detail={'delta_swap_current': -8192, 'swap_saturated': True, 'workingset_refault_anon': 9978} events={'low': 0, 'high': 0, 'max': 10, 'oom': 0, 'oom_kill': 0, 'oom_group_kill': 0}
[container_monitor] pf-test-2: current=1030.6MiB swap=122.2MiB max=1219.0MiB cpu.usage_usec=5234684 method=swap_current_delta_fallback detail={'delta_swap_current': 0, 'swap_saturated': True, 'workingset_refault_anon': 9978} events={'low': 0, 'high': 0, 'max': 10, 'oom': 0, 'oom_kill': 0, 'oom_group_kill': 0}
[container_monitor] pf-test-2: current=1032.1MiB swap=122.2MiB max=1219.0MiB cpu.usage_usec=5239627 method=swap_current_delta_fallback detail={'delta_swap_current': 0, 'swap_saturated': True, 'workingset_refault_anon': 9978} events={'low': 0, 'high': 0, 'max': 10, 'oom': 0, 'oom_kill': 0, 'oom_group_kill': 0}
[container_monitor] pf-test-2: current=1034.8MiB swap=122.2MiB max=1219.0MiB cpu.usage_usec=5246078 method=swap_current_delta_fallback detail={'delta_swap_current': 0, 'swap_saturated': True, 'workingset_refault_anon': 9978} events={'low': 0, 'high': 0, 'max': 10, 'oom': 0, 'oom_kill': 0, 'oom_group_kill': 0}
[container_monitor] pf-test-2: current=1036.6MiB swap=122.2MiB max=1219.0MiB cpu.usage_usec=5251540 method=swap_current_delta_fallback detail={'delta_swap_current': 0, 'swap_saturated': True, 'workingset_refault_anon': 9978} events={'low': 0, 'high': 0, 'max': 10, 'oom': 0, 'oom_kill': 0, 'oom_group_kill': 0}
[container_monitor] pf-test-2: current=1037.7MiB swap=122.2MiB max=1219.0MiB cpu.usage_usec=5255981 method=swap_current_delta_fallback detail={'delta_swap_current': 0, 'swap_saturated': True, 'workingset_refault_anon': 9978} events={'low': 0, 'high': 0, 'max': 10, 'oom': 0, 'oom_kill': 0, 'oom_group_kill': 0}
[container_monitor] pf-test-2: current=1039.1MiB swap=122.2MiB max=1219.0MiB cpu.usage_usec=5261402 method=swap_current_delta_fallback detail={'delta_swap_current': 0, 'swap_saturated': True, 'workingset_refault_anon': 9978} events={'low': 0, 'high': 0, 'max': 10, 'oom': 0, 'oom_kill': 0, 'oom_group_kill': 0}
[container_monitor] pf-test-2: current=1040.1MiB swap=122.2MiB max=1219.0MiB cpu.usage_usec=5266337 method=swap_current_delta_fallback detail={'delta_swap_current': 0, 'swap_saturated': True, 'workingset_refault_anon': 9978} events={'low': 0, 'high': 0, 'max': 10, 'oom': 0, 'oom_kill': 0, 'oom_group_kill': 0}
[container_monitor] pf-test-2: current=1041.0MiB swap=122.2MiB max=1219.0MiB cpu.usage_usec=5270616 method=swap_current_delta_fallback detail={'delta_swap_current': 0, 'swap_saturated': True, 'workingset_refault_anon': 9978} events={'low': 0, 'high': 0, 'max': 10, 'oom': 0, 'oom_kill': 0, 'oom_group_kill': 0}
[container_monitor] pf-test-2: current=1042.1MiB swap=122.2MiB max=1219.0MiB cpu.usage_usec=5275639 method=swap_current_delta_fallback detail={'delta_swap_current': 0, 'swap_saturated': True, 'workingset_refault_anon': 9978} events={'low': 0, 'high': 0, 'max': 10, 'oom': 0, 'oom_kill': 0, 'oom_group_kill': 0}
[container_monitor] pf-test-2: current=1043.6MiB swap=122.2MiB max=1219.0MiB cpu.usage_usec=5281036 method=swap_current_delta_fallback detail={'delta_swap_current': 0, 'swap_saturated': True, 'workingset_refault_anon': 9978} events={'low': 0, 'high': 0, 'max': 10, 'oom': 0, 'oom_kill': 0, 'oom_group_kill': 0}
[container_monitor] pf-test-2: current=1044.8MiB swap=122.2MiB max=1219.0MiB cpu.usage_usec=5286044 method=swap_current_delta_fallback detail={'delta_swap_current': 0, 'swap_saturated': True, 'workingset_refault_anon': 9978} events={'low': 0, 'high': 0, 'max': 10, 'oom': 0, 'oom_kill': 0, 'oom_group_kill': 0}
[container_monitor] pf-test-2: current=1046.3MiB swap=122.2MiB max=1219.0MiB cpu.usage_usec=5291301 method=swap_current_delta_fallback detail={'delta_swap_current': 0, 'swap_saturated': True, 'workingset_refault_anon': 9978} events={'low': 0, 'high': 0, 'max': 10, 'oom': 0, 'oom_kill': 0, 'oom_group_kill': 0}
[container_monitor] pf-test-2: current=1047.6MiB swap=122.2MiB max=1219.0MiB cpu.usage_usec=5295705 method=swap_current_delta_fallback detail={'delta_swap_current': 0, 'swap_saturated': True, 'workingset_refault_anon': 9978} events={'low': 0, 'high': 0, 'max': 10, 'oom': 0, 'oom_kill': 0, 'oom_group_kill': 0}
[container_monitor] pf-test-2: current=1049.7MiB swap=122.2MiB max=1219.0MiB cpu.usage_usec=5301445 method=swap_current_delta_fallback detail={'delta_swap_current': 0, 'swap_saturated': True, 'workingset_refault_anon': 9978} events={'low': 0, 'high': 0, 'max': 10, 'oom': 0, 'oom_kill': 0, 'oom_group_kill': 0}
[container_monitor] pf-test-2: current=1051.1MiB swap=122.2MiB max=1219.0MiB cpu.usage_usec=5306295 method=swap_current_delta_fallback detail={'delta_swap_current': 0, 'swap_saturated': True, 'workingset_refault_anon': 9978} events={'low': 0, 'high': 0, 'max': 10, 'oom': 0, 'oom_kill': 0, 'oom_group_kill': 0}
[container_monitor] pf-test-2: current=1052.2MiB swap=122.2MiB max=1219.0MiB cpu.usage_usec=5310798 method=swap_current_delta_fallback detail={'delta_swap_current': 0, 'swap_saturated': True, 'workingset_refault_anon': 9978} events={'low': 0, 'high': 0, 'max': 10, 'oom': 0, 'oom_kill': 0, 'oom_group_kill': 0}
[container_monitor] pf-test-2: current=1053.4MiB swap=122.2MiB max=1219.0MiB cpu.usage_usec=5315899 method=swap_current_delta_fallback detail={'delta_swap_current': 0, 'swap_saturated': True, 'workingset_refault_anon': 9978} events={'low': 0, 'high': 0, 'max': 10, 'oom': 0, 'oom_kill': 0, 'oom_group_kill': 0}
[container_monitor] pf-test-2: current=1055.0MiB swap=122.2MiB max=1219.0MiB cpu.usage_usec=5320593 method=swap_current_delta_fallback detail={'delta_swap_current': 0, 'swap_saturated': True, 'workingset_refault_anon': 9978} events={'low': 0, 'high': 0, 'max': 10, 'oom': 0, 'oom_kill': 0, 'oom_group_kill': 0}
[container_monitor] pf-test-2: current=1056.4MiB swap=122.2MiB max=1219.0MiB cpu.usage_usec=5325856 method=swap_current_delta_fallback detail={'delta_swap_current': 0, 'swap_saturated': True, 'workingset_refault_anon': 9978} events={'low': 0, 'high': 0, 'max': 10, 'oom': 0, 'oom_kill': 0, 'oom_group_kill': 0}
[container_monitor] pf-test-2: current=1057.6MiB swap=122.2MiB max=1219.0MiB cpu.usage_usec=5330711 method=swap_current_delta_fallback detail={'delta_swap_current': 0, 'swap_saturated': True, 'workingset_refault_anon': 9978} events={'low': 0, 'high': 0, 'max': 10, 'oom': 0, 'oom_kill': 0, 'oom_group_kill': 0}
[container_monitor] pf-test-2: current=1058.9MiB swap=122.2MiB max=1219.0MiB cpu.usage_usec=5336565 method=swap_current_delta_fallback detail={'delta_swap_current': 0, 'swap_saturated': True, 'workingset_refault_anon': 9978} events={'low': 0, 'high': 0, 'max': 10, 'oom': 0, 'oom_kill': 0, 'oom_group_kill': 0}
[container_monitor] pf-test-2: current=1059.9MiB swap=122.2MiB max=1219.0MiB cpu.usage_usec=5340958 method=swap_current_delta_fallback detail={'delta_swap_current': 0, 'swap_saturated': True, 'workingset_refault_anon': 9978} events={'low': 0, 'high': 0, 'max': 10, 'oom': 0, 'oom_kill': 0, 'oom_group_kill': 0}
[container_monitor] pf-test-2: current=1060.3MiB swap=122.2MiB max=1219.0MiB cpu.usage_usec=5345745 method=swap_current_delta_fallback detail={'delta_swap_current': 0, 'swap_saturated': True, 'workingset_refault_anon': 9978} events={'low': 0, 'high': 0, 'max': 10, 'oom': 0, 'oom_kill': 0, 'oom_group_kill': 0}
[container_monitor] pf-test-2: current=1060.3MiB swap=122.2MiB max=1219.0MiB cpu.usage_usec=5350603 method=swap_current_delta_fallback detail={'delta_swap_current': 0, 'swap_saturated': True, 'workingset_refault_anon': 9978} events={'low': 0, 'high': 0, 'max': 10, 'oom': 0, 'oom_kill': 0, 'oom_group_kill': 0}
[container_monitor] pf-test-2: current=1060.3MiB swap=122.2MiB max=1219.0MiB cpu.usage_usec=5356372 method=swap_current_delta_fallback detail={'delta_swap_current': 0, 'swap_saturated': True, 'workingset_refault_anon': 9978} events={'low': 0, 'high': 0, 'max': 10, 'oom': 0, 'oom_kill': 0, 'oom_group_kill': 0}
[container_monitor] pf-test-2: current=1060.3MiB swap=122.2MiB max=1219.0MiB cpu.usage_usec=5360948 method=swap_current_delta_fallback detail={'delta_swap_current': 0, 'swap_saturated': True, 'workingset_refault_anon': 9978} events={'low': 0, 'high': 0, 'max': 10, 'oom': 0, 'oom_kill': 0, 'oom_group_kill': 0}
[container_monitor] pf-test-2: current=1060.3MiB swap=122.2MiB max=1219.0MiB cpu.usage_usec=5366072 method=swap_current_delta_fallback detail={'delta_swap_current': 0, 'swap_saturated': True, 'workingset_refault_anon': 9978} events={'low': 0, 'high': 0, 'max': 10, 'oom': 0, 'oom_kill': 0, 'oom_group_kill': 0}
[container_monitor] pf-test-2: current=1060.3MiB swap=122.2MiB max=1219.0MiB cpu.usage_usec=5371284 method=swap_current_delta_fallback detail={'delta_swap_current': 0, 'swap_saturated': True, 'workingset_refault_anon': 9978} events={'low': 0, 'high': 0, 'max': 10, 'oom': 0, 'oom_kill': 0, 'oom_group_kill': 0}
[container_monitor] pf-test-2: current=1060.3MiB swap=122.2MiB max=1219.0MiB cpu.usage_usec=5375595 method=swap_current_delta_fallback detail={'delta_swap_current': 0, 'swap_saturated': True, 'workingset_refault_anon': 9978} events={'low': 0, 'high': 0, 'max': 10, 'oom': 0, 'oom_kill': 0, 'oom_group_kill': 0}
[container_monitor] pf-test-2: current=1060.3MiB swap=122.2MiB max=1219.0MiB cpu.usage_usec=5380871 method=swap_current_delta_fallback detail={'delta_swap_current': 0, 'swap_saturated': True, 'workingset_refault_anon': 9978} events={'low': 0, 'high': 0, 'max': 10, 'oom': 0, 'oom_kill': 0, 'oom_group_kill': 0}
[container_monitor] pf-test-2: current=1060.3MiB swap=122.2MiB max=1219.0MiB cpu.usage_usec=5385612 method=swap_current_delta_fallback detail={'delta_swap_current': 0, 'swap_saturated': True, 'workingset_refault_anon': 9978} events={'low': 0, 'high': 0, 'max': 10, 'oom': 0, 'oom_kill': 0, 'oom_group_kill': 0}
[container_monitor] pf-test-2: current=1060.3MiB swap=122.2MiB max=1219.0MiB cpu.usage_usec=5390677 method=swap_current_delta_fallback detail={'delta_swap_current': 0, 'swap_saturated': True, 'workingset_refault_anon': 9978} events={'low': 0, 'high': 0, 'max': 10, 'oom': 0, 'oom_kill': 0, 'oom_group_kill': 0}
[container_monitor] pf-test-2: current=1060.3MiB swap=122.2MiB max=1219.0MiB cpu.usage_usec=5396517 method=swap_current_delta_fallback detail={'delta_swap_current': 0, 'swap_saturated': True, 'workingset_refault_anon': 9978} events={'low': 0, 'high': 0, 'max': 10, 'oom': 0, 'oom_kill': 0, 'oom_group_kill': 0}
[container_monitor] pf-test-2: current=1060.3MiB swap=122.2MiB max=1219.0MiB cpu.usage_usec=5400765 method=swap_current_delta_fallback detail={'delta_swap_current': 0, 'swap_saturated': True, 'workingset_refault_anon': 9978} events={'low': 0, 'high': 0, 'max': 10, 'oom': 0, 'oom_kill': 0, 'oom_group_kill': 0}
[container_monitor] pf-test-2: current=1060.3MiB swap=122.2MiB max=1219.0MiB cpu.usage_usec=5406235 method=swap_current_delta_fallback detail={'delta_swap_current': 0, 'swap_saturated': True, 'workingset_refault_anon': 9978} events={'low': 0, 'high': 0, 'max': 10, 'oom': 0, 'oom_kill': 0, 'oom_group_kill': 0}
[container_monitor] pf-test-2: current=1060.3MiB swap=122.2MiB max=1219.0MiB cpu.usage_usec=5411335 method=swap_current_delta_fallback detail={'delta_swap_current': 0, 'swap_saturated': True, 'workingset_refault_anon': 9978} events={'low': 0, 'high': 0, 'max': 10, 'oom': 0, 'oom_kill': 0, 'oom_group_kill': 0}
[container_monitor] pf-test-2: current=1060.3MiB swap=122.2MiB max=1219.0MiB cpu.usage_usec=5416081 method=swap_current_delta_fallback detail={'delta_swap_current': 0, 'swap_saturated': True, 'workingset_refault_anon': 9978} events={'low': 0, 'high': 0, 'max': 10, 'oom': 0, 'oom_kill': 0, 'oom_group_kill': 0}
[container_monitor] pf-test-2: current=1060.3MiB swap=122.2MiB max=1219.0MiB cpu.usage_usec=5420616 method=swap_current_delta_fallback detail={'delta_swap_current': 0, 'swap_saturated': True, 'workingset_refault_anon': 9978} events={'low': 0, 'high': 0, 'max': 10, 'oom': 0, 'oom_kill': 0, 'oom_group_kill': 0}
[container_monitor] pf-test-2: current=1060.3MiB swap=122.2MiB max=1219.0MiB cpu.usage_usec=5426112 method=swap_current_delta_fallback detail={'delta_swap_current': 0, 'swap_saturated': True, 'workingset_refault_anon': 9978} events={'low': 0, 'high': 0, 'max': 10, 'oom': 0, 'oom_kill': 0, 'oom_group_kill': 0}
[container_monitor] pf-test-2: current=1060.3MiB swap=122.2MiB max=1219.0MiB cpu.usage_usec=5430594 method=swap_current_delta_fallback detail={'delta_swap_current': 0, 'swap_saturated': True, 'workingset_refault_anon': 9978} events={'low': 0, 'high': 0, 'max': 10, 'oom': 0, 'oom_kill': 0, 'oom_group_kill': 0}
[container_monitor] pf-test-2: current=1060.7MiB swap=122.0MiB max=1219.0MiB cpu.usage_usec=5435639 method=swap_current_delta_fallback detail={'delta_swap_current': -167936, 'swap_saturated': True, 'workingset_refault_anon': 9978} events={'low': 0, 'high': 0, 'max': 10, 'oom': 0, 'oom_kill': 0, 'oom_group_kill': 0}
[container_monitor] pf-test-2: current=1061.2MiB swap=121.5MiB max=1219.0MiB cpu.usage_usec=5440747 method=swap_current_delta_fallback detail={'delta_swap_current': -503808, 'swap_saturated': False, 'workingset_refault_anon': 9978} events={'low': 0, 'high': 0, 'max': 10, 'oom': 0, 'oom_kill': 0, 'oom_group_kill': 0}
[container_monitor] pf-test-2: current=1061.9MiB swap=120.8MiB max=1219.0MiB cpu.usage_usec=5445651 method=swap_current_delta_fallback detail={'delta_swap_current': -770048, 'swap_saturated': False, 'workingset_refault_anon': 9978} events={'low': 0, 'high': 0, 'max': 10, 'oom': 0, 'oom_kill': 0, 'oom_group_kill': 0}
[container_monitor] pf-test-2: current=1062.5MiB swap=120.0MiB max=1219.0MiB cpu.usage_usec=5450694 method=swap_current_delta_fallback detail={'delta_swap_current': -786432, 'swap_saturated': False, 'workingset_refault_anon': 9978} events={'low': 0, 'high': 0, 'max': 10, 'oom': 0, 'oom_kill': 0, 'oom_group_kill': 0}
[container_monitor] pf-test-2: current=1063.3MiB swap=119.5MiB max=1219.0MiB cpu.usage_usec=5455646 method=swap_current_delta_fallback detail={'delta_swap_current': -520192, 'swap_saturated': False, 'workingset_refault_anon': 9978} events={'low': 0, 'high': 0, 'max': 10, 'oom': 0, 'oom_kill': 0, 'oom_group_kill': 0}
[container_monitor] pf-test-2: current=1064.3MiB swap=118.5MiB max=1219.0MiB cpu.usage_usec=5460632 method=swap_current_delta_fallback detail={'delta_swap_current': -1044480, 'swap_saturated': False, 'workingset_refault_anon': 9978} events={'low': 0, 'high': 0, 'max': 10, 'oom': 0, 'oom_kill': 0, 'oom_group_kill': 0}
[container_monitor] pf-test-2: current=1064.8MiB swap=117.8MiB max=1219.0MiB cpu.usage_usec=5465617 method=swap_current_delta_fallback detail={'delta_swap_current': -786432, 'swap_saturated': False, 'workingset_refault_anon': 9996} events={'low': 0, 'high': 0, 'max': 10, 'oom': 0, 'oom_kill': 0, 'oom_group_kill': 0}
[container_monitor] pf-test-2: current=1065.5MiB swap=117.0MiB max=1219.0MiB cpu.usage_usec=5470610 method=swap_current_delta_fallback detail={'delta_swap_current': -782336, 'swap_saturated': False, 'workingset_refault_anon': 10012} events={'low': 0, 'high': 0, 'max': 10, 'oom': 0, 'oom_kill': 0, 'oom_group_kill': 0}
[container_monitor] pf-test-2: current=1066.1MiB swap=116.5MiB max=1219.0MiB cpu.usage_usec=5475763 method=swap_current_delta_fallback detail={'delta_swap_current': -524288, 'swap_saturated': False, 'workingset_refault_anon': 10012} events={'low': 0, 'high': 0, 'max': 10, 'oom': 0, 'oom_kill': 0, 'oom_group_kill': 0}
[container_monitor] pf-test-2: current=1066.7MiB swap=115.8MiB max=1219.0MiB cpu.usage_usec=5480609 method=swap_current_delta_fallback detail={'delta_swap_current': -786432, 'swap_saturated': False, 'workingset_refault_anon': 10012} events={'low': 0, 'high': 0, 'max': 10, 'oom': 0, 'oom_kill': 0, 'oom_group_kill': 0}
[container_monitor] pf-test-2: current=1067.3MiB swap=115.3MiB max=1219.0MiB cpu.usage_usec=5485693 method=swap_current_delta_fallback detail={'delta_swap_current': -524288, 'swap_saturated': False, 'workingset_refault_anon': 10012} events={'low': 0, 'high': 0, 'max': 10, 'oom': 0, 'oom_kill': 0, 'oom_group_kill': 0}
[container_monitor] pf-test-2: current=1067.6MiB swap=114.8MiB max=1219.0MiB cpu.usage_usec=5491162 method=swap_current_delta_fallback detail={'delta_swap_current': -520192, 'swap_saturated': False, 'workingset_refault_anon': 10012} events={'low': 0, 'high': 0, 'max': 10, 'oom': 0, 'oom_kill': 0, 'oom_group_kill': 0}
[container_monitor] pf-test-2: current=1067.6MiB swap=114.8MiB max=1219.0MiB cpu.usage_usec=5496006 method=swap_current_delta_fallback detail={'delta_swap_current': 0, 'swap_saturated': False, 'workingset_refault_anon': 10012} events={'low': 0, 'high': 0, 'max': 10, 'oom': 0, 'oom_kill': 0, 'oom_group_kill': 0}
[container_monitor] pf-test-2: current=1067.6MiB swap=114.8MiB max=1219.0MiB cpu.usage_usec=5501249 method=swap_current_delta_fallback detail={'delta_swap_current': -28672, 'swap_saturated': False, 'workingset_refault_anon': 10012} events={'low': 0, 'high': 0, 'max': 10, 'oom': 0, 'oom_kill': 0, 'oom_group_kill': 0}
[container_monitor] pf-test-2: current=1067.6MiB swap=114.8MiB max=1219.0MiB cpu.usage_usec=5506583 method=swap_current_delta_fallback detail={'delta_swap_current': 0, 'swap_saturated': False, 'workingset_refault_anon': 10012} events={'low': 0, 'high': 0, 'max': 10, 'oom': 0, 'oom_kill': 0, 'oom_group_kill': 0}
[container_monitor] pf-test-2: current=1067.6MiB swap=114.8MiB max=1219.0MiB cpu.usage_usec=5511423 method=swap_current_delta_fallback detail={'delta_swap_current': 0, 'swap_saturated': False, 'workingset_refault_anon': 10012} events={'low': 0, 'high': 0, 'max': 10, 'oom': 0, 'oom_kill': 0, 'oom_group_kill': 0}
[container_monitor] pf-test-2: current=1067.6MiB swap=114.8MiB max=1219.0MiB cpu.usage_usec=5516192 method=swap_current_delta_fallback detail={'delta_swap_current': 0, 'swap_saturated': False, 'workingset_refault_anon': 10012} events={'low': 0, 'high': 0, 'max': 10, 'oom': 0, 'oom_kill': 0, 'oom_group_kill': 0}
[container_monitor] pf-test-2: current=1067.6MiB swap=114.8MiB max=1219.0MiB cpu.usage_usec=5520644 method=swap_current_delta_fallback detail={'delta_swap_current': 0, 'swap_saturated': False, 'workingset_refault_anon': 10012} events={'low': 0, 'high': 0, 'max': 10, 'oom': 0, 'oom_kill': 0, 'oom_group_kill': 0}
[container_monitor] pf-test-2: current=1067.6MiB swap=114.8MiB max=1219.0MiB cpu.usage_usec=5526671 method=swap_current_delta_fallback detail={'delta_swap_current': 0, 'swap_saturated': False, 'workingset_refault_anon': 10012} events={'low': 0, 'high': 0, 'max': 10, 'oom': 0, 'oom_kill': 0, 'oom_group_kill': 0}
[container_monitor] pf-test-2: current=1067.6MiB swap=114.8MiB max=1219.0MiB cpu.usage_usec=5531603 method=swap_current_delta_fallback detail={'delta_swap_current': 0, 'swap_saturated': False, 'workingset_refault_anon': 10012} events={'low': 0, 'high': 0, 'max': 10, 'oom': 0, 'oom_kill': 0, 'oom_group_kill': 0}
[container_monitor] pf-test-2: current=1067.6MiB swap=114.8MiB max=1219.0MiB cpu.usage_usec=5536619 method=swap_current_delta_fallback detail={'delta_swap_current': 0, 'swap_saturated': False, 'workingset_refault_anon': 10012} events={'low': 0, 'high': 0, 'max': 10, 'oom': 0, 'oom_kill': 0, 'oom_group_kill': 0}
[container_monitor] pf-test-2: current=1067.6MiB swap=114.8MiB max=1219.0MiB cpu.usage_usec=5541941 method=swap_current_delta_fallback detail={'delta_swap_current': 0, 'swap_saturated': False, 'workingset_refault_anon': 10012} events={'low': 0, 'high': 0, 'max': 10, 'oom': 0, 'oom_kill': 0, 'oom_group_kill': 0}
[container_monitor] pf-test-2: current=1067.6MiB swap=114.8MiB max=1219.0MiB cpu.usage_usec=5546807 method=swap_current_delta_fallback detail={'delta_swap_current': 0, 'swap_saturated': False, 'workingset_refault_anon': 10012} events={'low': 0, 'high': 0, 'max': 10, 'oom': 0, 'oom_kill': 0, 'oom_group_kill': 0}
[container_monitor] pf-test-2: current=1067.6MiB swap=114.8MiB max=1219.0MiB cpu.usage_usec=5552312 method=swap_current_delta_fallback detail={'delta_swap_current': 0, 'swap_saturated': False, 'workingset_refault_anon': 10012} events={'low': 0, 'high': 0, 'max': 10, 'oom': 0, 'oom_kill': 0, 'oom_group_kill': 0}
[container_monitor] pf-test-2: current=1067.6MiB swap=114.8MiB max=1219.0MiB cpu.usage_usec=5557501 method=swap_current_delta_fallback detail={'delta_swap_current': 0, 'swap_saturated': False, 'workingset_refault_anon': 10012} events={'low': 0, 'high': 0, 'max': 10, 'oom': 0, 'oom_kill': 0, 'oom_group_kill': 0}
[container_monitor] pf-test-2: current=1067.6MiB swap=114.8MiB max=1219.0MiB cpu.usage_usec=5561833 method=swap_current_delta_fallback detail={'delta_swap_current': 0, 'swap_saturated': False, 'workingset_refault_anon': 10012} events={'low': 0, 'high': 0, 'max': 10, 'oom': 0, 'oom_kill': 0, 'oom_group_kill': 0}
[container_monitor] pf-test-2: current=1067.6MiB swap=114.8MiB max=1219.0MiB cpu.usage_usec=5566876 method=swap_current_delta_fallback detail={'delta_swap_current': 0, 'swap_saturated': False, 'workingset_refault_anon': 10012} events={'low': 0, 'high': 0, 'max': 10, 'oom': 0, 'oom_kill': 0, 'oom_group_kill': 0}
[container_monitor] pf-test-2: current=1067.6MiB swap=114.8MiB max=1219.0MiB cpu.usage_usec=5572389 method=swap_current_delta_fallback detail={'delta_swap_current': 0, 'swap_saturated': False, 'workingset_refault_anon': 10012} events={'low': 0, 'high': 0, 'max': 10, 'oom': 0, 'oom_kill': 0, 'oom_group_kill': 0}
[container_monitor] pf-test-2: current=1067.6MiB swap=114.8MiB max=1219.0MiB cpu.usage_usec=5576858 method=swap_current_delta_fallback detail={'delta_swap_current': 0, 'swap_saturated': False, 'workingset_refault_anon': 10012} events={'low': 0, 'high': 0, 'max': 10, 'oom': 0, 'oom_kill': 0, 'oom_group_kill': 0}
[container_monitor] pf-test-2: current=1067.6MiB swap=114.8MiB max=1219.0MiB cpu.usage_usec=5582158 method=swap_current_delta_fallback detail={'delta_swap_current': 0, 'swap_saturated': False, 'workingset_refault_anon': 10012} events={'low': 0, 'high': 0, 'max': 10, 'oom': 0, 'oom_kill': 0, 'oom_group_kill': 0}
[container_monitor] pf-test-2: current=1067.6MiB swap=114.8MiB max=1219.0MiB cpu.usage_usec=5586623 method=swap_current_delta_fallback detail={'delta_swap_current': 0, 'swap_saturated': False, 'workingset_refault_anon': 10012} events={'low': 0, 'high': 0, 'max': 10, 'oom': 0, 'oom_kill': 0, 'oom_group_kill': 0}
[container_monitor] pf-test-2: current=1067.6MiB swap=114.8MiB max=1219.0MiB cpu.usage_usec=5591595 method=swap_current_delta_fallback detail={'delta_swap_current': 0, 'swap_saturated': False, 'workingset_refault_anon': 10012} events={'low': 0, 'high': 0, 'max': 10, 'oom': 0, 'oom_kill': 0, 'oom_group_kill': 0}
[container_monitor] pf-test-2: current=1067.7MiB swap=114.8MiB max=1219.0MiB cpu.usage_usec=5596660 method=swap_current_delta_fallback detail={'delta_swap_current': 0, 'swap_saturated': False, 'workingset_refault_anon': 10012} events={'low': 0, 'high': 0, 'max': 10, 'oom': 0, 'oom_kill': 0, 'oom_group_kill': 0}
[container_monitor] pf-test-2: current=1067.7MiB swap=114.8MiB max=1219.0MiB cpu.usage_usec=5602033 method=swap_current_delta_fallback detail={'delta_swap_current': 0, 'swap_saturated': False, 'workingset_refault_anon': 10012} events={'low': 0, 'high': 0, 'max': 10, 'oom': 0, 'oom_kill': 0, 'oom_group_kill': 0}
[container_monitor] pf-test-2: current=1067.7MiB swap=114.8MiB max=1219.0MiB cpu.usage_usec=5607518 method=swap_current_delta_fallback detail={'delta_swap_current': 0, 'swap_saturated': False, 'workingset_refault_anon': 10012} events={'low': 0, 'high': 0, 'max': 10, 'oom': 0, 'oom_kill': 0, 'oom_group_kill': 0}
[container_monitor] pf-test-2: current=1067.7MiB swap=114.8MiB max=1219.0MiB cpu.usage_usec=5612607 method=swap_current_delta_fallback detail={'delta_swap_current': 0, 'swap_saturated': False, 'workingset_refault_anon': 10012} events={'low': 0, 'high': 0, 'max': 10, 'oom': 0, 'oom_kill': 0, 'oom_group_kill': 0}
[container_monitor] pf-test-2: current=1067.7MiB swap=114.8MiB max=1219.0MiB cpu.usage_usec=5641377 method=swap_current_delta_fallback detail={'delta_swap_current': 0, 'swap_saturated': False, 'workingset_refault_anon': 10012} events={'low': 0, 'high': 0, 'max': 10, 'oom': 0, 'oom_kill': 0, 'oom_group_kill': 0}
[container_monitor] pf-test-2: current=1067.7MiB swap=114.8MiB max=1219.0MiB cpu.usage_usec=5641377 method=swap_current_delta_fallback detail={'delta_swap_current': 0, 'swap_saturated': False, 'workingset_refault_anon': 10012} events={'low': 0, 'high': 0, 'max': 10, 'oom': 0, 'oom_kill': 0, 'oom_group_kill': 0}
[container_monitor] pf-test-2: current=1067.7MiB swap=114.8MiB max=1219.0MiB cpu.usage_usec=5641377 method=swap_current_delta_fallback detail={'delta_swap_current': 0, 'swap_saturated': False, 'workingset_refault_anon': 10012} events={'low': 0, 'high': 0, 'max': 10, 'oom': 0, 'oom_kill': 0, 'oom_group_kill': 0}
[container_monitor] pf-test-2: current=1067.7MiB swap=114.8MiB max=1219.0MiB cpu.usage_usec=5641377 method=swap_current_delta_fallback detail={'delta_swap_current': 0, 'swap_saturated': False, 'workingset_refault_anon': 10012} events={'low': 0, 'high': 0, 'max': 10, 'oom': 0, 'oom_kill': 0, 'oom_group_kill': 0}
[container_monitor] pf-test-2: current=1067.7MiB swap=114.8MiB max=1219.0MiB cpu.usage_usec=5641377 method=swap_current_delta_fallback detail={'delta_swap_current': 0, 'swap_saturated': False, 'workingset_refault_anon': 10012} events={'low': 0, 'high': 0, 'max': 10, 'oom': 0, 'oom_kill': 0, 'oom_group_kill': 0}
[container_monitor] pf-test-2: current=1067.7MiB swap=114.8MiB max=1219.0MiB cpu.usage_usec=5641734 method=swap_current_delta_fallback detail={'delta_swap_current': 0, 'swap_saturated': False, 'workingset_refault_anon': 10012} events={'low': 0, 'high': 0, 'max': 10, 'oom': 0, 'oom_kill': 0, 'oom_group_kill': 0}
[container_monitor] pf-test-2: current=1067.7MiB swap=114.8MiB max=1219.0MiB cpu.usage_usec=5647202 method=swap_current_delta_fallback detail={'delta_swap_current': 0, 'swap_saturated': False, 'workingset_refault_anon': 10012} events={'low': 0, 'high': 0, 'max': 10, 'oom': 0, 'oom_kill': 0, 'oom_group_kill': 0}
[container_monitor] pf-test-2: current=1067.7MiB swap=114.8MiB max=1219.0MiB cpu.usage_usec=5652427 method=swap_current_delta_fallback detail={'delta_swap_current': 0, 'swap_saturated': False, 'workingset_refault_anon': 10012} events={'low': 0, 'high': 0, 'max': 10, 'oom': 0, 'oom_kill': 0, 'oom_group_kill': 0}
[container_monitor] pf-test-2: current=1067.7MiB swap=114.8MiB max=1219.0MiB cpu.usage_usec=5657289 method=swap_current_delta_fallback detail={'delta_swap_current': 0, 'swap_saturated': False, 'workingset_refault_anon': 10012} events={'low': 0, 'high': 0, 'max': 10, 'oom': 0, 'oom_kill': 0, 'oom_group_kill': 0}
[container_monitor] pf-test-2: current=1067.7MiB swap=114.8MiB max=1219.0MiB cpu.usage_usec=5662200 method=swap_current_delta_fallback detail={'delta_swap_current': 0, 'swap_saturated': False, 'workingset_refault_anon': 10012} events={'low': 0, 'high': 0, 'max': 10, 'oom': 0, 'oom_kill': 0, 'oom_group_kill': 0}
[container_monitor] pf-test-2: current=1067.7MiB swap=114.8MiB max=1219.0MiB cpu.usage_usec=5667311 method=swap_current_delta_fallback detail={'delta_swap_current': 0, 'swap_saturated': False, 'workingset_refault_anon': 10012} events={'low': 0, 'high': 0, 'max': 10, 'oom': 0, 'oom_kill': 0, 'oom_group_kill': 0}
[container_monitor] pf-test-2: current=1067.7MiB swap=114.8MiB max=1219.0MiB cpu.usage_usec=5672577 method=swap_current_delta_fallback detail={'delta_swap_current': 0, 'swap_saturated': False, 'workingset_refault_anon': 10012} events={'low': 0, 'high': 0, 'max': 10, 'oom': 0, 'oom_kill': 0, 'oom_group_kill': 0}
[container_monitor] pf-test-2: current=1067.7MiB swap=114.8MiB max=1219.0MiB cpu.usage_usec=5676590 method=swap_current_delta_fallback detail={'delta_swap_current': 0, 'swap_saturated': False, 'workingset_refault_anon': 10012} events={'low': 0, 'high': 0, 'max': 10, 'oom': 0, 'oom_kill': 0, 'oom_group_kill': 0}
[container_monitor] pf-test-2: current=1067.7MiB swap=114.8MiB max=1219.0MiB cpu.usage_usec=5682417 method=swap_current_delta_fallback detail={'delta_swap_current': 0, 'swap_saturated': False, 'workingset_refault_anon': 10012} events={'low': 0, 'high': 0, 'max': 10, 'oom': 0, 'oom_kill': 0, 'oom_group_kill': 0}
[container_monitor] pf-test-2: current=1067.7MiB swap=114.8MiB max=1219.0MiB cpu.usage_usec=5687354 method=swap_current_delta_fallback detail={'delta_swap_current': 0, 'swap_saturated': False, 'workingset_refault_anon': 10012} events={'low': 0, 'high': 0, 'max': 10, 'oom': 0, 'oom_kill': 0, 'oom_group_kill': 0}
[container_monitor] pf-test-2: current=1067.7MiB swap=114.8MiB max=1219.0MiB cpu.usage_usec=5692252 method=swap_current_delta_fallback detail={'delta_swap_current': 0, 'swap_saturated': False, 'workingset_refault_anon': 10012} events={'low': 0, 'high': 0, 'max': 10, 'oom': 0, 'oom_kill': 0, 'oom_group_kill': 0}
[container_monitor] pf-test-2: current=1067.7MiB swap=114.8MiB max=1219.0MiB cpu.usage_usec=5697231 method=swap_current_delta_fallback detail={'delta_swap_current': 0, 'swap_saturated': False, 'workingset_refault_anon': 10012} events={'low': 0, 'high': 0, 'max': 10, 'oom': 0, 'oom_kill': 0, 'oom_group_kill': 0}
[container_monitor] pf-test-2: current=1067.7MiB swap=114.8MiB max=1219.0MiB cpu.usage_usec=5701609 method=swap_current_delta_fallback detail={'delta_swap_current': 0, 'swap_saturated': False, 'workingset_refault_anon': 10012} events={'low': 0, 'high': 0, 'max': 10, 'oom': 0, 'oom_kill': 0, 'oom_group_kill': 0}
[container_monitor] pf-test-2: current=1067.7MiB swap=114.8MiB max=1219.0MiB cpu.usage_usec=5707370 method=swap_current_delta_fallback detail={'delta_swap_current': 0, 'swap_saturated': False, 'workingset_refault_anon': 10012} events={'low': 0, 'high': 0, 'max': 10, 'oom': 0, 'oom_kill': 0, 'oom_group_kill': 0}
[container_monitor] pf-test-2: current=1003.6MiB swap=114.8MiB max=1219.0MiB cpu.usage_usec=5711846 method=swap_current_delta_fallback detail={'delta_swap_current': 0, 'swap_saturated': False, 'workingset_refault_anon': 10015} events={'low': 0, 'high': 0, 'max': 10, 'oom': 0, 'oom_kill': 0, 'oom_group_kill': 0}
[container_monitor] pf-test-2: current=991.6MiB swap=114.8MiB max=1219.0MiB cpu.usage_usec=5716871 method=swap_current_delta_fallback detail={'delta_swap_current': 0, 'swap_saturated': False, 'workingset_refault_anon': 10015} events={'low': 0, 'high': 0, 'max': 10, 'oom': 0, 'oom_kill': 0, 'oom_group_kill': 0}
[container_monitor] pf-test-2: current=953.8MiB swap=114.7MiB max=1219.0MiB cpu.usage_usec=5722199 method=swap_current_delta_fallback detail={'delta_swap_current': -28672, 'swap_saturated': False, 'workingset_refault_anon': 10015} events={'low': 0, 'high': 0, 'max': 10, 'oom': 0, 'oom_kill': 0, 'oom_group_kill': 0}
[container_monitor] pf-test-2: current=933.8MiB swap=114.7MiB max=1219.0MiB cpu.usage_usec=5727375 method=swap_current_delta_fallback detail={'delta_swap_current': 0, 'swap_saturated': False, 'workingset_refault_anon': 10015} events={'low': 0, 'high': 0, 'max': 10, 'oom': 0, 'oom_kill': 0, 'oom_group_kill': 0}
[container_monitor] pf-test-2: current=907.9MiB swap=114.7MiB max=1219.0MiB cpu.usage_usec=5732689 method=swap_current_delta_fallback detail={'delta_swap_current': 0, 'swap_saturated': False, 'workingset_refault_anon': 10015} events={'low': 0, 'high': 0, 'max': 10, 'oom': 0, 'oom_kill': 0, 'oom_group_kill': 0}
[container_monitor] pf-test-2: current=858.0MiB swap=114.7MiB max=1219.0MiB cpu.usage_usec=5736922 method=swap_current_delta_fallback detail={'delta_swap_current': 0, 'swap_saturated': False, 'workingset_refault_anon': 10015} events={'low': 0, 'high': 0, 'max': 10, 'oom': 0, 'oom_kill': 0, 'oom_group_kill': 0}
[container_monitor] pf-test-2: current=814.2MiB swap=114.7MiB max=1219.0MiB cpu.usage_usec=5741617 method=swap_current_delta_fallback detail={'delta_swap_current': 0, 'swap_saturated': False, 'workingset_refault_anon': 10015} events={'low': 0, 'high': 0, 'max': 10, 'oom': 0, 'oom_kill': 0, 'oom_group_kill': 0}
[container_monitor] pf-test-2: current=802.2MiB swap=114.7MiB max=1219.0MiB cpu.usage_usec=5746927 method=swap_current_delta_fallback detail={'delta_swap_current': 0, 'swap_saturated': False, 'workingset_refault_anon': 10015} events={'low': 0, 'high': 0, 'max': 10, 'oom': 0, 'oom_kill': 0, 'oom_group_kill': 0}
[container_monitor] pf-test-2: current=770.3MiB swap=114.7MiB max=1219.0MiB cpu.usage_usec=5752588 method=swap_current_delta_fallback detail={'delta_swap_current': 0, 'swap_saturated': False, 'workingset_refault_anon': 10015} events={'low': 0, 'high': 0, 'max': 10, 'oom': 0, 'oom_kill': 0, 'oom_group_kill': 0}
[container_monitor] pf-test-2: current=764.0MiB swap=110.4MiB max=1219.0MiB cpu.usage_usec=5758252 method=swap_current_delta_fallback detail={'delta_swap_current': -4538368, 'swap_saturated': False, 'workingset_refault_anon': 10015} events={'low': 0, 'high': 0, 'max': 10, 'oom': 0, 'oom_kill': 0, 'oom_group_kill': 0}
[container_monitor] pf-test-2: current=750.0MiB swap=99.4MiB max=1219.0MiB cpu.usage_usec=5762899 method=swap_current_delta_fallback detail={'delta_swap_current': -11554816, 'swap_saturated': False, 'workingset_refault_anon': 10015} events={'low': 0, 'high': 0, 'max': 10, 'oom': 0, 'oom_kill': 0, 'oom_group_kill': 0}
[container_monitor] pf-test-2: current=726.1MiB swap=98.4MiB max=1219.0MiB cpu.usage_usec=5767794 method=swap_current_delta_fallback detail={'delta_swap_current': -1032192, 'swap_saturated': False, 'workingset_refault_anon': 10015} events={'low': 0, 'high': 0, 'max': 10, 'oom': 0, 'oom_kill': 0, 'oom_group_kill': 0}