[container_monitor] pf-test-1: cgroup path = /sys/fs/cgroup/system.slice/docker-1d6dfc8b7c334f8fad01fd85746a992c298ef53cf797876ad9cb041eff6c3c0b.scope
[container_monitor] pf-test-1: current=91.1MiB swap=0.0MiB max=256.0MiB cpu.usage_usec=245186 method=swap_current_delta_fallback detail={'delta_swap_current': 0, 'swap_saturated': False, 'workingset_refault_anon': 0} events={'low': 0, 'high': 0, 'max': 0, 'oom': 0, 'oom_kill': 0, 'oom_group_kill': 0}
[container_monitor] pf-test-1: current=107.1MiB swap=0.0MiB max=256.0MiB cpu.usage_usec=263398 method=swap_current_delta_fallback detail={'delta_swap_current': 0, 'swap_saturated': False, 'workingset_refault_anon': 0} events={'low': 0, 'high': 0, 'max': 0, 'oom': 0, 'oom_kill': 0, 'oom_group_kill': 0}
[container_monitor] pf-test-1: current=107.1MiB swap=0.0MiB max=256.0MiB cpu.usage_usec=263847 method=swap_current_delta_fallback detail={'delta_swap_current': 0, 'swap_saturated': False, 'workingset_refault_anon': 0} events={'low': 0, 'high': 0, 'max': 0, 'oom': 0, 'oom_kill': 0, 'oom_group_kill': 0}
[container_monitor] pf-test-1: current=107.1MiB swap=0.0MiB max=256.0MiB cpu.usage_usec=264772 method=swap_current_delta_fallback detail={'delta_swap_current': 0, 'swap_saturated': False, 'workingset_refault_anon': 0} events={'low': 0, 'high': 0, 'max': 0, 'oom': 0, 'oom_kill': 0, 'oom_group_kill': 0}
[container_monitor] pf-test-1: current=107.1MiB swap=0.0MiB max=256.0MiB cpu.usage_usec=265362 method=swap_current_delta_fallback detail={'delta_swap_current': 0, 'swap_saturated': False, 'workingset_refault_anon': 0} events={'low': 0, 'high': 0, 'max': 0, 'oom': 0, 'oom_kill': 0, 'oom_group_kill': 0}
[container_monitor] pf-test-1: current=107.1MiB swap=0.0MiB max=256.0MiB cpu.usage_usec=275364 method=swap_current_delta_fallback detail={'delta_swap_current': 0, 'swap_saturated': False, 'workingset_refault_anon': 0} events={'low': 0, 'high': 0, 'max': 0, 'oom': 0, 'oom_kill': 0, 'oom_group_kill': 0}
[container_monitor] pf-test-1: current=107.1MiB swap=0.0MiB max=256.0MiB cpu.usage_usec=276383 method=swap_current_delta_fallback detail={'delta_swap_current': 0, 'swap_saturated': False, 'workingset_refault_anon': 0} events={'low': 0, 'high': 0, 'max': 0, 'oom': 0, 'oom_kill': 0, 'oom_group_kill': 0}
[container_monitor] pf-test-1: current=107.1MiB swap=0.0MiB max=256.0MiB cpu.usage_usec=277081 method=swap_current_delta_fallback detail={'delta_swap_current': 0, 'swap_saturated': False, 'workingset_refault_anon': 0} events={'low': 0, 'high': 0, 'max': 0, 'oom': 0, 'oom_kill': 0, 'oom_group_kill': 0}
[container_monitor] pf-test-1: current=107.1MiB swap=0.0MiB max=256.0MiB cpu.usage_usec=278556 method=swap_current_delta_fallback detail={'delta_swap_current': 0, 'swap_saturated': False, 'workingset_refault_anon': 0} events={'low': 0, 'high': 0, 'max': 0, 'oom': 0, 'oom_kill': 0, 'oom_group_kill': 0}
[container_monitor] pf-test-1: current=123.3MiB swap=0.0MiB max=256.0MiB cpu.usage_usec=341422 method=swap_current_delta_fallback detail={'delta_swap_current': 0, 'swap_saturated': False, 'workingset_refault_anon': 0} events={'low': 0, 'high': 0, 'max': 0, 'oom': 0, 'oom_kill': 0, 'oom_group_kill': 0}
[container_monitor] pf-test-1: current=123.3MiB swap=0.0MiB max=256.0MiB cpu.usage_usec=342161 method=swap_current_delta_fallback detail={'delta_swap_current': 0, 'swap_saturated': False, 'workingset_refault_anon': 0} events={'low': 0, 'high': 0, 'max': 0, 'oom': 0, 'oom_kill': 0, 'oom_group_kill': 0}
[container_monitor] pf-test-1: current=123.3MiB swap=0.0MiB max=256.0MiB cpu.usage_usec=342936 method=swap_current_delta_fallback detail={'delta_swap_current': 0, 'swap_saturated': False, 'workingset_refault_anon': 0} events={'low': 0, 'high': 0, 'max': 0, 'oom': 0, 'oom_kill': 0, 'oom_group_kill': 0}
[container_monitor] pf-test-1: current=123.3MiB swap=0.0MiB max=256.0MiB cpu.usage_usec=344032 method=swap_current_delta_fallback detail={'delta_swap_current': 0, 'swap_saturated': False, 'workingset_refault_anon': 0} events={'low': 0, 'high': 0, 'max': 0, 'oom': 0, 'oom_kill': 0, 'oom_group_kill': 0}
[container_monitor] pf-test-1: current=123.7MiB swap=0.0MiB max=256.0MiB cpu.usage_usec=349265 method=swap_current_delta_fallback detail={'delta_swap_current': 0, 'swap_saturated': False, 'workingset_refault_anon': 0} events={'low': 0, 'high': 0, 'max': 0, 'oom': 0, 'oom_kill': 0, 'oom_group_kill': 0}
[container_monitor] pf-test-1: current=123.7MiB swap=0.0MiB max=256.0MiB cpu.usage_usec=349846 method=swap_current_delta_fallback detail={'delta_swap_current': 0, 'swap_saturated': False, 'workingset_refault_anon': 0} events={'low': 0, 'high': 0, 'max': 0, 'oom': 0, 'oom_kill': 0, 'oom_group_kill': 0}
[container_monitor] pf-test-1: current=123.7MiB swap=0.0MiB max=256.0MiB cpu.usage_usec=350474 method=swap_current_delta_fallback detail={'delta_swap_current': 0, 'swap_saturated': False, 'workingset_refault_anon': 0} events={'low': 0, 'high': 0, 'max': 0, 'oom': 0, 'oom_kill': 0, 'oom_group_kill': 0}
[container_monitor] pf-test-1: current=123.7MiB swap=0.0MiB max=256.0MiB cpu.usage_usec=351251 method=swap_current_delta_fallback detail={'delta_swap_current': 0, 'swap_saturated': False, 'workingset_refault_anon': 0} events={'low': 0, 'high': 0, 'max': 0, 'oom': 0, 'oom_kill': 0, 'oom_group_kill': 0}
[container_monitor] pf-test-1: current=131.8MiB swap=0.0MiB max=256.0MiB cpu.usage_usec=362370 method=swap_current_delta_fallback detail={'delta_swap_current': 0, 'swap_saturated': False, 'workingset_refault_anon': 0} events={'low': 0, 'high': 0, 'max': 0, 'oom': 0, 'oom_kill': 0, 'oom_group_kill': 0}
[container_monitor] pf-test-1: current=131.8MiB swap=0.0MiB max=256.0MiB cpu.usage_usec=363194 method=swap_current_delta_fallback detail={'delta_swap_current': 0, 'swap_saturated': False, 'workingset_refault_anon': 0} events={'low': 0, 'high': 0, 'max': 0, 'oom': 0, 'oom_kill': 0, 'oom_group_kill': 0}
[container_monitor] pf-test-1: current=131.8MiB swap=0.0MiB max=256.0MiB cpu.usage_usec=364006 method=swap_current_delta_fallback detail={'delta_swap_current': 0, 'swap_saturated': False, 'workingset_refault_anon': 0} events={'low': 0, 'high': 0, 'max': 0, 'oom': 0, 'oom_kill': 0, 'oom_group_kill': 0}
[container_monitor] pf-test-1: current=131.8MiB swap=0.0MiB max=256.0MiB cpu.usage_usec=364681 method=swap_current_delta_fallback detail={'delta_swap_current': 0, 'swap_saturated': False, 'workingset_refault_anon': 0} events={'low': 0, 'high': 0, 'max': 0, 'oom': 0, 'oom_kill': 0, 'oom_group_kill': 0}
[container_monitor] pf-test-1: current=139.8MiB swap=0.0MiB max=256.0MiB cpu.usage_usec=378157 method=swap_current_delta_fallback detail={'delta_swap_current': 0, 'swap_saturated': False, 'workingset_refault_anon': 0} events={'low': 0, 'high': 0, 'max': 0, 'oom': 0, 'oom_kill': 0, 'oom_group_kill': 0}
[container_monitor] pf-test-1: current=139.8MiB swap=0.0MiB max=256.0MiB cpu.usage_usec=379058 method=swap_current_delta_fallback detail={'delta_swap_current': 0, 'swap_saturated': False, 'workingset_refault_anon': 0} events={'low': 0, 'high': 0, 'max': 0, 'oom': 0, 'oom_kill': 0, 'oom_group_kill': 0}
[container_monitor] pf-test-1: current=139.8MiB swap=0.0MiB max=256.0MiB cpu.usage_usec=379832 method=swap_current_delta_fallback detail={'delta_swap_current': 0, 'swap_saturated': False, 'workingset_refault_anon': 0} events={'low': 0, 'high': 0, 'max': 0, 'oom': 0, 'oom_kill': 0, 'oom_group_kill': 0}
[container_monitor] pf-test-1: current=139.8MiB swap=0.0MiB max=256.0MiB cpu.usage_usec=380571 method=swap_current_delta_fallback detail={'delta_swap_current': 0, 'swap_saturated': False, 'workingset_refault_anon': 0} events={'low': 0, 'high': 0, 'max': 0, 'oom': 0, 'oom_kill': 0, 'oom_group_kill': 0}
[container_monitor] pf-test-1: current=147.8MiB swap=0.0MiB max=256.0MiB cpu.usage_usec=384245 method=swap_current_delta_fallback detail={'delta_swap_current': 0, 'swap_saturated': False, 'workingset_refault_anon': 0} events={'low': 0, 'high': 0, 'max': 0, 'oom': 0, 'oom_kill': 0, 'oom_group_kill': 0}
[container_monitor] pf-test-1: current=147.8MiB swap=0.0MiB max=256.0MiB cpu.usage_usec=385142 method=swap_current_delta_fallback detail={'delta_swap_current': 0, 'swap_saturated': False, 'workingset_refault_anon': 0} events={'low': 0, 'high': 0, 'max': 0, 'oom': 0, 'oom_kill': 0, 'oom_group_kill': 0}
[container_monitor] pf-test-1: current=147.8MiB swap=0.0MiB max=256.0MiB cpu.usage_usec=386131 method=swap_current_delta_fallback detail={'delta_swap_current': 0, 'swap_saturated': False, 'workingset_refault_anon': 0} events={'low': 0, 'high': 0, 'max': 0, 'oom': 0, 'oom_kill': 0, 'oom_group_kill': 0}
[container_monitor] pf-test-1: current=147.8MiB swap=0.0MiB max=256.0MiB cpu.usage_usec=386895 method=swap_current_delta_fallback detail={'delta_swap_current': 0, 'swap_saturated': False, 'workingset_refault_anon': 0} events={'low': 0, 'high': 0, 'max': 0, 'oom': 0, 'oom_kill': 0, 'oom_group_kill': 0}
[container_monitor] pf-test-1: current=188.0MiB swap=0.0MiB max=256.0MiB cpu.usage_usec=416481 method=swap_current_delta_fallback detail={'delta_swap_current': 0, 'swap_saturated': False, 'workingset_refault_anon': 0} events={'low': 0, 'high': 0, 'max': 0, 'oom': 0, 'oom_kill': 0, 'oom_group_kill': 0}
[container_monitor] pf-test-1: current=188.0MiB swap=0.0MiB max=256.0MiB cpu.usage_usec=416966 method=swap_current_delta_fallback detail={'delta_swap_current': 0, 'swap_saturated': False, 'workingset_refault_anon': 0} events={'low': 0, 'high': 0, 'max': 0, 'oom': 0, 'oom_kill': 0, 'oom_group_kill': 0}
[container_monitor] pf-test-1: current=188.0MiB swap=0.0MiB max=256.0MiB cpu.usage_usec=418628 method=swap_current_delta_fallback detail={'delta_swap_current': 0, 'swap_saturated': False, 'workingset_refault_anon': 0} events={'low': 0, 'high': 0, 'max': 0, 'oom': 0, 'oom_kill': 0, 'oom_group_kill': 0}
[container_monitor] pf-test-1: current=188.0MiB swap=0.0MiB max=256.0MiB cpu.usage_usec=419410 method=swap_current_delta_fallback detail={'delta_swap_current': 0, 'swap_saturated': False, 'workingset_refault_anon': 0} events={'low': 0, 'high': 0, 'max': 0, 'oom': 0, 'oom_kill': 0, 'oom_group_kill': 0}
[container_monitor] pf-test-1: current=188.0MiB swap=0.0MiB max=256.0MiB cpu.usage_usec=429583 method=swap_current_delta_fallback detail={'delta_swap_current': 0, 'swap_saturated': False, 'workingset_refault_anon': 0} events={'low': 0, 'high': 0, 'max': 0, 'oom': 0, 'oom_kill': 0, 'oom_group_kill': 0}
[container_monitor] pf-test-1: current=188.0MiB swap=0.0MiB max=256.0MiB cpu.usage_usec=430346 method=swap_current_delta_fallback detail={'delta_swap_current': 0, 'swap_saturated': False, 'workingset_refault_anon': 0} events={'low': 0, 'high': 0, 'max': 0, 'oom': 0, 'oom_kill': 0, 'oom_group_kill': 0}
[container_monitor] pf-test-1: current=188.0MiB swap=0.0MiB max=256.0MiB cpu.usage_usec=431264 method=swap_current_delta_fallback detail={'delta_swap_current': 0, 'swap_saturated': False, 'workingset_refault_anon': 0} events={'low': 0, 'high': 0, 'max': 0, 'oom': 0, 'oom_kill': 0, 'oom_group_kill': 0}
[container_monitor] pf-test-1: current=188.0MiB swap=0.0MiB max=256.0MiB cpu.usage_usec=432088 method=swap_current_delta_fallback detail={'delta_swap_current': 0, 'swap_saturated': False, 'workingset_refault_anon': 0} events={'low': 0, 'high': 0, 'max': 0, 'oom': 0, 'oom_kill': 0, 'oom_group_kill': 0}
[container_monitor] pf-test-1: current=188.0MiB swap=0.0MiB max=256.0MiB cpu.usage_usec=436202 method=swap_current_delta_fallback detail={'delta_swap_current': 0, 'swap_saturated': False, 'workingset_refault_anon': 0} events={'low': 0, 'high': 0, 'max': 0, 'oom': 0, 'oom_kill': 0, 'oom_group_kill': 0}
[container_monitor] pf-test-1: current=188.0MiB swap=0.0MiB max=256.0MiB cpu.usage_usec=436919 method=swap_current_delta_fallback detail={'delta_swap_current': 0, 'swap_saturated': False, 'workingset_refault_anon': 0} events={'low': 0, 'high': 0, 'max': 0, 'oom': 0, 'oom_kill': 0, 'oom_group_kill': 0}
[container_monitor] pf-test-1: current=188.0MiB swap=0.0MiB max=256.0MiB cpu.usage_usec=437815 method=swap_current_delta_fallback detail={'delta_swap_current': 0, 'swap_saturated': False, 'workingset_refault_anon': 0} events={'low': 0, 'high': 0, 'max': 0, 'oom': 0, 'oom_kill': 0, 'oom_group_kill': 0}
[container_monitor] pf-test-1: current=188.0MiB swap=0.0MiB max=256.0MiB cpu.usage_usec=438289 method=swap_current_delta_fallback detail={'delta_swap_current': 0, 'swap_saturated': False, 'workingset_refault_anon': 0} events={'low': 0, 'high': 0, 'max': 0, 'oom': 0, 'oom_kill': 0, 'oom_group_kill': 0}
[container_monitor] pf-test-1: current=188.0MiB swap=0.0MiB max=256.0MiB cpu.usage_usec=445305 method=swap_current_delta_fallback detail={'delta_swap_current': 0, 'swap_saturated': False, 'workingset_refault_anon': 0} events={'low': 0, 'high': 0, 'max': 0, 'oom': 0, 'oom_kill': 0, 'oom_group_kill': 0}
[container_monitor] pf-test-1: current=188.0MiB swap=0.0MiB max=256.0MiB cpu.usage_usec=446083 method=swap_current_delta_fallback detail={'delta_swap_current': 0, 'swap_saturated': False, 'workingset_refault_anon': 0} events={'low': 0, 'high': 0, 'max': 0, 'oom': 0, 'oom_kill': 0, 'oom_group_kill': 0}
[container_monitor] pf-test-1: current=188.0MiB swap=0.0MiB max=256.0MiB cpu.usage_usec=446753 method=swap_current_delta_fallback detail={'delta_swap_current': 0, 'swap_saturated': False, 'workingset_refault_anon': 0} events={'low': 0, 'high': 0, 'max': 0, 'oom': 0, 'oom_kill': 0, 'oom_group_kill': 0}
[container_monitor] pf-test-1: current=188.0MiB swap=0.0MiB max=256.0MiB cpu.usage_usec=447861 method=swap_current_delta_fallback detail={'delta_swap_current': 0, 'swap_saturated': False, 'workingset_refault_anon': 0} events={'low': 0, 'high': 0, 'max': 0, 'oom': 0, 'oom_kill': 0, 'oom_group_kill': 0}
[container_monitor] pf-test-1: current=188.0MiB swap=0.0MiB max=256.0MiB cpu.usage_usec=454537 method=swap_current_delta_fallback detail={'delta_swap_current': 0, 'swap_saturated': False, 'workingset_refault_anon': 0} events={'low': 0, 'high': 0, 'max': 0, 'oom': 0, 'oom_kill': 0, 'oom_group_kill': 0}
[container_monitor] pf-test-1: current=188.0MiB swap=0.0MiB max=256.0MiB cpu.usage_usec=455212 method=swap_current_delta_fallback detail={'delta_swap_current': 0, 'swap_saturated': False, 'workingset_refault_anon': 0} events={'low': 0, 'high': 0, 'max': 0, 'oom': 0, 'oom_kill': 0, 'oom_group_kill': 0}
[container_monitor] pf-test-1: current=188.0MiB swap=0.0MiB max=256.0MiB cpu.usage_usec=455914 method=swap_current_delta_fallback detail={'delta_swap_current': 0, 'swap_saturated': False, 'workingset_refault_anon': 0} events={'low': 0, 'high': 0, 'max': 0, 'oom': 0, 'oom_kill': 0, 'oom_group_kill': 0}
[container_monitor] pf-test-1: current=188.0MiB swap=0.0MiB max=256.0MiB cpu.usage_usec=456559 method=swap_current_delta_fallback detail={'delta_swap_current': 0, 'swap_saturated': False, 'workingset_refault_anon': 0} events={'low': 0, 'high': 0, 'max': 0, 'oom': 0, 'oom_kill': 0, 'oom_group_kill': 0}
[container_monitor] pf-test-1: current=228.6MiB swap=0.0MiB max=256.0MiB cpu.usage_usec=510623 method=swap_current_delta_fallback detail={'delta_swap_current': 0, 'swap_saturated': False, 'workingset_refault_anon': 0} events={'low': 0, 'high': 0, 'max': 0, 'oom': 0, 'oom_kill': 0, 'oom_group_kill': 0}
[container_monitor] pf-test-1: current=228.6MiB swap=0.0MiB max=256.0MiB cpu.usage_usec=511301 method=swap_current_delta_fallback detail={'delta_swap_current': 0, 'swap_saturated': False, 'workingset_refault_anon': 0} events={'low': 0, 'high': 0, 'max': 0, 'oom': 0, 'oom_kill': 0, 'oom_group_kill': 0}
[container_monitor] pf-test-1: current=228.6MiB swap=0.0MiB max=256.0MiB cpu.usage_usec=512228 method=swap_current_delta_fallback detail={'delta_swap_current': 0, 'swap_saturated': False, 'workingset_refault_anon': 0} events={'low': 0, 'high': 0, 'max': 0, 'oom': 0, 'oom_kill': 0, 'oom_group_kill': 0}
[container_monitor] pf-test-1: current=228.6MiB swap=0.0MiB max=256.0MiB cpu.usage_usec=513192 method=swap_current_delta_fallback detail={'delta_swap_current': 0, 'swap_saturated': False, 'workingset_refault_anon': 0} events={'low': 0, 'high': 0, 'max': 0, 'oom': 0, 'oom_kill': 0, 'oom_group_kill': 0}
[container_monitor] pf-test-1: current=228.6MiB swap=0.0MiB max=256.0MiB cpu.usage_usec=520872 method=swap_current_delta_fallback detail={'delta_swap_current': 0, 'swap_saturated': False, 'workingset_refault_anon': 0} events={'low': 0, 'high': 0, 'max': 0, 'oom': 0, 'oom_kill': 0, 'oom_group_kill': 0}
[container_monitor] pf-test-1: current=228.6MiB swap=0.0MiB max=256.0MiB cpu.usage_usec=521752 method=swap_current_delta_fallback detail={'delta_swap_current': 0, 'swap_saturated': False, 'workingset_refault_anon': 0} events={'low': 0, 'high': 0, 'max': 0, 'oom': 0, 'oom_kill': 0, 'oom_group_kill': 0}
[container_monitor] pf-test-1: current=228.6MiB swap=0.0MiB max=256.0MiB cpu.usage_usec=522523 method=swap_current_delta_fallback detail={'delta_swap_current': 0, 'swap_saturated': False, 'workingset_refault_anon': 0} events={'low': 0, 'high': 0, 'max': 0, 'oom': 0, 'oom_kill': 0, 'oom_group_kill': 0}
[container_monitor] pf-test-1: current=228.6MiB swap=0.0MiB max=256.0MiB cpu.usage_usec=523406 method=swap_current_delta_fallback detail={'delta_swap_current': 0, 'swap_saturated': False, 'workingset_refault_anon': 0} events={'low': 0, 'high': 0, 'max': 0, 'oom': 0, 'oom_kill': 0, 'oom_group_kill': 0}
[container_monitor] pf-test-1: current=228.6MiB swap=0.0MiB max=256.0MiB cpu.usage_usec=527524 method=swap_current_delta_fallback detail={'delta_swap_current': 0, 'swap_saturated': False, 'workingset_refault_anon': 0} events={'low': 0, 'high': 0, 'max': 0, 'oom': 0, 'oom_kill': 0, 'oom_group_kill': 0}
[container_monitor] pf-test-1: current=228.6MiB swap=0.0MiB max=256.0MiB cpu.usage_usec=528145 method=swap_current_delta_fallback detail={'delta_swap_current': 0, 'swap_saturated': False, 'workingset_refault_anon': 0} events={'low': 0, 'high': 0, 'max': 0, 'oom': 0, 'oom_kill': 0, 'oom_group_kill': 0}
[container_monitor] pf-test-1: current=228.6MiB swap=0.0MiB max=256.0MiB cpu.usage_usec=529102 method=swap_current_delta_fallback detail={'delta_swap_current': 0, 'swap_saturated': False, 'workingset_refault_anon': 0} events={'low': 0, 'high': 0, 'max': 0, 'oom': 0, 'oom_kill': 0, 'oom_group_kill': 0}
[container_monitor] pf-test-1: current=228.6MiB swap=0.0MiB max=256.0MiB cpu.usage_usec=529858 method=swap_current_delta_fallback detail={'delta_swap_current': 0, 'swap_saturated': False, 'workingset_refault_anon': 0} events={'low': 0, 'high': 0, 'max': 0, 'oom': 0, 'oom_kill': 0, 'oom_group_kill': 0}
[container_monitor] pf-test-1: current=228.6MiB swap=0.0MiB max=256.0MiB cpu.usage_usec=541959 method=swap_current_delta_fallback detail={'delta_swap_current': 0, 'swap_saturated': False, 'workingset_refault_anon': 0} events={'low': 0, 'high': 0, 'max': 0, 'oom': 0, 'oom_kill': 0, 'oom_group_kill': 0}
[container_monitor] pf-test-1: current=228.6MiB swap=0.0MiB max=256.0MiB cpu.usage_usec=542549 method=swap_current_delta_fallback detail={'delta_swap_current': 0, 'swap_saturated': False, 'workingset_refault_anon': 0} events={'low': 0, 'high': 0, 'max': 0, 'oom': 0, 'oom_kill': 0, 'oom_group_kill': 0}
[container_monitor] pf-test-1: current=228.6MiB swap=0.0MiB max=256.0MiB cpu.usage_usec=543553 method=swap_current_delta_fallback detail={'delta_swap_current': 0, 'swap_saturated': False, 'workingset_refault_anon': 0} events={'low': 0, 'high': 0, 'max': 0, 'oom': 0, 'oom_kill': 0, 'oom_group_kill': 0}
[container_monitor] pf-test-1: current=228.6MiB swap=0.0MiB max=256.0MiB cpu.usage_usec=544388 method=swap_current_delta_fallback detail={'delta_swap_current': 0, 'swap_saturated': False, 'workingset_refault_anon': 0} events={'low': 0, 'high': 0, 'max': 0, 'oom': 0, 'oom_kill': 0, 'oom_group_kill': 0}
[container_monitor] pf-test-1: current=229.6MiB swap=0.0MiB max=256.0MiB cpu.usage_usec=552967 method=swap_current_delta_fallback detail={'delta_swap_current': 0, 'swap_saturated': False, 'workingset_refault_anon': 0} events={'low': 0, 'high': 0, 'max': 0, 'oom': 0, 'oom_kill': 0, 'oom_group_kill': 0}
[container_monitor] pf-test-1: current=229.6MiB swap=0.0MiB max=256.0MiB cpu.usage_usec=553883 method=swap_current_delta_fallback detail={'delta_swap_current': 0, 'swap_saturated': False, 'workingset_refault_anon': 0} events={'low': 0, 'high': 0, 'max': 0, 'oom': 0, 'oom_kill': 0, 'oom_group_kill': 0}
[container_monitor] pf-test-1: current=229.6MiB swap=0.0MiB max=256.0MiB cpu.usage_usec=554764 method=swap_current_delta_fallback detail={'delta_swap_current': 0, 'swap_saturated': False, 'workingset_refault_anon': 0} events={'low': 0, 'high': 0, 'max': 0, 'oom': 0, 'oom_kill': 0, 'oom_group_kill': 0}
[container_monitor] pf-test-1: current=229.6MiB swap=0.0MiB max=256.0MiB cpu.usage_usec=555624 method=swap_current_delta_fallback detail={'delta_swap_current': 0, 'swap_saturated': False, 'workingset_refault_anon': 0} events={'low': 0, 'high': 0, 'max': 0, 'oom': 0, 'oom_kill': 0, 'oom_group_kill': 0}
[container_monitor] pf-test-1: current=237.6MiB swap=0.0MiB max=256.0MiB cpu.usage_usec=572709 method=swap_current_delta_fallback detail={'delta_swap_current': 0, 'swap_saturated': False, 'workingset_refault_anon': 0} events={'low': 0, 'high': 0, 'max': 0, 'oom': 0, 'oom_kill': 0, 'oom_group_kill': 0}
[container_monitor] pf-test-1: current=237.6MiB swap=0.0MiB max=256.0MiB cpu.usage_usec=573395 method=swap_current_delta_fallback detail={'delta_swap_current': 0, 'swap_saturated': False, 'workingset_refault_anon': 0} events={'low': 0, 'high': 0, 'max': 0, 'oom': 0, 'oom_kill': 0, 'oom_group_kill': 0}
[container_monitor] pf-test-1: current=237.6MiB swap=0.0MiB max=256.0MiB cpu.usage_usec=574863 method=swap_current_delta_fallback detail={'delta_swap_current': 0, 'swap_saturated': False, 'workingset_refault_anon': 0} events={'low': 0, 'high': 0, 'max': 0, 'oom': 0, 'oom_kill': 0, 'oom_group_kill': 0}
[container_monitor] pf-test-1: current=237.6MiB swap=0.0MiB max=256.0MiB cpu.usage_usec=575636 method=swap_current_delta_fallback detail={'delta_swap_current': 0, 'swap_saturated': False, 'workingset_refault_anon': 0} events={'low': 0, 'high': 0, 'max': 0, 'oom': 0, 'oom_kill': 0, 'oom_group_kill': 0}
[container_monitor] pf-test-1: current=245.9MiB swap=0.0MiB max=256.0MiB cpu.usage_usec=591608 method=swap_current_delta_fallback detail={'delta_swap_current': 0, 'swap_saturated': False, 'workingset_refault_anon': 0} events={'low': 0, 'high': 0, 'max': 0, 'oom': 0, 'oom_kill': 0, 'oom_group_kill': 0}
[container_monitor] pf-test-1: current=245.7MiB swap=0.0MiB max=256.0MiB cpu.usage_usec=592760 method=swap_current_delta_fallback detail={'delta_swap_current': 0, 'swap_saturated': False, 'workingset_refault_anon': 0} events={'low': 0, 'high': 0, 'max': 0, 'oom': 0, 'oom_kill': 0, 'oom_group_kill': 0}
[container_monitor] pf-test-1: current=245.7MiB swap=0.0MiB max=256.0MiB cpu.usage_usec=593966 method=swap_current_delta_fallback detail={'delta_swap_current': 0, 'swap_saturated': False, 'workingset_refault_anon': 0} events={'low': 0, 'high': 0, 'max': 0, 'oom': 0, 'oom_kill': 0, 'oom_group_kill': 0}
[container_monitor] pf-test-1: current=245.7MiB swap=0.0MiB max=256.0MiB cpu.usage_usec=594931 method=swap_current_delta_fallback detail={'delta_swap_current': 0, 'swap_saturated': False, 'workingset_refault_anon': 0} events={'low': 0, 'high': 0, 'max': 0, 'oom': 0, 'oom_kill': 0, 'oom_group_kill': 0}
[container_monitor] pf-test-1: current=253.7MiB swap=0.0MiB max=256.0MiB cpu.usage_usec=612655 method=swap_current_delta_fallback detail={'delta_swap_current': 0, 'swap_saturated': False, 'workingset_refault_anon': 0} events={'low': 0, 'high': 0, 'max': 0, 'oom': 0, 'oom_kill': 0, 'oom_group_kill': 0}
[container_monitor] pf-test-1: current=253.7MiB swap=0.0MiB max=256.0MiB cpu.usage_usec=613679 method=swap_current_delta_fallback detail={'delta_swap_current': 0, 'swap_saturated': False, 'workingset_refault_anon': 0} events={'low': 0, 'high': 0, 'max': 0, 'oom': 0, 'oom_kill': 0, 'oom_group_kill': 0}
[container_monitor] pf-test-1: current=253.7MiB swap=0.0MiB max=256.0MiB cpu.usage_usec=614620 method=swap_current_delta_fallback detail={'delta_swap_current': 0, 'swap_saturated': False, 'workingset_refault_anon': 0} events={'low': 0, 'high': 0, 'max': 0, 'oom': 0, 'oom_kill': 0, 'oom_group_kill': 0}
[container_monitor] pf-test-1: current=253.7MiB swap=0.0MiB max=256.0MiB cpu.usage_usec=615377 method=swap_current_delta_fallback detail={'delta_swap_current': 0, 'swap_saturated': False, 'workingset_refault_anon': 0} events={'low': 0, 'high': 0, 'max': 0, 'oom': 0, 'oom_kill': 0, 'oom_group_kill': 0}
[container_monitor] pf-test-1: current=188.4MiB swap=80.3MiB max=256.0MiB cpu.usage_usec=711105 method=swap_current_delta_fallback detail={'delta_swap_current': 84156416, 'swap_saturated': False, 'workingset_refault_anon': 827} events={'low': 0, 'high': 0, 'max': 8, 'oom': 0, 'oom_kill': 0, 'oom_group_kill': 0}
[container_monitor] pf-test-1: OCM 감지 (method=swap_current_delta_fallback, detail={'delta_swap_current': 84156416, 'swap_saturated': False, 'workingset_refault_anon': 827})
[puff_manager] pf-test-1: 원래 메모리 한도 저장 256MiB
[puff_manager] pf-test-1: puff 적용 256MiB -> 358MiB
[container_monitor] pf-test-1: puff 완료, 새 메모리 한도 358MiB
[suspend_manager] pf-test-1: 원래 CPU 설정 저장 {'cpu_max': 'max 100000', 'cpuset_cpus': '0-1'}
[suspend_manager] pf-test-1: suspend 적용 (--cpus 0.01 --cpuset-cpus 0)
[suspend_manager] pf-test-1: cgroup cpu.max='1000 100000' cpuset.cpus='0'
[container_monitor] pf-test-1: current=188.4MiB swap=80.1MiB max=358.0MiB cpu.usage_usec=711563 method=swap_current_delta_fallback detail={'delta_swap_current': -159744, 'swap_saturated': False, 'workingset_refault_anon': 827} events={'low': 0, 'high': 0, 'max': 8, 'oom': 0, 'oom_kill': 0, 'oom_group_kill': 0}
[container_monitor] pf-test-1: current=188.5MiB swap=80.1MiB max=358.0MiB cpu.usage_usec=712654 method=swap_current_delta_fallback detail={'delta_swap_current': 0, 'swap_saturated': False, 'workingset_refault_anon': 827} events={'low': 0, 'high': 0, 'max': 8, 'oom': 0, 'oom_kill': 0, 'oom_group_kill': 0}
[container_monitor] pf-test-1: current=188.5MiB swap=80.1MiB max=358.0MiB cpu.usage_usec=713274 method=swap_current_delta_fallback detail={'delta_swap_current': 0, 'swap_saturated': False, 'workingset_refault_anon': 833} events={'low': 0, 'high': 0, 'max': 8, 'oom': 0, 'oom_kill': 0, 'oom_group_kill': 0}
[container_monitor] pf-test-1: current=194.2MiB swap=80.1MiB max=358.0MiB cpu.usage_usec=716609 method=swap_current_delta_fallback detail={'delta_swap_current': 0, 'swap_saturated': False, 'workingset_refault_anon': 834} events={'low': 0, 'high': 0, 'max': 8, 'oom': 0, 'oom_kill': 0, 'oom_group_kill': 0}
[container_monitor] pf-test-1: current=196.5MiB swap=80.1MiB max=358.0MiB cpu.usage_usec=721330 method=swap_current_delta_fallback detail={'delta_swap_current': 0, 'swap_saturated': False, 'workingset_refault_anon': 834} events={'low': 0, 'high': 0, 'max': 8, 'oom': 0, 'oom_kill': 0, 'oom_group_kill': 0}
[container_monitor] pf-test-1: current=196.7MiB swap=79.9MiB max=358.0MiB cpu.usage_usec=726141 method=swap_current_delta_fallback detail={'delta_swap_current': -204800, 'swap_saturated': False, 'workingset_refault_anon': 898} events={'low': 0, 'high': 0, 'max': 8, 'oom': 0, 'oom_kill': 0, 'oom_group_kill': 0}
[container_monitor] pf-test-1: current=197.0MiB swap=79.9MiB max=358.0MiB cpu.usage_usec=731141 method=swap_current_delta_fallback detail={'delta_swap_current': 0, 'swap_saturated': False, 'workingset_refault_anon': 959} events={'low': 0, 'high': 0, 'max': 8, 'oom': 0, 'oom_kill': 0, 'oom_group_kill': 0}
[container_monitor] pf-test-1: current=197.1MiB swap=79.7MiB max=358.0MiB cpu.usage_usec=736321 method=swap_current_delta_fallback detail={'delta_swap_current': -262144, 'swap_saturated': False, 'workingset_refault_anon': 1003} events={'low': 0, 'high': 0, 'max': 8, 'oom': 0, 'oom_kill': 0, 'oom_group_kill': 0}
[container_monitor] pf-test-1: current=197.4MiB swap=79.4MiB max=358.0MiB cpu.usage_usec=741241 method=swap_current_delta_fallback detail={'delta_swap_current': -262144, 'swap_saturated': False, 'workingset_refault_anon': 1061} events={'low': 0, 'high': 0, 'max': 8, 'oom': 0, 'oom_kill': 0, 'oom_group_kill': 0}
[container_monitor] pf-test-1: current=203.8MiB swap=79.3MiB max=358.0MiB cpu.usage_usec=746180 method=swap_current_delta_fallback detail={'delta_swap_current': -118784, 'swap_saturated': False, 'workingset_refault_anon': 1093} events={'low': 0, 'high': 0, 'max': 8, 'oom': 0, 'oom_kill': 0, 'oom_group_kill': 0}
[container_monitor] pf-test-1: current=205.7MiB swap=79.2MiB max=358.0MiB cpu.usage_usec=748672 method=swap_current_delta_fallback detail={'delta_swap_current': -77824, 'swap_saturated': False, 'workingset_refault_anon': 1141} events={'low': 0, 'high': 0, 'max': 8, 'oom': 0, 'oom_kill': 0, 'oom_group_kill': 0}
[container_monitor] pf-test-1: current=205.7MiB swap=79.2MiB max=358.0MiB cpu.usage_usec=749910 method=swap_current_delta_fallback detail={'delta_swap_current': 0, 'swap_saturated': False, 'workingset_refault_anon': 1141} events={'low': 0, 'high': 0, 'max': 8, 'oom': 0, 'oom_kill': 0, 'oom_group_kill': 0}
[container_monitor] pf-test-1: current=205.7MiB swap=79.2MiB max=358.0MiB cpu.usage_usec=750477 method=swap_current_delta_fallback detail={'delta_swap_current': 0, 'swap_saturated': False, 'workingset_refault_anon': 1141} events={'low': 0, 'high': 0, 'max': 8, 'oom': 0, 'oom_kill': 0, 'oom_group_kill': 0}
[container_monitor] pf-test-1: current=205.7MiB swap=79.2MiB max=358.0MiB cpu.usage_usec=751490 method=swap_current_delta_fallback detail={'delta_swap_current': 0, 'swap_saturated': False, 'workingset_refault_anon': 1141} events={'low': 0, 'high': 0, 'max': 8, 'oom': 0, 'oom_kill': 0, 'oom_group_kill': 0}
[container_monitor] pf-test-1: current=206.4MiB swap=78.8MiB max=358.0MiB cpu.usage_usec=757266 method=swap_current_delta_fallback detail={'delta_swap_current': -491520, 'swap_saturated': False, 'workingset_refault_anon': 1272} events={'low': 0, 'high': 0, 'max': 8, 'oom': 0, 'oom_kill': 0, 'oom_group_kill': 0}
[container_monitor] pf-test-1: current=208.8MiB swap=77.7MiB max=358.0MiB cpu.usage_usec=762160 method=swap_current_delta_fallback detail={'delta_swap_current': -1138688, 'swap_saturated': False, 'workingset_refault_anon': 1591} events={'low': 0, 'high': 0, 'max': 8, 'oom': 0, 'oom_kill': 0, 'oom_group_kill': 0}
[container_monitor] pf-test-1: current=210.1MiB swap=77.1MiB max=358.0MiB cpu.usage_usec=767194 method=swap_current_delta_fallback detail={'delta_swap_current': -589824, 'swap_saturated': False, 'workingset_refault_anon': 1757} events={'low': 0, 'high': 0, 'max': 8, 'oom': 0, 'oom_kill': 0, 'oom_group_kill': 0}
[container_monitor] pf-test-1: current=211.3MiB swap=76.5MiB max=358.0MiB cpu.usage_usec=772166 method=swap_current_delta_fallback detail={'delta_swap_current': -643072, 'swap_saturated': False, 'workingset_refault_anon': 1934} events={'low': 0, 'high': 0, 'max': 8, 'oom': 0, 'oom_kill': 0, 'oom_group_kill': 0}
[container_monitor] pf-test-1: current=212.9MiB swap=75.8MiB max=358.0MiB cpu.usage_usec=777314 method=swap_current_delta_fallback detail={'delta_swap_current': -700416, 'swap_saturated': False, 'workingset_refault_anon': 2139} events={'low': 0, 'high': 0, 'max': 8, 'oom': 0, 'oom_kill': 0, 'oom_group_kill': 0}
[container_monitor] pf-test-1: current=214.5MiB swap=75.0MiB max=358.0MiB cpu.usage_usec=782826 method=swap_current_delta_fallback detail={'delta_swap_current': -876544, 'swap_saturated': False, 'workingset_refault_anon': 2347} events={'low': 0, 'high': 0, 'max': 8, 'oom': 0, 'oom_kill': 0, 'oom_group_kill': 0}
[container_monitor] pf-test-1: current=219.4MiB swap=72.4MiB max=358.0MiB cpu.usage_usec=787570 method=swap_current_delta_fallback detail={'delta_swap_current': -2674688, 'swap_saturated': False, 'workingset_refault_anon': 2975} events={'low': 0, 'high': 0, 'max': 8, 'oom': 0, 'oom_kill': 0, 'oom_group_kill': 0}
[container_monitor] pf-test-1: current=224.8MiB swap=70.8MiB max=358.0MiB cpu.usage_usec=793452 method=swap_current_delta_fallback detail={'delta_swap_current': -1761280, 'swap_saturated': False, 'workingset_refault_anon': 3351} events={'low': 0, 'high': 0, 'max': 8, 'oom': 0, 'oom_kill': 0, 'oom_group_kill': 0}
[container_monitor] pf-test-1: current=225.7MiB swap=70.8MiB max=358.0MiB cpu.usage_usec=798284 method=swap_current_delta_fallback detail={'delta_swap_current': 0, 'swap_saturated': False, 'workingset_refault_anon': 3351} events={'low': 0, 'high': 0, 'max': 8, 'oom': 0, 'oom_kill': 0, 'oom_group_kill': 0}
[container_monitor] pf-test-1: current=228.1MiB swap=70.8MiB max=358.0MiB cpu.usage_usec=803407 method=swap_current_delta_fallback detail={'delta_swap_current': 0, 'swap_saturated': False, 'workingset_refault_anon': 3351} events={'low': 0, 'high': 0, 'max': 8, 'oom': 0, 'oom_kill': 0, 'oom_group_kill': 0}
[container_monitor] pf-test-1: current=229.4MiB swap=70.7MiB max=358.0MiB cpu.usage_usec=808823 method=swap_current_delta_fallback detail={'delta_swap_current': -86016, 'swap_saturated': False, 'workingset_refault_anon': 3351} events={'low': 0, 'high': 0, 'max': 8, 'oom': 0, 'oom_kill': 0, 'oom_group_kill': 0}
[container_monitor] pf-test-1: current=230.6MiB swap=70.6MiB max=358.0MiB cpu.usage_usec=813927 method=swap_current_delta_fallback detail={'delta_swap_current': -57344, 'swap_saturated': False, 'workingset_refault_anon': 3357} events={'low': 0, 'high': 0, 'max': 8, 'oom': 0, 'oom_kill': 0, 'oom_group_kill': 0}
[container_monitor] pf-test-1: current=231.9MiB swap=70.5MiB max=358.0MiB cpu.usage_usec=818542 method=swap_current_delta_fallback detail={'delta_swap_current': -98304, 'swap_saturated': False, 'workingset_refault_anon': 3357} events={'low': 0, 'high': 0, 'max': 8, 'oom': 0, 'oom_kill': 0, 'oom_group_kill': 0}
[container_monitor] pf-test-1: current=233.4MiB swap=70.5MiB max=358.0MiB cpu.usage_usec=823272 method=swap_current_delta_fallback detail={'delta_swap_current': -20480, 'swap_saturated': False, 'workingset_refault_anon': 3357} events={'low': 0, 'high': 0, 'max': 8, 'oom': 0, 'oom_kill': 0, 'oom_group_kill': 0}
[container_monitor] pf-test-1: current=234.8MiB swap=70.5MiB max=358.0MiB cpu.usage_usec=828163 method=swap_current_delta_fallback detail={'delta_swap_current': 0, 'swap_saturated': False, 'workingset_refault_anon': 3357} events={'low': 0, 'high': 0, 'max': 8, 'oom': 0, 'oom_kill': 0, 'oom_group_kill': 0}
[container_monitor] pf-test-1: current=236.5MiB swap=70.5MiB max=358.0MiB cpu.usage_usec=833613 method=swap_current_delta_fallback detail={'delta_swap_current': 0, 'swap_saturated': False, 'workingset_refault_anon': 3357} events={'low': 0, 'high': 0, 'max': 8, 'oom': 0, 'oom_kill': 0, 'oom_group_kill': 0}
[container_monitor] pf-test-1: current=237.5MiB swap=70.5MiB max=358.0MiB cpu.usage_usec=838170 method=swap_current_delta_fallback detail={'delta_swap_current': 0, 'swap_saturated': False, 'workingset_refault_anon': 3357} events={'low': 0, 'high': 0, 'max': 8, 'oom': 0, 'oom_kill': 0, 'oom_group_kill': 0}
[container_monitor] pf-test-1: current=238.8MiB swap=70.5MiB max=358.0MiB cpu.usage_usec=843332 method=swap_current_delta_fallback detail={'delta_swap_current': -53248, 'swap_saturated': False, 'workingset_refault_anon': 3357} events={'low': 0, 'high': 0, 'max': 8, 'oom': 0, 'oom_kill': 0, 'oom_group_kill': 0}
[container_monitor] pf-test-1: current=240.4MiB swap=70.4MiB max=358.0MiB cpu.usage_usec=848799 method=swap_current_delta_fallback detail={'delta_swap_current': -53248, 'swap_saturated': False, 'workingset_refault_anon': 3357} events={'low': 0, 'high': 0, 'max': 8, 'oom': 0, 'oom_kill': 0, 'oom_group_kill': 0}
[container_monitor] pf-test-1: current=242.3MiB swap=70.4MiB max=358.0MiB cpu.usage_usec=853714 method=swap_current_delta_fallback detail={'delta_swap_current': 0, 'swap_saturated': False, 'workingset_refault_anon': 3357} events={'low': 0, 'high': 0, 'max': 8, 'oom': 0, 'oom_kill': 0, 'oom_group_kill': 0}
[container_monitor] pf-test-1: current=245.3MiB swap=70.4MiB max=358.0MiB cpu.usage_usec=858453 method=swap_current_delta_fallback detail={'delta_swap_current': 0, 'swap_saturated': False, 'workingset_refault_anon': 3361} events={'low': 0, 'high': 0, 'max': 8, 'oom': 0, 'oom_kill': 0, 'oom_group_kill': 0}
[container_monitor] pf-test-1: current=248.5MiB swap=69.4MiB max=358.0MiB cpu.usage_usec=863257 method=swap_current_delta_fallback detail={'delta_swap_current': -1093632, 'swap_saturated': False, 'workingset_refault_anon': 3604} events={'low': 0, 'high': 0, 'max': 8, 'oom': 0, 'oom_kill': 0, 'oom_group_kill': 0}
[container_monitor] pf-test-1: current=252.3MiB swap=69.3MiB max=358.0MiB cpu.usage_usec=868431 method=swap_current_delta_fallback detail={'delta_swap_current': -24576, 'swap_saturated': False, 'workingset_refault_anon': 3604} events={'low': 0, 'high': 0, 'max': 8, 'oom': 0, 'oom_kill': 0, 'oom_group_kill': 0}
[container_monitor] pf-test-1: current=255.3MiB swap=69.1MiB max=358.0MiB cpu.usage_usec=873211 method=swap_current_delta_fallback detail={'delta_swap_current': -245760, 'swap_saturated': False, 'workingset_refault_anon': 3672} events={'low': 0, 'high': 0, 'max': 8, 'oom': 0, 'oom_kill': 0, 'oom_group_kill': 0}
[container_monitor] pf-test-1: current=257.2MiB swap=68.9MiB max=358.0MiB cpu.usage_usec=878511 method=swap_current_delta_fallback detail={'delta_swap_current': -188416, 'swap_saturated': False, 'workingset_refault_anon': 3672} events={'low': 0, 'high': 0, 'max': 8, 'oom': 0, 'oom_kill': 0, 'oom_group_kill': 0}
[container_monitor] pf-test-1: current=259.3MiB swap=68.9MiB max=358.0MiB cpu.usage_usec=884070 method=swap_current_delta_fallback detail={'delta_swap_current': -12288, 'swap_saturated': False, 'workingset_refault_anon': 3672} events={'low': 0, 'high': 0, 'max': 8, 'oom': 0, 'oom_kill': 0, 'oom_group_kill': 0}
[container_monitor] pf-test-1: current=261.2MiB swap=68.9MiB max=358.0MiB cpu.usage_usec=888207 method=swap_current_delta_fallback detail={'delta_swap_current': -32768, 'swap_saturated': False, 'workingset_refault_anon': 3672} events={'low': 0, 'high': 0, 'max': 8, 'oom': 0, 'oom_kill': 0, 'oom_group_kill': 0}
[container_monitor] pf-test-1: current=262.9MiB swap=68.9MiB max=358.0MiB cpu.usage_usec=893439 method=swap_current_delta_fallback detail={'delta_swap_current': 0, 'swap_saturated': False, 'workingset_refault_anon': 3672} events={'low': 0, 'high': 0, 'max': 8, 'oom': 0, 'oom_kill': 0, 'oom_group_kill': 0}
[container_monitor] pf-test-1: current=265.5MiB swap=68.9MiB max=358.0MiB cpu.usage_usec=898278 method=swap_current_delta_fallback detail={'delta_swap_current': 0, 'swap_saturated': False, 'workingset_refault_anon': 3672} events={'low': 0, 'high': 0, 'max': 8, 'oom': 0, 'oom_kill': 0, 'oom_group_kill': 0}
[container_monitor] pf-test-1: current=267.7MiB swap=68.9MiB max=358.0MiB cpu.usage_usec=903426 method=swap_current_delta_fallback detail={'delta_swap_current': 0, 'swap_saturated': False, 'workingset_refault_anon': 3672} events={'low': 0, 'high': 0, 'max': 8, 'oom': 0, 'oom_kill': 0, 'oom_group_kill': 0}
[container_monitor] pf-test-1: current=269.6MiB swap=68.9MiB max=358.0MiB cpu.usage_usec=908866 method=swap_current_delta_fallback detail={'delta_swap_current': 0, 'swap_saturated': False, 'workingset_refault_anon': 3672} events={'low': 0, 'high': 0, 'max': 8, 'oom': 0, 'oom_kill': 0, 'oom_group_kill': 0}
[container_monitor] pf-test-1: current=271.7MiB swap=68.9MiB max=358.0MiB cpu.usage_usec=913202 method=swap_current_delta_fallback detail={'delta_swap_current': 0, 'swap_saturated': False, 'workingset_refault_anon': 3680} events={'low': 0, 'high': 0, 'max': 8, 'oom': 0, 'oom_kill': 0, 'oom_group_kill': 0}
[container_monitor] pf-test-1: current=273.9MiB swap=68.6MiB max=358.0MiB cpu.usage_usec=918400 method=swap_current_delta_fallback detail={'delta_swap_current': -262144, 'swap_saturated': False, 'workingset_refault_anon': 3728} events={'low': 0, 'high': 0, 'max': 8, 'oom': 0, 'oom_kill': 0, 'oom_group_kill': 0}
[container_monitor] pf-test-1: current=276.2MiB swap=68.6MiB max=358.0MiB cpu.usage_usec=923411 method=swap_current_delta_fallback detail={'delta_swap_current': 0, 'swap_saturated': False, 'workingset_refault_anon': 3728} events={'low': 0, 'high': 0, 'max': 8, 'oom': 0, 'oom_kill': 0, 'oom_group_kill': 0}
[container_monitor] pf-test-1: current=278.1MiB swap=68.6MiB max=358.0MiB cpu.usage_usec=928182 method=swap_current_delta_fallback detail={'delta_swap_current': 0, 'swap_saturated': False, 'workingset_refault_anon': 3728} events={'low': 0, 'high': 0, 'max': 8, 'oom': 0, 'oom_kill': 0, 'oom_group_kill': 0}
[container_monitor] pf-test-1: current=281.1MiB swap=68.5MiB max=358.0MiB cpu.usage_usec=933310 method=swap_current_delta_fallback detail={'delta_swap_current': -155648, 'swap_saturated': False, 'workingset_refault_anon': 3766} events={'low': 0, 'high': 0, 'max': 8, 'oom': 0, 'oom_kill': 0, 'oom_group_kill': 0}
[container_monitor] pf-test-1: current=282.9MiB swap=68.5MiB max=358.0MiB cpu.usage_usec=938401 method=swap_current_delta_fallback detail={'delta_swap_current': 0, 'swap_saturated': False, 'workingset_refault_anon': 3766} events={'low': 0, 'high': 0, 'max': 8, 'oom': 0, 'oom_kill': 0, 'oom_group_kill': 0}
[container_monitor] pf-test-1: current=284.5MiB swap=68.5MiB max=358.0MiB cpu.usage_usec=943141 method=swap_current_delta_fallback detail={'delta_swap_current': 0, 'swap_saturated': False, 'workingset_refault_anon': 3766} events={'low': 0, 'high': 0, 'max': 8, 'oom': 0, 'oom_kill': 0, 'oom_group_kill': 0}
[container_monitor] pf-test-1: current=286.4MiB swap=68.5MiB max=358.0MiB cpu.usage_usec=948499 method=swap_current_delta_fallback detail={'delta_swap_current': 0, 'swap_saturated': False, 'workingset_refault_anon': 3766} events={'low': 0, 'high': 0, 'max': 8, 'oom': 0, 'oom_kill': 0, 'oom_group_kill': 0}
[container_monitor] pf-test-1: current=287.9MiB swap=68.5MiB max=358.0MiB cpu.usage_usec=953638 method=swap_current_delta_fallback detail={'delta_swap_current': 0, 'swap_saturated': False, 'workingset_refault_anon': 3766} events={'low': 0, 'high': 0, 'max': 8, 'oom': 0, 'oom_kill': 0, 'oom_group_kill': 0}
[container_monitor] pf-test-1: current=289.6MiB swap=68.5MiB max=358.0MiB cpu.usage_usec=958775 method=swap_current_delta_fallback detail={'delta_swap_current': 0, 'swap_saturated': False, 'workingset_refault_anon': 3766} events={'low': 0, 'high': 0, 'max': 8, 'oom': 0, 'oom_kill': 0, 'oom_group_kill': 0}
[container_monitor] pf-test-1: current=290.6MiB swap=68.5MiB max=358.0MiB cpu.usage_usec=963402 method=swap_current_delta_fallback detail={'delta_swap_current': 0, 'swap_saturated': False, 'workingset_refault_anon': 3766} events={'low': 0, 'high': 0, 'max': 8, 'oom': 0, 'oom_kill': 0, 'oom_group_kill': 0}
[container_monitor] pf-test-1: current=292.6MiB swap=68.5MiB max=358.0MiB cpu.usage_usec=968733 method=swap_current_delta_fallback detail={'delta_swap_current': 0, 'swap_saturated': False, 'workingset_refault_anon': 3766} events={'low': 0, 'high': 0, 'max': 8, 'oom': 0, 'oom_kill': 0, 'oom_group_kill': 0}
[container_monitor] pf-test-1: current=293.8MiB swap=68.5MiB max=358.0MiB cpu.usage_usec=973465 method=swap_current_delta_fallback detail={'delta_swap_current': 0, 'swap_saturated': False, 'workingset_refault_anon': 3766} events={'low': 0, 'high': 0, 'max': 8, 'oom': 0, 'oom_kill': 0, 'oom_group_kill': 0}
[container_monitor] pf-test-1: current=294.9MiB swap=68.5MiB max=358.0MiB cpu.usage_usec=978563 method=swap_current_delta_fallback detail={'delta_swap_current': 0, 'swap_saturated': False, 'workingset_refault_anon': 3766} events={'low': 0, 'high': 0, 'max': 8, 'oom': 0, 'oom_kill': 0, 'oom_group_kill': 0}
[container_monitor] pf-test-1: current=297.0MiB swap=68.5MiB max=358.0MiB cpu.usage_usec=983711 method=swap_current_delta_fallback detail={'delta_swap_current': 0, 'swap_saturated': False, 'workingset_refault_anon': 3766} events={'low': 0, 'high': 0, 'max': 8, 'oom': 0, 'oom_kill': 0, 'oom_group_kill': 0}
[container_monitor] pf-test-1: current=299.1MiB swap=68.5MiB max=358.0MiB cpu.usage_usec=988884 method=swap_current_delta_fallback detail={'delta_swap_current': 0, 'swap_saturated': False, 'workingset_refault_anon': 3773} events={'low': 0, 'high': 0, 'max': 8, 'oom': 0, 'oom_kill': 0, 'oom_group_kill': 0}
[container_monitor] pf-test-1: current=301.7MiB swap=68.5MiB max=358.0MiB cpu.usage_usec=993369 method=swap_current_delta_fallback detail={'delta_swap_current': 0, 'swap_saturated': False, 'workingset_refault_anon': 3773} events={'low': 0, 'high': 0, 'max': 8, 'oom': 0, 'oom_kill': 0, 'oom_group_kill': 0}
[container_monitor] pf-test-1: current=304.3MiB swap=68.5MiB max=358.0MiB cpu.usage_usec=998569 method=swap_current_delta_fallback detail={'delta_swap_current': 0, 'swap_saturated': False, 'workingset_refault_anon': 3773} events={'low': 0, 'high': 0, 'max': 8, 'oom': 0, 'oom_kill': 0, 'oom_group_kill': 0}
[container_monitor] pf-test-1: current=304.4MiB swap=68.5MiB max=358.0MiB cpu.usage_usec=1003948 method=swap_current_delta_fallback detail={'delta_swap_current': 0, 'swap_saturated': False, 'workingset_refault_anon': 3787} events={'low': 0, 'high': 0, 'max': 8, 'oom': 0, 'oom_kill': 0, 'oom_group_kill': 0}
[container_monitor] pf-test-1: current=304.5MiB swap=68.4MiB max=358.0MiB cpu.usage_usec=1008587 method=swap_current_delta_fallback detail={'delta_swap_current': -65536, 'swap_saturated': False, 'workingset_refault_anon': 3803} events={'low': 0, 'high': 0, 'max': 8, 'oom': 0, 'oom_kill': 0, 'oom_group_kill': 0}
[container_monitor] pf-test-1: current=304.5MiB swap=68.4MiB max=358.0MiB cpu.usage_usec=1013494 method=swap_current_delta_fallback detail={'delta_swap_current': 0, 'swap_saturated': False, 'workingset_refault_anon': 3809} events={'low': 0, 'high': 0, 'max': 8, 'oom': 0, 'oom_kill': 0, 'oom_group_kill': 0}
[container_monitor] pf-test-1: current=304.5MiB swap=68.4MiB max=358.0MiB cpu.usage_usec=1018847 method=swap_current_delta_fallback detail={'delta_swap_current': -45056, 'swap_saturated': False, 'workingset_refault_anon': 3814} events={'low': 0, 'high': 0, 'max': 8, 'oom': 0, 'oom_kill': 0, 'oom_group_kill': 0}
[container_monitor] pf-test-1: current=304.5MiB swap=68.4MiB max=358.0MiB cpu.usage_usec=1023610 method=swap_current_delta_fallback detail={'delta_swap_current': 0, 'swap_saturated': False, 'workingset_refault_anon': 3821} events={'low': 0, 'high': 0, 'max': 8, 'oom': 0, 'oom_kill': 0, 'oom_group_kill': 0}
[container_monitor] pf-test-1: current=304.6MiB swap=68.3MiB max=358.0MiB cpu.usage_usec=1028202 method=swap_current_delta_fallback detail={'delta_swap_current': -65536, 'swap_saturated': False, 'workingset_refault_anon': 3840} events={'low': 0, 'high': 0, 'max': 8, 'oom': 0, 'oom_kill': 0, 'oom_group_kill': 0}
[container_monitor] pf-test-1: current=304.6MiB swap=68.3MiB max=358.0MiB cpu.usage_usec=1033232 method=swap_current_delta_fallback detail={'delta_swap_current': -28672, 'swap_saturated': False, 'workingset_refault_anon': 3851} events={'low': 0, 'high': 0, 'max': 8, 'oom': 0, 'oom_kill': 0, 'oom_group_kill': 0}
[container_monitor] pf-test-1: current=304.7MiB swap=68.3MiB max=358.0MiB cpu.usage_usec=1035054 method=swap_current_delta_fallback detail={'delta_swap_current': 0, 'swap_saturated': False, 'workingset_refault_anon': 3851} events={'low': 0, 'high': 0, 'max': 8, 'oom': 0, 'oom_kill': 0, 'oom_group_kill': 0}
[container_monitor] pf-test-1: current=304.7MiB swap=68.3MiB max=358.0MiB cpu.usage_usec=1035986 method=swap_current_delta_fallback detail={'delta_swap_current': 0, 'swap_saturated': False, 'workingset_refault_anon': 3861} events={'low': 0, 'high': 0, 'max': 8, 'oom': 0, 'oom_kill': 0, 'oom_group_kill': 0}
[container_monitor] pf-test-1: current=304.7MiB swap=68.3MiB max=358.0MiB cpu.usage_usec=1037059 method=swap_current_delta_fallback detail={'delta_swap_current': 0, 'swap_saturated': False, 'workingset_refault_anon': 3861} events={'low': 0, 'high': 0, 'max': 8, 'oom': 0, 'oom_kill': 0, 'oom_group_kill': 0}
[container_monitor] pf-test-1: current=304.7MiB swap=68.3MiB max=358.0MiB cpu.usage_usec=1040216 method=swap_current_delta_fallback detail={'delta_swap_current': 0, 'swap_saturated': False, 'workingset_refault_anon': 3861} events={'low': 0, 'high': 0, 'max': 8, 'oom': 0, 'oom_kill': 0, 'oom_group_kill': 0}
[container_monitor] pf-test-1: current=304.7MiB swap=68.3MiB max=358.0MiB cpu.usage_usec=1046456 method=swap_current_delta_fallback detail={'delta_swap_current': 0, 'swap_saturated': False, 'workingset_refault_anon': 3861} events={'low': 0, 'high': 0, 'max': 8, 'oom': 0, 'oom_kill': 0, 'oom_group_kill': 0}
[container_monitor] pf-test-1: current=304.7MiB swap=68.3MiB max=358.0MiB cpu.usage_usec=1050629 method=swap_current_delta_fallback detail={'delta_swap_current': 0, 'swap_saturated': False, 'workingset_refault_anon': 3861} events={'low': 0, 'high': 0, 'max': 8, 'oom': 0, 'oom_kill': 0, 'oom_group_kill': 0}
[container_monitor] pf-test-1: current=304.7MiB swap=68.3MiB max=358.0MiB cpu.usage_usec=1055335 method=swap_current_delta_fallback detail={'delta_swap_current': 0, 'swap_saturated': False, 'workingset_refault_anon': 3861} events={'low': 0, 'high': 0, 'max': 8, 'oom': 0, 'oom_kill': 0, 'oom_group_kill': 0}
[container_monitor] pf-test-1: current=304.9MiB swap=68.2MiB max=358.0MiB cpu.usage_usec=1060248 method=swap_current_delta_fallback detail={'delta_swap_current': -139264, 'swap_saturated': False, 'workingset_refault_anon': 3914} events={'low': 0, 'high': 0, 'max': 8, 'oom': 0, 'oom_kill': 0, 'oom_group_kill': 0}
[container_monitor] pf-test-1: current=304.9MiB swap=68.2MiB max=358.0MiB cpu.usage_usec=1061553 method=swap_current_delta_fallback detail={'delta_swap_current': 0, 'swap_saturated': False, 'workingset_refault_anon': 3915} events={'low': 0, 'high': 0, 'max': 8, 'oom': 0, 'oom_kill': 0, 'oom_group_kill': 0}
[container_monitor] pf-test-1: current=304.9MiB swap=68.2MiB max=358.0MiB cpu.usage_usec=1062469 method=swap_current_delta_fallback detail={'delta_swap_current': 0, 'swap_saturated': False, 'workingset_refault_anon': 3915} events={'low': 0, 'high': 0, 'max': 8, 'oom': 0, 'oom_kill': 0, 'oom_group_kill': 0}
[container_monitor] pf-test-1: current=304.9MiB swap=68.1MiB max=358.0MiB cpu.usage_usec=1066070 method=swap_current_delta_fallback detail={'delta_swap_current': -86016, 'swap_saturated': False, 'workingset_refault_anon': 3915} events={'low': 0, 'high': 0, 'max': 8, 'oom': 0, 'oom_kill': 0, 'oom_group_kill': 0}
[container_monitor] pf-test-1: current=305.2MiB swap=68.1MiB max=358.0MiB cpu.usage_usec=1070158 method=swap_current_delta_fallback detail={'delta_swap_current': 0, 'swap_saturated': False, 'workingset_refault_anon': 3949} events={'low': 0, 'high': 0, 'max': 8, 'oom': 0, 'oom_kill': 0, 'oom_group_kill': 0}
[container_monitor] pf-test-1: current=305.1MiB swap=68.1MiB max=358.0MiB cpu.usage_usec=1071162 method=swap_current_delta_fallback detail={'delta_swap_current': 0, 'swap_saturated': False, 'workingset_refault_anon': 3949} events={'low': 0, 'high': 0, 'max': 8, 'oom': 0, 'oom_kill': 0, 'oom_group_kill': 0}
[container_monitor] pf-test-1: current=305.1MiB swap=68.1MiB max=358.0MiB cpu.usage_usec=1071791 method=swap_current_delta_fallback detail={'delta_swap_current': 0, 'swap_saturated': False, 'workingset_refault_anon': 3952} events={'low': 0, 'high': 0, 'max': 8, 'oom': 0, 'oom_kill': 0, 'oom_group_kill': 0}
[container_monitor] pf-test-1: current=305.1MiB swap=68.1MiB max=358.0MiB cpu.usage_usec=1072968 method=swap_current_delta_fallback detail={'delta_swap_current': 0, 'swap_saturated': False, 'workingset_refault_anon': 3952} events={'low': 0, 'high': 0, 'max': 8, 'oom': 0, 'oom_kill': 0, 'oom_group_kill': 0}
[container_monitor] pf-test-1: current=305.1MiB swap=68.1MiB max=358.0MiB cpu.usage_usec=1077000 method=swap_current_delta_fallback detail={'delta_swap_current': 0, 'swap_saturated': False, 'workingset_refault_anon': 3952} events={'low': 0, 'high': 0, 'max': 8, 'oom': 0, 'oom_kill': 0, 'oom_group_kill': 0}
[container_monitor] pf-test-1: current=305.1MiB swap=68.1MiB max=358.0MiB cpu.usage_usec=1081983 method=swap_current_delta_fallback detail={'delta_swap_current': 0, 'swap_saturated': False, 'workingset_refault_anon': 3952} events={'low': 0, 'high': 0, 'max': 8, 'oom': 0, 'oom_kill': 0, 'oom_group_kill': 0}
[container_monitor] pf-test-1: current=305.1MiB swap=68.1MiB max=358.0MiB cpu.usage_usec=1086153 method=swap_current_delta_fallback detail={'delta_swap_current': 0, 'swap_saturated': False, 'workingset_refault_anon': 3952} events={'low': 0, 'high': 0, 'max': 8, 'oom': 0, 'oom_kill': 0, 'oom_group_kill': 0}
[container_monitor] pf-test-1: current=305.1MiB swap=67.9MiB max=358.0MiB cpu.usage_usec=1088650 method=swap_current_delta_fallback detail={'delta_swap_current': -139264, 'swap_saturated': False, 'workingset_refault_anon': 3956} events={'low': 0, 'high': 0, 'max': 8, 'oom': 0, 'oom_kill': 0, 'oom_group_kill': 0}
[container_monitor] pf-test-1: current=305.1MiB swap=67.9MiB max=358.0MiB cpu.usage_usec=1089260 method=swap_current_delta_fallback detail={'delta_swap_current': 0, 'swap_saturated': False, 'workingset_refault_anon': 3961} events={'low': 0, 'high': 0, 'max': 8, 'oom': 0, 'oom_kill': 0, 'oom_group_kill': 0}
[container_monitor] pf-test-1: current=305.1MiB swap=67.9MiB max=358.0MiB cpu.usage_usec=1089942 method=swap_current_delta_fallback detail={'delta_swap_current': 0, 'swap_saturated': False, 'workingset_refault_anon': 3961} events={'low': 0, 'high': 0, 'max': 8, 'oom': 0, 'oom_kill': 0, 'oom_group_kill': 0}
[container_monitor] pf-test-1: current=305.1MiB swap=67.9MiB max=358.0MiB cpu.usage_usec=1090553 method=swap_current_delta_fallback detail={'delta_swap_current': 0, 'swap_saturated': False, 'workingset_refault_anon': 3961} events={'low': 0, 'high': 0, 'max': 8, 'oom': 0, 'oom_kill': 0, 'oom_group_kill': 0}
[container_monitor] pf-test-1: current=305.1MiB swap=67.9MiB max=358.0MiB cpu.usage_usec=1096319 method=swap_current_delta_fallback detail={'delta_swap_current': 0, 'swap_saturated': False, 'workingset_refault_anon': 3961} events={'low': 0, 'high': 0, 'max': 8, 'oom': 0, 'oom_kill': 0, 'oom_group_kill': 0}
[container_monitor] pf-test-1: current=305.1MiB swap=67.9MiB max=358.0MiB cpu.usage_usec=1101176 method=swap_current_delta_fallback detail={'delta_swap_current': 0, 'swap_saturated': False, 'workingset_refault_anon': 3961} events={'low': 0, 'high': 0, 'max': 8, 'oom': 0, 'oom_kill': 0, 'oom_group_kill': 0}
[container_monitor] pf-test-1: current=305.2MiB swap=67.9MiB max=358.0MiB cpu.usage_usec=1103899 method=swap_current_delta_fallback detail={'delta_swap_current': -4096, 'swap_saturated': False, 'workingset_refault_anon': 3989} events={'low': 0, 'high': 0, 'max': 8, 'oom': 0, 'oom_kill': 0, 'oom_group_kill': 0}
[container_monitor] pf-test-1: current=305.2MiB swap=67.9MiB max=358.0MiB cpu.usage_usec=1104822 method=swap_current_delta_fallback detail={'delta_swap_current': 0, 'swap_saturated': False, 'workingset_refault_anon': 3989} events={'low': 0, 'high': 0, 'max': 8, 'oom': 0, 'oom_kill': 0, 'oom_group_kill': 0}
[container_monitor] pf-test-1: current=305.2MiB swap=67.9MiB max=358.0MiB cpu.usage_usec=1105630 method=swap_current_delta_fallback detail={'delta_swap_current': 0, 'swap_saturated': False, 'workingset_refault_anon': 3989} events={'low': 0, 'high': 0, 'max': 8, 'oom': 0, 'oom_kill': 0, 'oom_group_kill': 0}
[container_monitor] pf-test-1: current=305.2MiB swap=67.9MiB max=358.0MiB cpu.usage_usec=1108740 method=swap_current_delta_fallback detail={'delta_swap_current': 0, 'swap_saturated': False, 'workingset_refault_anon': 3989} events={'low': 0, 'high': 0, 'max': 8, 'oom': 0, 'oom_kill': 0, 'oom_group_kill': 0}
[container_monitor] pf-test-1: current=305.2MiB swap=67.9MiB max=358.0MiB cpu.usage_usec=1113300 method=swap_current_delta_fallback detail={'delta_swap_current': 0, 'swap_saturated': False, 'workingset_refault_anon': 3989} events={'low': 0, 'high': 0, 'max': 8, 'oom': 0, 'oom_kill': 0, 'oom_group_kill': 0}
[container_monitor] pf-test-1: current=305.4MiB swap=67.8MiB max=358.0MiB cpu.usage_usec=1118145 method=swap_current_delta_fallback detail={'delta_swap_current': -172032, 'swap_saturated': False, 'workingset_refault_anon': 4036} events={'low': 0, 'high': 0, 'max': 8, 'oom': 0, 'oom_kill': 0, 'oom_group_kill': 0}
[container_monitor] pf-test-1: current=305.9MiB swap=67.3MiB max=358.0MiB cpu.usage_usec=1123513 method=swap_current_delta_fallback detail={'delta_swap_current': -503808, 'swap_saturated': False, 'workingset_refault_anon': 4168} events={'low': 0, 'high': 0, 'max': 8, 'oom': 0, 'oom_kill': 0, 'oom_group_kill': 0}
[container_monitor] pf-test-1: current=306.0MiB swap=67.3MiB max=358.0MiB cpu.usage_usec=1124045 method=swap_current_delta_fallback detail={'delta_swap_current': 0, 'swap_saturated': False, 'workingset_refault_anon': 4168} events={'low': 0, 'high': 0, 'max': 8, 'oom': 0, 'oom_kill': 0, 'oom_group_kill': 0}
[container_monitor] pf-test-1: current=306.0MiB swap=67.3MiB max=358.0MiB cpu.usage_usec=1124678 method=swap_current_delta_fallback detail={'delta_swap_current': 0, 'swap_saturated': False, 'workingset_refault_anon': 4171} events={'low': 0, 'high': 0, 'max': 8, 'oom': 0, 'oom_kill': 0, 'oom_group_kill': 0}
[container_monitor] pf-test-1: current=306.0MiB swap=67.3MiB max=358.0MiB cpu.usage_usec=1130599 method=swap_current_delta_fallback detail={'delta_swap_current': 0, 'swap_saturated': False, 'workingset_refault_anon': 4171} events={'low': 0, 'high': 0, 'max': 8, 'oom': 0, 'oom_kill': 0, 'oom_group_kill': 0}
[container_monitor] pf-test-1: current=306.0MiB swap=67.3MiB max=358.0MiB cpu.usage_usec=1135940 method=swap_current_delta_fallback detail={'delta_swap_current': 0, 'swap_saturated': False, 'workingset_refault_anon': 4171} events={'low': 0, 'high': 0, 'max': 8, 'oom': 0, 'oom_kill': 0, 'oom_group_kill': 0}
[container_monitor] pf-test-1: current=306.0MiB swap=67.3MiB max=358.0MiB cpu.usage_usec=1140505 method=swap_current_delta_fallback detail={'delta_swap_current': 0, 'swap_saturated': False, 'workingset_refault_anon': 4171} events={'low': 0, 'high': 0, 'max': 8, 'oom': 0, 'oom_kill': 0, 'oom_group_kill': 0}
[container_monitor] pf-test-1: current=306.0MiB swap=67.3MiB max=358.0MiB cpu.usage_usec=1144059 method=swap_current_delta_fallback detail={'delta_swap_current': 0, 'swap_saturated': False, 'workingset_refault_anon': 4186} events={'low': 0, 'high': 0, 'max': 8, 'oom': 0, 'oom_kill': 0, 'oom_group_kill': 0}
[container_monitor] pf-test-1: current=306.0MiB swap=67.3MiB max=358.0MiB cpu.usage_usec=1145521 method=swap_current_delta_fallback detail={'delta_swap_current': 0, 'swap_saturated': False, 'workingset_refault_anon': 4186} events={'low': 0, 'high': 0, 'max': 8, 'oom': 0, 'oom_kill': 0, 'oom_group_kill': 0}
[container_monitor] pf-test-1: current=306.0MiB swap=67.3MiB max=358.0MiB cpu.usage_usec=1146059 method=swap_current_delta_fallback detail={'delta_swap_current': 0, 'swap_saturated': False, 'workingset_refault_anon': 4186} events={'low': 0, 'high': 0, 'max': 8, 'oom': 0, 'oom_kill': 0, 'oom_group_kill': 0}
[container_monitor] pf-test-1: current=306.0MiB swap=67.3MiB max=358.0MiB cpu.usage_usec=1147489 method=swap_current_delta_fallback detail={'delta_swap_current': 0, 'swap_saturated': False, 'workingset_refault_anon': 4186} events={'low': 0, 'high': 0, 'max': 8, 'oom': 0, 'oom_kill': 0, 'oom_group_kill': 0}
[container_monitor] pf-test-1: current=306.0MiB swap=67.1MiB max=358.0MiB cpu.usage_usec=1151210 method=swap_current_delta_fallback detail={'delta_swap_current': -167936, 'swap_saturated': False, 'workingset_refault_anon': 4186} events={'low': 0, 'high': 0, 'max': 8, 'oom': 0, 'oom_kill': 0, 'oom_group_kill': 0}
[container_monitor] pf-test-1: current=306.0MiB swap=67.1MiB max=358.0MiB cpu.usage_usec=1155570 method=swap_current_delta_fallback detail={'delta_swap_current': 0, 'swap_saturated': False, 'workingset_refault_anon': 4188} events={'low': 0, 'high': 0, 'max': 8, 'oom': 0, 'oom_kill': 0, 'oom_group_kill': 0}
[container_monitor] pf-test-1: current=306.0MiB swap=67.1MiB max=358.0MiB cpu.usage_usec=1156213 method=swap_current_delta_fallback detail={'delta_swap_current': 0, 'swap_saturated': False, 'workingset_refault_anon': 4188} events={'low': 0, 'high': 0, 'max': 8, 'oom': 0, 'oom_kill': 0, 'oom_group_kill': 0}
[container_monitor] pf-test-1: current=306.0MiB swap=67.1MiB max=358.0MiB cpu.usage_usec=1157288 method=swap_current_delta_fallback detail={'delta_swap_current': 0, 'swap_saturated': False, 'workingset_refault_anon': 4188} events={'low': 0, 'high': 0, 'max': 8, 'oom': 0, 'oom_kill': 0, 'oom_group_kill': 0}
[container_monitor] pf-test-1: current=306.0MiB swap=67.1MiB max=358.0MiB cpu.usage_usec=1162836 method=swap_current_delta_fallback detail={'delta_swap_current': 0, 'swap_saturated': False, 'workingset_refault_anon': 4188} events={'low': 0, 'high': 0, 'max': 8, 'oom': 0, 'oom_kill': 0, 'oom_group_kill': 0}
[container_monitor] pf-test-1: current=306.0MiB swap=67.1MiB max=358.0MiB cpu.usage_usec=1167512 method=swap_current_delta_fallback detail={'delta_swap_current': 0, 'swap_saturated': False, 'workingset_refault_anon': 4188} events={'low': 0, 'high': 0, 'max': 8, 'oom': 0, 'oom_kill': 0, 'oom_group_kill': 0}
[container_monitor] pf-test-1: current=306.0MiB swap=67.1MiB max=358.0MiB cpu.usage_usec=1172194 method=swap_current_delta_fallback detail={'delta_swap_current': 0, 'swap_saturated': False, 'workingset_refault_anon': 4188} events={'low': 0, 'high': 0, 'max': 8, 'oom': 0, 'oom_kill': 0, 'oom_group_kill': 0}
[container_monitor] pf-test-1: current=306.0MiB swap=67.1MiB max=358.0MiB cpu.usage_usec=1175976 method=swap_current_delta_fallback detail={'delta_swap_current': 0, 'swap_saturated': False, 'workingset_refault_anon': 4188} events={'low': 0, 'high': 0, 'max': 8, 'oom': 0, 'oom_kill': 0, 'oom_group_kill': 0}
[container_monitor] pf-test-1: current=306.0MiB swap=67.1MiB max=358.0MiB cpu.usage_usec=1176592 method=swap_current_delta_fallback detail={'delta_swap_current': -16384, 'swap_saturated': False, 'workingset_refault_anon': 4189} events={'low': 0, 'high': 0, 'max': 8, 'oom': 0, 'oom_kill': 0, 'oom_group_kill': 0}
[container_monitor] pf-test-1: current=306.1MiB swap=67.1MiB max=358.0MiB cpu.usage_usec=1177481 method=swap_current_delta_fallback detail={'delta_swap_current': 0, 'swap_saturated': False, 'workingset_refault_anon': 4189} events={'low': 0, 'high': 0, 'max': 8, 'oom': 0, 'oom_kill': 0, 'oom_group_kill': 0}
[container_monitor] pf-test-1: current=306.1MiB swap=67.1MiB max=358.0MiB cpu.usage_usec=1178719 method=swap_current_delta_fallback detail={'delta_swap_current': 0, 'swap_saturated': False, 'workingset_refault_anon': 4193} events={'low': 0, 'high': 0, 'max': 8, 'oom': 0, 'oom_kill': 0, 'oom_group_kill': 0}
[container_monitor] pf-test-1: current=306.1MiB swap=67.1MiB max=358.0MiB cpu.usage_usec=1194383 method=swap_current_delta_fallback detail={'delta_swap_current': 0, 'swap_saturated': False, 'workingset_refault_anon': 4193} events={'low': 0, 'high': 0, 'max': 8, 'oom': 0, 'oom_kill': 0, 'oom_group_kill': 0}
[container_monitor] pf-test-1: current=306.1MiB swap=67.1MiB max=358.0MiB cpu.usage_usec=1194383 method=swap_current_delta_fallback detail={'delta_swap_current': 0, 'swap_saturated': False, 'workingset_refault_anon': 4193} events={'low': 0, 'high': 0, 'max': 8, 'oom': 0, 'oom_kill': 0, 'oom_group_kill': 0}
[container_monitor] pf-test-1: current=306.1MiB swap=67.1MiB max=358.0MiB cpu.usage_usec=1194383 method=swap_current_delta_fallback detail={'delta_swap_current': 0, 'swap_saturated': False, 'workingset_refault_anon': 4193} events={'low': 0, 'high': 0, 'max': 8, 'oom': 0, 'oom_kill': 0, 'oom_group_kill': 0}
[container_monitor] pf-test-1: current=306.1MiB swap=67.1MiB max=358.0MiB cpu.usage_usec=1197906 method=swap_current_delta_fallback detail={'delta_swap_current': 0, 'swap_saturated': False, 'workingset_refault_anon': 4193} events={'low': 0, 'high': 0, 'max': 8, 'oom': 0, 'oom_kill': 0, 'oom_group_kill': 0}
[container_monitor] pf-test-1: current=306.1MiB swap=67.1MiB max=358.0MiB cpu.usage_usec=1202387 method=swap_current_delta_fallback detail={'delta_swap_current': 0, 'swap_saturated': False, 'workingset_refault_anon': 4193} events={'low': 0, 'high': 0, 'max': 8, 'oom': 0, 'oom_kill': 0, 'oom_group_kill': 0}
[container_monitor] pf-test-1: current=306.1MiB swap=67.1MiB max=358.0MiB cpu.usage_usec=1207421 method=swap_current_delta_fallback detail={'delta_swap_current': 0, 'swap_saturated': False, 'workingset_refault_anon': 4193} events={'low': 0, 'high': 0, 'max': 8, 'oom': 0, 'oom_kill': 0, 'oom_group_kill': 0}
[container_monitor] pf-test-1: current=306.1MiB swap=67.1MiB max=358.0MiB cpu.usage_usec=1212479 method=swap_current_delta_fallback detail={'delta_swap_current': 0, 'swap_saturated': False, 'workingset_refault_anon': 4193} events={'low': 0, 'high': 0, 'max': 8, 'oom': 0, 'oom_kill': 0, 'oom_group_kill': 0}
[container_monitor] pf-test-1: current=306.1MiB swap=67.1MiB max=358.0MiB cpu.usage_usec=1215818 method=swap_current_delta_fallback detail={'delta_swap_current': 0, 'swap_saturated': False, 'workingset_refault_anon': 4193} events={'low': 0, 'high': 0, 'max': 8, 'oom': 0, 'oom_kill': 0, 'oom_group_kill': 0}
[container_monitor] pf-test-1: current=306.1MiB swap=67.1MiB max=358.0MiB cpu.usage_usec=1216574 method=swap_current_delta_fallback detail={'delta_swap_current': 0, 'swap_saturated': False, 'workingset_refault_anon': 4193} events={'low': 0, 'high': 0, 'max': 8, 'oom': 0, 'oom_kill': 0, 'oom_group_kill': 0}
[container_monitor] pf-test-1: current=306.1MiB swap=67.1MiB max=358.0MiB cpu.usage_usec=1217726 method=swap_current_delta_fallback detail={'delta_swap_current': 0, 'swap_saturated': False, 'workingset_refault_anon': 4193} events={'low': 0, 'high': 0, 'max': 8, 'oom': 0, 'oom_kill': 0, 'oom_group_kill': 0}
[container_monitor] pf-test-1: current=306.1MiB swap=67.1MiB max=358.0MiB cpu.usage_usec=1218885 method=swap_current_delta_fallback detail={'delta_swap_current': 0, 'swap_saturated': False, 'workingset_refault_anon': 4193} events={'low': 0, 'high': 0, 'max': 8, 'oom': 0, 'oom_kill': 0, 'oom_group_kill': 0}
[container_monitor] pf-test-1: current=306.1MiB swap=67.1MiB max=358.0MiB cpu.usage_usec=1224953 method=swap_current_delta_fallback detail={'delta_swap_current': 0, 'swap_saturated': False, 'workingset_refault_anon': 4193} events={'low': 0, 'high': 0, 'max': 8, 'oom': 0, 'oom_kill': 0, 'oom_group_kill': 0}
[container_monitor] pf-test-1: current=308.0MiB swap=67.1MiB max=358.0MiB cpu.usage_usec=1229578 method=swap_current_delta_fallback detail={'delta_swap_current': 0, 'swap_saturated': False, 'workingset_refault_anon': 4193} events={'low': 0, 'high': 0, 'max': 8, 'oom': 0, 'oom_kill': 0, 'oom_group_kill': 0}
[container_monitor] pf-test-1: current=308.0MiB swap=67.1MiB max=358.0MiB cpu.usage_usec=1234286 method=swap_current_delta_fallback detail={'delta_swap_current': 0, 'swap_saturated': False, 'workingset_refault_anon': 4195} events={'low': 0, 'high': 0, 'max': 8, 'oom': 0, 'oom_kill': 0, 'oom_group_kill': 0}
[container_monitor] pf-test-1: current=308.0MiB swap=67.1MiB max=358.0MiB cpu.usage_usec=1235717 method=swap_current_delta_fallback detail={'delta_swap_current': 0, 'swap_saturated': False, 'workingset_refault_anon': 4195} events={'low': 0, 'high': 0, 'max': 8, 'oom': 0, 'oom_kill': 0, 'oom_group_kill': 0}
[container_monitor] pf-test-1: current=308.0MiB swap=67.1MiB max=358.0MiB cpu.usage_usec=1236962 method=swap_current_delta_fallback detail={'delta_swap_current': 0, 'swap_saturated': False, 'workingset_refault_anon': 4195} events={'low': 0, 'high': 0, 'max': 8, 'oom': 0, 'oom_kill': 0, 'oom_group_kill': 0}
[container_monitor] pf-test-1: current=308.0MiB swap=67.1MiB max=358.0MiB cpu.usage_usec=1238211 method=swap_current_delta_fallback detail={'delta_swap_current': 0, 'swap_saturated': False, 'workingset_refault_anon': 4195} events={'low': 0, 'high': 0, 'max': 8, 'oom': 0, 'oom_kill': 0, 'oom_group_kill': 0}
[container_monitor] pf-test-1: current=308.5MiB swap=67.1MiB max=358.0MiB cpu.usage_usec=1241323 method=swap_current_delta_fallback detail={'delta_swap_current': 0, 'swap_saturated': False, 'workingset_refault_anon': 4195} events={'low': 0, 'high': 0, 'max': 8, 'oom': 0, 'oom_kill': 0, 'oom_group_kill': 0}
[container_monitor] pf-test-1: current=309.3MiB swap=67.1MiB max=358.0MiB cpu.usage_usec=1246220 method=swap_current_delta_fallback detail={'delta_swap_current': 0, 'swap_saturated': False, 'workingset_refault_anon': 4195} events={'low': 0, 'high': 0, 'max': 8, 'oom': 0, 'oom_kill': 0, 'oom_group_kill': 0}
[container_monitor] pf-test-1: current=310.4MiB swap=67.1MiB max=358.0MiB cpu.usage_usec=1251779 method=swap_current_delta_fallback detail={'delta_swap_current': 0, 'swap_saturated': False, 'workingset_refault_anon': 4195} events={'low': 0, 'high': 0, 'max': 8, 'oom': 0, 'oom_kill': 0, 'oom_group_kill': 0}
[container_monitor] pf-test-1: current=312.0MiB swap=67.1MiB max=358.0MiB cpu.usage_usec=1257121 method=swap_current_delta_fallback detail={'delta_swap_current': 0, 'swap_saturated': False, 'workingset_refault_anon': 4195} events={'low': 0, 'high': 0, 'max': 8, 'oom': 0, 'oom_kill': 0, 'oom_group_kill': 0}
[container_monitor] pf-test-1: current=312.8MiB swap=67.1MiB max=358.0MiB cpu.usage_usec=1262029 method=swap_current_delta_fallback detail={'delta_swap_current': 0, 'swap_saturated': False, 'workingset_refault_anon': 4195} events={'low': 0, 'high': 0, 'max': 8, 'oom': 0, 'oom_kill': 0, 'oom_group_kill': 0}
[container_monitor] pf-test-1: current=314.1MiB swap=67.1MiB max=358.0MiB cpu.usage_usec=1267157 method=swap_current_delta_fallback detail={'delta_swap_current': 0, 'swap_saturated': False, 'workingset_refault_anon': 4195} events={'low': 0, 'high': 0, 'max': 8, 'oom': 0, 'oom_kill': 0, 'oom_group_kill': 0}
[container_monitor] pf-test-1: current=315.2MiB swap=67.1MiB max=358.0MiB cpu.usage_usec=1271962 method=swap_current_delta_fallback detail={'delta_swap_current': 0, 'swap_saturated': False, 'workingset_refault_anon': 4195} events={'low': 0, 'high': 0, 'max': 8, 'oom': 0, 'oom_kill': 0, 'oom_group_kill': 0}
[container_monitor] pf-test-1: current=316.2MiB swap=67.1MiB max=358.0MiB cpu.usage_usec=1276655 method=swap_current_delta_fallback detail={'delta_swap_current': 0, 'swap_saturated': False, 'workingset_refault_anon': 4196} events={'low': 0, 'high': 0, 'max': 8, 'oom': 0, 'oom_kill': 0, 'oom_group_kill': 0}
[container_monitor] pf-test-1: current=317.1MiB swap=67.1MiB max=358.0MiB cpu.usage_usec=1281707 method=swap_current_delta_fallback detail={'delta_swap_current': 0, 'swap_saturated': False, 'workingset_refault_anon': 4199} events={'low': 0, 'high': 0, 'max': 8, 'oom': 0, 'oom_kill': 0, 'oom_group_kill': 0}
[container_monitor] pf-test-1: current=318.0MiB swap=67.1MiB max=358.0MiB cpu.usage_usec=1286364 method=swap_current_delta_fallback detail={'delta_swap_current': 0, 'swap_saturated': False, 'workingset_refault_anon': 4199} events={'low': 0, 'high': 0, 'max': 8, 'oom': 0, 'oom_kill': 0, 'oom_group_kill': 0}
[container_monitor] pf-test-1: current=320.5MiB swap=67.1MiB max=358.0MiB cpu.usage_usec=1291734 method=swap_current_delta_fallback detail={'delta_swap_current': 0, 'swap_saturated': False, 'workingset_refault_anon': 4199} events={'low': 0, 'high': 0, 'max': 8, 'oom': 0, 'oom_kill': 0, 'oom_group_kill': 0}
[container_monitor] pf-test-1: current=322.2MiB swap=67.1MiB max=358.0MiB cpu.usage_usec=1296413 method=swap_current_delta_fallback detail={'delta_swap_current': 0, 'swap_saturated': False, 'workingset_refault_anon': 4199} events={'low': 0, 'high': 0, 'max': 8, 'oom': 0, 'oom_kill': 0, 'oom_group_kill': 0}
[container_monitor] pf-test-1: current=324.6MiB swap=67.1MiB max=358.0MiB cpu.usage_usec=1301472 method=swap_current_delta_fallback detail={'delta_swap_current': 0, 'swap_saturated': False, 'workingset_refault_anon': 4199} events={'low': 0, 'high': 0, 'max': 8, 'oom': 0, 'oom_kill': 0, 'oom_group_kill': 0}
[container_monitor] pf-test-1: current=326.6MiB swap=67.1MiB max=358.0MiB cpu.usage_usec=1306698 method=swap_current_delta_fallback detail={'delta_swap_current': 0, 'swap_saturated': False, 'workingset_refault_anon': 4199} events={'low': 0, 'high': 0, 'max': 8, 'oom': 0, 'oom_kill': 0, 'oom_group_kill': 0}
[container_monitor] pf-test-1: current=328.1MiB swap=67.1MiB max=358.0MiB cpu.usage_usec=1311795 method=swap_current_delta_fallback detail={'delta_swap_current': 0, 'swap_saturated': False, 'workingset_refault_anon': 4199} events={'low': 0, 'high': 0, 'max': 8, 'oom': 0, 'oom_kill': 0, 'oom_group_kill': 0}
[container_monitor] pf-test-1: current=330.3MiB swap=67.1MiB max=358.0MiB cpu.usage_usec=1317156 method=swap_current_delta_fallback detail={'delta_swap_current': 0, 'swap_saturated': False, 'workingset_refault_anon': 4199} events={'low': 0, 'high': 0, 'max': 8, 'oom': 0, 'oom_kill': 0, 'oom_group_kill': 0}
[container_monitor] pf-test-1: current=334.9MiB swap=67.1MiB max=358.0MiB cpu.usage_usec=1321896 method=swap_current_delta_fallback detail={'delta_swap_current': -36864, 'swap_saturated': False, 'workingset_refault_anon': 4199} events={'low': 0, 'high': 0, 'max': 8, 'oom': 0, 'oom_kill': 0, 'oom_group_kill': 0}
[container_monitor] pf-test-1: current=336.7MiB swap=67.1MiB max=358.0MiB cpu.usage_usec=1326254 method=swap_current_delta_fallback detail={'delta_swap_current': 0, 'swap_saturated': False, 'workingset_refault_anon': 4199} events={'low': 0, 'high': 0, 'max': 8, 'oom': 0, 'oom_kill': 0, 'oom_group_kill': 0}
[container_monitor] pf-test-1: current=340.1MiB swap=67.1MiB max=358.0MiB cpu.usage_usec=1332046 method=swap_current_delta_fallback detail={'delta_swap_current': 0, 'swap_saturated': False, 'workingset_refault_anon': 4199} events={'low': 0, 'high': 0, 'max': 8, 'oom': 0, 'oom_kill': 0, 'oom_group_kill': 0}
[container_monitor] pf-test-1: current=343.2MiB swap=67.1MiB max=358.0MiB cpu.usage_usec=1336345 method=swap_current_delta_fallback detail={'delta_swap_current': 0, 'swap_saturated': False, 'workingset_refault_anon': 4199} events={'low': 0, 'high': 0, 'max': 8, 'oom': 0, 'oom_kill': 0, 'oom_group_kill': 0}
[container_monitor] pf-test-1: current=346.1MiB swap=67.1MiB max=358.0MiB cpu.usage_usec=1341865 method=swap_current_delta_fallback detail={'delta_swap_current': 0, 'swap_saturated': False, 'workingset_refault_anon': 4199} events={'low': 0, 'high': 0, 'max': 8, 'oom': 0, 'oom_kill': 0, 'oom_group_kill': 0}
[container_monitor] pf-test-1: current=348.1MiB swap=67.1MiB max=358.0MiB cpu.usage_usec=1346671 method=swap_current_delta_fallback detail={'delta_swap_current': 0, 'swap_saturated': False, 'workingset_refault_anon': 4199} events={'low': 0, 'high': 0, 'max': 8, 'oom': 0, 'oom_kill': 0, 'oom_group_kill': 0}
[container_monitor] pf-test-1: current=351.3MiB swap=67.1MiB max=358.0MiB cpu.usage_usec=1351563 method=swap_current_delta_fallback detail={'delta_swap_current': 0, 'swap_saturated': False, 'workingset_refault_anon': 4199} events={'low': 0, 'high': 0, 'max': 8, 'oom': 0, 'oom_kill': 0, 'oom_group_kill': 0}
[container_monitor] pf-test-1: current=355.1MiB swap=67.1MiB max=358.0MiB cpu.usage_usec=1357933 method=swap_current_delta_fallback detail={'delta_swap_current': -4096, 'swap_saturated': False, 'workingset_refault_anon': 4199} events={'low': 0, 'high': 0, 'max': 8, 'oom': 0, 'oom_kill': 0, 'oom_group_kill': 0}
[container_monitor] pf-test-1: current=357.8MiB swap=67.1MiB max=358.0MiB cpu.usage_usec=1362978 method=swap_current_delta_fallback detail={'delta_swap_current': 0, 'swap_saturated': False, 'workingset_refault_anon': 4199} events={'low': 0, 'high': 0, 'max': 8, 'oom': 0, 'oom_kill': 0, 'oom_group_kill': 0}
[container_monitor] pf-test-1: current=357.8MiB swap=67.1MiB max=358.0MiB cpu.usage_usec=1367341 method=swap_current_delta_fallback detail={'delta_swap_current': 0, 'swap_saturated': False, 'workingset_refault_anon': 4199} events={'low': 0, 'high': 0, 'max': 13, 'oom': 0, 'oom_kill': 0, 'oom_group_kill': 0}
[container_monitor] pf-test-1: current=358.0MiB swap=67.1MiB max=358.0MiB cpu.usage_usec=1372440 method=swap_current_delta_fallback detail={'delta_swap_current': 0, 'swap_saturated': False, 'workingset_refault_anon': 4199} events={'low': 0, 'high': 0, 'max': 19, 'oom': 0, 'oom_kill': 0, 'oom_group_kill': 0}
[container_monitor] pf-test-1: current=358.0MiB swap=67.1MiB max=358.0MiB cpu.usage_usec=1378065 method=swap_current_delta_fallback detail={'delta_swap_current': 0, 'swap_saturated': False, 'workingset_refault_anon': 4199} events={'low': 0, 'high': 0, 'max': 25, 'oom': 0, 'oom_kill': 0, 'oom_group_kill': 0}
[container_monitor] pf-test-1: current=357.9MiB swap=67.2MiB max=358.0MiB cpu.usage_usec=1382876 method=swap_current_delta_fallback detail={'delta_swap_current': 131072, 'swap_saturated': False, 'workingset_refault_anon': 4199} events={'low': 0, 'high': 0, 'max': 30, 'oom': 0, 'oom_kill': 0, 'oom_group_kill': 0}
[container_monitor] pf-test-1: OCM 감지 (method=swap_current_delta_fallback, detail={'delta_swap_current': 131072, 'swap_saturated': False, 'workingset_refault_anon': 4199})
[puff_manager] pf-test-1: puff 적용 358MiB -> 501MiB
[container_monitor] pf-test-1: puff 완료, 새 메모리 한도 501MiB
[container_monitor] pf-test-1: 이미 suspend 상태, 재적용 생략
[container_monitor] pf-test-1: current=366.6MiB swap=67.6MiB max=501.0MiB cpu.usage_usec=1389650 method=swap_current_delta_fallback detail={'delta_swap_current': 385024, 'swap_saturated': False, 'workingset_refault_anon': 4199} events={'low': 0, 'high': 0, 'max': 32, 'oom': 0, 'oom_kill': 0, 'oom_group_kill': 0}
[container_monitor] pf-test-1: current=368.9MiB swap=67.6MiB max=501.0MiB cpu.usage_usec=1394247 method=swap_current_delta_fallback detail={'delta_swap_current': 0, 'swap_saturated': False, 'workingset_refault_anon': 4199} events={'low': 0, 'high': 0, 'max': 32, 'oom': 0, 'oom_kill': 0, 'oom_group_kill': 0}
[container_monitor] pf-test-1: current=371.8MiB swap=67.6MiB max=501.0MiB cpu.usage_usec=1400125 method=swap_current_delta_fallback detail={'delta_swap_current': 0, 'swap_saturated': False, 'workingset_refault_anon': 4199} events={'low': 0, 'high': 0, 'max': 32, 'oom': 0, 'oom_kill': 0, 'oom_group_kill': 0}
[container_monitor] pf-test-1: current=374.2MiB swap=67.6MiB max=501.0MiB cpu.usage_usec=1404458 method=swap_current_delta_fallback detail={'delta_swap_current': 0, 'swap_saturated': False, 'workingset_refault_anon': 4199} events={'low': 0, 'high': 0, 'max': 32, 'oom': 0, 'oom_kill': 0, 'oom_group_kill': 0}
[container_monitor] pf-test-1: current=376.9MiB swap=67.6MiB max=501.0MiB cpu.usage_usec=1410009 method=swap_current_delta_fallback detail={'delta_swap_current': 0, 'swap_saturated': False, 'workingset_refault_anon': 4199} events={'low': 0, 'high': 0, 'max': 32, 'oom': 0, 'oom_kill': 0, 'oom_group_kill': 0}
[container_monitor] pf-test-1: current=383.1MiB swap=67.6MiB max=501.0MiB cpu.usage_usec=1415145 method=swap_current_delta_fallback detail={'delta_swap_current': 0, 'swap_saturated': False, 'workingset_refault_anon': 4199} events={'low': 0, 'high': 0, 'max': 32, 'oom': 0, 'oom_kill': 0, 'oom_group_kill': 0}
[container_monitor] pf-test-1: current=387.2MiB swap=67.6MiB max=501.0MiB cpu.usage_usec=1420065 method=swap_current_delta_fallback detail={'delta_swap_current': 0, 'swap_saturated': False, 'workingset_refault_anon': 4199} events={'low': 0, 'high': 0, 'max': 32, 'oom': 0, 'oom_kill': 0, 'oom_group_kill': 0}
[container_monitor] pf-test-1: current=389.1MiB swap=67.6MiB max=501.0MiB cpu.usage_usec=1424561 method=swap_current_delta_fallback detail={'delta_swap_current': 0, 'swap_saturated': False, 'workingset_refault_anon': 4199} events={'low': 0, 'high': 0, 'max': 32, 'oom': 0, 'oom_kill': 0, 'oom_group_kill': 0}
[container_monitor] pf-test-1: current=391.7MiB swap=67.6MiB max=501.0MiB cpu.usage_usec=1429903 method=swap_current_delta_fallback detail={'delta_swap_current': 0, 'swap_saturated': False, 'workingset_refault_anon': 4199} events={'low': 0, 'high': 0, 'max': 32, 'oom': 0, 'oom_kill': 0, 'oom_group_kill': 0}
[container_monitor] pf-test-1: current=395.8MiB swap=67.6MiB max=501.0MiB cpu.usage_usec=1435093 method=swap_current_delta_fallback detail={'delta_swap_current': 0, 'swap_saturated': False, 'workingset_refault_anon': 4199} events={'low': 0, 'high': 0, 'max': 32, 'oom': 0, 'oom_kill': 0, 'oom_group_kill': 0}
[container_monitor] pf-test-1: current=397.5MiB swap=67.6MiB max=501.0MiB cpu.usage_usec=1439806 method=swap_current_delta_fallback detail={'delta_swap_current': 0, 'swap_saturated': False, 'workingset_refault_anon': 4199} events={'low': 0, 'high': 0, 'max': 32, 'oom': 0, 'oom_kill': 0, 'oom_group_kill': 0}
[container_monitor] pf-test-1: current=399.1MiB swap=67.6MiB max=501.0MiB cpu.usage_usec=1444262 method=swap_current_delta_fallback detail={'delta_swap_current': 0, 'swap_saturated': False, 'workingset_refault_anon': 4232} events={'low': 0, 'high': 0, 'max': 32, 'oom': 0, 'oom_kill': 0, 'oom_group_kill': 0}
[container_monitor] pf-test-1: current=399.5MiB swap=67.2MiB max=501.0MiB cpu.usage_usec=1449431 method=swap_current_delta_fallback detail={'delta_swap_current': -376832, 'swap_saturated': False, 'workingset_refault_anon': 4327} events={'low': 0, 'high': 0, 'max': 32, 'oom': 0, 'oom_kill': 0, 'oom_group_kill': 0}
[container_monitor] pf-test-1: current=399.8MiB swap=67.0MiB max=501.0MiB cpu.usage_usec=1454311 method=swap_current_delta_fallback detail={'delta_swap_current': -262144, 'swap_saturated': False, 'workingset_refault_anon': 4425} events={'low': 0, 'high': 0, 'max': 32, 'oom': 0, 'oom_kill': 0, 'oom_group_kill': 0}
[container_monitor] pf-test-1: current=400.2MiB swap=66.7MiB max=501.0MiB cpu.usage_usec=1459257 method=swap_current_delta_fallback detail={'delta_swap_current': -262144, 'swap_saturated': False, 'workingset_refault_anon': 4549} events={'low': 0, 'high': 0, 'max': 32, 'oom': 0, 'oom_kill': 0, 'oom_group_kill': 0}
[container_monitor] pf-test-1: current=400.6MiB swap=66.2MiB max=501.0MiB cpu.usage_usec=1464247 method=swap_current_delta_fallback detail={'delta_swap_current': -524288, 'swap_saturated': False, 'workingset_refault_anon': 4659} events={'low': 0, 'high': 0, 'max': 32, 'oom': 0, 'oom_kill': 0, 'oom_group_kill': 0}
[container_monitor] pf-test-1: current=401.0MiB swap=66.0MiB max=501.0MiB cpu.usage_usec=1469329 method=swap_current_delta_fallback detail={'delta_swap_current': -262144, 'swap_saturated': False, 'workingset_refault_anon': 4755} events={'low': 0, 'high': 0, 'max': 32, 'oom': 0, 'oom_kill': 0, 'oom_group_kill': 0}
[container_monitor] pf-test-1: current=401.4MiB swap=65.7MiB max=501.0MiB cpu.usage_usec=1474299 method=swap_current_delta_fallback detail={'delta_swap_current': -262144, 'swap_saturated': False, 'workingset_refault_anon': 4859} events={'low': 0, 'high': 0, 'max': 32, 'oom': 0, 'oom_kill': 0, 'oom_group_kill': 0}
[container_monitor] pf-test-1: current=401.9MiB swap=65.2MiB max=501.0MiB cpu.usage_usec=1479300 method=swap_current_delta_fallback detail={'delta_swap_current': -524288, 'swap_saturated': False, 'workingset_refault_anon': 4999} events={'low': 0, 'high': 0, 'max': 32, 'oom': 0, 'oom_kill': 0, 'oom_group_kill': 0}
[container_monitor] pf-test-1: current=402.3MiB swap=64.7MiB max=501.0MiB cpu.usage_usec=1484652 method=swap_current_delta_fallback detail={'delta_swap_current': -520192, 'swap_saturated': False, 'workingset_refault_anon': 5093} events={'low': 0, 'high': 0, 'max': 32, 'oom': 0, 'oom_kill': 0, 'oom_group_kill': 0}
[container_monitor] pf-test-1: current=402.5MiB swap=64.6MiB max=501.0MiB cpu.usage_usec=1489298 method=swap_current_delta_fallback detail={'delta_swap_current': -102400, 'swap_saturated': False, 'workingset_refault_anon': 5143} events={'low': 0, 'high': 0, 'max': 32, 'oom': 0, 'oom_kill': 0, 'oom_group_kill': 0}
[container_monitor] pf-test-1: current=402.8MiB swap=63.9MiB max=501.0MiB cpu.usage_usec=1494614 method=swap_current_delta_fallback detail={'delta_swap_current': -745472, 'swap_saturated': False, 'workingset_refault_anon': 5232} events={'low': 0, 'high': 0, 'max': 32, 'oom': 0, 'oom_kill': 0, 'oom_group_kill': 0}
[container_monitor] pf-test-1: current=403.1MiB swap=63.9MiB max=501.0MiB cpu.usage_usec=1499283 method=swap_current_delta_fallback detail={'delta_swap_current': 0, 'swap_saturated': False, 'workingset_refault_anon': 5299} events={'low': 0, 'high': 0, 'max': 32, 'oom': 0, 'oom_kill': 0, 'oom_group_kill': 0}
[container_monitor] pf-test-1: current=403.3MiB swap=63.9MiB max=501.0MiB cpu.usage_usec=1505075 method=swap_current_delta_fallback detail={'delta_swap_current': 0, 'swap_saturated': False, 'workingset_refault_anon': 5347} events={'low': 0, 'high': 0, 'max': 32, 'oom': 0, 'oom_kill': 0, 'oom_group_kill': 0}
[container_monitor] pf-test-1: current=403.8MiB swap=63.7MiB max=501.0MiB cpu.usage_usec=1509761 method=swap_current_delta_fallback detail={'delta_swap_current': -225280, 'swap_saturated': False, 'workingset_refault_anon': 5417} events={'low': 0, 'high': 0, 'max': 32, 'oom': 0, 'oom_kill': 0, 'oom_group_kill': 0}
[container_monitor] pf-test-1: current=403.8MiB swap=63.7MiB max=501.0MiB cpu.usage_usec=1515085 method=swap_current_delta_fallback detail={'delta_swap_current': 0, 'swap_saturated': False, 'workingset_refault_anon': 5469} events={'low': 0, 'high': 0, 'max': 32, 'oom': 0, 'oom_kill': 0, 'oom_group_kill': 0}
[container_monitor] pf-test-1: current=403.8MiB swap=63.6MiB max=501.0MiB cpu.usage_usec=1519339 method=swap_current_delta_fallback detail={'delta_swap_current': -57344, 'swap_saturated': False, 'workingset_refault_anon': 5469} events={'low': 0, 'high': 0, 'max': 32, 'oom': 0, 'oom_kill': 0, 'oom_group_kill': 0}
[container_monitor] pf-test-1: current=403.8MiB swap=63.6MiB max=501.0MiB cpu.usage_usec=1524809 method=swap_current_delta_fallback detail={'delta_swap_current': 0, 'swap_saturated': False, 'workingset_refault_anon': 5469} events={'low': 0, 'high': 0, 'max': 32, 'oom': 0, 'oom_kill': 0, 'oom_group_kill': 0}
[container_monitor] pf-test-1: current=403.8MiB swap=63.6MiB max=501.0MiB cpu.usage_usec=1529857 method=swap_current_delta_fallback detail={'delta_swap_current': 0, 'swap_saturated': False, 'workingset_refault_anon': 5469} events={'low': 0, 'high': 0, 'max': 32, 'oom': 0, 'oom_kill': 0, 'oom_group_kill': 0}
[container_monitor] pf-test-1: current=404.8MiB swap=63.6MiB max=501.0MiB cpu.usage_usec=1534985 method=swap_current_delta_fallback detail={'delta_swap_current': -36864, 'swap_saturated': False, 'workingset_refault_anon': 5470} events={'low': 0, 'high': 0, 'max': 32, 'oom': 0, 'oom_kill': 0, 'oom_group_kill': 0}
[container_monitor] pf-test-1: current=404.8MiB swap=63.6MiB max=501.0MiB cpu.usage_usec=1539514 method=swap_current_delta_fallback detail={'delta_swap_current': -4096, 'swap_saturated': False, 'workingset_refault_anon': 5470} events={'low': 0, 'high': 0, 'max': 32, 'oom': 0, 'oom_kill': 0, 'oom_group_kill': 0}
[container_monitor] pf-test-1: current=404.8MiB swap=63.6MiB max=501.0MiB cpu.usage_usec=1545120 method=swap_current_delta_fallback detail={'delta_swap_current': 0, 'swap_saturated': False, 'workingset_refault_anon': 5470} events={'low': 0, 'high': 0, 'max': 32, 'oom': 0, 'oom_kill': 0, 'oom_group_kill': 0}
[container_monitor] pf-test-1: current=404.8MiB swap=63.6MiB max=501.0MiB cpu.usage_usec=1549263 method=swap_current_delta_fallback detail={'delta_swap_current': 0, 'swap_saturated': False, 'workingset_refault_anon': 5470} events={'low': 0, 'high': 0, 'max': 32, 'oom': 0, 'oom_kill': 0, 'oom_group_kill': 0}
[container_monitor] pf-test-1: current=404.8MiB swap=63.6MiB max=501.0MiB cpu.usage_usec=1553681 method=swap_current_delta_fallback detail={'delta_swap_current': -4096, 'swap_saturated': False, 'workingset_refault_anon': 5470} events={'low': 0, 'high': 0, 'max': 32, 'oom': 0, 'oom_kill': 0, 'oom_group_kill': 0}
[container_monitor] pf-test-1: current=404.8MiB swap=63.6MiB max=501.0MiB cpu.usage_usec=1554595 method=swap_current_delta_fallback detail={'delta_swap_current': 0, 'swap_saturated': False, 'workingset_refault_anon': 5472} events={'low': 0, 'high': 0, 'max': 32, 'oom': 0, 'oom_kill': 0, 'oom_group_kill': 0}
[container_monitor] pf-test-1: current=404.8MiB swap=63.6MiB max=501.0MiB cpu.usage_usec=1555447 method=swap_current_delta_fallback detail={'delta_swap_current': 0, 'swap_saturated': False, 'workingset_refault_anon': 5472} events={'low': 0, 'high': 0, 'max': 32, 'oom': 0, 'oom_kill': 0, 'oom_group_kill': 0}
[container_monitor] pf-test-1: current=404.8MiB swap=63.6MiB max=501.0MiB cpu.usage_usec=1556526 method=swap_current_delta_fallback detail={'delta_swap_current': 0, 'swap_saturated': False, 'workingset_refault_anon': 5472} events={'low': 0, 'high': 0, 'max': 32, 'oom': 0, 'oom_kill': 0, 'oom_group_kill': 0}
[container_monitor] pf-test-1: current=404.8MiB swap=63.6MiB max=501.0MiB cpu.usage_usec=1560353 method=swap_current_delta_fallback detail={'delta_swap_current': 0, 'swap_saturated': False, 'workingset_refault_anon': 5472} events={'low': 0, 'high': 0, 'max': 32, 'oom': 0, 'oom_kill': 0, 'oom_group_kill': 0}
[container_monitor] pf-test-1: current=404.8MiB swap=63.6MiB max=501.0MiB cpu.usage_usec=1565294 method=swap_current_delta_fallback detail={'delta_swap_current': 0, 'swap_saturated': False, 'workingset_refault_anon': 5472} events={'low': 0, 'high': 0, 'max': 32, 'oom': 0, 'oom_kill': 0, 'oom_group_kill': 0}
[container_monitor] pf-test-1: current=404.8MiB swap=63.6MiB max=501.0MiB cpu.usage_usec=1568875 method=swap_current_delta_fallback detail={'delta_swap_current': 0, 'swap_saturated': False, 'workingset_refault_anon': 5472} events={'low': 0, 'high': 0, 'max': 32, 'oom': 0, 'oom_kill': 0, 'oom_group_kill': 0}
[container_monitor] pf-test-1: current=404.8MiB swap=63.6MiB max=501.0MiB cpu.usage_usec=1569854 method=swap_current_delta_fallback detail={'delta_swap_current': 0, 'swap_saturated': False, 'workingset_refault_anon': 5472} events={'low': 0, 'high': 0, 'max': 32, 'oom': 0, 'oom_kill': 0, 'oom_group_kill': 0}
[container_monitor] pf-test-1: current=404.8MiB swap=63.6MiB max=501.0MiB cpu.usage_usec=1570933 method=swap_current_delta_fallback detail={'delta_swap_current': 0, 'swap_saturated': False, 'workingset_refault_anon': 5472} events={'low': 0, 'high': 0, 'max': 32, 'oom': 0, 'oom_kill': 0, 'oom_group_kill': 0}
[container_monitor] pf-test-1: current=404.8MiB swap=63.6MiB max=501.0MiB cpu.usage_usec=1571911 method=swap_current_delta_fallback detail={'delta_swap_current': 0, 'swap_saturated': False, 'workingset_refault_anon': 5472} events={'low': 0, 'high': 0, 'max': 32, 'oom': 0, 'oom_kill': 0, 'oom_group_kill': 0}
[container_monitor] pf-test-1: current=404.8MiB swap=63.6MiB max=501.0MiB cpu.usage_usec=1576292 method=swap_current_delta_fallback detail={'delta_swap_current': 0, 'swap_saturated': False, 'workingset_refault_anon': 5472} events={'low': 0, 'high': 0, 'max': 32, 'oom': 0, 'oom_kill': 0, 'oom_group_kill': 0}
[container_monitor] pf-test-1: current=404.8MiB swap=63.6MiB max=501.0MiB cpu.usage_usec=1582679 method=swap_current_delta_fallback detail={'delta_swap_current': 0, 'swap_saturated': False, 'workingset_refault_anon': 5472} events={'low': 0, 'high': 0, 'max': 32, 'oom': 0, 'oom_kill': 0, 'oom_group_kill': 0}
[container_monitor] pf-test-1: current=404.9MiB swap=63.6MiB max=501.0MiB cpu.usage_usec=1587309 method=swap_current_delta_fallback detail={'delta_swap_current': 0, 'swap_saturated': False, 'workingset_refault_anon': 5472} events={'low': 0, 'high': 0, 'max': 32, 'oom': 0, 'oom_kill': 0, 'oom_group_kill': 0}
[container_monitor] pf-test-1: current=405.0MiB swap=63.6MiB max=501.0MiB cpu.usage_usec=1590518 method=swap_current_delta_fallback detail={'delta_swap_current': 0, 'swap_saturated': False, 'workingset_refault_anon': 5490} events={'low': 0, 'high': 0, 'max': 32, 'oom': 0, 'oom_kill': 0, 'oom_group_kill': 0}
[container_monitor] pf-test-1: current=405.0MiB swap=63.6MiB max=501.0MiB cpu.usage_usec=1591315 method=swap_current_delta_fallback detail={'delta_swap_current': 0, 'swap_saturated': False, 'workingset_refault_anon': 5496} events={'low': 0, 'high': 0, 'max': 32, 'oom': 0, 'oom_kill': 0, 'oom_group_kill': 0}
[container_monitor] pf-test-1: current=405.0MiB swap=63.6MiB max=501.0MiB cpu.usage_usec=1592219 method=swap_current_delta_fallback detail={'delta_swap_current': 0, 'swap_saturated': False, 'workingset_refault_anon': 5496} events={'low': 0, 'high': 0, 'max': 32, 'oom': 0, 'oom_kill': 0, 'oom_group_kill': 0}
[container_monitor] pf-test-1: current=405.0MiB swap=63.6MiB max=501.0MiB cpu.usage_usec=1595328 method=swap_current_delta_fallback detail={'delta_swap_current': 0, 'swap_saturated': False, 'workingset_refault_anon': 5496} events={'low': 0, 'high': 0, 'max': 32, 'oom': 0, 'oom_kill': 0, 'oom_group_kill': 0}
[container_monitor] pf-test-1: current=405.0MiB swap=63.6MiB max=501.0MiB cpu.usage_usec=1600378 method=swap_current_delta_fallback detail={'delta_swap_current': 0, 'swap_saturated': False, 'workingset_refault_anon': 5496} events={'low': 0, 'high': 0, 'max': 32, 'oom': 0, 'oom_kill': 0, 'oom_group_kill': 0}
[container_monitor] pf-test-1: current=405.0MiB swap=63.6MiB max=501.0MiB cpu.usage_usec=1604095 method=swap_current_delta_fallback detail={'delta_swap_current': 0, 'swap_saturated': False, 'workingset_refault_anon': 5496} events={'low': 0, 'high': 0, 'max': 32, 'oom': 0, 'oom_kill': 0, 'oom_group_kill': 0}
[container_monitor] pf-test-1: current=405.0MiB swap=63.6MiB max=501.0MiB cpu.usage_usec=1604949 method=swap_current_delta_fallback detail={'delta_swap_current': 0, 'swap_saturated': False, 'workingset_refault_anon': 5496} events={'low': 0, 'high': 0, 'max': 32, 'oom': 0, 'oom_kill': 0, 'oom_group_kill': 0}
[container_monitor] pf-test-1: current=405.0MiB swap=63.6MiB max=501.0MiB cpu.usage_usec=1605843 method=swap_current_delta_fallback detail={'delta_swap_current': 0, 'swap_saturated': False, 'workingset_refault_anon': 5496} events={'low': 0, 'high': 0, 'max': 32, 'oom': 0, 'oom_kill': 0, 'oom_group_kill': 0}
[container_monitor] pf-test-1: current=405.0MiB swap=63.6MiB max=501.0MiB cpu.usage_usec=1606829 method=swap_current_delta_fallback detail={'delta_swap_current': 0, 'swap_saturated': False, 'workingset_refault_anon': 5496} events={'low': 0, 'high': 0, 'max': 32, 'oom': 0, 'oom_kill': 0, 'oom_group_kill': 0}
[container_monitor] pf-test-1: current=405.0MiB swap=63.5MiB max=501.0MiB cpu.usage_usec=1610455 method=swap_current_delta_fallback detail={'delta_swap_current': -65536, 'swap_saturated': False, 'workingset_refault_anon': 5496} events={'low': 0, 'high': 0, 'max': 32, 'oom': 0, 'oom_kill': 0, 'oom_group_kill': 0}
[container_monitor] pf-test-1: current=405.0MiB swap=63.5MiB max=501.0MiB cpu.usage_usec=1615491 method=swap_current_delta_fallback detail={'delta_swap_current': 0, 'swap_saturated': False, 'workingset_refault_anon': 5496} events={'low': 0, 'high': 0, 'max': 32, 'oom': 0, 'oom_kill': 0, 'oom_group_kill': 0}
[container_monitor] pf-test-1: current=405.0MiB swap=63.5MiB max=501.0MiB cpu.usage_usec=1616378 method=swap_current_delta_fallback detail={'delta_swap_current': 0, 'swap_saturated': False, 'workingset_refault_anon': 5496} events={'low': 0, 'high': 0, 'max': 32, 'oom': 0, 'oom_kill': 0, 'oom_group_kill': 0}
[container_monitor] pf-test-1: current=405.0MiB swap=63.5MiB max=501.0MiB cpu.usage_usec=1617306 method=swap_current_delta_fallback detail={'delta_swap_current': 0, 'swap_saturated': False, 'workingset_refault_anon': 5496} events={'low': 0, 'high': 0, 'max': 32, 'oom': 0, 'oom_kill': 0, 'oom_group_kill': 0}
[container_monitor] pf-test-1: current=405.0MiB swap=63.5MiB max=501.0MiB cpu.usage_usec=1618373 method=swap_current_delta_fallback detail={'delta_swap_current': 0, 'swap_saturated': False, 'workingset_refault_anon': 5496} events={'low': 0, 'high': 0, 'max': 32, 'oom': 0, 'oom_kill': 0, 'oom_group_kill': 0}
[container_monitor] pf-test-1: current=405.0MiB swap=63.5MiB max=501.0MiB cpu.usage_usec=1619403 method=swap_current_delta_fallback detail={'delta_swap_current': 0, 'swap_saturated': False, 'workingset_refault_anon': 5496} events={'low': 0, 'high': 0, 'max': 32, 'oom': 0, 'oom_kill': 0, 'oom_group_kill': 0}
[container_monitor] pf-test-1: current=405.0MiB swap=63.5MiB max=501.0MiB cpu.usage_usec=1625347 method=swap_current_delta_fallback detail={'delta_swap_current': 0, 'swap_saturated': False, 'workingset_refault_anon': 5496} events={'low': 0, 'high': 0, 'max': 32, 'oom': 0, 'oom_kill': 0, 'oom_group_kill': 0}
[container_monitor] pf-test-1: current=405.0MiB swap=63.5MiB max=501.0MiB cpu.usage_usec=1630343 method=swap_current_delta_fallback detail={'delta_swap_current': 0, 'swap_saturated': False, 'workingset_refault_anon': 5496} events={'low': 0, 'high': 0, 'max': 32, 'oom': 0, 'oom_kill': 0, 'oom_group_kill': 0}
[container_monitor] pf-test-1: current=405.0MiB swap=63.5MiB max=501.0MiB cpu.usage_usec=1630994 method=swap_current_delta_fallback detail={'delta_swap_current': 0, 'swap_saturated': False, 'workingset_refault_anon': 5496} events={'low': 0, 'high': 0, 'max': 32, 'oom': 0, 'oom_kill': 0, 'oom_group_kill': 0}
[container_monitor] pf-test-1: current=405.0MiB swap=63.5MiB max=501.0MiB cpu.usage_usec=1631984 method=swap_current_delta_fallback detail={'delta_swap_current': 0, 'swap_saturated': False, 'workingset_refault_anon': 5496} events={'low': 0, 'high': 0, 'max': 32, 'oom': 0, 'oom_kill': 0, 'oom_group_kill': 0}
[container_monitor] pf-test-1: current=405.0MiB swap=63.5MiB max=501.0MiB cpu.usage_usec=1632665 method=swap_current_delta_fallback detail={'delta_swap_current': 0, 'swap_saturated': False, 'workingset_refault_anon': 5496} events={'low': 0, 'high': 0, 'max': 32, 'oom': 0, 'oom_kill': 0, 'oom_group_kill': 0}
[container_monitor] pf-test-1: current=405.0MiB swap=63.5MiB max=501.0MiB cpu.usage_usec=1636043 method=swap_current_delta_fallback detail={'delta_swap_current': 0, 'swap_saturated': False, 'workingset_refault_anon': 5496} events={'low': 0, 'high': 0, 'max': 32, 'oom': 0, 'oom_kill': 0, 'oom_group_kill': 0}
[container_monitor] pf-test-1: current=405.0MiB swap=63.5MiB max=501.0MiB cpu.usage_usec=1640550 method=swap_current_delta_fallback detail={'delta_swap_current': 0, 'swap_saturated': False, 'workingset_refault_anon': 5496} events={'low': 0, 'high': 0, 'max': 32, 'oom': 0, 'oom_kill': 0, 'oom_group_kill': 0}
[container_monitor] pf-test-1: current=405.0MiB swap=63.5MiB max=501.0MiB cpu.usage_usec=1645450 method=swap_current_delta_fallback detail={'delta_swap_current': 0, 'swap_saturated': False, 'workingset_refault_anon': 5496} events={'low': 0, 'high': 0, 'max': 32, 'oom': 0, 'oom_kill': 0, 'oom_group_kill': 0}
[container_monitor] pf-test-1: current=405.1MiB swap=63.5MiB max=501.0MiB cpu.usage_usec=1648062 method=swap_current_delta_fallback detail={'delta_swap_current': -16384, 'swap_saturated': False, 'workingset_refault_anon': 5501} events={'low': 0, 'high': 0, 'max': 32, 'oom': 0, 'oom_kill': 0, 'oom_group_kill': 0}
[container_monitor] pf-test-1: current=405.1MiB swap=63.5MiB max=501.0MiB cpu.usage_usec=1649031 method=swap_current_delta_fallback detail={'delta_swap_current': 0, 'swap_saturated': False, 'workingset_refault_anon': 5501} events={'low': 0, 'high': 0, 'max': 32, 'oom': 0, 'oom_kill': 0, 'oom_group_kill': 0}
[container_monitor] pf-test-1: current=405.1MiB swap=63.5MiB max=501.0MiB cpu.usage_usec=1649598 method=swap_current_delta_fallback detail={'delta_swap_current': 0, 'swap_saturated': False, 'workingset_refault_anon': 5501} events={'low': 0, 'high': 0, 'max': 32, 'oom': 0, 'oom_kill': 0, 'oom_group_kill': 0}
[container_monitor] pf-test-1: current=405.1MiB swap=63.5MiB max=501.0MiB cpu.usage_usec=1650903 method=swap_current_delta_fallback detail={'delta_swap_current': 0, 'swap_saturated': False, 'workingset_refault_anon': 5501} events={'low': 0, 'high': 0, 'max': 32, 'oom': 0, 'oom_kill': 0, 'oom_group_kill': 0}
[container_monitor] pf-test-1: current=405.1MiB swap=63.5MiB max=501.0MiB cpu.usage_usec=1657204 method=swap_current_delta_fallback detail={'delta_swap_current': 0, 'swap_saturated': False, 'workingset_refault_anon': 5501} events={'low': 0, 'high': 0, 'max': 32, 'oom': 0, 'oom_kill': 0, 'oom_group_kill': 0}
[container_monitor] pf-test-1: current=405.1MiB swap=63.5MiB max=501.0MiB cpu.usage_usec=1662231 method=swap_current_delta_fallback detail={'delta_swap_current': 0, 'swap_saturated': False, 'workingset_refault_anon': 5501} events={'low': 0, 'high': 0, 'max': 32, 'oom': 0, 'oom_kill': 0, 'oom_group_kill': 0}
[container_monitor] pf-test-1: current=405.1MiB swap=63.5MiB max=501.0MiB cpu.usage_usec=1666834 method=swap_current_delta_fallback detail={'delta_swap_current': 0, 'swap_saturated': False, 'workingset_refault_anon': 5501} events={'low': 0, 'high': 0, 'max': 32, 'oom': 0, 'oom_kill': 0, 'oom_group_kill': 0}
[container_monitor] pf-test-1: current=405.1MiB swap=63.5MiB max=501.0MiB cpu.usage_usec=1671722 method=swap_current_delta_fallback detail={'delta_swap_current': 0, 'swap_saturated': False, 'workingset_refault_anon': 5501} events={'low': 0, 'high': 0, 'max': 32, 'oom': 0, 'oom_kill': 0, 'oom_group_kill': 0}
[container_monitor] pf-test-1: current=405.1MiB swap=63.5MiB max=501.0MiB cpu.usage_usec=1673874 method=swap_current_delta_fallback detail={'delta_swap_current': -8192, 'swap_saturated': False, 'workingset_refault_anon': 5510} events={'low': 0, 'high': 0, 'max': 32, 'oom': 0, 'oom_kill': 0, 'oom_group_kill': 0}
[container_monitor] pf-test-1: current=405.1MiB swap=63.5MiB max=501.0MiB cpu.usage_usec=1674752 method=swap_current_delta_fallback detail={'delta_swap_current': 0, 'swap_saturated': False, 'workingset_refault_anon': 5514} events={'low': 0, 'high': 0, 'max': 32, 'oom': 0, 'oom_kill': 0, 'oom_group_kill': 0}
[container_monitor] pf-test-1: current=405.1MiB swap=63.5MiB max=501.0MiB cpu.usage_usec=1675581 method=swap_current_delta_fallback detail={'delta_swap_current': 0, 'swap_saturated': False, 'workingset_refault_anon': 5514} events={'low': 0, 'high': 0, 'max': 32, 'oom': 0, 'oom_kill': 0, 'oom_group_kill': 0}
[container_monitor] pf-test-1: current=405.1MiB swap=63.5MiB max=501.0MiB cpu.usage_usec=1678789 method=swap_current_delta_fallback detail={'delta_swap_current': 0, 'swap_saturated': False, 'workingset_refault_anon': 5514} events={'low': 0, 'high': 0, 'max': 32, 'oom': 0, 'oom_kill': 0, 'oom_group_kill': 0}
[container_monitor] pf-test-1: current=405.1MiB swap=63.5MiB max=501.0MiB cpu.usage_usec=1683720 method=swap_current_delta_fallback detail={'delta_swap_current': 0, 'swap_saturated': False, 'workingset_refault_anon': 5514} events={'low': 0, 'high': 0, 'max': 32, 'oom': 0, 'oom_kill': 0, 'oom_group_kill': 0}
[container_monitor] pf-test-1: current=405.1MiB swap=63.5MiB max=501.0MiB cpu.usage_usec=1688722 method=swap_current_delta_fallback detail={'delta_swap_current': 0, 'swap_saturated': False, 'workingset_refault_anon': 5514} events={'low': 0, 'high': 0, 'max': 32, 'oom': 0, 'oom_kill': 0, 'oom_group_kill': 0}
[container_monitor] pf-test-1: current=405.1MiB swap=63.5MiB max=501.0MiB cpu.usage_usec=1692957 method=swap_current_delta_fallback detail={'delta_swap_current': 0, 'swap_saturated': False, 'workingset_refault_anon': 5514} events={'low': 0, 'high': 0, 'max': 32, 'oom': 0, 'oom_kill': 0, 'oom_group_kill': 0}
[container_monitor] pf-test-1: current=405.1MiB swap=63.5MiB max=501.0MiB cpu.usage_usec=1694071 method=swap_current_delta_fallback detail={'delta_swap_current': 0, 'swap_saturated': False, 'workingset_refault_anon': 5514} events={'low': 0, 'high': 0, 'max': 32, 'oom': 0, 'oom_kill': 0, 'oom_group_kill': 0}
[container_monitor] pf-test-1: current=405.1MiB swap=63.5MiB max=501.0MiB cpu.usage_usec=1695047 method=swap_current_delta_fallback detail={'delta_swap_current': 0, 'swap_saturated': False, 'workingset_refault_anon': 5514} events={'low': 0, 'high': 0, 'max': 32, 'oom': 0, 'oom_kill': 0, 'oom_group_kill': 0}
[container_monitor] pf-test-1: current=405.1MiB swap=63.5MiB max=501.0MiB cpu.usage_usec=1696616 method=swap_current_delta_fallback detail={'delta_swap_current': 0, 'swap_saturated': False, 'workingset_refault_anon': 5514} events={'low': 0, 'high': 0, 'max': 32, 'oom': 0, 'oom_kill': 0, 'oom_group_kill': 0}
[container_monitor] pf-test-1: current=405.1MiB swap=63.5MiB max=501.0MiB cpu.usage_usec=1699727 method=swap_current_delta_fallback detail={'delta_swap_current': 0, 'swap_saturated': False, 'workingset_refault_anon': 5514} events={'low': 0, 'high': 0, 'max': 32, 'oom': 0, 'oom_kill': 0, 'oom_group_kill': 0}
[container_monitor] pf-test-1: current=405.9MiB swap=63.5MiB max=501.0MiB cpu.usage_usec=1705131 method=swap_current_delta_fallback detail={'delta_swap_current': 0, 'swap_saturated': False, 'workingset_refault_anon': 5514} events={'low': 0, 'high': 0, 'max': 32, 'oom': 0, 'oom_kill': 0, 'oom_group_kill': 0}
[container_monitor] pf-test-1: current=407.4MiB swap=63.5MiB max=501.0MiB cpu.usage_usec=1709335 method=swap_current_delta_fallback detail={'delta_swap_current': 0, 'swap_saturated': False, 'workingset_refault_anon': 5514} events={'low': 0, 'high': 0, 'max': 32, 'oom': 0, 'oom_kill': 0, 'oom_group_kill': 0}
[container_monitor] pf-test-1: current=407.4MiB swap=63.5MiB max=501.0MiB cpu.usage_usec=1711117 method=swap_current_delta_fallback detail={'delta_swap_current': 0, 'swap_saturated': False, 'workingset_refault_anon': 5514} events={'low': 0, 'high': 0, 'max': 32, 'oom': 0, 'oom_kill': 0, 'oom_group_kill': 0}
[container_monitor] pf-test-1: current=407.4MiB swap=63.5MiB max=501.0MiB cpu.usage_usec=1712076 method=swap_current_delta_fallback detail={'delta_swap_current': 0, 'swap_saturated': False, 'workingset_refault_anon': 5514} events={'low': 0, 'high': 0, 'max': 32, 'oom': 0, 'oom_kill': 0, 'oom_group_kill': 0}
[container_monitor] pf-test-1: current=407.4MiB swap=63.5MiB max=501.0MiB cpu.usage_usec=1713292 method=swap_current_delta_fallback detail={'delta_swap_current': 0, 'swap_saturated': False, 'workingset_refault_anon': 5514} events={'low': 0, 'high': 0, 'max': 32, 'oom': 0, 'oom_kill': 0, 'oom_group_kill': 0}
[container_monitor] pf-test-1: current=407.4MiB swap=63.5MiB max=501.0MiB cpu.usage_usec=1714281 method=swap_current_delta_fallback detail={'delta_swap_current': 0, 'swap_saturated': False, 'workingset_refault_anon': 5514} events={'low': 0, 'high': 0, 'max': 32, 'oom': 0, 'oom_kill': 0, 'oom_group_kill': 0}
[container_monitor] pf-test-1: current=410.5MiB swap=63.5MiB max=501.0MiB cpu.usage_usec=1720924 method=swap_current_delta_fallback detail={'delta_swap_current': 0, 'swap_saturated': False, 'workingset_refault_anon': 5514} events={'low': 0, 'high': 0, 'max': 32, 'oom': 0, 'oom_kill': 0, 'oom_group_kill': 0}
[container_monitor] pf-test-1: current=410.5MiB swap=63.5MiB max=501.0MiB cpu.usage_usec=1724025 method=swap_current_delta_fallback detail={'delta_swap_current': 0, 'swap_saturated': False, 'workingset_refault_anon': 5514} events={'low': 0, 'high': 0, 'max': 32, 'oom': 0, 'oom_kill': 0, 'oom_group_kill': 0}
[container_monitor] pf-test-1: current=410.5MiB swap=63.5MiB max=501.0MiB cpu.usage_usec=1724929 method=swap_current_delta_fallback detail={'delta_swap_current': 0, 'swap_saturated': False, 'workingset_refault_anon': 5514} events={'low': 0, 'high': 0, 'max': 32, 'oom': 0, 'oom_kill': 0, 'oom_group_kill': 0}
[container_monitor] pf-test-1: current=410.5MiB swap=63.5MiB max=501.0MiB cpu.usage_usec=1726027 method=swap_current_delta_fallback detail={'delta_swap_current': 0, 'swap_saturated': False, 'workingset_refault_anon': 5514} events={'low': 0, 'high': 0, 'max': 32, 'oom': 0, 'oom_kill': 0, 'oom_group_kill': 0}
[container_monitor] pf-test-1: current=410.5MiB swap=63.5MiB max=501.0MiB cpu.usage_usec=1726922 method=swap_current_delta_fallback detail={'delta_swap_current': 0, 'swap_saturated': False, 'workingset_refault_anon': 5514} events={'low': 0, 'high': 0, 'max': 32, 'oom': 0, 'oom_kill': 0, 'oom_group_kill': 0}
[container_monitor] pf-test-1: current=413.7MiB swap=63.5MiB max=501.0MiB cpu.usage_usec=1731888 method=swap_current_delta_fallback detail={'delta_swap_current': 0, 'swap_saturated': False, 'workingset_refault_anon': 5514} events={'low': 0, 'high': 0, 'max': 32, 'oom': 0, 'oom_kill': 0, 'oom_group_kill': 0}
[container_monitor] pf-test-1: current=414.6MiB swap=63.5MiB max=501.0MiB cpu.usage_usec=1736639 method=swap_current_delta_fallback detail={'delta_swap_current': 0, 'swap_saturated': False, 'workingset_refault_anon': 5514} events={'low': 0, 'high': 0, 'max': 32, 'oom': 0, 'oom_kill': 0, 'oom_group_kill': 0}
[container_monitor] pf-test-1: current=414.6MiB swap=63.5MiB max=501.0MiB cpu.usage_usec=1737451 method=swap_current_delta_fallback detail={'delta_swap_current': 0, 'swap_saturated': False, 'workingset_refault_anon': 5514} events={'low': 0, 'high': 0, 'max': 32, 'oom': 0, 'oom_kill': 0, 'oom_group_kill': 0}
[container_monitor] pf-test-1: current=414.6MiB swap=63.5MiB max=501.0MiB cpu.usage_usec=1738677 method=swap_current_delta_fallback detail={'delta_swap_current': 0, 'swap_saturated': False, 'workingset_refault_anon': 5514} events={'low': 0, 'high': 0, 'max': 32, 'oom': 0, 'oom_kill': 0, 'oom_group_kill': 0}
[container_monitor] pf-test-1: current=414.6MiB swap=63.5MiB max=501.0MiB cpu.usage_usec=1739325 method=swap_current_delta_fallback detail={'delta_swap_current': 0, 'swap_saturated': False, 'workingset_refault_anon': 5514} events={'low': 0, 'high': 0, 'max': 32, 'oom': 0, 'oom_kill': 0, 'oom_group_kill': 0}
[container_monitor] pf-test-1: current=414.6MiB swap=63.5MiB max=501.0MiB cpu.usage_usec=1742719 method=swap_current_delta_fallback detail={'delta_swap_current': 0, 'swap_saturated': False, 'workingset_refault_anon': 5514} events={'low': 0, 'high': 0, 'max': 32, 'oom': 0, 'oom_kill': 0, 'oom_group_kill': 0}
[container_monitor] pf-test-1: current=414.6MiB swap=63.5MiB max=501.0MiB cpu.usage_usec=1747328 method=swap_current_delta_fallback detail={'delta_swap_current': 0, 'swap_saturated': False, 'workingset_refault_anon': 5514} events={'low': 0, 'high': 0, 'max': 32, 'oom': 0, 'oom_kill': 0, 'oom_group_kill': 0}
[container_monitor] pf-test-1: current=415.4MiB swap=63.5MiB max=501.0MiB cpu.usage_usec=1752313 method=swap_current_delta_fallback detail={'delta_swap_current': 0, 'swap_saturated': False, 'workingset_refault_anon': 5514} events={'low': 0, 'high': 0, 'max': 32, 'oom': 0, 'oom_kill': 0, 'oom_group_kill': 0}
[container_monitor] pf-test-1: current=415.4MiB swap=63.5MiB max=501.0MiB cpu.usage_usec=1755577 method=swap_current_delta_fallback detail={'delta_swap_current': 0, 'swap_saturated': False, 'workingset_refault_anon': 5514} events={'low': 0, 'high': 0, 'max': 32, 'oom': 0, 'oom_kill': 0, 'oom_group_kill': 0}
[container_monitor] pf-test-1: current=415.4MiB swap=63.5MiB max=501.0MiB cpu.usage_usec=1756441 method=swap_current_delta_fallback detail={'delta_swap_current': 0, 'swap_saturated': False, 'workingset_refault_anon': 5514} events={'low': 0, 'high': 0, 'max': 32, 'oom': 0, 'oom_kill': 0, 'oom_group_kill': 0}
[container_monitor] pf-test-1: current=415.4MiB swap=63.5MiB max=501.0MiB cpu.usage_usec=1757132 method=swap_current_delta_fallback detail={'delta_swap_current': 0, 'swap_saturated': False, 'workingset_refault_anon': 5514} events={'low': 0, 'high': 0, 'max': 32, 'oom': 0, 'oom_kill': 0, 'oom_group_kill': 0}
[container_monitor] pf-test-1: current=415.4MiB swap=63.5MiB max=501.0MiB cpu.usage_usec=1757849 method=swap_current_delta_fallback detail={'delta_swap_current': 0, 'swap_saturated': False, 'workingset_refault_anon': 5514} events={'low': 0, 'high': 0, 'max': 32, 'oom': 0, 'oom_kill': 0, 'oom_group_kill': 0}
[container_monitor] pf-test-1: current=423.5MiB swap=63.5MiB max=501.0MiB cpu.usage_usec=1761395 method=swap_current_delta_fallback detail={'delta_swap_current': 0, 'swap_saturated': False, 'workingset_refault_anon': 5514} events={'low': 0, 'high': 0, 'max': 32, 'oom': 0, 'oom_kill': 0, 'oom_group_kill': 0}
[container_monitor] pf-test-1: current=423.5MiB swap=63.5MiB max=501.0MiB cpu.usage_usec=1762716 method=swap_current_delta_fallback detail={'delta_swap_current': 0, 'swap_saturated': False, 'workingset_refault_anon': 5514} events={'low': 0, 'high': 0, 'max': 32, 'oom': 0, 'oom_kill': 0, 'oom_group_kill': 0}
[container_monitor] pf-test-1: current=423.5MiB swap=63.5MiB max=501.0MiB cpu.usage_usec=1763707 method=swap_current_delta_fallback detail={'delta_swap_current': 0, 'swap_saturated': False, 'workingset_refault_anon': 5514} events={'low': 0, 'high': 0, 'max': 32, 'oom': 0, 'oom_kill': 0, 'oom_group_kill': 0}
[container_monitor] pf-test-1: current=423.5MiB swap=63.5MiB max=501.0MiB cpu.usage_usec=1764953 method=swap_current_delta_fallback detail={'delta_swap_current': 0, 'swap_saturated': False, 'workingset_refault_anon': 5514} events={'low': 0, 'high': 0, 'max': 32, 'oom': 0, 'oom_kill': 0, 'oom_group_kill': 0}
[container_monitor] pf-test-1: current=423.5MiB swap=63.5MiB max=501.0MiB cpu.usage_usec=1765596 method=swap_current_delta_fallback detail={'delta_swap_current': 0, 'swap_saturated': False, 'workingset_refault_anon': 5514} events={'low': 0, 'high': 0, 'max': 32, 'oom': 0, 'oom_kill': 0, 'oom_group_kill': 0}
[container_monitor] pf-test-1: current=431.5MiB swap=63.5MiB max=501.0MiB cpu.usage_usec=1768321 method=swap_current_delta_fallback detail={'delta_swap_current': 0, 'swap_saturated': False, 'workingset_refault_anon': 5514} events={'low': 0, 'high': 0, 'max': 32, 'oom': 0, 'oom_kill': 0, 'oom_group_kill': 0}
[container_monitor] pf-test-1: current=431.5MiB swap=63.5MiB max=501.0MiB cpu.usage_usec=1769315 method=swap_current_delta_fallback detail={'delta_swap_current': 0, 'swap_saturated': False, 'workingset_refault_anon': 5514} events={'low': 0, 'high': 0, 'max': 32, 'oom': 0, 'oom_kill': 0, 'oom_group_kill': 0}
[container_monitor] pf-test-1: current=431.5MiB swap=63.5MiB max=501.0MiB cpu.usage_usec=1770272 method=swap_current_delta_fallback detail={'delta_swap_current': 0, 'swap_saturated': False, 'workingset_refault_anon': 5514} events={'low': 0, 'high': 0, 'max': 32, 'oom': 0, 'oom_kill': 0, 'oom_group_kill': 0}
[container_monitor] pf-test-1: current=431.5MiB swap=63.5MiB max=501.0MiB cpu.usage_usec=1773302 method=swap_current_delta_fallback detail={'delta_swap_current': 0, 'swap_saturated': False, 'workingset_refault_anon': 5514} events={'low': 0, 'high': 0, 'max': 32, 'oom': 0, 'oom_kill': 0, 'oom_group_kill': 0}
[container_monitor] pf-test-1: current=437.1MiB swap=63.5MiB max=501.0MiB cpu.usage_usec=1778257 method=swap_current_delta_fallback detail={'delta_swap_current': 0, 'swap_saturated': False, 'workingset_refault_anon': 5514} events={'low': 0, 'high': 0, 'max': 32, 'oom': 0, 'oom_kill': 0, 'oom_group_kill': 0}
[container_monitor] pf-test-1: current=439.5MiB swap=63.5MiB max=501.0MiB cpu.usage_usec=1783358 method=swap_current_delta_fallback detail={'delta_swap_current': 0, 'swap_saturated': False, 'workingset_refault_anon': 5514} events={'low': 0, 'high': 0, 'max': 32, 'oom': 0, 'oom_kill': 0, 'oom_group_kill': 0}
[container_monitor] pf-test-1: current=439.5MiB swap=63.5MiB max=501.0MiB cpu.usage_usec=1788913 method=swap_current_delta_fallback detail={'delta_swap_current': 0, 'swap_saturated': False, 'workingset_refault_anon': 5522} events={'low': 0, 'high': 0, 'max': 32, 'oom': 0, 'oom_kill': 0, 'oom_group_kill': 0}
[container_monitor] pf-test-1: current=439.5MiB swap=63.5MiB max=501.0MiB cpu.usage_usec=1792227 method=swap_current_delta_fallback detail={'delta_swap_current': 0, 'swap_saturated': False, 'workingset_refault_anon': 5522} events={'low': 0, 'high': 0, 'max': 32, 'oom': 0, 'oom_kill': 0, 'oom_group_kill': 0}
[container_monitor] pf-test-1: current=439.5MiB swap=63.5MiB max=501.0MiB cpu.usage_usec=1792989 method=swap_current_delta_fallback detail={'delta_swap_current': 0, 'swap_saturated': False, 'workingset_refault_anon': 5526} events={'low': 0, 'high': 0, 'max': 32, 'oom': 0, 'oom_kill': 0, 'oom_group_kill': 0}
[container_monitor] pf-test-1: current=439.5MiB swap=63.5MiB max=501.0MiB cpu.usage_usec=1794075 method=swap_current_delta_fallback detail={'delta_swap_current': 0, 'swap_saturated': False, 'workingset_refault_anon': 5526} events={'low': 0, 'high': 0, 'max': 32, 'oom': 0, 'oom_kill': 0, 'oom_group_kill': 0}
[container_monitor] pf-test-1: current=443.0MiB swap=63.5MiB max=501.0MiB cpu.usage_usec=1797589 method=swap_current_delta_fallback detail={'delta_swap_current': 0, 'swap_saturated': False, 'workingset_refault_anon': 5526} events={'low': 0, 'high': 0, 'max': 32, 'oom': 0, 'oom_kill': 0, 'oom_group_kill': 0}
[container_monitor] pf-test-1: current=447.6MiB swap=63.5MiB max=501.0MiB cpu.usage_usec=1802291 method=swap_current_delta_fallback detail={'delta_swap_current': 0, 'swap_saturated': False, 'workingset_refault_anon': 5526} events={'low': 0, 'high': 0, 'max': 32, 'oom': 0, 'oom_kill': 0, 'oom_group_kill': 0}
[container_monitor] pf-test-1: current=447.6MiB swap=63.5MiB max=501.0MiB cpu.usage_usec=1805164 method=swap_current_delta_fallback detail={'delta_swap_current': 0, 'swap_saturated': False, 'workingset_refault_anon': 5526} events={'low': 0, 'high': 0, 'max': 32, 'oom': 0, 'oom_kill': 0, 'oom_group_kill': 0}
[container_monitor] pf-test-1: current=447.6MiB swap=63.5MiB max=501.0MiB cpu.usage_usec=1806302 method=swap_current_delta_fallback detail={'delta_swap_current': 0, 'swap_saturated': False, 'workingset_refault_anon': 5528} events={'low': 0, 'high': 0, 'max': 32, 'oom': 0, 'oom_kill': 0, 'oom_group_kill': 0}
[container_monitor] pf-test-1: current=447.6MiB swap=63.5MiB max=501.0MiB cpu.usage_usec=1806987 method=swap_current_delta_fallback detail={'delta_swap_current': 0, 'swap_saturated': False, 'workingset_refault_anon': 5528} events={'low': 0, 'high': 0, 'max': 32, 'oom': 0, 'oom_kill': 0, 'oom_group_kill': 0}
[container_monitor] pf-test-1: current=447.6MiB swap=63.5MiB max=501.0MiB cpu.usage_usec=1807987 method=swap_current_delta_fallback detail={'delta_swap_current': 0, 'swap_saturated': False, 'workingset_refault_anon': 5528} events={'low': 0, 'high': 0, 'max': 32, 'oom': 0, 'oom_kill': 0, 'oom_group_kill': 0}
[container_monitor] pf-test-1: current=452.0MiB swap=63.5MiB max=501.0MiB cpu.usage_usec=1813820 method=swap_current_delta_fallback detail={'delta_swap_current': 0, 'swap_saturated': False, 'workingset_refault_anon': 5528} events={'low': 0, 'high': 0, 'max': 32, 'oom': 0, 'oom_kill': 0, 'oom_group_kill': 0}
[container_monitor] pf-test-1: current=455.6MiB swap=63.5MiB max=501.0MiB cpu.usage_usec=1819117 method=swap_current_delta_fallback detail={'delta_swap_current': 0, 'swap_saturated': False, 'workingset_refault_anon': 5528} events={'low': 0, 'high': 0, 'max': 32, 'oom': 0, 'oom_kill': 0, 'oom_group_kill': 0}
[container_monitor] pf-test-1: current=455.6MiB swap=63.5MiB max=501.0MiB cpu.usage_usec=1820765 method=swap_current_delta_fallback detail={'delta_swap_current': 0, 'swap_saturated': False, 'workingset_refault_anon': 5528} events={'low': 0, 'high': 0, 'max': 32, 'oom': 0, 'oom_kill': 0, 'oom_group_kill': 0}
[container_monitor] pf-test-1: current=455.6MiB swap=63.5MiB max=501.0MiB cpu.usage_usec=1821598 method=swap_current_delta_fallback detail={'delta_swap_current': 0, 'swap_saturated': False, 'workingset_refault_anon': 5528} events={'low': 0, 'high': 0, 'max': 32, 'oom': 0, 'oom_kill': 0, 'oom_group_kill': 0}
[container_monitor] pf-test-1: current=455.6MiB swap=63.5MiB max=501.0MiB cpu.usage_usec=1822170 method=swap_current_delta_fallback detail={'delta_swap_current': 0, 'swap_saturated': False, 'workingset_refault_anon': 5528} events={'low': 0, 'high': 0, 'max': 32, 'oom': 0, 'oom_kill': 0, 'oom_group_kill': 0}
[container_monitor] pf-test-1: current=455.6MiB swap=63.5MiB max=501.0MiB cpu.usage_usec=1822709 method=swap_current_delta_fallback detail={'delta_swap_current': 0, 'swap_saturated': False, 'workingset_refault_anon': 5528} events={'low': 0, 'high': 0, 'max': 32, 'oom': 0, 'oom_kill': 0, 'oom_group_kill': 0}
[container_monitor] pf-test-1: current=459.6MiB swap=63.5MiB max=501.0MiB cpu.usage_usec=1828172 method=swap_current_delta_fallback detail={'delta_swap_current': 0, 'swap_saturated': False, 'workingset_refault_anon': 5528} events={'low': 0, 'high': 0, 'max': 32, 'oom': 0, 'oom_kill': 0, 'oom_group_kill': 0}
[container_monitor] pf-test-1: current=463.5MiB swap=63.5MiB max=501.0MiB cpu.usage_usec=1832279 method=swap_current_delta_fallback detail={'delta_swap_current': 0, 'swap_saturated': False, 'workingset_refault_anon': 5528} events={'low': 0, 'high': 0, 'max': 32, 'oom': 0, 'oom_kill': 0, 'oom_group_kill': 0}
[container_monitor] pf-test-1: current=463.6MiB swap=63.5MiB max=501.0MiB cpu.usage_usec=1835322 method=swap_current_delta_fallback detail={'delta_swap_current': 0, 'swap_saturated': False, 'workingset_refault_anon': 5528} events={'low': 0, 'high': 0, 'max': 32, 'oom': 0, 'oom_kill': 0, 'oom_group_kill': 0}
[container_monitor] pf-test-1: current=463.6MiB swap=63.5MiB max=501.0MiB cpu.usage_usec=1836168 method=swap_current_delta_fallback detail={'delta_swap_current': 0, 'swap_saturated': False, 'workingset_refault_anon': 5528} events={'low': 0, 'high': 0, 'max': 32, 'oom': 0, 'oom_kill': 0, 'oom_group_kill': 0}
[container_monitor] pf-test-1: current=463.6MiB swap=63.5MiB max=501.0MiB cpu.usage_usec=1836884 method=swap_current_delta_fallback detail={'delta_swap_current': 0, 'swap_saturated': False, 'workingset_refault_anon': 5528} events={'low': 0, 'high': 0, 'max': 32, 'oom': 0, 'oom_kill': 0, 'oom_group_kill': 0}
[container_monitor] pf-test-1: current=463.6MiB swap=63.5MiB max=501.0MiB cpu.usage_usec=1837907 method=swap_current_delta_fallback detail={'delta_swap_current': 0, 'swap_saturated': False, 'workingset_refault_anon': 5528} events={'low': 0, 'high': 0, 'max': 32, 'oom': 0, 'oom_kill': 0, 'oom_group_kill': 0}
[container_monitor] pf-test-1: current=468.4MiB swap=63.5MiB max=501.0MiB cpu.usage_usec=1843040 method=swap_current_delta_fallback detail={'delta_swap_current': 0, 'swap_saturated': False, 'workingset_refault_anon': 5528} events={'low': 0, 'high': 0, 'max': 32, 'oom': 0, 'oom_kill': 0, 'oom_group_kill': 0}
[container_monitor] pf-test-1: current=471.6MiB swap=63.5MiB max=501.0MiB cpu.usage_usec=1847687 method=swap_current_delta_fallback detail={'delta_swap_current': 0, 'swap_saturated': False, 'workingset_refault_anon': 5528} events={'low': 0, 'high': 0, 'max': 32, 'oom': 0, 'oom_kill': 0, 'oom_group_kill': 0}
[container_monitor] pf-test-1: current=471.6MiB swap=63.5MiB max=501.0MiB cpu.usage_usec=1849234 method=swap_current_delta_fallback detail={'delta_swap_current': 0, 'swap_saturated': False, 'workingset_refault_anon': 5528} events={'low': 0, 'high': 0, 'max': 32, 'oom': 0, 'oom_kill': 0, 'oom_group_kill': 0}
[container_monitor] pf-test-1: current=471.6MiB swap=63.5MiB max=501.0MiB cpu.usage_usec=1850147 method=swap_current_delta_fallback detail={'delta_swap_current': 0, 'swap_saturated': False, 'workingset_refault_anon': 5528} events={'low': 0, 'high': 0, 'max': 32, 'oom': 0, 'oom_kill': 0, 'oom_group_kill': 0}
[container_monitor] pf-test-1: current=471.6MiB swap=63.5MiB max=501.0MiB cpu.usage_usec=1851038 method=swap_current_delta_fallback detail={'delta_swap_current': 0, 'swap_saturated': False, 'workingset_refault_anon': 5528} events={'low': 0, 'high': 0, 'max': 32, 'oom': 0, 'oom_kill': 0, 'oom_group_kill': 0}
[container_monitor] pf-test-1: current=471.6MiB swap=63.5MiB max=501.0MiB cpu.usage_usec=1852731 method=swap_current_delta_fallback detail={'delta_swap_current': 0, 'swap_saturated': False, 'workingset_refault_anon': 5528} events={'low': 0, 'high': 0, 'max': 32, 'oom': 0, 'oom_kill': 0, 'oom_group_kill': 0}
[container_monitor] pf-test-1: current=476.3MiB swap=63.5MiB max=501.0MiB cpu.usage_usec=1859016 method=swap_current_delta_fallback detail={'delta_swap_current': 0, 'swap_saturated': False, 'workingset_refault_anon': 5528} events={'low': 0, 'high': 0, 'max': 32, 'oom': 0, 'oom_kill': 0, 'oom_group_kill': 0}
[container_monitor] pf-test-1: current=479.6MiB swap=63.5MiB max=501.0MiB cpu.usage_usec=1863701 method=swap_current_delta_fallback detail={'delta_swap_current': 0, 'swap_saturated': False, 'workingset_refault_anon': 5528} events={'low': 0, 'high': 0, 'max': 32, 'oom': 0, 'oom_kill': 0, 'oom_group_kill': 0}
[container_monitor] pf-test-1: current=479.6MiB swap=63.5MiB max=501.0MiB cpu.usage_usec=1865515 method=swap_current_delta_fallback detail={'delta_swap_current': 0, 'swap_saturated': False, 'workingset_refault_anon': 5528} events={'low': 0, 'high': 0, 'max': 32, 'oom': 0, 'oom_kill': 0, 'oom_group_kill': 0}
[container_monitor] pf-test-1: current=479.6MiB swap=63.5MiB max=501.0MiB cpu.usage_usec=1866314 method=swap_current_delta_fallback detail={'delta_swap_current': 0, 'swap_saturated': False, 'workingset_refault_anon': 5528} events={'low': 0, 'high': 0, 'max': 32, 'oom': 0, 'oom_kill': 0, 'oom_group_kill': 0}
[container_monitor] pf-test-1: current=479.6MiB swap=63.5MiB max=501.0MiB cpu.usage_usec=1867127 method=swap_current_delta_fallback detail={'delta_swap_current': 0, 'swap_saturated': False, 'workingset_refault_anon': 5528} events={'low': 0, 'high': 0, 'max': 32, 'oom': 0, 'oom_kill': 0, 'oom_group_kill': 0}
[container_monitor] pf-test-1: current=479.6MiB swap=63.5MiB max=501.0MiB cpu.usage_usec=1868063 method=swap_current_delta_fallback detail={'delta_swap_current': 0, 'swap_saturated': False, 'workingset_refault_anon': 5528} events={'low': 0, 'high': 0, 'max': 32, 'oom': 0, 'oom_kill': 0, 'oom_group_kill': 0}
[container_monitor] pf-test-1: current=483.7MiB swap=63.5MiB max=501.0MiB cpu.usage_usec=1873348 method=swap_current_delta_fallback detail={'delta_swap_current': 0, 'swap_saturated': False, 'workingset_refault_anon': 5528} events={'low': 0, 'high': 0, 'max': 32, 'oom': 0, 'oom_kill': 0, 'oom_group_kill': 0}
[container_monitor] pf-test-1: current=487.6MiB swap=63.5MiB max=501.0MiB cpu.usage_usec=1878335 method=swap_current_delta_fallback detail={'delta_swap_current': 0, 'swap_saturated': False, 'workingset_refault_anon': 5528} events={'low': 0, 'high': 0, 'max': 32, 'oom': 0, 'oom_kill': 0, 'oom_group_kill': 0}
[container_monitor] pf-test-1: current=487.6MiB swap=63.5MiB max=501.0MiB cpu.usage_usec=1880321 method=swap_current_delta_fallback detail={'delta_swap_current': 0, 'swap_saturated': False, 'workingset_refault_anon': 5528} events={'low': 0, 'high': 0, 'max': 32, 'oom': 0, 'oom_kill': 0, 'oom_group_kill': 0}
[container_monitor] pf-test-1: current=487.6MiB swap=63.5MiB max=501.0MiB cpu.usage_usec=1881441 method=swap_current_delta_fallback detail={'delta_swap_current': 0, 'swap_saturated': False, 'workingset_refault_anon': 5528} events={'low': 0, 'high': 0, 'max': 32, 'oom': 0, 'oom_kill': 0, 'oom_group_kill': 0}
[container_monitor] pf-test-1: current=487.6MiB swap=63.5MiB max=501.0MiB cpu.usage_usec=1882304 method=swap_current_delta_fallback detail={'delta_swap_current': 0, 'swap_saturated': False, 'workingset_refault_anon': 5528} events={'low': 0, 'high': 0, 'max': 32, 'oom': 0, 'oom_kill': 0, 'oom_group_kill': 0}
[container_monitor] pf-test-1: current=487.6MiB swap=63.5MiB max=501.0MiB cpu.usage_usec=1883328 method=swap_current_delta_fallback detail={'delta_swap_current': 0, 'swap_saturated': False, 'workingset_refault_anon': 5528} events={'low': 0, 'high': 0, 'max': 32, 'oom': 0, 'oom_kill': 0, 'oom_group_kill': 0}
[container_monitor] pf-test-1: current=492.7MiB swap=63.5MiB max=501.0MiB cpu.usage_usec=1889825 method=swap_current_delta_fallback detail={'delta_swap_current': 0, 'swap_saturated': False, 'workingset_refault_anon': 5528} events={'low': 0, 'high': 0, 'max': 32, 'oom': 0, 'oom_kill': 0, 'oom_group_kill': 0}
[container_monitor] pf-test-1: current=495.7MiB swap=63.5MiB max=501.0MiB cpu.usage_usec=1894872 method=swap_current_delta_fallback detail={'delta_swap_current': 0, 'swap_saturated': False, 'workingset_refault_anon': 5528} events={'low': 0, 'high': 0, 'max': 32, 'oom': 0, 'oom_kill': 0, 'oom_group_kill': 0}
[container_monitor] pf-test-1: current=495.7MiB swap=63.5MiB max=501.0MiB cpu.usage_usec=1897000 method=swap_current_delta_fallback detail={'delta_swap_current': 0, 'swap_saturated': False, 'workingset_refault_anon': 5528} events={'low': 0, 'high': 0, 'max': 32, 'oom': 0, 'oom_kill': 0, 'oom_group_kill': 0}
[container_monitor] pf-test-1: current=495.7MiB swap=63.5MiB max=501.0MiB cpu.usage_usec=1897846 method=swap_current_delta_fallback detail={'delta_swap_current': 0, 'swap_saturated': False, 'workingset_refault_anon': 5528} events={'low': 0, 'high': 0, 'max': 32, 'oom': 0, 'oom_kill': 0, 'oom_group_kill': 0}
[container_monitor] pf-test-1: current=495.7MiB swap=63.5MiB max=501.0MiB cpu.usage_usec=1898996 method=swap_current_delta_fallback detail={'delta_swap_current': 0, 'swap_saturated': False, 'workingset_refault_anon': 5528} events={'low': 0, 'high': 0, 'max': 32, 'oom': 0, 'oom_kill': 0, 'oom_group_kill': 0}
[container_monitor] pf-test-1: current=495.7MiB swap=63.5MiB max=501.0MiB cpu.usage_usec=1899980 method=swap_current_delta_fallback detail={'delta_swap_current': 0, 'swap_saturated': False, 'workingset_refault_anon': 5528} events={'low': 0, 'high': 0, 'max': 32, 'oom': 0, 'oom_kill': 0, 'oom_group_kill': 0}
[container_monitor] pf-test-1: current=501.0MiB swap=63.5MiB max=501.0MiB cpu.usage_usec=1906253 method=swap_current_delta_fallback detail={'delta_swap_current': 0, 'swap_saturated': False, 'workingset_refault_anon': 5528} events={'low': 0, 'high': 0, 'max': 32, 'oom': 0, 'oom_kill': 0, 'oom_group_kill': 0}
[container_monitor] pf-test-1: current=501.0MiB swap=64.0MiB max=501.0MiB cpu.usage_usec=1910954 method=swap_current_delta_fallback detail={'delta_swap_current': 466944, 'swap_saturated': False, 'workingset_refault_anon': 5528} events={'low': 0, 'high': 0, 'max': 35, 'oom': 0, 'oom_kill': 0, 'oom_group_kill': 0}
[container_monitor] pf-test-1: OCM 감지 (method=swap_current_delta_fallback, detail={'delta_swap_current': 466944, 'swap_saturated': False, 'workingset_refault_anon': 5528})
[puff_manager] pf-test-1: puff 적용 501MiB -> 701MiB
[container_monitor] pf-test-1: puff 완료, 새 메모리 한도 701MiB
[container_monitor] pf-test-1: 이미 suspend 상태, 재적용 생략
[container_monitor] pf-test-1: current=501.8MiB swap=66.8MiB max=701.0MiB cpu.usage_usec=1917079 method=swap_current_delta_fallback detail={'delta_swap_current': 2981888, 'swap_saturated': False, 'workingset_refault_anon': 5531} events={'low': 0, 'high': 0, 'max': 35, 'oom': 0, 'oom_kill': 0, 'oom_group_kill': 0}
[container_monitor] pf-test-1: current=501.8MiB swap=66.8MiB max=701.0MiB cpu.usage_usec=1918173 method=swap_current_delta_fallback detail={'delta_swap_current': 0, 'swap_saturated': False, 'workingset_refault_anon': 5531} events={'low': 0, 'high': 0, 'max': 35, 'oom': 0, 'oom_kill': 0, 'oom_group_kill': 0}
[container_monitor] pf-test-1: current=501.8MiB swap=66.8MiB max=701.0MiB cpu.usage_usec=1918956 method=swap_current_delta_fallback detail={'delta_swap_current': 0, 'swap_saturated': False, 'workingset_refault_anon': 5531} events={'low': 0, 'high': 0, 'max': 35, 'oom': 0, 'oom_kill': 0, 'oom_group_kill': 0}
[container_monitor] pf-test-1: current=501.8MiB swap=66.8MiB max=701.0MiB cpu.usage_usec=1919918 method=swap_current_delta_fallback detail={'delta_swap_current': 0, 'swap_saturated': False, 'workingset_refault_anon': 5531} events={'low': 0, 'high': 0, 'max': 35, 'oom': 0, 'oom_kill': 0, 'oom_group_kill': 0}
[container_monitor] pf-test-1: current=501.9MiB swap=66.8MiB max=701.0MiB cpu.usage_usec=1926378 method=swap_current_delta_fallback detail={'delta_swap_current': 0, 'swap_saturated': False, 'workingset_refault_anon': 5531} events={'low': 0, 'high': 0, 'max': 35, 'oom': 0, 'oom_kill': 0, 'oom_group_kill': 0}
[container_monitor] pf-test-1: current=501.9MiB swap=66.8MiB max=701.0MiB cpu.usage_usec=1930714 method=swap_current_delta_fallback detail={'delta_swap_current': 0, 'swap_saturated': False, 'workingset_refault_anon': 5531} events={'low': 0, 'high': 0, 'max': 35, 'oom': 0, 'oom_kill': 0, 'oom_group_kill': 0}
[container_monitor] pf-test-1: current=503.4MiB swap=66.8MiB max=701.0MiB cpu.usage_usec=1936398 method=swap_current_delta_fallback detail={'delta_swap_current': 0, 'swap_saturated': False, 'workingset_refault_anon': 5531} events={'low': 0, 'high': 0, 'max': 35, 'oom': 0, 'oom_kill': 0, 'oom_group_kill': 0}
[container_monitor] pf-test-1: current=505.3MiB swap=66.8MiB max=701.0MiB cpu.usage_usec=1940991 method=swap_current_delta_fallback detail={'delta_swap_current': 0, 'swap_saturated': False, 'workingset_refault_anon': 5531} events={'low': 0, 'high': 0, 'max': 35, 'oom': 0, 'oom_kill': 0, 'oom_group_kill': 0}
[container_monitor] pf-test-1: current=507.3MiB swap=66.8MiB max=701.0MiB cpu.usage_usec=1946600 method=swap_current_delta_fallback detail={'delta_swap_current': 0, 'swap_saturated': False, 'workingset_refault_anon': 5531} events={'low': 0, 'high': 0, 'max': 35, 'oom': 0, 'oom_kill': 0, 'oom_group_kill': 0}
[container_monitor] pf-test-1: current=508.7MiB swap=66.8MiB max=701.0MiB cpu.usage_usec=1950794 method=swap_current_delta_fallback detail={'delta_swap_current': 0, 'swap_saturated': False, 'workingset_refault_anon': 5531} events={'low': 0, 'high': 0, 'max': 35, 'oom': 0, 'oom_kill': 0, 'oom_group_kill': 0}
[container_monitor] pf-test-1: current=510.9MiB swap=66.8MiB max=701.0MiB cpu.usage_usec=1955722 method=swap_current_delta_fallback detail={'delta_swap_current': 0, 'swap_saturated': False, 'workingset_refault_anon': 5531} events={'low': 0, 'high': 0, 'max': 35, 'oom': 0, 'oom_kill': 0, 'oom_group_kill': 0}
[container_monitor] pf-test-1: current=511.4MiB swap=66.8MiB max=701.0MiB cpu.usage_usec=1961003 method=swap_current_delta_fallback detail={'delta_swap_current': -20480, 'swap_saturated': False, 'workingset_refault_anon': 5531} events={'low': 0, 'high': 0, 'max': 35, 'oom': 0, 'oom_kill': 0, 'oom_group_kill': 0}
[container_monitor] pf-test-1: current=512.9MiB swap=66.8MiB max=701.0MiB cpu.usage_usec=1965774 method=swap_current_delta_fallback detail={'delta_swap_current': 0, 'swap_saturated': False, 'workingset_refault_anon': 5531} events={'low': 0, 'high': 0, 'max': 35, 'oom': 0, 'oom_kill': 0, 'oom_group_kill': 0}
[container_monitor] pf-test-1: current=513.8MiB swap=66.8MiB max=701.0MiB cpu.usage_usec=1970693 method=swap_current_delta_fallback detail={'delta_swap_current': 0, 'swap_saturated': False, 'workingset_refault_anon': 5531} events={'low': 0, 'high': 0, 'max': 35, 'oom': 0, 'oom_kill': 0, 'oom_group_kill': 0}
[container_monitor] pf-test-1: current=515.7MiB swap=66.8MiB max=701.0MiB cpu.usage_usec=1975901 method=swap_current_delta_fallback detail={'delta_swap_current': 0, 'swap_saturated': False, 'workingset_refault_anon': 5531} events={'low': 0, 'high': 0, 'max': 35, 'oom': 0, 'oom_kill': 0, 'oom_group_kill': 0}
[container_monitor] pf-test-1: current=516.6MiB swap=66.6MiB max=701.0MiB cpu.usage_usec=1980691 method=swap_current_delta_fallback detail={'delta_swap_current': -196608, 'swap_saturated': False, 'workingset_refault_anon': 5531} events={'low': 0, 'high': 0, 'max': 35, 'oom': 0, 'oom_kill': 0, 'oom_group_kill': 0}
[container_monitor] pf-test-1: current=518.1MiB swap=66.6MiB max=701.0MiB cpu.usage_usec=1986305 method=swap_current_delta_fallback detail={'delta_swap_current': 0, 'swap_saturated': False, 'workingset_refault_anon': 5531} events={'low': 0, 'high': 0, 'max': 35, 'oom': 0, 'oom_kill': 0, 'oom_group_kill': 0}
[container_monitor] pf-test-1: current=520.0MiB swap=66.6MiB max=701.0MiB cpu.usage_usec=1991385 method=swap_current_delta_fallback detail={'delta_swap_current': 0, 'swap_saturated': False, 'workingset_refault_anon': 5531} events={'low': 0, 'high': 0, 'max': 35, 'oom': 0, 'oom_kill': 0, 'oom_group_kill': 0}
[container_monitor] pf-test-1: current=521.7MiB swap=66.6MiB max=701.0MiB cpu.usage_usec=1996059 method=swap_current_delta_fallback detail={'delta_swap_current': 0, 'swap_saturated': False, 'workingset_refault_anon': 5531} events={'low': 0, 'high': 0, 'max': 35, 'oom': 0, 'oom_kill': 0, 'oom_group_kill': 0}
[container_monitor] pf-test-1: current=522.7MiB swap=66.6MiB max=701.0MiB cpu.usage_usec=2000698 method=swap_current_delta_fallback detail={'delta_swap_current': 0, 'swap_saturated': False, 'workingset_refault_anon': 5531} events={'low': 0, 'high': 0, 'max': 35, 'oom': 0, 'oom_kill': 0, 'oom_group_kill': 0}
[container_monitor] pf-test-1: current=525.7MiB swap=66.6MiB max=701.0MiB cpu.usage_usec=2006462 method=swap_current_delta_fallback detail={'delta_swap_current': 0, 'swap_saturated': False, 'workingset_refault_anon': 5531} events={'low': 0, 'high': 0, 'max': 35, 'oom': 0, 'oom_kill': 0, 'oom_group_kill': 0}
[container_monitor] pf-test-1: current=527.3MiB swap=66.6MiB max=701.0MiB cpu.usage_usec=2011503 method=swap_current_delta_fallback detail={'delta_swap_current': 0, 'swap_saturated': False, 'workingset_refault_anon': 5531} events={'low': 0, 'high': 0, 'max': 35, 'oom': 0, 'oom_kill': 0, 'oom_group_kill': 0}
[container_monitor] pf-test-1: current=528.8MiB swap=66.6MiB max=701.0MiB cpu.usage_usec=2015744 method=swap_current_delta_fallback detail={'delta_swap_current': 0, 'swap_saturated': False, 'workingset_refault_anon': 5531} events={'low': 0, 'high': 0, 'max': 35, 'oom': 0, 'oom_kill': 0, 'oom_group_kill': 0}
[container_monitor] pf-test-1: current=530.6MiB swap=66.6MiB max=701.0MiB cpu.usage_usec=2021241 method=swap_current_delta_fallback detail={'delta_swap_current': 0, 'swap_saturated': False, 'workingset_refault_anon': 5531} events={'low': 0, 'high': 0, 'max': 35, 'oom': 0, 'oom_kill': 0, 'oom_group_kill': 0}
[container_monitor] pf-test-1: current=532.0MiB swap=66.6MiB max=701.0MiB cpu.usage_usec=2026115 method=swap_current_delta_fallback detail={'delta_swap_current': 0, 'swap_saturated': False, 'workingset_refault_anon': 5531} events={'low': 0, 'high': 0, 'max': 35, 'oom': 0, 'oom_kill': 0, 'oom_group_kill': 0}
[container_monitor] pf-test-1: current=533.9MiB swap=66.6MiB max=701.0MiB cpu.usage_usec=2030886 method=swap_current_delta_fallback detail={'delta_swap_current': 0, 'swap_saturated': False, 'workingset_refault_anon': 5531} events={'low': 0, 'high': 0, 'max': 35, 'oom': 0, 'oom_kill': 0, 'oom_group_kill': 0}
[container_monitor] pf-test-1: current=536.2MiB swap=66.6MiB max=701.0MiB cpu.usage_usec=2035840 method=swap_current_delta_fallback detail={'delta_swap_current': 0, 'swap_saturated': False, 'workingset_refault_anon': 5531} events={'low': 0, 'high': 0, 'max': 35, 'oom': 0, 'oom_kill': 0, 'oom_group_kill': 0}
[container_monitor] pf-test-1: current=539.6MiB swap=66.6MiB max=701.0MiB cpu.usage_usec=2041590 method=swap_current_delta_fallback detail={'delta_swap_current': 0, 'swap_saturated': False, 'workingset_refault_anon': 5531} events={'low': 0, 'high': 0, 'max': 35, 'oom': 0, 'oom_kill': 0, 'oom_group_kill': 0}
[container_monitor] pf-test-1: current=544.5MiB swap=66.6MiB max=701.0MiB cpu.usage_usec=2045777 method=swap_current_delta_fallback detail={'delta_swap_current': 0, 'swap_saturated': False, 'workingset_refault_anon': 5531} events={'low': 0, 'high': 0, 'max': 35, 'oom': 0, 'oom_kill': 0, 'oom_group_kill': 0}
[container_monitor] pf-test-1: current=546.8MiB swap=66.6MiB max=701.0MiB cpu.usage_usec=2051083 method=swap_current_delta_fallback detail={'delta_swap_current': 0, 'swap_saturated': False, 'workingset_refault_anon': 5531} events={'low': 0, 'high': 0, 'max': 35, 'oom': 0, 'oom_kill': 0, 'oom_group_kill': 0}
[container_monitor] pf-test-1: current=548.7MiB swap=66.6MiB max=701.0MiB cpu.usage_usec=2055709 method=swap_current_delta_fallback detail={'delta_swap_current': 0, 'swap_saturated': False, 'workingset_refault_anon': 5531} events={'low': 0, 'high': 0, 'max': 35, 'oom': 0, 'oom_kill': 0, 'oom_group_kill': 0}
[container_monitor] pf-test-1: current=551.1MiB swap=66.6MiB max=701.0MiB cpu.usage_usec=2061552 method=swap_current_delta_fallback detail={'delta_swap_current': 0, 'swap_saturated': False, 'workingset_refault_anon': 5531} events={'low': 0, 'high': 0, 'max': 35, 'oom': 0, 'oom_kill': 0, 'oom_group_kill': 0}
[container_monitor] pf-test-1: current=552.7MiB swap=66.6MiB max=701.0MiB cpu.usage_usec=2065660 method=swap_current_delta_fallback detail={'delta_swap_current': 0, 'swap_saturated': False, 'workingset_refault_anon': 5531} events={'low': 0, 'high': 0, 'max': 35, 'oom': 0, 'oom_kill': 0, 'oom_group_kill': 0}
[container_monitor] pf-test-1: current=555.1MiB swap=66.6MiB max=701.0MiB cpu.usage_usec=2070808 method=swap_current_delta_fallback detail={'delta_swap_current': 0, 'swap_saturated': False, 'workingset_refault_anon': 5531} events={'low': 0, 'high': 0, 'max': 35, 'oom': 0, 'oom_kill': 0, 'oom_group_kill': 0}
[container_monitor] pf-test-1: current=557.8MiB swap=66.6MiB max=701.0MiB cpu.usage_usec=2075793 method=swap_current_delta_fallback detail={'delta_swap_current': 0, 'swap_saturated': False, 'workingset_refault_anon': 5531} events={'low': 0, 'high': 0, 'max': 35, 'oom': 0, 'oom_kill': 0, 'oom_group_kill': 0}
[container_monitor] pf-test-1: current=564.9MiB swap=66.6MiB max=701.0MiB cpu.usage_usec=2081202 method=swap_current_delta_fallback detail={'delta_swap_current': 0, 'swap_saturated': False, 'workingset_refault_anon': 5531} events={'low': 0, 'high': 0, 'max': 35, 'oom': 0, 'oom_kill': 0, 'oom_group_kill': 0}
[container_monitor] pf-test-1: current=566.4MiB swap=66.6MiB max=701.0MiB cpu.usage_usec=2086127 method=swap_current_delta_fallback detail={'delta_swap_current': 0, 'swap_saturated': False, 'workingset_refault_anon': 5531} events={'low': 0, 'high': 0, 'max': 35, 'oom': 0, 'oom_kill': 0, 'oom_group_kill': 0}
[container_monitor] pf-test-1: current=568.0MiB swap=66.6MiB max=701.0MiB cpu.usage_usec=2091444 method=swap_current_delta_fallback detail={'delta_swap_current': 0, 'swap_saturated': False, 'workingset_refault_anon': 5531} events={'low': 0, 'high': 0, 'max': 35, 'oom': 0, 'oom_kill': 0, 'oom_group_kill': 0}
[container_monitor] pf-test-1: current=569.8MiB swap=66.6MiB max=701.0MiB cpu.usage_usec=2096269 method=swap_current_delta_fallback detail={'delta_swap_current': -12288, 'swap_saturated': False, 'workingset_refault_anon': 5531} events={'low': 0, 'high': 0, 'max': 35, 'oom': 0, 'oom_kill': 0, 'oom_group_kill': 0}
[container_monitor] pf-test-1: current=571.7MiB swap=66.6MiB max=701.0MiB cpu.usage_usec=2101411 method=swap_current_delta_fallback detail={'delta_swap_current': 0, 'swap_saturated': False, 'workingset_refault_anon': 5531} events={'low': 0, 'high': 0, 'max': 35, 'oom': 0, 'oom_kill': 0, 'oom_group_kill': 0}
[container_monitor] pf-test-1: current=572.7MiB swap=66.6MiB max=701.0MiB cpu.usage_usec=2105740 method=swap_current_delta_fallback detail={'delta_swap_current': 0, 'swap_saturated': False, 'workingset_refault_anon': 5531} events={'low': 0, 'high': 0, 'max': 35, 'oom': 0, 'oom_kill': 0, 'oom_group_kill': 0}
[container_monitor] pf-test-1: current=575.6MiB swap=66.6MiB max=701.0MiB cpu.usage_usec=2110946 method=swap_current_delta_fallback detail={'delta_swap_current': 0, 'swap_saturated': False, 'workingset_refault_anon': 5531} events={'low': 0, 'high': 0, 'max': 35, 'oom': 0, 'oom_kill': 0, 'oom_group_kill': 0}
[container_monitor] pf-test-1: current=577.0MiB swap=66.6MiB max=701.0MiB cpu.usage_usec=2115909 method=swap_current_delta_fallback detail={'delta_swap_current': 0, 'swap_saturated': False, 'workingset_refault_anon': 5531} events={'low': 0, 'high': 0, 'max': 35, 'oom': 0, 'oom_kill': 0, 'oom_group_kill': 0}
[container_monitor] pf-test-1: current=580.8MiB swap=66.6MiB max=701.0MiB cpu.usage_usec=2121346 method=swap_current_delta_fallback detail={'delta_swap_current': 0, 'swap_saturated': False, 'workingset_refault_anon': 5531} events={'low': 0, 'high': 0, 'max': 35, 'oom': 0, 'oom_kill': 0, 'oom_group_kill': 0}
[container_monitor] pf-test-1: current=583.8MiB swap=66.6MiB max=701.0MiB cpu.usage_usec=2126612 method=swap_current_delta_fallback detail={'delta_swap_current': 0, 'swap_saturated': False, 'workingset_refault_anon': 5531} events={'low': 0, 'high': 0, 'max': 35, 'oom': 0, 'oom_kill': 0, 'oom_group_kill': 0}
[container_monitor] pf-test-1: current=585.7MiB swap=66.6MiB max=701.0MiB cpu.usage_usec=2131348 method=swap_current_delta_fallback detail={'delta_swap_current': 0, 'swap_saturated': False, 'workingset_refault_anon': 5531} events={'low': 0, 'high': 0, 'max': 35, 'oom': 0, 'oom_kill': 0, 'oom_group_kill': 0}
[container_monitor] pf-test-1: current=590.4MiB swap=66.6MiB max=701.0MiB cpu.usage_usec=2136182 method=swap_current_delta_fallback detail={'delta_swap_current': 0, 'swap_saturated': False, 'workingset_refault_anon': 5531} events={'low': 0, 'high': 0, 'max': 35, 'oom': 0, 'oom_kill': 0, 'oom_group_kill': 0}
[container_monitor] pf-test-1: current=592.3MiB swap=66.6MiB max=701.0MiB cpu.usage_usec=2141168 method=swap_current_delta_fallback detail={'delta_swap_current': 0, 'swap_saturated': False, 'workingset_refault_anon': 5531} events={'low': 0, 'high': 0, 'max': 35, 'oom': 0, 'oom_kill': 0, 'oom_group_kill': 0}
[container_monitor] pf-test-1: current=593.8MiB swap=66.6MiB max=701.0MiB cpu.usage_usec=2145681 method=swap_current_delta_fallback detail={'delta_swap_current': 0, 'swap_saturated': False, 'workingset_refault_anon': 5531} events={'low': 0, 'high': 0, 'max': 35, 'oom': 0, 'oom_kill': 0, 'oom_group_kill': 0}
[container_monitor] pf-test-1: current=595.3MiB swap=66.6MiB max=701.0MiB cpu.usage_usec=2151268 method=swap_current_delta_fallback detail={'delta_swap_current': 0, 'swap_saturated': False, 'workingset_refault_anon': 5531} events={'low': 0, 'high': 0, 'max': 35, 'oom': 0, 'oom_kill': 0, 'oom_group_kill': 0}
[container_monitor] pf-test-1: current=597.7MiB swap=66.6MiB max=701.0MiB cpu.usage_usec=2155917 method=swap_current_delta_fallback detail={'delta_swap_current': 0, 'swap_saturated': False, 'workingset_refault_anon': 5531} events={'low': 0, 'high': 0, 'max': 35, 'oom': 0, 'oom_kill': 0, 'oom_group_kill': 0}
[container_monitor] pf-test-1: current=599.0MiB swap=66.6MiB max=701.0MiB cpu.usage_usec=2160738 method=swap_current_delta_fallback detail={'delta_swap_current': 0, 'swap_saturated': False, 'workingset_refault_anon': 5531} events={'low': 0, 'high': 0, 'max': 35, 'oom': 0, 'oom_kill': 0, 'oom_group_kill': 0}
[container_monitor] pf-test-1: current=601.9MiB swap=66.6MiB max=701.0MiB cpu.usage_usec=2166741 method=swap_current_delta_fallback detail={'delta_swap_current': 0, 'swap_saturated': False, 'workingset_refault_anon': 5531} events={'low': 0, 'high': 0, 'max': 35, 'oom': 0, 'oom_kill': 0, 'oom_group_kill': 0}
[container_monitor] pf-test-1: current=604.3MiB swap=66.6MiB max=701.0MiB cpu.usage_usec=2172193 method=swap_current_delta_fallback detail={'delta_swap_current': 0, 'swap_saturated': False, 'workingset_refault_anon': 5531} events={'low': 0, 'high': 0, 'max': 35, 'oom': 0, 'oom_kill': 0, 'oom_group_kill': 0}
[container_monitor] pf-test-1: current=606.2MiB swap=66.6MiB max=701.0MiB cpu.usage_usec=2176755 method=swap_current_delta_fallback detail={'delta_swap_current': 0, 'swap_saturated': False, 'workingset_refault_anon': 5531} events={'low': 0, 'high': 0, 'max': 35, 'oom': 0, 'oom_kill': 0, 'oom_group_kill': 0}
[container_monitor] pf-test-1: current=607.7MiB swap=66.6MiB max=701.0MiB cpu.usage_usec=2181675 method=swap_current_delta_fallback detail={'delta_swap_current': 0, 'swap_saturated': False, 'workingset_refault_anon': 5531} events={'low': 0, 'high': 0, 'max': 35, 'oom': 0, 'oom_kill': 0, 'oom_group_kill': 0}
[container_monitor] pf-test-1: current=610.0MiB swap=66.6MiB max=701.0MiB cpu.usage_usec=2186730 method=swap_current_delta_fallback detail={'delta_swap_current': 0, 'swap_saturated': False, 'workingset_refault_anon': 5531} events={'low': 0, 'high': 0, 'max': 35, 'oom': 0, 'oom_kill': 0, 'oom_group_kill': 0}
[container_monitor] pf-test-1: current=612.1MiB swap=66.6MiB max=701.0MiB cpu.usage_usec=2192042 method=swap_current_delta_fallback detail={'delta_swap_current': 0, 'swap_saturated': False, 'workingset_refault_anon': 5531} events={'low': 0, 'high': 0, 'max': 35, 'oom': 0, 'oom_kill': 0, 'oom_group_kill': 0}
[container_monitor] pf-test-1: current=613.4MiB swap=66.6MiB max=701.0MiB cpu.usage_usec=2197174 method=swap_current_delta_fallback detail={'delta_swap_current': 0, 'swap_saturated': False, 'workingset_refault_anon': 5531} events={'low': 0, 'high': 0, 'max': 35, 'oom': 0, 'oom_kill': 0, 'oom_group_kill': 0}
[container_monitor] pf-test-1: current=615.8MiB swap=66.6MiB max=701.0MiB cpu.usage_usec=2201880 method=swap_current_delta_fallback detail={'delta_swap_current': 0, 'swap_saturated': False, 'workingset_refault_anon': 5531} events={'low': 0, 'high': 0, 'max': 35, 'oom': 0, 'oom_kill': 0, 'oom_group_kill': 0}
[container_monitor] pf-test-1: current=620.0MiB swap=66.6MiB max=701.0MiB cpu.usage_usec=2207447 method=swap_current_delta_fallback detail={'delta_swap_current': 0, 'swap_saturated': False, 'workingset_refault_anon': 5531} events={'low': 0, 'high': 0, 'max': 35, 'oom': 0, 'oom_kill': 0, 'oom_group_kill': 0}
[container_monitor] pf-test-1: current=624.2MiB swap=66.6MiB max=701.0MiB cpu.usage_usec=2212088 method=swap_current_delta_fallback detail={'delta_swap_current': 0, 'swap_saturated': False, 'workingset_refault_anon': 5531} events={'low': 0, 'high': 0, 'max': 35, 'oom': 0, 'oom_kill': 0, 'oom_group_kill': 0}
[container_monitor] pf-test-1: current=625.6MiB swap=66.6MiB max=701.0MiB cpu.usage_usec=2217422 method=swap_current_delta_fallback detail={'delta_swap_current': 0, 'swap_saturated': False, 'workingset_refault_anon': 5531} events={'low': 0, 'high': 0, 'max': 35, 'oom': 0, 'oom_kill': 0, 'oom_group_kill': 0}
[container_monitor] pf-test-1: current=627.8MiB swap=66.6MiB max=701.0MiB cpu.usage_usec=2221657 method=swap_current_delta_fallback detail={'delta_swap_current': 0, 'swap_saturated': False, 'workingset_refault_anon': 5531} events={'low': 0, 'high': 0, 'max': 35, 'oom': 0, 'oom_kill': 0, 'oom_group_kill': 0}
[container_monitor] pf-test-1: current=630.8MiB swap=66.6MiB max=701.0MiB cpu.usage_usec=2227348 method=swap_current_delta_fallback detail={'delta_swap_current': 0, 'swap_saturated': False, 'workingset_refault_anon': 5531} events={'low': 0, 'high': 0, 'max': 35, 'oom': 0, 'oom_kill': 0, 'oom_group_kill': 0}
[container_monitor] pf-test-1: current=632.8MiB swap=66.6MiB max=701.0MiB cpu.usage_usec=2231912 method=swap_current_delta_fallback detail={'delta_swap_current': 0, 'swap_saturated': False, 'workingset_refault_anon': 5531} events={'low': 0, 'high': 0, 'max': 35, 'oom': 0, 'oom_kill': 0, 'oom_group_kill': 0}
[container_monitor] pf-test-1: current=635.6MiB swap=66.6MiB max=701.0MiB cpu.usage_usec=2237355 method=swap_current_delta_fallback detail={'delta_swap_current': 0, 'swap_saturated': False, 'workingset_refault_anon': 5531} events={'low': 0, 'high': 0, 'max': 35, 'oom': 0, 'oom_kill': 0, 'oom_group_kill': 0}
[container_monitor] pf-test-1: current=638.3MiB swap=66.6MiB max=701.0MiB cpu.usage_usec=2241770 method=swap_current_delta_fallback detail={'delta_swap_current': 0, 'swap_saturated': False, 'workingset_refault_anon': 5531} events={'low': 0, 'high': 0, 'max': 35, 'oom': 0, 'oom_kill': 0, 'oom_group_kill': 0}
[container_monitor] pf-test-1: current=640.2MiB swap=66.6MiB max=701.0MiB cpu.usage_usec=2247633 method=swap_current_delta_fallback detail={'delta_swap_current': 0, 'swap_saturated': False, 'workingset_refault_anon': 5531} events={'low': 0, 'high': 0, 'max': 35, 'oom': 0, 'oom_kill': 0, 'oom_group_kill': 0}
[container_monitor] pf-test-1: current=642.4MiB swap=66.6MiB max=701.0MiB cpu.usage_usec=2252115 method=swap_current_delta_fallback detail={'delta_swap_current': 0, 'swap_saturated': False, 'workingset_refault_anon': 5531} events={'low': 0, 'high': 0, 'max': 35, 'oom': 0, 'oom_kill': 0, 'oom_group_kill': 0}
[container_monitor] pf-test-1: current=645.3MiB swap=66.6MiB max=701.0MiB cpu.usage_usec=2257079 method=swap_current_delta_fallback detail={'delta_swap_current': 0, 'swap_saturated': False, 'workingset_refault_anon': 5531} events={'low': 0, 'high': 0, 'max': 35, 'oom': 0, 'oom_kill': 0, 'oom_group_kill': 0}
[container_monitor] pf-test-1: current=647.7MiB swap=66.6MiB max=701.0MiB cpu.usage_usec=2262309 method=swap_current_delta_fallback detail={'delta_swap_current': 0, 'swap_saturated': False, 'workingset_refault_anon': 5531} events={'low': 0, 'high': 0, 'max': 35, 'oom': 0, 'oom_kill': 0, 'oom_group_kill': 0}
[container_monitor] pf-test-1: current=650.0MiB swap=66.6MiB max=701.0MiB cpu.usage_usec=2266842 method=swap_current_delta_fallback detail={'delta_swap_current': 0, 'swap_saturated': False, 'workingset_refault_anon': 5531} events={'low': 0, 'high': 0, 'max': 35, 'oom': 0, 'oom_kill': 0, 'oom_group_kill': 0}
[container_monitor] pf-test-1: current=654.8MiB swap=66.6MiB max=701.0MiB cpu.usage_usec=2272531 method=swap_current_delta_fallback detail={'delta_swap_current': 0, 'swap_saturated': False, 'workingset_refault_anon': 5531} events={'low': 0, 'high': 0, 'max': 35, 'oom': 0, 'oom_kill': 0, 'oom_group_kill': 0}
[container_monitor] pf-test-1: current=657.8MiB swap=66.6MiB max=701.0MiB cpu.usage_usec=2276690 method=swap_current_delta_fallback detail={'delta_swap_current': 0, 'swap_saturated': False, 'workingset_refault_anon': 5531} events={'low': 0, 'high': 0, 'max': 35, 'oom': 0, 'oom_kill': 0, 'oom_group_kill': 0}
[container_monitor] pf-test-1: current=660.2MiB swap=66.6MiB max=701.0MiB cpu.usage_usec=2281962 method=swap_current_delta_fallback detail={'delta_swap_current': 0, 'swap_saturated': False, 'workingset_refault_anon': 5531} events={'low': 0, 'high': 0, 'max': 35, 'oom': 0, 'oom_kill': 0, 'oom_group_kill': 0}
[container_monitor] pf-test-1: current=662.4MiB swap=66.6MiB max=701.0MiB cpu.usage_usec=2286869 method=swap_current_delta_fallback detail={'delta_swap_current': 0, 'swap_saturated': False, 'workingset_refault_anon': 5531} events={'low': 0, 'high': 0, 'max': 35, 'oom': 0, 'oom_kill': 0, 'oom_group_kill': 0}
[container_monitor] pf-test-1: current=665.2MiB swap=66.6MiB max=701.0MiB cpu.usage_usec=2292387 method=swap_current_delta_fallback detail={'delta_swap_current': 0, 'swap_saturated': False, 'workingset_refault_anon': 5531} events={'low': 0, 'high': 0, 'max': 35, 'oom': 0, 'oom_kill': 0, 'oom_group_kill': 0}
[container_monitor] pf-test-1: current=667.3MiB swap=66.6MiB max=701.0MiB cpu.usage_usec=2297156 method=swap_current_delta_fallback detail={'delta_swap_current': 0, 'swap_saturated': False, 'workingset_refault_anon': 5531} events={'low': 0, 'high': 0, 'max': 35, 'oom': 0, 'oom_kill': 0, 'oom_group_kill': 0}
[container_monitor] pf-test-1: current=669.7MiB swap=66.6MiB max=701.0MiB cpu.usage_usec=2302638 method=swap_current_delta_fallback detail={'delta_swap_current': 0, 'swap_saturated': False, 'workingset_refault_anon': 5531} events={'low': 0, 'high': 0, 'max': 35, 'oom': 0, 'oom_kill': 0, 'oom_group_kill': 0}
[container_monitor] pf-test-1: current=673.0MiB swap=66.6MiB max=701.0MiB cpu.usage_usec=2307602 method=swap_current_delta_fallback detail={'delta_swap_current': 0, 'swap_saturated': False, 'workingset_refault_anon': 5531} events={'low': 0, 'high': 0, 'max': 35, 'oom': 0, 'oom_kill': 0, 'oom_group_kill': 0}
[container_monitor] pf-test-1: current=675.5MiB swap=66.6MiB max=701.0MiB cpu.usage_usec=2311742 method=swap_current_delta_fallback detail={'delta_swap_current': 0, 'swap_saturated': False, 'workingset_refault_anon': 5531} events={'low': 0, 'high': 0, 'max': 35, 'oom': 0, 'oom_kill': 0, 'oom_group_kill': 0}
[container_monitor] pf-test-1: current=681.8MiB swap=66.6MiB max=701.0MiB cpu.usage_usec=2316662 method=swap_current_delta_fallback detail={'delta_swap_current': 0, 'swap_saturated': False, 'workingset_refault_anon': 5531} events={'low': 0, 'high': 0, 'max': 35, 'oom': 0, 'oom_kill': 0, 'oom_group_kill': 0}
[container_monitor] pf-test-1: current=684.4MiB swap=66.6MiB max=701.0MiB cpu.usage_usec=2322028 method=swap_current_delta_fallback detail={'delta_swap_current': 0, 'swap_saturated': False, 'workingset_refault_anon': 5531} events={'low': 0, 'high': 0, 'max': 35, 'oom': 0, 'oom_kill': 0, 'oom_group_kill': 0}
[container_monitor] pf-test-1: current=686.7MiB swap=66.6MiB max=701.0MiB cpu.usage_usec=2327155 method=swap_current_delta_fallback detail={'delta_swap_current': 0, 'swap_saturated': False, 'workingset_refault_anon': 5531} events={'low': 0, 'high': 0, 'max': 35, 'oom': 0, 'oom_kill': 0, 'oom_group_kill': 0}
[container_monitor] pf-test-1: current=693.8MiB swap=66.6MiB max=701.0MiB cpu.usage_usec=2332247 method=swap_current_delta_fallback detail={'delta_swap_current': 0, 'swap_saturated': False, 'workingset_refault_anon': 5531} events={'low': 0, 'high': 0, 'max': 35, 'oom': 0, 'oom_kill': 0, 'oom_group_kill': 0}
[container_monitor] pf-test-1: current=696.7MiB swap=66.6MiB max=701.0MiB cpu.usage_usec=2336860 method=swap_current_delta_fallback detail={'delta_swap_current': 0, 'swap_saturated': False, 'workingset_refault_anon': 5531} events={'low': 0, 'high': 0, 'max': 35, 'oom': 0, 'oom_kill': 0, 'oom_group_kill': 0}
[container_monitor] pf-test-1: current=698.9MiB swap=66.6MiB max=701.0MiB cpu.usage_usec=2341666 method=swap_current_delta_fallback detail={'delta_swap_current': 0, 'swap_saturated': False, 'workingset_refault_anon': 5531} events={'low': 0, 'high': 0, 'max': 35, 'oom': 0, 'oom_kill': 0, 'oom_group_kill': 0}
[container_monitor] pf-test-1: current=701.0MiB swap=66.6MiB max=701.0MiB cpu.usage_usec=2347065 method=swap_current_delta_fallback detail={'delta_swap_current': 4096, 'swap_saturated': False, 'workingset_refault_anon': 5531} events={'low': 0, 'high': 0, 'max': 41, 'oom': 0, 'oom_kill': 0, 'oom_group_kill': 0}
[container_monitor] pf-test-1: OCM 감지 (method=swap_current_delta_fallback, detail={'delta_swap_current': 4096, 'swap_saturated': False, 'workingset_refault_anon': 5531})
[puff_manager] pf-test-1: puff 적용 701MiB -> 981MiB
[container_monitor] pf-test-1: puff 완료, 새 메모리 한도 981MiB
[container_monitor] pf-test-1: 이미 suspend 상태, 재적용 생략
[container_monitor] pf-test-1: current=701.1MiB swap=67.1MiB max=981.0MiB cpu.usage_usec=2354670 method=swap_current_delta_fallback detail={'delta_swap_current': 520192, 'swap_saturated': False, 'workingset_refault_anon': 5531} events={'low': 0, 'high': 0, 'max': 41, 'oom': 0, 'oom_kill': 0, 'oom_group_kill': 0}
[container_monitor] pf-test-1: current=701.1MiB swap=67.1MiB max=981.0MiB cpu.usage_usec=2359433 method=swap_current_delta_fallback detail={'delta_swap_current': 0, 'swap_saturated': False, 'workingset_refault_anon': 5531} events={'low': 0, 'high': 0, 'max': 41, 'oom': 0, 'oom_kill': 0, 'oom_group_kill': 0}
[container_monitor] pf-test-1: current=701.1MiB swap=67.1MiB max=981.0MiB cpu.usage_usec=2364568 method=swap_current_delta_fallback detail={'delta_swap_current': 0, 'swap_saturated': False, 'workingset_refault_anon': 5531} events={'low': 0, 'high': 0, 'max': 41, 'oom': 0, 'oom_kill': 0, 'oom_group_kill': 0}
[container_monitor] pf-test-1: current=701.1MiB swap=67.1MiB max=981.0MiB cpu.usage_usec=2369835 method=swap_current_delta_fallback detail={'delta_swap_current': 0, 'swap_saturated': False, 'workingset_refault_anon': 5531} events={'low': 0, 'high': 0, 'max': 41, 'oom': 0, 'oom_kill': 0, 'oom_group_kill': 0}
[container_monitor] pf-test-1: current=701.1MiB swap=67.1MiB max=981.0MiB cpu.usage_usec=2374043 method=swap_current_delta_fallback detail={'delta_swap_current': 0, 'swap_saturated': False, 'workingset_refault_anon': 5531} events={'low': 0, 'high': 0, 'max': 41, 'oom': 0, 'oom_kill': 0, 'oom_group_kill': 0}
[container_monitor] pf-test-1: current=701.1MiB swap=67.1MiB max=981.0MiB cpu.usage_usec=2374994 method=swap_current_delta_fallback detail={'delta_swap_current': 0, 'swap_saturated': False, 'workingset_refault_anon': 5534} events={'low': 0, 'high': 0, 'max': 41, 'oom': 0, 'oom_kill': 0, 'oom_group_kill': 0}
[container_monitor] pf-test-1: current=701.1MiB swap=67.1MiB max=981.0MiB cpu.usage_usec=2375612 method=swap_current_delta_fallback detail={'delta_swap_current': 0, 'swap_saturated': False, 'workingset_refault_anon': 5534} events={'low': 0, 'high': 0, 'max': 41, 'oom': 0, 'oom_kill': 0, 'oom_group_kill': 0}
[container_monitor] pf-test-1: current=701.1MiB swap=67.1MiB max=981.0MiB cpu.usage_usec=2376516 method=swap_current_delta_fallback detail={'delta_swap_current': 0, 'swap_saturated': False, 'workingset_refault_anon': 5534} events={'low': 0, 'high': 0, 'max': 41, 'oom': 0, 'oom_kill': 0, 'oom_group_kill': 0}
[container_monitor] pf-test-1: current=701.1MiB swap=67.1MiB max=981.0MiB cpu.usage_usec=2379980 method=swap_current_delta_fallback detail={'delta_swap_current': 0, 'swap_saturated': False, 'workingset_refault_anon': 5534} events={'low': 0, 'high': 0, 'max': 41, 'oom': 0, 'oom_kill': 0, 'oom_group_kill': 0}
[container_monitor] pf-test-1: current=701.1MiB swap=67.1MiB max=981.0MiB cpu.usage_usec=2385449 method=swap_current_delta_fallback detail={'delta_swap_current': 0, 'swap_saturated': False, 'workingset_refault_anon': 5534} events={'low': 0, 'high': 0, 'max': 41, 'oom': 0, 'oom_kill': 0, 'oom_group_kill': 0}
[container_monitor] pf-test-1: current=701.1MiB swap=67.1MiB max=981.0MiB cpu.usage_usec=2390643 method=swap_current_delta_fallback detail={'delta_swap_current': 0, 'swap_saturated': False, 'workingset_refault_anon': 5534} events={'low': 0, 'high': 0, 'max': 41, 'oom': 0, 'oom_kill': 0, 'oom_group_kill': 0}
[container_monitor] pf-test-1: current=701.1MiB swap=67.1MiB max=981.0MiB cpu.usage_usec=2392180 method=swap_current_delta_fallback detail={'delta_swap_current': 0, 'swap_saturated': False, 'workingset_refault_anon': 5534} events={'low': 0, 'high': 0, 'max': 41, 'oom': 0, 'oom_kill': 0, 'oom_group_kill': 0}
[container_monitor] pf-test-1: current=701.1MiB swap=67.1MiB max=981.0MiB cpu.usage_usec=2392523 method=swap_current_delta_fallback detail={'delta_swap_current': 0, 'swap_saturated': False, 'workingset_refault_anon': 5534} events={'low': 0, 'high': 0, 'max': 41, 'oom': 0, 'oom_kill': 0, 'oom_group_kill': 0}
[container_monitor] pf-test-1: current=701.1MiB swap=67.1MiB max=981.0MiB cpu.usage_usec=2393345 method=swap_current_delta_fallback detail={'delta_swap_current': 0, 'swap_saturated': False, 'workingset_refault_anon': 5534} events={'low': 0, 'high': 0, 'max': 41, 'oom': 0, 'oom_kill': 0, 'oom_group_kill': 0}
[container_monitor] pf-test-1: current=701.1MiB swap=67.1MiB max=981.0MiB cpu.usage_usec=2393832 method=swap_current_delta_fallback detail={'delta_swap_current': -12288, 'swap_saturated': False, 'workingset_refault_anon': 5534} events={'low': 0, 'high': 0, 'max': 41, 'oom': 0, 'oom_kill': 0, 'oom_group_kill': 0}
[container_monitor] pf-test-1: current=701.1MiB swap=67.1MiB max=981.0MiB cpu.usage_usec=2399154 method=swap_current_delta_fallback detail={'delta_swap_current': 0, 'swap_saturated': False, 'workingset_refault_anon': 5534} events={'low': 0, 'high': 0, 'max': 41, 'oom': 0, 'oom_kill': 0, 'oom_group_kill': 0}
[container_monitor] pf-test-1: current=701.1MiB swap=67.1MiB max=981.0MiB cpu.usage_usec=2404965 method=swap_current_delta_fallback detail={'delta_swap_current': 0, 'swap_saturated': False, 'workingset_refault_anon': 5534} events={'low': 0, 'high': 0, 'max': 41, 'oom': 0, 'oom_kill': 0, 'oom_group_kill': 0}
[container_monitor] pf-test-1: current=701.1MiB swap=67.1MiB max=981.0MiB cpu.usage_usec=2406578 method=swap_current_delta_fallback detail={'delta_swap_current': 0, 'swap_saturated': False, 'workingset_refault_anon': 5534} events={'low': 0, 'high': 0, 'max': 41, 'oom': 0, 'oom_kill': 0, 'oom_group_kill': 0}
[container_monitor] pf-test-1: current=701.1MiB swap=67.1MiB max=981.0MiB cpu.usage_usec=2407404 method=swap_current_delta_fallback detail={'delta_swap_current': 0, 'swap_saturated': False, 'workingset_refault_anon': 5534} events={'low': 0, 'high': 0, 'max': 41, 'oom': 0, 'oom_kill': 0, 'oom_group_kill': 0}
[container_monitor] pf-test-1: current=701.1MiB swap=67.1MiB max=981.0MiB cpu.usage_usec=2408406 method=swap_current_delta_fallback detail={'delta_swap_current': 0, 'swap_saturated': False, 'workingset_refault_anon': 5534} events={'low': 0, 'high': 0, 'max': 41, 'oom': 0, 'oom_kill': 0, 'oom_group_kill': 0}
[container_monitor] pf-test-1: current=701.1MiB swap=67.1MiB max=981.0MiB cpu.usage_usec=2409265 method=swap_current_delta_fallback detail={'delta_swap_current': 0, 'swap_saturated': False, 'workingset_refault_anon': 5534} events={'low': 0, 'high': 0, 'max': 41, 'oom': 0, 'oom_kill': 0, 'oom_group_kill': 0}
[container_monitor] pf-test-1: current=701.1MiB swap=67.1MiB max=981.0MiB cpu.usage_usec=2414668 method=swap_current_delta_fallback detail={'delta_swap_current': 0, 'swap_saturated': False, 'workingset_refault_anon': 5534} events={'low': 0, 'high': 0, 'max': 41, 'oom': 0, 'oom_kill': 0, 'oom_group_kill': 0}
[container_monitor] pf-test-1: current=701.1MiB swap=67.1MiB max=981.0MiB cpu.usage_usec=2419142 method=swap_current_delta_fallback detail={'delta_swap_current': 0, 'swap_saturated': False, 'workingset_refault_anon': 5534} events={'low': 0, 'high': 0, 'max': 41, 'oom': 0, 'oom_kill': 0, 'oom_group_kill': 0}
[container_monitor] pf-test-1: current=701.1MiB swap=67.1MiB max=981.0MiB cpu.usage_usec=2424246 method=swap_current_delta_fallback detail={'delta_swap_current': 0, 'swap_saturated': False, 'workingset_refault_anon': 5534} events={'low': 0, 'high': 0, 'max': 41, 'oom': 0, 'oom_kill': 0, 'oom_group_kill': 0}
[container_monitor] pf-test-1: current=701.1MiB swap=67.1MiB max=981.0MiB cpu.usage_usec=2424880 method=swap_current_delta_fallback detail={'delta_swap_current': 0, 'swap_saturated': False, 'workingset_refault_anon': 5534} events={'low': 0, 'high': 0, 'max': 41, 'oom': 0, 'oom_kill': 0, 'oom_group_kill': 0}
[container_monitor] pf-test-1: current=701.1MiB swap=67.1MiB max=981.0MiB cpu.usage_usec=2425805 method=swap_current_delta_fallback detail={'delta_swap_current': 0, 'swap_saturated': False, 'workingset_refault_anon': 5534} events={'low': 0, 'high': 0, 'max': 41, 'oom': 0, 'oom_kill': 0, 'oom_group_kill': 0}
[container_monitor] pf-test-1: current=701.1MiB swap=67.1MiB max=981.0MiB cpu.usage_usec=2426701 method=swap_current_delta_fallback detail={'delta_swap_current': 0, 'swap_saturated': False, 'workingset_refault_anon': 5534} events={'low': 0, 'high': 0, 'max': 41, 'oom': 0, 'oom_kill': 0, 'oom_group_kill': 0}
[container_monitor] pf-test-1: current=701.1MiB swap=67.1MiB max=981.0MiB cpu.usage_usec=2429277 method=swap_current_delta_fallback detail={'delta_swap_current': 0, 'swap_saturated': False, 'workingset_refault_anon': 5534} events={'low': 0, 'high': 0, 'max': 41, 'oom': 0, 'oom_kill': 0, 'oom_group_kill': 0}
[container_monitor] pf-test-1: current=701.1MiB swap=67.1MiB max=981.0MiB cpu.usage_usec=2434499 method=swap_current_delta_fallback detail={'delta_swap_current': 0, 'swap_saturated': False, 'workingset_refault_anon': 5534} events={'low': 0, 'high': 0, 'max': 41, 'oom': 0, 'oom_kill': 0, 'oom_group_kill': 0}
[container_monitor] pf-test-1: current=701.1MiB swap=67.1MiB max=981.0MiB cpu.usage_usec=2439837 method=swap_current_delta_fallback detail={'delta_swap_current': 0, 'swap_saturated': False, 'workingset_refault_anon': 5534} events={'low': 0, 'high': 0, 'max': 41, 'oom': 0, 'oom_kill': 0, 'oom_group_kill': 0}
[container_monitor] pf-test-1: current=701.1MiB swap=67.1MiB max=981.0MiB cpu.usage_usec=2441645 method=swap_current_delta_fallback detail={'delta_swap_current': 0, 'swap_saturated': False, 'workingset_refault_anon': 5534} events={'low': 0, 'high': 0, 'max': 41, 'oom': 0, 'oom_kill': 0, 'oom_group_kill': 0}
[container_monitor] pf-test-1: current=701.1MiB swap=67.1MiB max=981.0MiB cpu.usage_usec=2442698 method=swap_current_delta_fallback detail={'delta_swap_current': 0, 'swap_saturated': False, 'workingset_refault_anon': 5534} events={'low': 0, 'high': 0, 'max': 41, 'oom': 0, 'oom_kill': 0, 'oom_group_kill': 0}
[container_monitor] pf-test-1: current=701.1MiB swap=67.1MiB max=981.0MiB cpu.usage_usec=2443412 method=swap_current_delta_fallback detail={'delta_swap_current': 0, 'swap_saturated': False, 'workingset_refault_anon': 5534} events={'low': 0, 'high': 0, 'max': 41, 'oom': 0, 'oom_kill': 0, 'oom_group_kill': 0}
[container_monitor] pf-test-1: current=701.1MiB swap=67.1MiB max=981.0MiB cpu.usage_usec=2444527 method=swap_current_delta_fallback detail={'delta_swap_current': 0, 'swap_saturated': False, 'workingset_refault_anon': 5534} events={'low': 0, 'high': 0, 'max': 41, 'oom': 0, 'oom_kill': 0, 'oom_group_kill': 0}
[container_monitor] pf-test-1: current=701.1MiB swap=67.1MiB max=981.0MiB cpu.usage_usec=2449674 method=swap_current_delta_fallback detail={'delta_swap_current': 0, 'swap_saturated': False, 'workingset_refault_anon': 5534} events={'low': 0, 'high': 0, 'max': 41, 'oom': 0, 'oom_kill': 0, 'oom_group_kill': 0}
[container_monitor] pf-test-1: current=701.1MiB swap=67.1MiB max=981.0MiB cpu.usage_usec=2454958 method=swap_current_delta_fallback detail={'delta_swap_current': 0, 'swap_saturated': False, 'workingset_refault_anon': 5534} events={'low': 0, 'high': 0, 'max': 41, 'oom': 0, 'oom_kill': 0, 'oom_group_kill': 0}
[container_monitor] pf-test-1: current=701.4MiB swap=67.1MiB max=981.0MiB cpu.usage_usec=2459802 method=swap_current_delta_fallback detail={'delta_swap_current': 0, 'swap_saturated': False, 'workingset_refault_anon': 5534} events={'low': 0, 'high': 0, 'max': 41, 'oom': 0, 'oom_kill': 0, 'oom_group_kill': 0}
[container_monitor] pf-test-1: current=701.1MiB swap=67.1MiB max=981.0MiB cpu.usage_usec=2460444 method=swap_current_delta_fallback detail={'delta_swap_current': 0, 'swap_saturated': False, 'workingset_refault_anon': 5540} events={'low': 0, 'high': 0, 'max': 41, 'oom': 0, 'oom_kill': 0, 'oom_group_kill': 0}
[container_monitor] pf-test-1: current=701.1MiB swap=67.1MiB max=981.0MiB cpu.usage_usec=2461053 method=swap_current_delta_fallback detail={'delta_swap_current': 0, 'swap_saturated': False, 'workingset_refault_anon': 5540} events={'low': 0, 'high': 0, 'max': 41, 'oom': 0, 'oom_kill': 0, 'oom_group_kill': 0}
[container_monitor] pf-test-1: current=701.1MiB swap=67.1MiB max=981.0MiB cpu.usage_usec=2462084 method=swap_current_delta_fallback detail={'delta_swap_current': 0, 'swap_saturated': False, 'workingset_refault_anon': 5540} events={'low': 0, 'high': 0, 'max': 41, 'oom': 0, 'oom_kill': 0, 'oom_group_kill': 0}
[container_monitor] pf-test-1: current=701.1MiB swap=67.1MiB max=981.0MiB cpu.usage_usec=2468375 method=swap_current_delta_fallback detail={'delta_swap_current': 0, 'swap_saturated': False, 'workingset_refault_anon': 5540} events={'low': 0, 'high': 0, 'max': 41, 'oom': 0, 'oom_kill': 0, 'oom_group_kill': 0}
[container_monitor] pf-test-1: current=701.1MiB swap=67.1MiB max=981.0MiB cpu.usage_usec=2472168 method=swap_current_delta_fallback detail={'delta_swap_current': 0, 'swap_saturated': False, 'workingset_refault_anon': 5540} events={'low': 0, 'high': 0, 'max': 41, 'oom': 0, 'oom_kill': 0, 'oom_group_kill': 0}
[container_monitor] pf-test-1: current=701.1MiB swap=67.1MiB max=981.0MiB cpu.usage_usec=2473354 method=swap_current_delta_fallback detail={'delta_swap_current': 0, 'swap_saturated': False, 'workingset_refault_anon': 5540} events={'low': 0, 'high': 0, 'max': 41, 'oom': 0, 'oom_kill': 0, 'oom_group_kill': 0}
[container_monitor] pf-test-1: current=701.1MiB swap=67.1MiB max=981.0MiB cpu.usage_usec=2474353 method=swap_current_delta_fallback detail={'delta_swap_current': 0, 'swap_saturated': False, 'workingset_refault_anon': 5540} events={'low': 0, 'high': 0, 'max': 41, 'oom': 0, 'oom_kill': 0, 'oom_group_kill': 0}
[container_monitor] pf-test-1: current=701.1MiB swap=67.1MiB max=981.0MiB cpu.usage_usec=2475427 method=swap_current_delta_fallback detail={'delta_swap_current': 0, 'swap_saturated': False, 'workingset_refault_anon': 5540} events={'low': 0, 'high': 0, 'max': 41, 'oom': 0, 'oom_kill': 0, 'oom_group_kill': 0}
[container_monitor] pf-test-1: current=701.1MiB swap=67.1MiB max=981.0MiB cpu.usage_usec=2479452 method=swap_current_delta_fallback detail={'delta_swap_current': 0, 'swap_saturated': False, 'workingset_refault_anon': 5540} events={'low': 0, 'high': 0, 'max': 41, 'oom': 0, 'oom_kill': 0, 'oom_group_kill': 0}
[container_monitor] pf-test-1: current=701.1MiB swap=67.1MiB max=981.0MiB cpu.usage_usec=2484723 method=swap_current_delta_fallback detail={'delta_swap_current': 0, 'swap_saturated': False, 'workingset_refault_anon': 5540} events={'low': 0, 'high': 0, 'max': 41, 'oom': 0, 'oom_kill': 0, 'oom_group_kill': 0}
[container_monitor] pf-test-1: current=701.1MiB swap=67.1MiB max=981.0MiB cpu.usage_usec=2489409 method=swap_current_delta_fallback detail={'delta_swap_current': 0, 'swap_saturated': False, 'workingset_refault_anon': 5542} events={'low': 0, 'high': 0, 'max': 41, 'oom': 0, 'oom_kill': 0, 'oom_group_kill': 0}
[container_monitor] pf-test-1: current=701.1MiB swap=67.1MiB max=981.0MiB cpu.usage_usec=2493753 method=swap_current_delta_fallback detail={'delta_swap_current': 0, 'swap_saturated': False, 'workingset_refault_anon': 5542} events={'low': 0, 'high': 0, 'max': 41, 'oom': 0, 'oom_kill': 0, 'oom_group_kill': 0}
[container_monitor] pf-test-1: current=701.1MiB swap=67.1MiB max=981.0MiB cpu.usage_usec=2494637 method=swap_current_delta_fallback detail={'delta_swap_current': 0, 'swap_saturated': False, 'workingset_refault_anon': 5542} events={'low': 0, 'high': 0, 'max': 41, 'oom': 0, 'oom_kill': 0, 'oom_group_kill': 0}
[container_monitor] pf-test-1: current=701.1MiB swap=67.1MiB max=981.0MiB cpu.usage_usec=2495698 method=swap_current_delta_fallback detail={'delta_swap_current': 0, 'swap_saturated': False, 'workingset_refault_anon': 5542} events={'low': 0, 'high': 0, 'max': 41, 'oom': 0, 'oom_kill': 0, 'oom_group_kill': 0}
[container_monitor] pf-test-1: current=701.1MiB swap=67.1MiB max=981.0MiB cpu.usage_usec=2496749 method=swap_current_delta_fallback detail={'delta_swap_current': 0, 'swap_saturated': False, 'workingset_refault_anon': 5542} events={'low': 0, 'high': 0, 'max': 41, 'oom': 0, 'oom_kill': 0, 'oom_group_kill': 0}
[container_monitor] pf-test-1: current=701.1MiB swap=67.1MiB max=981.0MiB cpu.usage_usec=2501125 method=swap_current_delta_fallback detail={'delta_swap_current': 0, 'swap_saturated': False, 'workingset_refault_anon': 5542} events={'low': 0, 'high': 0, 'max': 41, 'oom': 0, 'oom_kill': 0, 'oom_group_kill': 0}
[container_monitor] pf-test-1: current=701.1MiB swap=67.1MiB max=981.0MiB cpu.usage_usec=2506500 method=swap_current_delta_fallback detail={'delta_swap_current': 0, 'swap_saturated': False, 'workingset_refault_anon': 5542} events={'low': 0, 'high': 0, 'max': 41, 'oom': 0, 'oom_kill': 0, 'oom_group_kill': 0}
[container_monitor] pf-test-1: current=701.1MiB swap=67.1MiB max=981.0MiB cpu.usage_usec=2511775 method=swap_current_delta_fallback detail={'delta_swap_current': 0, 'swap_saturated': False, 'workingset_refault_anon': 5542} events={'low': 0, 'high': 0, 'max': 41, 'oom': 0, 'oom_kill': 0, 'oom_group_kill': 0}
[container_monitor] pf-test-1: current=701.1MiB swap=67.1MiB max=981.0MiB cpu.usage_usec=2516297 method=swap_current_delta_fallback detail={'delta_swap_current': 0, 'swap_saturated': False, 'workingset_refault_anon': 5542} events={'low': 0, 'high': 0, 'max': 41, 'oom': 0, 'oom_kill': 0, 'oom_group_kill': 0}
[container_monitor] pf-test-1: current=701.1MiB swap=67.1MiB max=981.0MiB cpu.usage_usec=2517742 method=swap_current_delta_fallback detail={'delta_swap_current': 0, 'swap_saturated': False, 'workingset_refault_anon': 5542} events={'low': 0, 'high': 0, 'max': 41, 'oom': 0, 'oom_kill': 0, 'oom_group_kill': 0}
[container_monitor] pf-test-1: current=701.1MiB swap=67.1MiB max=981.0MiB cpu.usage_usec=2518554 method=swap_current_delta_fallback detail={'delta_swap_current': 0, 'swap_saturated': False, 'workingset_refault_anon': 5542} events={'low': 0, 'high': 0, 'max': 41, 'oom': 0, 'oom_kill': 0, 'oom_group_kill': 0}
[container_monitor] pf-test-1: current=701.1MiB swap=67.1MiB max=981.0MiB cpu.usage_usec=2519413 method=swap_current_delta_fallback detail={'delta_swap_current': 0, 'swap_saturated': False, 'workingset_refault_anon': 5542} events={'low': 0, 'high': 0, 'max': 41, 'oom': 0, 'oom_kill': 0, 'oom_group_kill': 0}
[container_monitor] pf-test-1: current=701.1MiB swap=67.1MiB max=981.0MiB cpu.usage_usec=2520172 method=swap_current_delta_fallback detail={'delta_swap_current': 0, 'swap_saturated': False, 'workingset_refault_anon': 5542} events={'low': 0, 'high': 0, 'max': 41, 'oom': 0, 'oom_kill': 0, 'oom_group_kill': 0}
[container_monitor] pf-test-1: current=701.1MiB swap=67.1MiB max=981.0MiB cpu.usage_usec=2526424 method=swap_current_delta_fallback detail={'delta_swap_current': 0, 'swap_saturated': False, 'workingset_refault_anon': 5542} events={'low': 0, 'high': 0, 'max': 41, 'oom': 0, 'oom_kill': 0, 'oom_group_kill': 0}
[container_monitor] pf-test-1: current=701.1MiB swap=67.1MiB max=981.0MiB cpu.usage_usec=2531354 method=swap_current_delta_fallback detail={'delta_swap_current': 0, 'swap_saturated': False, 'workingset_refault_anon': 5542} events={'low': 0, 'high': 0, 'max': 41, 'oom': 0, 'oom_kill': 0, 'oom_group_kill': 0}
[container_monitor] pf-test-1: current=701.1MiB swap=67.1MiB max=981.0MiB cpu.usage_usec=2536700 method=swap_current_delta_fallback detail={'delta_swap_current': 0, 'swap_saturated': False, 'workingset_refault_anon': 5542} events={'low': 0, 'high': 0, 'max': 41, 'oom': 0, 'oom_kill': 0, 'oom_group_kill': 0}
[container_monitor] pf-test-1: current=701.1MiB swap=67.1MiB max=981.0MiB cpu.usage_usec=2537449 method=swap_current_delta_fallback detail={'delta_swap_current': 0, 'swap_saturated': False, 'workingset_refault_anon': 5542} events={'low': 0, 'high': 0, 'max': 41, 'oom': 0, 'oom_kill': 0, 'oom_group_kill': 0}
[container_monitor] pf-test-1: current=701.1MiB swap=67.1MiB max=981.0MiB cpu.usage_usec=2538209 method=swap_current_delta_fallback detail={'delta_swap_current': 0, 'swap_saturated': False, 'workingset_refault_anon': 5542} events={'low': 0, 'high': 0, 'max': 41, 'oom': 0, 'oom_kill': 0, 'oom_group_kill': 0}
[container_monitor] pf-test-1: current=701.1MiB swap=67.1MiB max=981.0MiB cpu.usage_usec=2539134 method=swap_current_delta_fallback detail={'delta_swap_current': 0, 'swap_saturated': False, 'workingset_refault_anon': 5542} events={'low': 0, 'high': 0, 'max': 41, 'oom': 0, 'oom_kill': 0, 'oom_group_kill': 0}
[container_monitor] pf-test-1: current=701.1MiB swap=67.1MiB max=981.0MiB cpu.usage_usec=2542744 method=swap_current_delta_fallback detail={'delta_swap_current': 0, 'swap_saturated': False, 'workingset_refault_anon': 5542} events={'low': 0, 'high': 0, 'max': 41, 'oom': 0, 'oom_kill': 0, 'oom_group_kill': 0}
[container_monitor] pf-test-1: current=701.1MiB swap=67.1MiB max=981.0MiB cpu.usage_usec=2547733 method=swap_current_delta_fallback detail={'delta_swap_current': 0, 'swap_saturated': False, 'workingset_refault_anon': 5542} events={'low': 0, 'high': 0, 'max': 41, 'oom': 0, 'oom_kill': 0, 'oom_group_kill': 0}
[container_monitor] pf-test-1: current=701.1MiB swap=67.1MiB max=981.0MiB cpu.usage_usec=2552221 method=swap_current_delta_fallback detail={'delta_swap_current': 0, 'swap_saturated': False, 'workingset_refault_anon': 5542} events={'low': 0, 'high': 0, 'max': 41, 'oom': 0, 'oom_kill': 0, 'oom_group_kill': 0}
[container_monitor] pf-test-1: current=701.1MiB swap=67.1MiB max=981.0MiB cpu.usage_usec=2553443 method=swap_current_delta_fallback detail={'delta_swap_current': 0, 'swap_saturated': False, 'workingset_refault_anon': 5542} events={'low': 0, 'high': 0, 'max': 41, 'oom': 0, 'oom_kill': 0, 'oom_group_kill': 0}
[container_monitor] pf-test-1: current=701.1MiB swap=67.1MiB max=981.0MiB cpu.usage_usec=2553946 method=swap_current_delta_fallback detail={'delta_swap_current': 0, 'swap_saturated': False, 'workingset_refault_anon': 5542} events={'low': 0, 'high': 0, 'max': 41, 'oom': 0, 'oom_kill': 0, 'oom_group_kill': 0}
[container_monitor] pf-test-1: current=701.1MiB swap=67.1MiB max=981.0MiB cpu.usage_usec=2554433 method=swap_current_delta_fallback detail={'delta_swap_current': 0, 'swap_saturated': False, 'workingset_refault_anon': 5542} events={'low': 0, 'high': 0, 'max': 41, 'oom': 0, 'oom_kill': 0, 'oom_group_kill': 0}
[container_monitor] pf-test-1: current=701.1MiB swap=67.1MiB max=981.0MiB cpu.usage_usec=2555145 method=swap_current_delta_fallback detail={'delta_swap_current': 0, 'swap_saturated': False, 'workingset_refault_anon': 5542} events={'low': 0, 'high': 0, 'max': 41, 'oom': 0, 'oom_kill': 0, 'oom_group_kill': 0}
[container_monitor] pf-test-1: current=701.1MiB swap=67.1MiB max=981.0MiB cpu.usage_usec=2561119 method=swap_current_delta_fallback detail={'delta_swap_current': 0, 'swap_saturated': False, 'workingset_refault_anon': 5542} events={'low': 0, 'high': 0, 'max': 41, 'oom': 0, 'oom_kill': 0, 'oom_group_kill': 0}
[container_monitor] pf-test-1: current=701.1MiB swap=67.1MiB max=981.0MiB cpu.usage_usec=2562493 method=swap_current_delta_fallback detail={'delta_swap_current': 0, 'swap_saturated': False, 'workingset_refault_anon': 5542} events={'low': 0, 'high': 0, 'max': 41, 'oom': 0, 'oom_kill': 0, 'oom_group_kill': 0}
[container_monitor] pf-test-1: current=701.1MiB swap=67.1MiB max=981.0MiB cpu.usage_usec=2563409 method=swap_current_delta_fallback detail={'delta_swap_current': 0, 'swap_saturated': False, 'workingset_refault_anon': 5542} events={'low': 0, 'high': 0, 'max': 41, 'oom': 0, 'oom_kill': 0, 'oom_group_kill': 0}
[container_monitor] pf-test-1: current=701.1MiB swap=67.1MiB max=981.0MiB cpu.usage_usec=2564059 method=swap_current_delta_fallback detail={'delta_swap_current': 0, 'swap_saturated': False, 'workingset_refault_anon': 5542} events={'low': 0, 'high': 0, 'max': 41, 'oom': 0, 'oom_kill': 0, 'oom_group_kill': 0}
[container_monitor] pf-test-1: current=701.1MiB swap=67.1MiB max=981.0MiB cpu.usage_usec=2564707 method=swap_current_delta_fallback detail={'delta_swap_current': 0, 'swap_saturated': False, 'workingset_refault_anon': 5542} events={'low': 0, 'high': 0, 'max': 41, 'oom': 0, 'oom_kill': 0, 'oom_group_kill': 0}
[container_monitor] pf-test-1: current=701.1MiB swap=67.1MiB max=981.0MiB cpu.usage_usec=2570556 method=swap_current_delta_fallback detail={'delta_swap_current': 0, 'swap_saturated': False, 'workingset_refault_anon': 5542} events={'low': 0, 'high': 0, 'max': 41, 'oom': 0, 'oom_kill': 0, 'oom_group_kill': 0}
[container_monitor] pf-test-1: current=701.1MiB swap=67.1MiB max=981.0MiB cpu.usage_usec=2572701 method=swap_current_delta_fallback detail={'delta_swap_current': 0, 'swap_saturated': False, 'workingset_refault_anon': 5542} events={'low': 0, 'high': 0, 'max': 41, 'oom': 0, 'oom_kill': 0, 'oom_group_kill': 0}
[container_monitor] pf-test-1: current=701.1MiB swap=67.1MiB max=981.0MiB cpu.usage_usec=2573633 method=swap_current_delta_fallback detail={'delta_swap_current': 0, 'swap_saturated': False, 'workingset_refault_anon': 5542} events={'low': 0, 'high': 0, 'max': 41, 'oom': 0, 'oom_kill': 0, 'oom_group_kill': 0}
[container_monitor] pf-test-1: current=701.1MiB swap=67.1MiB max=981.0MiB cpu.usage_usec=2574630 method=swap_current_delta_fallback detail={'delta_swap_current': 0, 'swap_saturated': False, 'workingset_refault_anon': 5542} events={'low': 0, 'high': 0, 'max': 41, 'oom': 0, 'oom_kill': 0, 'oom_group_kill': 0}
[container_monitor] pf-test-1: current=701.1MiB swap=67.1MiB max=981.0MiB cpu.usage_usec=2575325 method=swap_current_delta_fallback detail={'delta_swap_current': 0, 'swap_saturated': False, 'workingset_refault_anon': 5542} events={'low': 0, 'high': 0, 'max': 41, 'oom': 0, 'oom_kill': 0, 'oom_group_kill': 0}
[container_monitor] pf-test-1: current=701.1MiB swap=67.1MiB max=981.0MiB cpu.usage_usec=2580133 method=swap_current_delta_fallback detail={'delta_swap_current': 0, 'swap_saturated': False, 'workingset_refault_anon': 5542} events={'low': 0, 'high': 0, 'max': 41, 'oom': 0, 'oom_kill': 0, 'oom_group_kill': 0}
[container_monitor] pf-test-1: current=701.1MiB swap=67.1MiB max=981.0MiB cpu.usage_usec=2585552 method=swap_current_delta_fallback detail={'delta_swap_current': 0, 'swap_saturated': False, 'workingset_refault_anon': 5542} events={'low': 0, 'high': 0, 'max': 41, 'oom': 0, 'oom_kill': 0, 'oom_group_kill': 0}
[container_monitor] pf-test-1: current=701.1MiB swap=67.1MiB max=981.0MiB cpu.usage_usec=2590294 method=swap_current_delta_fallback detail={'delta_swap_current': 0, 'swap_saturated': False, 'workingset_refault_anon': 5542} events={'low': 0, 'high': 0, 'max': 41, 'oom': 0, 'oom_kill': 0, 'oom_group_kill': 0}
[container_monitor] pf-test-1: current=701.1MiB swap=67.1MiB max=981.0MiB cpu.usage_usec=2592368 method=swap_current_delta_fallback detail={'delta_swap_current': 0, 'swap_saturated': False, 'workingset_refault_anon': 5542} events={'low': 0, 'high': 0, 'max': 41, 'oom': 0, 'oom_kill': 0, 'oom_group_kill': 0}
[container_monitor] pf-test-1: current=701.1MiB swap=67.1MiB max=981.0MiB cpu.usage_usec=2593093 method=swap_current_delta_fallback detail={'delta_swap_current': 0, 'swap_saturated': False, 'workingset_refault_anon': 5542} events={'low': 0, 'high': 0, 'max': 41, 'oom': 0, 'oom_kill': 0, 'oom_group_kill': 0}
[container_monitor] pf-test-1: current=701.1MiB swap=67.1MiB max=981.0MiB cpu.usage_usec=2593779 method=swap_current_delta_fallback detail={'delta_swap_current': 0, 'swap_saturated': False, 'workingset_refault_anon': 5542} events={'low': 0, 'high': 0, 'max': 41, 'oom': 0, 'oom_kill': 0, 'oom_group_kill': 0}
[container_monitor] pf-test-1: current=701.1MiB swap=67.1MiB max=981.0MiB cpu.usage_usec=2594516 method=swap_current_delta_fallback detail={'delta_swap_current': 0, 'swap_saturated': False, 'workingset_refault_anon': 5542} events={'low': 0, 'high': 0, 'max': 41, 'oom': 0, 'oom_kill': 0, 'oom_group_kill': 0}
[container_monitor] pf-test-1: current=701.1MiB swap=67.1MiB max=981.0MiB cpu.usage_usec=2599668 method=swap_current_delta_fallback detail={'delta_swap_current': 0, 'swap_saturated': False, 'workingset_refault_anon': 5542} events={'low': 0, 'high': 0, 'max': 41, 'oom': 0, 'oom_kill': 0, 'oom_group_kill': 0}
[container_monitor] pf-test-1: current=701.1MiB swap=67.1MiB max=981.0MiB cpu.usage_usec=2602645 method=swap_current_delta_fallback detail={'delta_swap_current': 0, 'swap_saturated': False, 'workingset_refault_anon': 5542} events={'low': 0, 'high': 0, 'max': 41, 'oom': 0, 'oom_kill': 0, 'oom_group_kill': 0}
[container_monitor] pf-test-1: current=701.1MiB swap=67.1MiB max=981.0MiB cpu.usage_usec=2603351 method=swap_current_delta_fallback detail={'delta_swap_current': 0, 'swap_saturated': False, 'workingset_refault_anon': 5542} events={'low': 0, 'high': 0, 'max': 41, 'oom': 0, 'oom_kill': 0, 'oom_group_kill': 0}
[container_monitor] pf-test-1: current=701.1MiB swap=67.1MiB max=981.0MiB cpu.usage_usec=2604024 method=swap_current_delta_fallback detail={'delta_swap_current': 0, 'swap_saturated': False, 'workingset_refault_anon': 5542} events={'low': 0, 'high': 0, 'max': 41, 'oom': 0, 'oom_kill': 0, 'oom_group_kill': 0}
[container_monitor] pf-test-1: current=701.1MiB swap=67.1MiB max=981.0MiB cpu.usage_usec=2604694 method=swap_current_delta_fallback detail={'delta_swap_current': 0, 'swap_saturated': False, 'workingset_refault_anon': 5542} events={'low': 0, 'high': 0, 'max': 41, 'oom': 0, 'oom_kill': 0, 'oom_group_kill': 0}
[container_monitor] pf-test-1: current=701.1MiB swap=67.1MiB max=981.0MiB cpu.usage_usec=2608690 method=swap_current_delta_fallback detail={'delta_swap_current': 0, 'swap_saturated': False, 'workingset_refault_anon': 5542} events={'low': 0, 'high': 0, 'max': 41, 'oom': 0, 'oom_kill': 0, 'oom_group_kill': 0}
[container_monitor] pf-test-1: current=701.4MiB swap=67.1MiB max=981.0MiB cpu.usage_usec=2613086 method=swap_current_delta_fallback detail={'delta_swap_current': 0, 'swap_saturated': False, 'workingset_refault_anon': 5542} events={'low': 0, 'high': 0, 'max': 41, 'oom': 0, 'oom_kill': 0, 'oom_group_kill': 0}
[container_monitor] pf-test-1: current=701.4MiB swap=67.1MiB max=981.0MiB cpu.usage_usec=2618529 method=swap_current_delta_fallback detail={'delta_swap_current': 0, 'swap_saturated': False, 'workingset_refault_anon': 5542} events={'low': 0, 'high': 0, 'max': 41, 'oom': 0, 'oom_kill': 0, 'oom_group_kill': 0}
[container_monitor] pf-test-1: current=701.2MiB swap=67.1MiB max=981.0MiB cpu.usage_usec=2622040 method=swap_current_delta_fallback detail={'delta_swap_current': 0, 'swap_saturated': False, 'workingset_refault_anon': 5544} events={'low': 0, 'high': 0, 'max': 41, 'oom': 0, 'oom_kill': 0, 'oom_group_kill': 0}
[container_monitor] pf-test-1: current=701.2MiB swap=67.1MiB max=981.0MiB cpu.usage_usec=2622684 method=swap_current_delta_fallback detail={'delta_swap_current': 0, 'swap_saturated': False, 'workingset_refault_anon': 5544} events={'low': 0, 'high': 0, 'max': 41, 'oom': 0, 'oom_kill': 0, 'oom_group_kill': 0}
[container_monitor] pf-test-1: current=701.2MiB swap=67.1MiB max=981.0MiB cpu.usage_usec=2623694 method=swap_current_delta_fallback detail={'delta_swap_current': 0, 'swap_saturated': False, 'workingset_refault_anon': 5544} events={'low': 0, 'high': 0, 'max': 41, 'oom': 0, 'oom_kill': 0, 'oom_group_kill': 0}
[container_monitor] pf-test-1: current=701.2MiB swap=67.1MiB max=981.0MiB cpu.usage_usec=2627513 method=swap_current_delta_fallback detail={'delta_swap_current': 0, 'swap_saturated': False, 'workingset_refault_anon': 5544} events={'low': 0, 'high': 0, 'max': 41, 'oom': 0, 'oom_kill': 0, 'oom_group_kill': 0}
[container_monitor] pf-test-1: current=701.2MiB swap=67.1MiB max=981.0MiB cpu.usage_usec=2632095 method=swap_current_delta_fallback detail={'delta_swap_current': 0, 'swap_saturated': False, 'workingset_refault_anon': 5544} events={'low': 0, 'high': 0, 'max': 41, 'oom': 0, 'oom_kill': 0, 'oom_group_kill': 0}
[container_monitor] pf-test-1: current=701.2MiB swap=67.0MiB max=981.0MiB cpu.usage_usec=2637431 method=swap_current_delta_fallback detail={'delta_swap_current': -45056, 'swap_saturated': False, 'workingset_refault_anon': 5544} events={'low': 0, 'high': 0, 'max': 41, 'oom': 0, 'oom_kill': 0, 'oom_group_kill': 0}
[container_monitor] pf-test-1: current=701.2MiB swap=67.0MiB max=981.0MiB cpu.usage_usec=2639435 method=swap_current_delta_fallback detail={'delta_swap_current': 0, 'swap_saturated': False, 'workingset_refault_anon': 5550} events={'low': 0, 'high': 0, 'max': 41, 'oom': 0, 'oom_kill': 0, 'oom_group_kill': 0}
[container_monitor] pf-test-1: current=701.2MiB swap=67.0MiB max=981.0MiB cpu.usage_usec=2640162 method=swap_current_delta_fallback detail={'delta_swap_current': 0, 'swap_saturated': False, 'workingset_refault_anon': 5550} events={'low': 0, 'high': 0, 'max': 41, 'oom': 0, 'oom_kill': 0, 'oom_group_kill': 0}
[container_monitor] pf-test-1: current=701.2MiB swap=67.0MiB max=981.0MiB cpu.usage_usec=2640643 method=swap_current_delta_fallback detail={'delta_swap_current': 0, 'swap_saturated': False, 'workingset_refault_anon': 5550} events={'low': 0, 'high': 0, 'max': 41, 'oom': 0, 'oom_kill': 0, 'oom_group_kill': 0}
[container_monitor] pf-test-1: current=701.2MiB swap=67.0MiB max=981.0MiB cpu.usage_usec=2644431 method=swap_current_delta_fallback detail={'delta_swap_current': 0, 'swap_saturated': False, 'workingset_refault_anon': 5550} events={'low': 0, 'high': 0, 'max': 41, 'oom': 0, 'oom_kill': 0, 'oom_group_kill': 0}
[container_monitor] pf-test-1: current=701.2MiB swap=67.0MiB max=981.0MiB cpu.usage_usec=2646327 method=swap_current_delta_fallback detail={'delta_swap_current': 0, 'swap_saturated': False, 'workingset_refault_anon': 5550} events={'low': 0, 'high': 0, 'max': 41, 'oom': 0, 'oom_kill': 0, 'oom_group_kill': 0}
[container_monitor] pf-test-1: current=701.2MiB swap=67.0MiB max=981.0MiB cpu.usage_usec=2648078 method=swap_current_delta_fallback detail={'delta_swap_current': 0, 'swap_saturated': False, 'workingset_refault_anon': 5550} events={'low': 0, 'high': 0, 'max': 41, 'oom': 0, 'oom_kill': 0, 'oom_group_kill': 0}
[container_monitor] pf-test-1: current=701.2MiB swap=67.0MiB max=981.0MiB cpu.usage_usec=2648896 method=swap_current_delta_fallback detail={'delta_swap_current': 0, 'swap_saturated': False, 'workingset_refault_anon': 5550} events={'low': 0, 'high': 0, 'max': 41, 'oom': 0, 'oom_kill': 0, 'oom_group_kill': 0}
[container_monitor] pf-test-1: current=701.2MiB swap=67.0MiB max=981.0MiB cpu.usage_usec=2650135 method=swap_current_delta_fallback detail={'delta_swap_current': 0, 'swap_saturated': False, 'workingset_refault_anon': 5550} events={'low': 0, 'high': 0, 'max': 41, 'oom': 0, 'oom_kill': 0, 'oom_group_kill': 0}
[container_monitor] pf-test-1: current=701.2MiB swap=67.0MiB max=981.0MiB cpu.usage_usec=2656394 method=swap_current_delta_fallback detail={'delta_swap_current': 0, 'swap_saturated': False, 'workingset_refault_anon': 5550} events={'low': 0, 'high': 0, 'max': 41, 'oom': 0, 'oom_kill': 0, 'oom_group_kill': 0}
[container_monitor] pf-test-1: current=701.2MiB swap=67.0MiB max=981.0MiB cpu.usage_usec=2660750 method=swap_current_delta_fallback detail={'delta_swap_current': 0, 'swap_saturated': False, 'workingset_refault_anon': 5550} events={'low': 0, 'high': 0, 'max': 41, 'oom': 0, 'oom_kill': 0, 'oom_group_kill': 0}
[container_monitor] pf-test-1: current=701.2MiB swap=67.0MiB max=981.0MiB cpu.usage_usec=2661782 method=swap_current_delta_fallback detail={'delta_swap_current': 0, 'swap_saturated': False, 'workingset_refault_anon': 5554} events={'low': 0, 'high': 0, 'max': 41, 'oom': 0, 'oom_kill': 0, 'oom_group_kill': 0}
[container_monitor] pf-test-1: current=701.2MiB swap=67.0MiB max=981.0MiB cpu.usage_usec=2662787 method=swap_current_delta_fallback detail={'delta_swap_current': 0, 'swap_saturated': False, 'workingset_refault_anon': 5554} events={'low': 0, 'high': 0, 'max': 41, 'oom': 0, 'oom_kill': 0, 'oom_group_kill': 0}
[container_monitor] pf-test-1: current=701.2MiB swap=67.0MiB max=981.0MiB cpu.usage_usec=2663880 method=swap_current_delta_fallback detail={'delta_swap_current': 0, 'swap_saturated': False, 'workingset_refault_anon': 5554} events={'low': 0, 'high': 0, 'max': 41, 'oom': 0, 'oom_kill': 0, 'oom_group_kill': 0}
[container_monitor] pf-test-1: current=701.2MiB swap=67.0MiB max=981.0MiB cpu.usage_usec=2668977 method=swap_current_delta_fallback detail={'delta_swap_current': 0, 'swap_saturated': False, 'workingset_refault_anon': 5554} events={'low': 0, 'high': 0, 'max': 41, 'oom': 0, 'oom_kill': 0, 'oom_group_kill': 0}
[container_monitor] pf-test-1: current=701.2MiB swap=67.0MiB max=981.0MiB cpu.usage_usec=2673196 method=swap_current_delta_fallback detail={'delta_swap_current': 0, 'swap_saturated': False, 'workingset_refault_anon': 5554} events={'low': 0, 'high': 0, 'max': 41, 'oom': 0, 'oom_kill': 0, 'oom_group_kill': 0}
[container_monitor] pf-test-1: current=701.2MiB swap=67.0MiB max=981.0MiB cpu.usage_usec=2678126 method=swap_current_delta_fallback detail={'delta_swap_current': 0, 'swap_saturated': False, 'workingset_refault_anon': 5554} events={'low': 0, 'high': 0, 'max': 41, 'oom': 0, 'oom_kill': 0, 'oom_group_kill': 0}
[container_monitor] pf-test-1: current=701.2MiB swap=67.0MiB max=981.0MiB cpu.usage_usec=2678886 method=swap_current_delta_fallback detail={'delta_swap_current': 0, 'swap_saturated': False, 'workingset_refault_anon': 5557} events={'low': 0, 'high': 0, 'max': 41, 'oom': 0, 'oom_kill': 0, 'oom_group_kill': 0}
[container_monitor] pf-test-1: current=701.2MiB swap=67.0MiB max=981.0MiB cpu.usage_usec=2679598 method=swap_current_delta_fallback detail={'delta_swap_current': 0, 'swap_saturated': False, 'workingset_refault_anon': 5557} events={'low': 0, 'high': 0, 'max': 41, 'oom': 0, 'oom_kill': 0, 'oom_group_kill': 0}
[container_monitor] pf-test-1: current=701.2MiB swap=67.0MiB max=981.0MiB cpu.usage_usec=2680287 method=swap_current_delta_fallback detail={'delta_swap_current': 0, 'swap_saturated': False, 'workingset_refault_anon': 5557} events={'low': 0, 'high': 0, 'max': 41, 'oom': 0, 'oom_kill': 0, 'oom_group_kill': 0}
[container_monitor] pf-test-1: current=701.2MiB swap=67.0MiB max=981.0MiB cpu.usage_usec=2686776 method=swap_current_delta_fallback detail={'delta_swap_current': 0, 'swap_saturated': False, 'workingset_refault_anon': 5557} events={'low': 0, 'high': 0, 'max': 41, 'oom': 0, 'oom_kill': 0, 'oom_group_kill': 0}
[container_monitor] pf-test-1: current=701.5MiB swap=67.0MiB max=981.0MiB cpu.usage_usec=2691234 method=swap_current_delta_fallback detail={'delta_swap_current': 0, 'swap_saturated': False, 'workingset_refault_anon': 5563} events={'low': 0, 'high': 0, 'max': 41, 'oom': 0, 'oom_kill': 0, 'oom_group_kill': 0}
[container_monitor] pf-test-1: current=701.3MiB swap=67.0MiB max=981.0MiB cpu.usage_usec=2694560 method=swap_current_delta_fallback detail={'delta_swap_current': 0, 'swap_saturated': False, 'workingset_refault_anon': 5564} events={'low': 0, 'high': 0, 'max': 41, 'oom': 0, 'oom_kill': 0, 'oom_group_kill': 0}
[container_monitor] pf-test-1: current=701.3MiB swap=67.0MiB max=981.0MiB cpu.usage_usec=2695223 method=swap_current_delta_fallback detail={'delta_swap_current': 0, 'swap_saturated': False, 'workingset_refault_anon': 5564} events={'low': 0, 'high': 0, 'max': 41, 'oom': 0, 'oom_kill': 0, 'oom_group_kill': 0}
[container_monitor] pf-test-1: current=701.3MiB swap=67.0MiB max=981.0MiB cpu.usage_usec=2696132 method=swap_current_delta_fallback detail={'delta_swap_current': 0, 'swap_saturated': False, 'workingset_refault_anon': 5564} events={'low': 0, 'high': 0, 'max': 41, 'oom': 0, 'oom_kill': 0, 'oom_group_kill': 0}
[container_monitor] pf-test-1: current=701.3MiB swap=67.0MiB max=981.0MiB cpu.usage_usec=2699036 method=swap_current_delta_fallback detail={'delta_swap_current': 0, 'swap_saturated': False, 'workingset_refault_anon': 5564} events={'low': 0, 'high': 0, 'max': 41, 'oom': 0, 'oom_kill': 0, 'oom_group_kill': 0}
[container_monitor] pf-test-1: current=701.3MiB swap=67.0MiB max=981.0MiB cpu.usage_usec=2703940 method=swap_current_delta_fallback detail={'delta_swap_current': 0, 'swap_saturated': False, 'workingset_refault_anon': 5564} events={'low': 0, 'high': 0, 'max': 41, 'oom': 0, 'oom_kill': 0, 'oom_group_kill': 0}
[container_monitor] pf-test-1: current=701.5MiB swap=67.0MiB max=981.0MiB cpu.usage_usec=2708693 method=swap_current_delta_fallback detail={'delta_swap_current': 0, 'swap_saturated': False, 'workingset_refault_anon': 5564} events={'low': 0, 'high': 0, 'max': 41, 'oom': 0, 'oom_kill': 0, 'oom_group_kill': 0}
[container_monitor] pf-test-1: current=701.3MiB swap=67.0MiB max=981.0MiB cpu.usage_usec=2709969 method=swap_current_delta_fallback detail={'delta_swap_current': 0, 'swap_saturated': False, 'workingset_refault_anon': 5564} events={'low': 0, 'high': 0, 'max': 41, 'oom': 0, 'oom_kill': 0, 'oom_group_kill': 0}
[container_monitor] pf-test-1: current=701.3MiB swap=67.0MiB max=981.0MiB cpu.usage_usec=2710742 method=swap_current_delta_fallback detail={'delta_swap_current': 0, 'swap_saturated': False, 'workingset_refault_anon': 5564} events={'low': 0, 'high': 0, 'max': 41, 'oom': 0, 'oom_kill': 0, 'oom_group_kill': 0}
[container_monitor] pf-test-1: current=701.3MiB swap=67.0MiB max=981.0MiB cpu.usage_usec=2711401 method=swap_current_delta_fallback detail={'delta_swap_current': 0, 'swap_saturated': False, 'workingset_refault_anon': 5564} events={'low': 0, 'high': 0, 'max': 41, 'oom': 0, 'oom_kill': 0, 'oom_group_kill': 0}
[container_monitor] pf-test-1: current=701.3MiB swap=67.0MiB max=981.0MiB cpu.usage_usec=2715896 method=swap_current_delta_fallback detail={'delta_swap_current': 0, 'swap_saturated': False, 'workingset_refault_anon': 5564} events={'low': 0, 'high': 0, 'max': 41, 'oom': 0, 'oom_kill': 0, 'oom_group_kill': 0}
[container_monitor] pf-test-1: current=701.3MiB swap=67.0MiB max=981.0MiB cpu.usage_usec=2720313 method=swap_current_delta_fallback detail={'delta_swap_current': 0, 'swap_saturated': False, 'workingset_refault_anon': 5564} events={'low': 0, 'high': 0, 'max': 41, 'oom': 0, 'oom_kill': 0, 'oom_group_kill': 0}
[container_monitor] pf-test-1: current=701.3MiB swap=67.0MiB max=981.0MiB cpu.usage_usec=2721120 method=swap_current_delta_fallback detail={'delta_swap_current': 0, 'swap_saturated': False, 'workingset_refault_anon': 5564} events={'low': 0, 'high': 0, 'max': 41, 'oom': 0, 'oom_kill': 0, 'oom_group_kill': 0}
[container_monitor] pf-test-1: current=701.3MiB swap=67.0MiB max=981.0MiB cpu.usage_usec=2721799 method=swap_current_delta_fallback detail={'delta_swap_current': 0, 'swap_saturated': False, 'workingset_refault_anon': 5564} events={'low': 0, 'high': 0, 'max': 41, 'oom': 0, 'oom_kill': 0, 'oom_group_kill': 0}
[container_monitor] pf-test-1: current=701.3MiB swap=67.0MiB max=981.0MiB cpu.usage_usec=2722601 method=swap_current_delta_fallback detail={'delta_swap_current': 0, 'swap_saturated': False, 'workingset_refault_anon': 5564} events={'low': 0, 'high': 0, 'max': 41, 'oom': 0, 'oom_kill': 0, 'oom_group_kill': 0}
[container_monitor] pf-test-1: current=701.3MiB swap=67.0MiB max=981.0MiB cpu.usage_usec=2725598 method=swap_current_delta_fallback detail={'delta_swap_current': 0, 'swap_saturated': False, 'workingset_refault_anon': 5564} events={'low': 0, 'high': 0, 'max': 41, 'oom': 0, 'oom_kill': 0, 'oom_group_kill': 0}
[container_monitor] pf-test-1: current=701.3MiB swap=67.0MiB max=981.0MiB cpu.usage_usec=2730347 method=swap_current_delta_fallback detail={'delta_swap_current': 0, 'swap_saturated': False, 'workingset_refault_anon': 5564} events={'low': 0, 'high': 0, 'max': 41, 'oom': 0, 'oom_kill': 0, 'oom_group_kill': 0}
[container_monitor] pf-test-1: current=701.6MiB swap=67.0MiB max=981.0MiB cpu.usage_usec=2736012 method=swap_current_delta_fallback detail={'delta_swap_current': 0, 'swap_saturated': False, 'workingset_refault_anon': 5565} events={'low': 0, 'high': 0, 'max': 41, 'oom': 0, 'oom_kill': 0, 'oom_group_kill': 0}
[container_monitor] pf-test-1: current=701.3MiB swap=67.0MiB max=981.0MiB cpu.usage_usec=2737460 method=swap_current_delta_fallback detail={'delta_swap_current': 0, 'swap_saturated': False, 'workingset_refault_anon': 5568} events={'low': 0, 'high': 0, 'max': 41, 'oom': 0, 'oom_kill': 0, 'oom_group_kill': 0}
[container_monitor] pf-test-1: current=701.3MiB swap=67.0MiB max=981.0MiB cpu.usage_usec=2738189 method=swap_current_delta_fallback detail={'delta_swap_current': 0, 'swap_saturated': False, 'workingset_refault_anon': 5568} events={'low': 0, 'high': 0, 'max': 41, 'oom': 0, 'oom_kill': 0, 'oom_group_kill': 0}
[container_monitor] pf-test-1: current=701.3MiB swap=67.0MiB max=981.0MiB cpu.usage_usec=2739132 method=swap_current_delta_fallback detail={'delta_swap_current': 0, 'swap_saturated': False, 'workingset_refault_anon': 5568} events={'low': 0, 'high': 0, 'max': 41, 'oom': 0, 'oom_kill': 0, 'oom_group_kill': 0}
[container_monitor] pf-test-1: current=701.3MiB swap=67.0MiB max=981.0MiB cpu.usage_usec=2744221 method=swap_current_delta_fallback detail={'delta_swap_current': 0, 'swap_saturated': False, 'workingset_refault_anon': 5568} events={'low': 0, 'high': 0, 'max': 41, 'oom': 0, 'oom_kill': 0, 'oom_group_kill': 0}
[container_monitor] pf-test-1: current=701.3MiB swap=67.0MiB max=981.0MiB cpu.usage_usec=2749130 method=swap_current_delta_fallback detail={'delta_swap_current': 0, 'swap_saturated': False, 'workingset_refault_anon': 5568} events={'low': 0, 'high': 0, 'max': 41, 'oom': 0, 'oom_kill': 0, 'oom_group_kill': 0}
[container_monitor] pf-test-1: current=701.3MiB swap=67.0MiB max=981.0MiB cpu.usage_usec=2749731 method=swap_current_delta_fallback detail={'delta_swap_current': 0, 'swap_saturated': False, 'workingset_refault_anon': 5568} events={'low': 0, 'high': 0, 'max': 41, 'oom': 0, 'oom_kill': 0, 'oom_group_kill': 0}
[container_monitor] pf-test-1: current=701.3MiB swap=67.0MiB max=981.0MiB cpu.usage_usec=2750628 method=swap_current_delta_fallback detail={'delta_swap_current': 0, 'swap_saturated': False, 'workingset_refault_anon': 5568} events={'low': 0, 'high': 0, 'max': 41, 'oom': 0, 'oom_kill': 0, 'oom_group_kill': 0}
[container_monitor] pf-test-1: current=701.3MiB swap=67.0MiB max=981.0MiB cpu.usage_usec=2751375 method=swap_current_delta_fallback detail={'delta_swap_current': 0, 'swap_saturated': False, 'workingset_refault_anon': 5568} events={'low': 0, 'high': 0, 'max': 41, 'oom': 0, 'oom_kill': 0, 'oom_group_kill': 0}
[container_monitor] pf-test-1: current=702.0MiB swap=67.0MiB max=981.0MiB cpu.usage_usec=2754927 method=swap_current_delta_fallback detail={'delta_swap_current': 0, 'swap_saturated': False, 'workingset_refault_anon': 5568} events={'low': 0, 'high': 0, 'max': 41, 'oom': 0, 'oom_kill': 0, 'oom_group_kill': 0}
[container_monitor] pf-test-1: current=704.1MiB swap=67.0MiB max=981.0MiB cpu.usage_usec=2759982 method=swap_current_delta_fallback detail={'delta_swap_current': 0, 'swap_saturated': False, 'workingset_refault_anon': 5568} events={'low': 0, 'high': 0, 'max': 41, 'oom': 0, 'oom_kill': 0, 'oom_group_kill': 0}
[container_monitor] pf-test-1: current=705.7MiB swap=67.0MiB max=981.0MiB cpu.usage_usec=2764214 method=swap_current_delta_fallback detail={'delta_swap_current': 0, 'swap_saturated': False, 'workingset_refault_anon': 5568} events={'low': 0, 'high': 0, 'max': 41, 'oom': 0, 'oom_kill': 0, 'oom_group_kill': 0}
[container_monitor] pf-test-1: current=707.8MiB swap=67.0MiB max=981.0MiB cpu.usage_usec=2769155 method=swap_current_delta_fallback detail={'delta_swap_current': 0, 'swap_saturated': False, 'workingset_refault_anon': 5568} events={'low': 0, 'high': 0, 'max': 41, 'oom': 0, 'oom_kill': 0, 'oom_group_kill': 0}
[container_monitor] pf-test-1: current=709.6MiB swap=67.0MiB max=981.0MiB cpu.usage_usec=2774762 method=swap_current_delta_fallback detail={'delta_swap_current': 0, 'swap_saturated': False, 'workingset_refault_anon': 5568} events={'low': 0, 'high': 0, 'max': 41, 'oom': 0, 'oom_kill': 0, 'oom_group_kill': 0}
[container_monitor] pf-test-1: current=711.3MiB swap=67.0MiB max=981.0MiB cpu.usage_usec=2779215 method=swap_current_delta_fallback detail={'delta_swap_current': 0, 'swap_saturated': False, 'workingset_refault_anon': 5568} events={'low': 0, 'high': 0, 'max': 41, 'oom': 0, 'oom_kill': 0, 'oom_group_kill': 0}
[container_monitor] pf-test-1: current=713.6MiB swap=67.0MiB max=981.0MiB cpu.usage_usec=2784801 method=swap_current_delta_fallback detail={'delta_swap_current': 0, 'swap_saturated': False, 'workingset_refault_anon': 5568} events={'low': 0, 'high': 0, 'max': 41, 'oom': 0, 'oom_kill': 0, 'oom_group_kill': 0}
[container_monitor] pf-test-1: current=715.3MiB swap=67.0MiB max=981.0MiB cpu.usage_usec=2789072 method=swap_current_delta_fallback detail={'delta_swap_current': 0, 'swap_saturated': False, 'workingset_refault_anon': 5568} events={'low': 0, 'high': 0, 'max': 41, 'oom': 0, 'oom_kill': 0, 'oom_group_kill': 0}
[container_monitor] pf-test-1: current=717.4MiB swap=67.0MiB max=981.0MiB cpu.usage_usec=2794280 method=swap_current_delta_fallback detail={'delta_swap_current': 0, 'swap_saturated': False, 'workingset_refault_anon': 5568} events={'low': 0, 'high': 0, 'max': 41, 'oom': 0, 'oom_kill': 0, 'oom_group_kill': 0}
[container_monitor] pf-test-1: current=719.6MiB swap=67.0MiB max=981.0MiB cpu.usage_usec=2799822 method=swap_current_delta_fallback detail={'delta_swap_current': 0, 'swap_saturated': False, 'workingset_refault_anon': 5568} events={'low': 0, 'high': 0, 'max': 41, 'oom': 0, 'oom_kill': 0, 'oom_group_kill': 0}
[container_monitor] pf-test-1: current=721.6MiB swap=67.0MiB max=981.0MiB cpu.usage_usec=2804474 method=swap_current_delta_fallback detail={'delta_swap_current': 0, 'swap_saturated': False, 'workingset_refault_anon': 5568} events={'low': 0, 'high': 0, 'max': 41, 'oom': 0, 'oom_kill': 0, 'oom_group_kill': 0}
[container_monitor] pf-test-1: current=723.6MiB swap=67.0MiB max=981.0MiB cpu.usage_usec=2809465 method=swap_current_delta_fallback detail={'delta_swap_current': 0, 'swap_saturated': False, 'workingset_refault_anon': 5568} events={'low': 0, 'high': 0, 'max': 41, 'oom': 0, 'oom_kill': 0, 'oom_group_kill': 0}
[container_monitor] pf-test-1: current=725.4MiB swap=67.0MiB max=981.0MiB cpu.usage_usec=2814423 method=swap_current_delta_fallback detail={'delta_swap_current': 0, 'swap_saturated': False, 'workingset_refault_anon': 5568} events={'low': 0, 'high': 0, 'max': 41, 'oom': 0, 'oom_kill': 0, 'oom_group_kill': 0}
[container_monitor] pf-test-1: current=726.2MiB swap=67.0MiB max=981.0MiB cpu.usage_usec=2819392 method=swap_current_delta_fallback detail={'delta_swap_current': 0, 'swap_saturated': False, 'workingset_refault_anon': 5568} events={'low': 0, 'high': 0, 'max': 41, 'oom': 0, 'oom_kill': 0, 'oom_group_kill': 0}
[container_monitor] pf-test-1: current=727.9MiB swap=67.0MiB max=981.0MiB cpu.usage_usec=2824896 method=swap_current_delta_fallback detail={'delta_swap_current': 0, 'swap_saturated': False, 'workingset_refault_anon': 5568} events={'low': 0, 'high': 0, 'max': 41, 'oom': 0, 'oom_kill': 0, 'oom_group_kill': 0}
[container_monitor] pf-test-1: current=729.0MiB swap=66.9MiB max=981.0MiB cpu.usage_usec=2829563 method=swap_current_delta_fallback detail={'delta_swap_current': -77824, 'swap_saturated': False, 'workingset_refault_anon': 5568} events={'low': 0, 'high': 0, 'max': 41, 'oom': 0, 'oom_kill': 0, 'oom_group_kill': 0}
[container_monitor] pf-test-1: current=731.3MiB swap=66.9MiB max=981.0MiB cpu.usage_usec=2834337 method=swap_current_delta_fallback detail={'delta_swap_current': 0, 'swap_saturated': False, 'workingset_refault_anon': 5568} events={'low': 0, 'high': 0, 'max': 41, 'oom': 0, 'oom_kill': 0, 'oom_group_kill': 0}
[container_monitor] pf-test-1: current=732.8MiB swap=66.9MiB max=981.0MiB cpu.usage_usec=2839591 method=swap_current_delta_fallback detail={'delta_swap_current': 0, 'swap_saturated': False, 'workingset_refault_anon': 5568} events={'low': 0, 'high': 0, 'max': 41, 'oom': 0, 'oom_kill': 0, 'oom_group_kill': 0}
[container_monitor] pf-test-1: current=733.8MiB swap=66.9MiB max=981.0MiB cpu.usage_usec=2844215 method=swap_current_delta_fallback detail={'delta_swap_current': 0, 'swap_saturated': False, 'workingset_refault_anon': 5568} events={'low': 0, 'high': 0, 'max': 41, 'oom': 0, 'oom_kill': 0, 'oom_group_kill': 0}
[container_monitor] pf-test-1: current=735.3MiB swap=66.9MiB max=981.0MiB cpu.usage_usec=2849639 method=swap_current_delta_fallback detail={'delta_swap_current': 0, 'swap_saturated': False, 'workingset_refault_anon': 5568} events={'low': 0, 'high': 0, 'max': 41, 'oom': 0, 'oom_kill': 0, 'oom_group_kill': 0}
[container_monitor] pf-test-1: current=740.3MiB swap=66.9MiB max=981.0MiB cpu.usage_usec=2855003 method=swap_current_delta_fallback detail={'delta_swap_current': 0, 'swap_saturated': False, 'workingset_refault_anon': 5568} events={'low': 0, 'high': 0, 'max': 41, 'oom': 0, 'oom_kill': 0, 'oom_group_kill': 0}
[container_monitor] pf-test-1: current=742.4MiB swap=66.9MiB max=981.0MiB cpu.usage_usec=2859372 method=swap_current_delta_fallback detail={'delta_swap_current': 0, 'swap_saturated': False, 'workingset_refault_anon': 5568} events={'low': 0, 'high': 0, 'max': 41, 'oom': 0, 'oom_kill': 0, 'oom_group_kill': 0}
[container_monitor] pf-test-1: current=744.4MiB swap=66.9MiB max=981.0MiB cpu.usage_usec=2865095 method=swap_current_delta_fallback detail={'delta_swap_current': 0, 'swap_saturated': False, 'workingset_refault_anon': 5568} events={'low': 0, 'high': 0, 'max': 41, 'oom': 0, 'oom_kill': 0, 'oom_group_kill': 0}
[container_monitor] pf-test-1: current=745.8MiB swap=66.9MiB max=981.0MiB cpu.usage_usec=2869510 method=swap_current_delta_fallback detail={'delta_swap_current': 0, 'swap_saturated': False, 'workingset_refault_anon': 5568} events={'low': 0, 'high': 0, 'max': 41, 'oom': 0, 'oom_kill': 0, 'oom_group_kill': 0}
[container_monitor] pf-test-1: current=747.4MiB swap=66.9MiB max=981.0MiB cpu.usage_usec=2874753 method=swap_current_delta_fallback detail={'delta_swap_current': 0, 'swap_saturated': False, 'workingset_refault_anon': 5568} events={'low': 0, 'high': 0, 'max': 41, 'oom': 0, 'oom_kill': 0, 'oom_group_kill': 0}
[container_monitor] pf-test-1: current=749.3MiB swap=66.9MiB max=981.0MiB cpu.usage_usec=2879575 method=swap_current_delta_fallback detail={'delta_swap_current': 0, 'swap_saturated': False, 'workingset_refault_anon': 5568} events={'low': 0, 'high': 0, 'max': 41, 'oom': 0, 'oom_kill': 0, 'oom_group_kill': 0}
[container_monitor] pf-test-1: current=751.2MiB swap=66.9MiB max=981.0MiB cpu.usage_usec=2884418 method=swap_current_delta_fallback detail={'delta_swap_current': 0, 'swap_saturated': False, 'workingset_refault_anon': 5568} events={'low': 0, 'high': 0, 'max': 41, 'oom': 0, 'oom_kill': 0, 'oom_group_kill': 0}
[container_monitor] pf-test-1: current=752.9MiB swap=66.9MiB max=981.0MiB cpu.usage_usec=2889210 method=swap_current_delta_fallback detail={'delta_swap_current': 0, 'swap_saturated': False, 'workingset_refault_anon': 5568} events={'low': 0, 'high': 0, 'max': 41, 'oom': 0, 'oom_kill': 0, 'oom_group_kill': 0}
[container_monitor] pf-test-1: current=755.2MiB swap=66.9MiB max=981.0MiB cpu.usage_usec=2895672 method=swap_current_delta_fallback detail={'delta_swap_current': 0, 'swap_saturated': False, 'workingset_refault_anon': 5568} events={'low': 0, 'high': 0, 'max': 41, 'oom': 0, 'oom_kill': 0, 'oom_group_kill': 0}
[container_monitor] pf-test-1: current=756.6MiB swap=66.9MiB max=981.0MiB cpu.usage_usec=2900226 method=swap_current_delta_fallback detail={'delta_swap_current': 0, 'swap_saturated': False, 'workingset_refault_anon': 5568} events={'low': 0, 'high': 0, 'max': 41, 'oom': 0, 'oom_kill': 0, 'oom_group_kill': 0}
[container_monitor] pf-test-1: current=757.6MiB swap=66.9MiB max=981.0MiB cpu.usage_usec=2905657 method=swap_current_delta_fallback detail={'delta_swap_current': 0, 'swap_saturated': False, 'workingset_refault_anon': 5568} events={'low': 0, 'high': 0, 'max': 41, 'oom': 0, 'oom_kill': 0, 'oom_group_kill': 0}
[container_monitor] pf-test-1: current=758.7MiB swap=66.9MiB max=981.0MiB cpu.usage_usec=2910220 method=swap_current_delta_fallback detail={'delta_swap_current': 0, 'swap_saturated': False, 'workingset_refault_anon': 5568} events={'low': 0, 'high': 0, 'max': 41, 'oom': 0, 'oom_kill': 0, 'oom_group_kill': 0}
[container_monitor] pf-test-1: current=760.0MiB swap=66.9MiB max=981.0MiB cpu.usage_usec=2915519 method=swap_current_delta_fallback detail={'delta_swap_current': 0, 'swap_saturated': False, 'workingset_refault_anon': 5568} events={'low': 0, 'high': 0, 'max': 41, 'oom': 0, 'oom_kill': 0, 'oom_group_kill': 0}
[container_monitor] pf-test-1: current=761.2MiB swap=66.9MiB max=981.0MiB cpu.usage_usec=2920520 method=swap_current_delta_fallback detail={'delta_swap_current': 0, 'swap_saturated': False, 'workingset_refault_anon': 5568} events={'low': 0, 'high': 0, 'max': 41, 'oom': 0, 'oom_kill': 0, 'oom_group_kill': 0}
[container_monitor] pf-test-1: current=762.8MiB swap=66.9MiB max=981.0MiB cpu.usage_usec=2925120 method=swap_current_delta_fallback detail={'delta_swap_current': 0, 'swap_saturated': False, 'workingset_refault_anon': 5568} events={'low': 0, 'high': 0, 'max': 41, 'oom': 0, 'oom_kill': 0, 'oom_group_kill': 0}
[container_monitor] pf-test-1: current=764.9MiB swap=66.9MiB max=981.0MiB cpu.usage_usec=2930758 method=swap_current_delta_fallback detail={'delta_swap_current': 0, 'swap_saturated': False, 'workingset_refault_anon': 5568} events={'low': 0, 'high': 0, 'max': 41, 'oom': 0, 'oom_kill': 0, 'oom_group_kill': 0}
[container_monitor] pf-test-1: current=766.5MiB swap=66.9MiB max=981.0MiB cpu.usage_usec=2935281 method=swap_current_delta_fallback detail={'delta_swap_current': 0, 'swap_saturated': False, 'workingset_refault_anon': 5568} events={'low': 0, 'high': 0, 'max': 41, 'oom': 0, 'oom_kill': 0, 'oom_group_kill': 0}
[container_monitor] pf-test-1: current=769.0MiB swap=66.9MiB max=981.0MiB cpu.usage_usec=2940934 method=swap_current_delta_fallback detail={'delta_swap_current': 0, 'swap_saturated': False, 'workingset_refault_anon': 5568} events={'low': 0, 'high': 0, 'max': 41, 'oom': 0, 'oom_kill': 0, 'oom_group_kill': 0}
[container_monitor] pf-test-1: current=771.2MiB swap=66.9MiB max=981.0MiB cpu.usage_usec=2945368 method=swap_current_delta_fallback detail={'delta_swap_current': 0, 'swap_saturated': False, 'workingset_refault_anon': 5568} events={'low': 0, 'high': 0, 'max': 41, 'oom': 0, 'oom_kill': 0, 'oom_group_kill': 0}
[container_monitor] pf-test-1: current=773.2MiB swap=66.9MiB max=981.0MiB cpu.usage_usec=2950593 method=swap_current_delta_fallback detail={'delta_swap_current': 0, 'swap_saturated': False, 'workingset_refault_anon': 5568} events={'low': 0, 'high': 0, 'max': 41, 'oom': 0, 'oom_kill': 0, 'oom_group_kill': 0}
[container_monitor] pf-test-1: current=775.5MiB swap=66.9MiB max=981.0MiB cpu.usage_usec=2955067 method=swap_current_delta_fallback detail={'delta_swap_current': 0, 'swap_saturated': False, 'workingset_refault_anon': 5568} events={'low': 0, 'high': 0, 'max': 41, 'oom': 0, 'oom_kill': 0, 'oom_group_kill': 0}
[container_monitor] pf-test-1: current=777.4MiB swap=66.9MiB max=981.0MiB cpu.usage_usec=2960227 method=swap_current_delta_fallback detail={'delta_swap_current': 0, 'swap_saturated': False, 'workingset_refault_anon': 5568} events={'low': 0, 'high': 0, 'max': 41, 'oom': 0, 'oom_kill': 0, 'oom_group_kill': 0}
[container_monitor] pf-test-1: current=779.5MiB swap=66.9MiB max=981.0MiB cpu.usage_usec=2965779 method=swap_current_delta_fallback detail={'delta_swap_current': 0, 'swap_saturated': False, 'workingset_refault_anon': 5568} events={'low': 0, 'high': 0, 'max': 41, 'oom': 0, 'oom_kill': 0, 'oom_group_kill': 0}
[container_monitor] pf-test-1: current=782.2MiB swap=66.9MiB max=981.0MiB cpu.usage_usec=2970309 method=swap_current_delta_fallback detail={'delta_swap_current': 0, 'swap_saturated': False, 'workingset_refault_anon': 5568} events={'low': 0, 'high': 0, 'max': 41, 'oom': 0, 'oom_kill': 0, 'oom_group_kill': 0}
[container_monitor] pf-test-1: current=784.4MiB swap=66.9MiB max=981.0MiB cpu.usage_usec=2975605 method=swap_current_delta_fallback detail={'delta_swap_current': 0, 'swap_saturated': False, 'workingset_refault_anon': 5568} events={'low': 0, 'high': 0, 'max': 41, 'oom': 0, 'oom_kill': 0, 'oom_group_kill': 0}
[container_monitor] pf-test-1: current=786.6MiB swap=66.9MiB max=981.0MiB cpu.usage_usec=2980277 method=swap_current_delta_fallback detail={'delta_swap_current': 0, 'swap_saturated': False, 'workingset_refault_anon': 5568} events={'low': 0, 'high': 0, 'max': 41, 'oom': 0, 'oom_kill': 0, 'oom_group_kill': 0}
[container_monitor] pf-test-1: current=789.4MiB swap=66.9MiB max=981.0MiB cpu.usage_usec=2985799 method=swap_current_delta_fallback detail={'delta_swap_current': 0, 'swap_saturated': False, 'workingset_refault_anon': 5568} events={'low': 0, 'high': 0, 'max': 41, 'oom': 0, 'oom_kill': 0, 'oom_group_kill': 0}
[container_monitor] pf-test-1: current=790.4MiB swap=66.9MiB max=981.0MiB cpu.usage_usec=2990142 method=swap_current_delta_fallback detail={'delta_swap_current': 0, 'swap_saturated': False, 'workingset_refault_anon': 5568} events={'low': 0, 'high': 0, 'max': 41, 'oom': 0, 'oom_kill': 0, 'oom_group_kill': 0}
[container_monitor] pf-test-1: current=792.2MiB swap=66.9MiB max=981.0MiB cpu.usage_usec=2995365 method=swap_current_delta_fallback detail={'delta_swap_current': 0, 'swap_saturated': False, 'workingset_refault_anon': 5568} events={'low': 0, 'high': 0, 'max': 41, 'oom': 0, 'oom_kill': 0, 'oom_group_kill': 0}
[container_monitor] pf-test-1: current=793.7MiB swap=66.9MiB max=981.0MiB cpu.usage_usec=3000862 method=swap_current_delta_fallback detail={'delta_swap_current': 0, 'swap_saturated': False, 'workingset_refault_anon': 5568} events={'low': 0, 'high': 0, 'max': 41, 'oom': 0, 'oom_kill': 0, 'oom_group_kill': 0}
[container_monitor] pf-test-1: current=794.9MiB swap=66.9MiB max=981.0MiB cpu.usage_usec=3005094 method=swap_current_delta_fallback detail={'delta_swap_current': 0, 'swap_saturated': False, 'workingset_refault_anon': 5568} events={'low': 0, 'high': 0, 'max': 41, 'oom': 0, 'oom_kill': 0, 'oom_group_kill': 0}
[container_monitor] pf-test-1: current=796.7MiB swap=66.9MiB max=981.0MiB cpu.usage_usec=3010509 method=swap_current_delta_fallback detail={'delta_swap_current': 0, 'swap_saturated': False, 'workingset_refault_anon': 5568} events={'low': 0, 'high': 0, 'max': 41, 'oom': 0, 'oom_kill': 0, 'oom_group_kill': 0}
[container_monitor] pf-test-1: current=798.7MiB swap=66.9MiB max=981.0MiB cpu.usage_usec=3015844 method=swap_current_delta_fallback detail={'delta_swap_current': 0, 'swap_saturated': False, 'workingset_refault_anon': 5568} events={'low': 0, 'high': 0, 'max': 41, 'oom': 0, 'oom_kill': 0, 'oom_group_kill': 0}
[container_monitor] pf-test-1: current=800.1MiB swap=66.9MiB max=981.0MiB cpu.usage_usec=3020279 method=swap_current_delta_fallback detail={'delta_swap_current': 0, 'swap_saturated': False, 'workingset_refault_anon': 5568} events={'low': 0, 'high': 0, 'max': 41, 'oom': 0, 'oom_kill': 0, 'oom_group_kill': 0}
[container_monitor] pf-test-1: current=801.9MiB swap=66.9MiB max=981.0MiB cpu.usage_usec=3025581 method=swap_current_delta_fallback detail={'delta_swap_current': 0, 'swap_saturated': False, 'workingset_refault_anon': 5568} events={'low': 0, 'high': 0, 'max': 41, 'oom': 0, 'oom_kill': 0, 'oom_group_kill': 0}
[container_monitor] pf-test-1: current=803.8MiB swap=66.9MiB max=981.0MiB cpu.usage_usec=3030160 method=swap_current_delta_fallback detail={'delta_swap_current': 0, 'swap_saturated': False, 'workingset_refault_anon': 5568} events={'low': 0, 'high': 0, 'max': 41, 'oom': 0, 'oom_kill': 0, 'oom_group_kill': 0}
[container_monitor] pf-test-1: current=805.6MiB swap=66.9MiB max=981.0MiB cpu.usage_usec=3035726 method=swap_current_delta_fallback detail={'delta_swap_current': 0, 'swap_saturated': False, 'workingset_refault_anon': 5568} events={'low': 0, 'high': 0, 'max': 41, 'oom': 0, 'oom_kill': 0, 'oom_group_kill': 0}
[container_monitor] pf-test-1: current=807.8MiB swap=66.9MiB max=981.0MiB cpu.usage_usec=3040924 method=swap_current_delta_fallback detail={'delta_swap_current': 0, 'swap_saturated': False, 'workingset_refault_anon': 5568} events={'low': 0, 'high': 0, 'max': 41, 'oom': 0, 'oom_kill': 0, 'oom_group_kill': 0}
[container_monitor] pf-test-1: current=809.3MiB swap=66.9MiB max=981.0MiB cpu.usage_usec=3045245 method=swap_current_delta_fallback detail={'delta_swap_current': 0, 'swap_saturated': False, 'workingset_refault_anon': 5568} events={'low': 0, 'high': 0, 'max': 41, 'oom': 0, 'oom_kill': 0, 'oom_group_kill': 0}
[container_monitor] pf-test-1: current=811.3MiB swap=66.9MiB max=981.0MiB cpu.usage_usec=3051070 method=swap_current_delta_fallback detail={'delta_swap_current': 0, 'swap_saturated': False, 'workingset_refault_anon': 5568} events={'low': 0, 'high': 0, 'max': 41, 'oom': 0, 'oom_kill': 0, 'oom_group_kill': 0}
[container_monitor] pf-test-1: current=813.2MiB swap=66.9MiB max=981.0MiB cpu.usage_usec=3056026 method=swap_current_delta_fallback detail={'delta_swap_current': 0, 'swap_saturated': False, 'workingset_refault_anon': 5568} events={'low': 0, 'high': 0, 'max': 41, 'oom': 0, 'oom_kill': 0, 'oom_group_kill': 0}
[container_monitor] pf-test-1: current=814.7MiB swap=66.9MiB max=981.0MiB cpu.usage_usec=3061061 method=swap_current_delta_fallback detail={'delta_swap_current': 0, 'swap_saturated': False, 'workingset_refault_anon': 5568} events={'low': 0, 'high': 0, 'max': 41, 'oom': 0, 'oom_kill': 0, 'oom_group_kill': 0}
[container_monitor] pf-test-1: current=817.8MiB swap=66.9MiB max=981.0MiB cpu.usage_usec=3065677 method=swap_current_delta_fallback detail={'delta_swap_current': 0, 'swap_saturated': False, 'workingset_refault_anon': 5568} events={'low': 0, 'high': 0, 'max': 41, 'oom': 0, 'oom_kill': 0, 'oom_group_kill': 0}
[container_monitor] pf-test-1: current=819.3MiB swap=66.9MiB max=981.0MiB cpu.usage_usec=3070952 method=swap_current_delta_fallback detail={'delta_swap_current': 0, 'swap_saturated': False, 'workingset_refault_anon': 5568} events={'low': 0, 'high': 0, 'max': 41, 'oom': 0, 'oom_kill': 0, 'oom_group_kill': 0}
[container_monitor] pf-test-1: current=820.4MiB swap=66.9MiB max=981.0MiB cpu.usage_usec=3075644 method=swap_current_delta_fallback detail={'delta_swap_current': 0, 'swap_saturated': False, 'workingset_refault_anon': 5568} events={'low': 0, 'high': 0, 'max': 41, 'oom': 0, 'oom_kill': 0, 'oom_group_kill': 0}
[container_monitor] pf-test-1: current=821.5MiB swap=66.9MiB max=981.0MiB cpu.usage_usec=3081057 method=swap_current_delta_fallback detail={'delta_swap_current': 0, 'swap_saturated': False, 'workingset_refault_anon': 5568} events={'low': 0, 'high': 0, 'max': 41, 'oom': 0, 'oom_kill': 0, 'oom_group_kill': 0}
[container_monitor] pf-test-1: current=823.8MiB swap=66.9MiB max=981.0MiB cpu.usage_usec=3085471 method=swap_current_delta_fallback detail={'delta_swap_current': 0, 'swap_saturated': False, 'workingset_refault_anon': 5568} events={'low': 0, 'high': 0, 'max': 41, 'oom': 0, 'oom_kill': 0, 'oom_group_kill': 0}
[container_monitor] pf-test-1: current=825.6MiB swap=66.9MiB max=981.0MiB cpu.usage_usec=3091040 method=swap_current_delta_fallback detail={'delta_swap_current': 0, 'swap_saturated': False, 'workingset_refault_anon': 5568} events={'low': 0, 'high': 0, 'max': 41, 'oom': 0, 'oom_kill': 0, 'oom_group_kill': 0}
[container_monitor] pf-test-1: current=827.2MiB swap=66.9MiB max=981.0MiB cpu.usage_usec=3095343 method=swap_current_delta_fallback detail={'delta_swap_current': 0, 'swap_saturated': False, 'workingset_refault_anon': 5568} events={'low': 0, 'high': 0, 'max': 41, 'oom': 0, 'oom_kill': 0, 'oom_group_kill': 0}
[container_monitor] pf-test-1: current=829.3MiB swap=66.9MiB max=981.0MiB cpu.usage_usec=3101405 method=swap_current_delta_fallback detail={'delta_swap_current': 0, 'swap_saturated': False, 'workingset_refault_anon': 5568} events={'low': 0, 'high': 0, 'max': 41, 'oom': 0, 'oom_kill': 0, 'oom_group_kill': 0}
[container_monitor] pf-test-1: current=831.2MiB swap=66.9MiB max=981.0MiB cpu.usage_usec=3105255 method=swap_current_delta_fallback detail={'delta_swap_current': 0, 'swap_saturated': False, 'workingset_refault_anon': 5568} events={'low': 0, 'high': 0, 'max': 41, 'oom': 0, 'oom_kill': 0, 'oom_group_kill': 0}
[container_monitor] pf-test-1: current=832.7MiB swap=66.9MiB max=981.0MiB cpu.usage_usec=3110315 method=swap_current_delta_fallback detail={'delta_swap_current': 0, 'swap_saturated': False, 'workingset_refault_anon': 5568} events={'low': 0, 'high': 0, 'max': 41, 'oom': 0, 'oom_kill': 0, 'oom_group_kill': 0}
[container_monitor] pf-test-1: current=830.3MiB swap=71.7MiB max=981.0MiB cpu.usage_usec=3116011 method=swap_current_delta_fallback detail={'delta_swap_current': 5005312, 'swap_saturated': False, 'workingset_refault_anon': 5568} events={'low': 0, 'high': 0, 'max': 41, 'oom': 0, 'oom_kill': 0, 'oom_group_kill': 0}
[container_monitor] pf-test-1: current=831.2MiB swap=71.7MiB max=981.0MiB cpu.usage_usec=3120612 method=swap_current_delta_fallback detail={'delta_swap_current': 0, 'swap_saturated': False, 'workingset_refault_anon': 5568} events={'low': 0, 'high': 0, 'max': 41, 'oom': 0, 'oom_kill': 0, 'oom_group_kill': 0}
[container_monitor] pf-test-1: current=832.2MiB swap=71.7MiB max=981.0MiB cpu.usage_usec=3125543 method=swap_current_delta_fallback detail={'delta_swap_current': 0, 'swap_saturated': False, 'workingset_refault_anon': 5568} events={'low': 0, 'high': 0, 'max': 41, 'oom': 0, 'oom_kill': 0, 'oom_group_kill': 0}
[container_monitor] pf-test-1: current=832.9MiB swap=71.7MiB max=981.0MiB cpu.usage_usec=3130468 method=swap_current_delta_fallback detail={'delta_swap_current': 0, 'swap_saturated': False, 'workingset_refault_anon': 5568} events={'low': 0, 'high': 0, 'max': 41, 'oom': 0, 'oom_kill': 0, 'oom_group_kill': 0}
[container_monitor] pf-test-1: current=833.9MiB swap=71.7MiB max=981.0MiB cpu.usage_usec=3135768 method=swap_current_delta_fallback detail={'delta_swap_current': 0, 'swap_saturated': False, 'workingset_refault_anon': 5568} events={'low': 0, 'high': 0, 'max': 41, 'oom': 0, 'oom_kill': 0, 'oom_group_kill': 0}
[container_monitor] pf-test-1: current=828.9MiB swap=78.7MiB max=981.0MiB cpu.usage_usec=3140568 method=swap_current_delta_fallback detail={'delta_swap_current': 7282688, 'swap_saturated': False, 'workingset_refault_anon': 5568} events={'low': 0, 'high': 0, 'max': 41, 'oom': 0, 'oom_kill': 0, 'oom_group_kill': 0}
[container_monitor] pf-test-1: current=830.2MiB swap=78.7MiB max=981.0MiB cpu.usage_usec=3145714 method=swap_current_delta_fallback detail={'delta_swap_current': 0, 'swap_saturated': False, 'workingset_refault_anon': 5568} events={'low': 0, 'high': 0, 'max': 41, 'oom': 0, 'oom_kill': 0, 'oom_group_kill': 0}
[container_monitor] pf-test-1: current=831.2MiB swap=78.7MiB max=981.0MiB cpu.usage_usec=3150083 method=swap_current_delta_fallback detail={'delta_swap_current': 0, 'swap_saturated': False, 'workingset_refault_anon': 5568} events={'low': 0, 'high': 0, 'max': 41, 'oom': 0, 'oom_kill': 0, 'oom_group_kill': 0}
[container_monitor] pf-test-1: current=832.5MiB swap=78.7MiB max=981.0MiB cpu.usage_usec=3155458 method=swap_current_delta_fallback detail={'delta_swap_current': 0, 'swap_saturated': False, 'workingset_refault_anon': 5568} events={'low': 0, 'high': 0, 'max': 41, 'oom': 0, 'oom_kill': 0, 'oom_group_kill': 0}
[container_monitor] pf-test-1: current=833.7MiB swap=78.7MiB max=981.0MiB cpu.usage_usec=3160747 method=swap_current_delta_fallback detail={'delta_swap_current': 0, 'swap_saturated': False, 'workingset_refault_anon': 5568} events={'low': 0, 'high': 0, 'max': 41, 'oom': 0, 'oom_kill': 0, 'oom_group_kill': 0}
[container_monitor] pf-test-1: current=835.5MiB swap=78.7MiB max=981.0MiB cpu.usage_usec=3165120 method=swap_current_delta_fallback detail={'delta_swap_current': 0, 'swap_saturated': False, 'workingset_refault_anon': 5568} events={'low': 0, 'high': 0, 'max': 41, 'oom': 0, 'oom_kill': 0, 'oom_group_kill': 0}
[container_monitor] pf-test-1: current=830.8MiB swap=85.4MiB max=981.0MiB cpu.usage_usec=3171014 method=swap_current_delta_fallback detail={'delta_swap_current': 7020544, 'swap_saturated': False, 'workingset_refault_anon': 5568} events={'low': 0, 'high': 0, 'max': 41, 'oom': 0, 'oom_kill': 0, 'oom_group_kill': 0}
[container_monitor] pf-test-1: current=831.3MiB swap=85.4MiB max=981.0MiB cpu.usage_usec=3175113 method=swap_current_delta_fallback detail={'delta_swap_current': 0, 'swap_saturated': False, 'workingset_refault_anon': 5568} events={'low': 0, 'high': 0, 'max': 41, 'oom': 0, 'oom_kill': 0, 'oom_group_kill': 0}
[container_monitor] pf-test-1: current=832.2MiB swap=85.4MiB max=981.0MiB cpu.usage_usec=3180671 method=swap_current_delta_fallback detail={'delta_swap_current': 0, 'swap_saturated': False, 'workingset_refault_anon': 5568} events={'low': 0, 'high': 0, 'max': 41, 'oom': 0, 'oom_kill': 0, 'oom_group_kill': 0}
[container_monitor] pf-test-1: current=833.3MiB swap=85.4MiB max=981.0MiB cpu.usage_usec=3185512 method=swap_current_delta_fallback detail={'delta_swap_current': 0, 'swap_saturated': False, 'workingset_refault_anon': 5568} events={'low': 0, 'high': 0, 'max': 41, 'oom': 0, 'oom_kill': 0, 'oom_group_kill': 0}
[container_monitor] pf-test-1: current=835.7MiB swap=85.4MiB max=981.0MiB cpu.usage_usec=3190703 method=swap_current_delta_fallback detail={'delta_swap_current': 0, 'swap_saturated': False, 'workingset_refault_anon': 5568} events={'low': 0, 'high': 0, 'max': 41, 'oom': 0, 'oom_kill': 0, 'oom_group_kill': 0}
[container_monitor] pf-test-1: current=837.6MiB swap=85.4MiB max=981.0MiB cpu.usage_usec=3195335 method=swap_current_delta_fallback detail={'delta_swap_current': 0, 'swap_saturated': False, 'workingset_refault_anon': 5568} events={'low': 0, 'high': 0, 'max': 41, 'oom': 0, 'oom_kill': 0, 'oom_group_kill': 0}
[container_monitor] pf-test-1: current=839.0MiB swap=85.4MiB max=981.0MiB cpu.usage_usec=3201028 method=swap_current_delta_fallback detail={'delta_swap_current': 0, 'swap_saturated': False, 'workingset_refault_anon': 5568} events={'low': 0, 'high': 0, 'max': 41, 'oom': 0, 'oom_kill': 0, 'oom_group_kill': 0}
[container_monitor] pf-test-1: current=840.5MiB swap=85.4MiB max=981.0MiB cpu.usage_usec=3206405 method=swap_current_delta_fallback detail={'delta_swap_current': 0, 'swap_saturated': False, 'workingset_refault_anon': 5568} events={'low': 0, 'high': 0, 'max': 41, 'oom': 0, 'oom_kill': 0, 'oom_group_kill': 0}
[container_monitor] pf-test-1: current=841.6MiB swap=85.4MiB max=981.0MiB cpu.usage_usec=3211152 method=swap_current_delta_fallback detail={'delta_swap_current': 0, 'swap_saturated': False, 'workingset_refault_anon': 5568} events={'low': 0, 'high': 0, 'max': 41, 'oom': 0, 'oom_kill': 0, 'oom_group_kill': 0}
[container_monitor] pf-test-1: current=843.8MiB swap=85.4MiB max=981.0MiB cpu.usage_usec=3216643 method=swap_current_delta_fallback detail={'delta_swap_current': 0, 'swap_saturated': False, 'workingset_refault_anon': 5568} events={'low': 0, 'high': 0, 'max': 41, 'oom': 0, 'oom_kill': 0, 'oom_group_kill': 0}
[container_monitor] pf-test-1: current=838.4MiB swap=91.6MiB max=981.0MiB cpu.usage_usec=3221935 method=swap_current_delta_fallback detail={'delta_swap_current': 6529024, 'swap_saturated': False, 'workingset_refault_anon': 5568} events={'low': 0, 'high': 0, 'max': 41, 'oom': 0, 'oom_kill': 0, 'oom_group_kill': 0}
[container_monitor] pf-test-1: current=839.3MiB swap=91.6MiB max=981.0MiB cpu.usage_usec=3226075 method=swap_current_delta_fallback detail={'delta_swap_current': 0, 'swap_saturated': False, 'workingset_refault_anon': 5568} events={'low': 0, 'high': 0, 'max': 41, 'oom': 0, 'oom_kill': 0, 'oom_group_kill': 0}
[container_monitor] pf-test-1: current=841.6MiB swap=91.6MiB max=981.0MiB cpu.usage_usec=3231725 method=swap_current_delta_fallback detail={'delta_swap_current': 0, 'swap_saturated': False, 'workingset_refault_anon': 5568} events={'low': 0, 'high': 0, 'max': 41, 'oom': 0, 'oom_kill': 0, 'oom_group_kill': 0}
[container_monitor] pf-test-1: current=843.6MiB swap=91.6MiB max=981.0MiB cpu.usage_usec=3236191 method=swap_current_delta_fallback detail={'delta_swap_current': 0, 'swap_saturated': False, 'workingset_refault_anon': 5568} events={'low': 0, 'high': 0, 'max': 41, 'oom': 0, 'oom_kill': 0, 'oom_group_kill': 0}
[container_monitor] pf-test-1: current=840.5MiB swap=95.4MiB max=981.0MiB cpu.usage_usec=3241873 method=swap_current_delta_fallback detail={'delta_swap_current': 3973120, 'swap_saturated': False, 'workingset_refault_anon': 5568} events={'low': 0, 'high': 0, 'max': 41, 'oom': 0, 'oom_kill': 0, 'oom_group_kill': 0}
[container_monitor] pf-test-1: current=842.2MiB swap=95.4MiB max=981.0MiB cpu.usage_usec=3246910 method=swap_current_delta_fallback detail={'delta_swap_current': 0, 'swap_saturated': False, 'workingset_refault_anon': 5568} events={'low': 0, 'high': 0, 'max': 41, 'oom': 0, 'oom_kill': 0, 'oom_group_kill': 0}
[container_monitor] pf-test-1: current=843.5MiB swap=95.4MiB max=981.0MiB cpu.usage_usec=3251525 method=swap_current_delta_fallback detail={'delta_swap_current': 0, 'swap_saturated': False, 'workingset_refault_anon': 5568} events={'low': 0, 'high': 0, 'max': 41, 'oom': 0, 'oom_kill': 0, 'oom_group_kill': 0}
[container_monitor] pf-test-1: current=845.5MiB swap=95.4MiB max=981.0MiB cpu.usage_usec=3256747 method=swap_current_delta_fallback detail={'delta_swap_current': 0, 'swap_saturated': False, 'workingset_refault_anon': 5568} events={'low': 0, 'high': 0, 'max': 41, 'oom': 0, 'oom_kill': 0, 'oom_group_kill': 0}
[container_monitor] pf-test-1: current=846.8MiB swap=95.4MiB max=981.0MiB cpu.usage_usec=3261856 method=swap_current_delta_fallback detail={'delta_swap_current': 0, 'swap_saturated': False, 'workingset_refault_anon': 5568} events={'low': 0, 'high': 0, 'max': 41, 'oom': 0, 'oom_kill': 0, 'oom_group_kill': 0}
[container_monitor] pf-test-1: current=847.8MiB swap=95.4MiB max=981.0MiB cpu.usage_usec=3266268 method=swap_current_delta_fallback detail={'delta_swap_current': 0, 'swap_saturated': False, 'workingset_refault_anon': 5568} events={'low': 0, 'high': 0, 'max': 41, 'oom': 0, 'oom_kill': 0, 'oom_group_kill': 0}
[container_monitor] pf-test-1: current=848.8MiB swap=95.4MiB max=981.0MiB cpu.usage_usec=3271155 method=swap_current_delta_fallback detail={'delta_swap_current': 0, 'swap_saturated': False, 'workingset_refault_anon': 5568} events={'low': 0, 'high': 0, 'max': 41, 'oom': 0, 'oom_kill': 0, 'oom_group_kill': 0}
[container_monitor] pf-test-1: current=849.9MiB swap=95.4MiB max=981.0MiB cpu.usage_usec=3276396 method=swap_current_delta_fallback detail={'delta_swap_current': 0, 'swap_saturated': False, 'workingset_refault_anon': 5568} events={'low': 0, 'high': 0, 'max': 41, 'oom': 0, 'oom_kill': 0, 'oom_group_kill': 0}
[container_monitor] pf-test-1: current=851.6MiB swap=95.4MiB max=981.0MiB cpu.usage_usec=3281731 method=swap_current_delta_fallback detail={'delta_swap_current': 0, 'swap_saturated': False, 'workingset_refault_anon': 5568} events={'low': 0, 'high': 0, 'max': 41, 'oom': 0, 'oom_kill': 0, 'oom_group_kill': 0}
[container_monitor] pf-test-1: current=853.5MiB swap=95.4MiB max=981.0MiB cpu.usage_usec=3286143 method=swap_current_delta_fallback detail={'delta_swap_current': 0, 'swap_saturated': False, 'workingset_refault_anon': 5568} events={'low': 0, 'high': 0, 'max': 41, 'oom': 0, 'oom_kill': 0, 'oom_group_kill': 0}
[container_monitor] pf-test-1: current=856.2MiB swap=95.4MiB max=981.0MiB cpu.usage_usec=3291957 method=swap_current_delta_fallback detail={'delta_swap_current': 0, 'swap_saturated': False, 'workingset_refault_anon': 5568} events={'low': 0, 'high': 0, 'max': 41, 'oom': 0, 'oom_kill': 0, 'oom_group_kill': 0}
[container_monitor] pf-test-1: current=856.9MiB swap=95.4MiB max=981.0MiB cpu.usage_usec=3297010 method=swap_current_delta_fallback detail={'delta_swap_current': 0, 'swap_saturated': False, 'workingset_refault_anon': 5568} events={'low': 0, 'high': 0, 'max': 41, 'oom': 0, 'oom_kill': 0, 'oom_group_kill': 0}
[container_monitor] pf-test-1: current=857.8MiB swap=95.4MiB max=981.0MiB cpu.usage_usec=3301245 method=swap_current_delta_fallback detail={'delta_swap_current': 0, 'swap_saturated': False, 'workingset_refault_anon': 5568} events={'low': 0, 'high': 0, 'max': 41, 'oom': 0, 'oom_kill': 0, 'oom_group_kill': 0}
[container_monitor] pf-test-1: current=859.1MiB swap=95.4MiB max=981.0MiB cpu.usage_usec=3306679 method=swap_current_delta_fallback detail={'delta_swap_current': 0, 'swap_saturated': False, 'workingset_refault_anon': 5568} events={'low': 0, 'high': 0, 'max': 41, 'oom': 0, 'oom_kill': 0, 'oom_group_kill': 0}
[container_monitor] pf-test-1: current=860.0MiB swap=95.4MiB max=981.0MiB cpu.usage_usec=3311416 method=swap_current_delta_fallback detail={'delta_swap_current': 0, 'swap_saturated': False, 'workingset_refault_anon': 5568} events={'low': 0, 'high': 0, 'max': 41, 'oom': 0, 'oom_kill': 0, 'oom_group_kill': 0}
[container_monitor] pf-test-1: current=861.3MiB swap=95.4MiB max=981.0MiB cpu.usage_usec=3316426 method=swap_current_delta_fallback detail={'delta_swap_current': 0, 'swap_saturated': False, 'workingset_refault_anon': 5568} events={'low': 0, 'high': 0, 'max': 41, 'oom': 0, 'oom_kill': 0, 'oom_group_kill': 0}
[container_monitor] pf-test-1: current=862.5MiB swap=95.4MiB max=981.0MiB cpu.usage_usec=3321557 method=swap_current_delta_fallback detail={'delta_swap_current': 0, 'swap_saturated': False, 'workingset_refault_anon': 5568} events={'low': 0, 'high': 0, 'max': 41, 'oom': 0, 'oom_kill': 0, 'oom_group_kill': 0}
[container_monitor] pf-test-1: current=863.9MiB swap=95.4MiB max=981.0MiB cpu.usage_usec=3326851 method=swap_current_delta_fallback detail={'delta_swap_current': 0, 'swap_saturated': False, 'workingset_refault_anon': 5568} events={'low': 0, 'high': 0, 'max': 41, 'oom': 0, 'oom_kill': 0, 'oom_group_kill': 0}
[container_monitor] pf-test-1: current=865.3MiB swap=95.4MiB max=981.0MiB cpu.usage_usec=3331193 method=swap_current_delta_fallback detail={'delta_swap_current': 0, 'swap_saturated': False, 'workingset_refault_anon': 5568} events={'low': 0, 'high': 0, 'max': 41, 'oom': 0, 'oom_kill': 0, 'oom_group_kill': 0}
[container_monitor] pf-test-1: current=866.6MiB swap=95.4MiB max=981.0MiB cpu.usage_usec=3336553 method=swap_current_delta_fallback detail={'delta_swap_current': 0, 'swap_saturated': False, 'workingset_refault_anon': 5568} events={'low': 0, 'high': 0, 'max': 41, 'oom': 0, 'oom_kill': 0, 'oom_group_kill': 0}
[container_monitor] pf-test-1: current=868.1MiB swap=95.4MiB max=981.0MiB cpu.usage_usec=3342057 method=swap_current_delta_fallback detail={'delta_swap_current': 0, 'swap_saturated': False, 'workingset_refault_anon': 5568} events={'low': 0, 'high': 0, 'max': 41, 'oom': 0, 'oom_kill': 0, 'oom_group_kill': 0}
[container_monitor] pf-test-1: current=869.4MiB swap=95.4MiB max=981.0MiB cpu.usage_usec=3347059 method=swap_current_delta_fallback detail={'delta_swap_current': 0, 'swap_saturated': False, 'workingset_refault_anon': 5568} events={'low': 0, 'high': 0, 'max': 41, 'oom': 0, 'oom_kill': 0, 'oom_group_kill': 0}
[container_monitor] pf-test-1: current=871.2MiB swap=95.4MiB max=981.0MiB cpu.usage_usec=3351798 method=swap_current_delta_fallback detail={'delta_swap_current': 0, 'swap_saturated': False, 'workingset_refault_anon': 5568} events={'low': 0, 'high': 0, 'max': 41, 'oom': 0, 'oom_kill': 0, 'oom_group_kill': 0}
[container_monitor] pf-test-1: current=869.9MiB swap=99.6MiB max=981.0MiB cpu.usage_usec=3356243 method=swap_current_delta_fallback detail={'delta_swap_current': 4415488, 'swap_saturated': False, 'workingset_refault_anon': 5568} events={'low': 0, 'high': 0, 'max': 41, 'oom': 0, 'oom_kill': 0, 'oom_group_kill': 0}
[container_monitor] pf-test-1: current=870.9MiB swap=99.6MiB max=981.0MiB cpu.usage_usec=3361664 method=swap_current_delta_fallback detail={'delta_swap_current': 0, 'swap_saturated': False, 'workingset_refault_anon': 5568} events={'low': 0, 'high': 0, 'max': 41, 'oom': 0, 'oom_kill': 0, 'oom_group_kill': 0}
[container_monitor] pf-test-1: current=872.7MiB swap=99.6MiB max=981.0MiB cpu.usage_usec=3366907 method=swap_current_delta_fallback detail={'delta_swap_current': 0, 'swap_saturated': False, 'workingset_refault_anon': 5568} events={'low': 0, 'high': 0, 'max': 41, 'oom': 0, 'oom_kill': 0, 'oom_group_kill': 0}
[container_monitor] pf-test-1: current=867.4MiB swap=106.5MiB max=981.0MiB cpu.usage_usec=3371386 method=swap_current_delta_fallback detail={'delta_swap_current': 7262208, 'swap_saturated': False, 'workingset_refault_anon': 5568} events={'low': 0, 'high': 0, 'max': 41, 'oom': 0, 'oom_kill': 0, 'oom_group_kill': 0}
[container_monitor] pf-test-1: current=870.5MiB swap=106.5MiB max=981.0MiB cpu.usage_usec=3376714 method=swap_current_delta_fallback detail={'delta_swap_current': 0, 'swap_saturated': False, 'workingset_refault_anon': 5568} events={'low': 0, 'high': 0, 'max': 41, 'oom': 0, 'oom_kill': 0, 'oom_group_kill': 0}
[container_monitor] pf-test-1: current=872.0MiB swap=106.5MiB max=981.0MiB cpu.usage_usec=3381229 method=swap_current_delta_fallback detail={'delta_swap_current': 0, 'swap_saturated': False, 'workingset_refault_anon': 5568} events={'low': 0, 'high': 0, 'max': 41, 'oom': 0, 'oom_kill': 0, 'oom_group_kill': 0}
[container_monitor] pf-test-1: current=873.4MiB swap=106.5MiB max=981.0MiB cpu.usage_usec=3386566 method=swap_current_delta_fallback detail={'delta_swap_current': 0, 'swap_saturated': False, 'workingset_refault_anon': 5568} events={'low': 0, 'high': 0, 'max': 41, 'oom': 0, 'oom_kill': 0, 'oom_group_kill': 0}
[container_monitor] pf-test-1: current=874.8MiB swap=106.5MiB max=981.0MiB cpu.usage_usec=3391573 method=swap_current_delta_fallback detail={'delta_swap_current': 0, 'swap_saturated': False, 'workingset_refault_anon': 5568} events={'low': 0, 'high': 0, 'max': 41, 'oom': 0, 'oom_kill': 0, 'oom_group_kill': 0}
[container_monitor] pf-test-1: current=870.2MiB swap=113.4MiB max=981.0MiB cpu.usage_usec=3396610 method=swap_current_delta_fallback detail={'delta_swap_current': 7192576, 'swap_saturated': False, 'workingset_refault_anon': 5568} events={'low': 0, 'high': 0, 'max': 41, 'oom': 0, 'oom_kill': 0, 'oom_group_kill': 0}
[container_monitor] pf-test-1: OCM 감지 (method=swap_current_delta_fallback, detail={'delta_swap_current': 7192576, 'swap_saturated': False, 'workingset_refault_anon': 5568})
[puff_manager] pf-test-1: puff 적용 981MiB -> 1157MiB
[container_monitor] pf-test-1: puff 완료, 새 메모리 한도 1157MiB
[container_monitor] pf-test-1: 이미 suspend 상태, 재적용 생략
[container_monitor] pf-test-1: current=872.4MiB swap=120.0MiB max=1157.0MiB cpu.usage_usec=3404163 method=swap_current_delta_fallback detail={'delta_swap_current': 6955008, 'swap_saturated': False, 'workingset_refault_anon': 5568} events={'low': 0, 'high': 0, 'max': 41, 'oom': 0, 'oom_kill': 0, 'oom_group_kill': 0}
[container_monitor] pf-test-1: current=874.7MiB swap=120.0MiB max=1157.0MiB cpu.usage_usec=3409936 method=swap_current_delta_fallback detail={'delta_swap_current': 0, 'swap_saturated': False, 'workingset_refault_anon': 5568} events={'low': 0, 'high': 0, 'max': 41, 'oom': 0, 'oom_kill': 0, 'oom_group_kill': 0}
[container_monitor] pf-test-1: current=876.0MiB swap=120.0MiB max=1157.0MiB cpu.usage_usec=3414158 method=swap_current_delta_fallback detail={'delta_swap_current': 0, 'swap_saturated': False, 'workingset_refault_anon': 5568} events={'low': 0, 'high': 0, 'max': 41, 'oom': 0, 'oom_kill': 0, 'oom_group_kill': 0}
[container_monitor] pf-test-1: current=877.5MiB swap=120.0MiB max=1157.0MiB cpu.usage_usec=3419314 method=swap_current_delta_fallback detail={'delta_swap_current': 0, 'swap_saturated': False, 'workingset_refault_anon': 5568} events={'low': 0, 'high': 0, 'max': 41, 'oom': 0, 'oom_kill': 0, 'oom_group_kill': 0}
[container_monitor] pf-test-1: current=879.0MiB swap=120.0MiB max=1157.0MiB cpu.usage_usec=3424755 method=swap_current_delta_fallback detail={'delta_swap_current': 0, 'swap_saturated': False, 'workingset_refault_anon': 5568} events={'low': 0, 'high': 0, 'max': 41, 'oom': 0, 'oom_kill': 0, 'oom_group_kill': 0}
[container_monitor] pf-test-1: current=879.2MiB swap=120.0MiB max=1157.0MiB cpu.usage_usec=3429617 method=swap_current_delta_fallback detail={'delta_swap_current': 0, 'swap_saturated': False, 'workingset_refault_anon': 5568} events={'low': 0, 'high': 0, 'max': 41, 'oom': 0, 'oom_kill': 0, 'oom_group_kill': 0}
[container_monitor] pf-test-1: current=879.2MiB swap=120.0MiB max=1157.0MiB cpu.usage_usec=3434300 method=swap_current_delta_fallback detail={'delta_swap_current': 0, 'swap_saturated': False, 'workingset_refault_anon': 5568} events={'low': 0, 'high': 0, 'max': 41, 'oom': 0, 'oom_kill': 0, 'oom_group_kill': 0}
[container_monitor] pf-test-1: current=873.2MiB swap=127.6MiB max=1157.0MiB cpu.usage_usec=3439638 method=swap_current_delta_fallback detail={'delta_swap_current': 8003584, 'swap_saturated': True, 'workingset_refault_anon': 5568} events={'low': 0, 'high': 0, 'max': 41, 'oom': 0, 'oom_kill': 0, 'oom_group_kill': 0}
[container_monitor] pf-test-1: current=873.8MiB swap=127.6MiB max=1157.0MiB cpu.usage_usec=3444298 method=swap_current_delta_fallback detail={'delta_swap_current': 0, 'swap_saturated': True, 'workingset_refault_anon': 5568} events={'low': 0, 'high': 0, 'max': 41, 'oom': 0, 'oom_kill': 0, 'oom_group_kill': 0}
[container_monitor] pf-test-1: current=874.8MiB swap=127.6MiB max=1157.0MiB cpu.usage_usec=3449150 method=swap_current_delta_fallback detail={'delta_swap_current': 0, 'swap_saturated': True, 'workingset_refault_anon': 5568} events={'low': 0, 'high': 0, 'max': 41, 'oom': 0, 'oom_kill': 0, 'oom_group_kill': 0}
[container_monitor] pf-test-1: current=875.5MiB swap=127.6MiB max=1157.0MiB cpu.usage_usec=3454225 method=swap_current_delta_fallback detail={'delta_swap_current': 0, 'swap_saturated': True, 'workingset_refault_anon': 5568} events={'low': 0, 'high': 0, 'max': 41, 'oom': 0, 'oom_kill': 0, 'oom_group_kill': 0}
[container_monitor] pf-test-1: current=876.1MiB swap=127.6MiB max=1157.0MiB cpu.usage_usec=3459485 method=swap_current_delta_fallback detail={'delta_swap_current': 0, 'swap_saturated': True, 'workingset_refault_anon': 5576} events={'low': 0, 'high': 0, 'max': 41, 'oom': 0, 'oom_kill': 0, 'oom_group_kill': 0}
[container_monitor] pf-test-1: current=874.6MiB swap=127.0MiB max=1157.0MiB cpu.usage_usec=3464083 method=swap_current_delta_fallback detail={'delta_swap_current': -655360, 'swap_saturated': True, 'workingset_refault_anon': 5606} events={'low': 0, 'high': 0, 'max': 41, 'oom': 0, 'oom_kill': 0, 'oom_group_kill': 0}
[container_monitor] pf-test-1: current=874.2MiB swap=127.2MiB max=1157.0MiB cpu.usage_usec=3469083 method=swap_current_delta_fallback detail={'delta_swap_current': 147456, 'swap_saturated': True, 'workingset_refault_anon': 5606} events={'low': 0, 'high': 0, 'max': 41, 'oom': 0, 'oom_kill': 0, 'oom_group_kill': 0}
[container_monitor] pf-test-1: current=876.4MiB swap=124.9MiB max=1157.0MiB cpu.usage_usec=3474121 method=swap_current_delta_fallback detail={'delta_swap_current': -2359296, 'swap_saturated': True, 'workingset_refault_anon': 5606} events={'low': 0, 'high': 0, 'max': 41, 'oom': 0, 'oom_kill': 0, 'oom_group_kill': 0}
[container_monitor] pf-test-1: current=878.8MiB swap=125.3MiB max=1157.0MiB cpu.usage_usec=3479418 method=swap_current_delta_fallback detail={'delta_swap_current': 434176, 'swap_saturated': True, 'workingset_refault_anon': 5628} events={'low': 0, 'high': 0, 'max': 41, 'oom': 0, 'oom_kill': 0, 'oom_group_kill': 0}
[container_monitor] pf-test-1: current=881.4MiB swap=122.7MiB max=1157.0MiB cpu.usage_usec=3484119 method=swap_current_delta_fallback detail={'delta_swap_current': -2785280, 'swap_saturated': True, 'workingset_refault_anon': 5628} events={'low': 0, 'high': 0, 'max': 41, 'oom': 0, 'oom_kill': 0, 'oom_group_kill': 0}
[container_monitor] pf-test-1: current=875.6MiB swap=126.2MiB max=1157.0MiB cpu.usage_usec=3489099 method=swap_current_delta_fallback detail={'delta_swap_current': 3686400, 'swap_saturated': True, 'workingset_refault_anon': 5628} events={'low': 0, 'high': 0, 'max': 41, 'oom': 0, 'oom_kill': 0, 'oom_group_kill': 0}
[container_monitor] pf-test-1: current=874.1MiB swap=126.5MiB max=1157.0MiB cpu.usage_usec=3494125 method=swap_current_delta_fallback detail={'delta_swap_current': 352256, 'swap_saturated': True, 'workingset_refault_anon': 5740} events={'low': 0, 'high': 0, 'max': 41, 'oom': 0, 'oom_kill': 0, 'oom_group_kill': 0}
[container_monitor] pf-test-1: current=875.5MiB swap=125.2MiB max=1157.0MiB cpu.usage_usec=3499109 method=swap_current_delta_fallback detail={'delta_swap_current': -1425408, 'swap_saturated': True, 'workingset_refault_anon': 5884} events={'low': 0, 'high': 0, 'max': 41, 'oom': 0, 'oom_kill': 0, 'oom_group_kill': 0}
[container_monitor] pf-test-1: current=877.0MiB swap=123.7MiB max=1157.0MiB cpu.usage_usec=3504074 method=swap_current_delta_fallback detail={'delta_swap_current': -1572864, 'swap_saturated': True, 'workingset_refault_anon': 5884} events={'low': 0, 'high': 0, 'max': 41, 'oom': 0, 'oom_kill': 0, 'oom_group_kill': 0}
[container_monitor] pf-test-1: current=879.2MiB swap=121.5MiB max=1157.0MiB cpu.usage_usec=3509088 method=swap_current_delta_fallback detail={'delta_swap_current': -2293760, 'swap_saturated': False, 'workingset_refault_anon': 5884} events={'low': 0, 'high': 0, 'max': 41, 'oom': 0, 'oom_kill': 0, 'oom_group_kill': 0}
[container_monitor] pf-test-1: current=881.3MiB swap=119.4MiB max=1157.0MiB cpu.usage_usec=3514117 method=swap_current_delta_fallback detail={'delta_swap_current': -2191360, 'swap_saturated': False, 'workingset_refault_anon': 5884} events={'low': 0, 'high': 0, 'max': 41, 'oom': 0, 'oom_kill': 0, 'oom_group_kill': 0}
[container_monitor] pf-test-1: current=882.5MiB swap=118.2MiB max=1157.0MiB cpu.usage_usec=3519086 method=swap_current_delta_fallback detail={'delta_swap_current': -1273856, 'swap_saturated': False, 'workingset_refault_anon': 5884} events={'low': 0, 'high': 0, 'max': 41, 'oom': 0, 'oom_kill': 0, 'oom_group_kill': 0}
[container_monitor] pf-test-1: current=883.8MiB swap=116.9MiB max=1157.0MiB cpu.usage_usec=3524164 method=swap_current_delta_fallback detail={'delta_swap_current': -1335296, 'swap_saturated': False, 'workingset_refault_anon': 5944} events={'low': 0, 'high': 0, 'max': 41, 'oom': 0, 'oom_kill': 0, 'oom_group_kill': 0}
[container_monitor] pf-test-1: current=885.6MiB swap=115.1MiB max=1157.0MiB cpu.usage_usec=3529101 method=swap_current_delta_fallback detail={'delta_swap_current': -1916928, 'swap_saturated': False, 'workingset_refault_anon': 5944} events={'low': 0, 'high': 0, 'max': 41, 'oom': 0, 'oom_kill': 0, 'oom_group_kill': 0}
[container_monitor] pf-test-1: current=886.6MiB swap=114.0MiB max=1157.0MiB cpu.usage_usec=3534255 method=swap_current_delta_fallback detail={'delta_swap_current': -1163264, 'swap_saturated': False, 'workingset_refault_anon': 5944} events={'low': 0, 'high': 0, 'max': 41, 'oom': 0, 'oom_kill': 0, 'oom_group_kill': 0}
[container_monitor] pf-test-1: current=887.4MiB swap=113.2MiB max=1157.0MiB cpu.usage_usec=3539129 method=swap_current_delta_fallback detail={'delta_swap_current': -765952, 'swap_saturated': False, 'workingset_refault_anon': 5944} events={'low': 0, 'high': 0, 'max': 41, 'oom': 0, 'oom_kill': 0, 'oom_group_kill': 0}
[container_monitor] pf-test-1: current=888.3MiB swap=112.3MiB max=1157.0MiB cpu.usage_usec=3544128 method=swap_current_delta_fallback detail={'delta_swap_current': -1015808, 'swap_saturated': False, 'workingset_refault_anon': 5944} events={'low': 0, 'high': 0, 'max': 41, 'oom': 0, 'oom_kill': 0, 'oom_group_kill': 0}
[container_monitor] pf-test-1: current=891.0MiB swap=109.5MiB max=1157.0MiB cpu.usage_usec=3549094 method=swap_current_delta_fallback detail={'delta_swap_current': -2879488, 'swap_saturated': False, 'workingset_refault_anon': 5954} events={'low': 0, 'high': 0, 'max': 41, 'oom': 0, 'oom_kill': 0, 'oom_group_kill': 0}
[container_monitor] pf-test-1: current=893.2MiB swap=107.3MiB max=1157.0MiB cpu.usage_usec=3554098 method=swap_current_delta_fallback detail={'delta_swap_current': -2342912, 'swap_saturated': False, 'workingset_refault_anon': 5970} events={'low': 0, 'high': 0, 'max': 41, 'oom': 0, 'oom_kill': 0, 'oom_group_kill': 0}
[container_monitor] pf-test-1: current=895.8MiB swap=104.7MiB max=1157.0MiB cpu.usage_usec=3559085 method=swap_current_delta_fallback detail={'delta_swap_current': -2707456, 'swap_saturated': False, 'workingset_refault_anon': 5970} events={'low': 0, 'high': 0, 'max': 41, 'oom': 0, 'oom_kill': 0, 'oom_group_kill': 0}
[container_monitor] pf-test-1: current=898.4MiB swap=102.2MiB max=1157.0MiB cpu.usage_usec=3564092 method=swap_current_delta_fallback detail={'delta_swap_current': -2641920, 'swap_saturated': False, 'workingset_refault_anon': 5970} events={'low': 0, 'high': 0, 'max': 41, 'oom': 0, 'oom_kill': 0, 'oom_group_kill': 0}
[container_monitor] pf-test-1: current=900.1MiB swap=100.3MiB max=1157.0MiB cpu.usage_usec=3569203 method=swap_current_delta_fallback detail={'delta_swap_current': -1949696, 'swap_saturated': False, 'workingset_refault_anon': 5970} events={'low': 0, 'high': 0, 'max': 41, 'oom': 0, 'oom_kill': 0, 'oom_group_kill': 0}
[container_monitor] pf-test-1: current=902.7MiB swap=97.8MiB max=1157.0MiB cpu.usage_usec=3574097 method=swap_current_delta_fallback detail={'delta_swap_current': -2641920, 'swap_saturated': False, 'workingset_refault_anon': 5970} events={'low': 0, 'high': 0, 'max': 41, 'oom': 0, 'oom_kill': 0, 'oom_group_kill': 0}
[container_monitor] pf-test-1: current=905.2MiB swap=95.2MiB max=1157.0MiB cpu.usage_usec=3579104 method=swap_current_delta_fallback detail={'delta_swap_current': -2691072, 'swap_saturated': False, 'workingset_refault_anon': 5970} events={'low': 0, 'high': 0, 'max': 41, 'oom': 0, 'oom_kill': 0, 'oom_group_kill': 0}
[container_monitor] pf-test-1: current=908.8MiB swap=91.7MiB max=1157.0MiB cpu.usage_usec=3584078 method=swap_current_delta_fallback detail={'delta_swap_current': -3649536, 'swap_saturated': False, 'workingset_refault_anon': 6013} events={'low': 0, 'high': 0, 'max': 41, 'oom': 0, 'oom_kill': 0, 'oom_group_kill': 0}
[container_monitor] pf-test-1: current=913.5MiB swap=87.1MiB max=1157.0MiB cpu.usage_usec=3589076 method=swap_current_delta_fallback detail={'delta_swap_current': -4915200, 'swap_saturated': False, 'workingset_refault_anon': 6013} events={'low': 0, 'high': 0, 'max': 41, 'oom': 0, 'oom_kill': 0, 'oom_group_kill': 0}
[container_monitor] pf-test-1: current=916.7MiB swap=83.8MiB max=1157.0MiB cpu.usage_usec=3594121 method=swap_current_delta_fallback detail={'delta_swap_current': -3379200, 'swap_saturated': False, 'workingset_refault_anon': 6013} events={'low': 0, 'high': 0, 'max': 41, 'oom': 0, 'oom_kill': 0, 'oom_group_kill': 0}
[container_monitor] pf-test-1: current=921.3MiB swap=79.3MiB max=1157.0MiB cpu.usage_usec=3599082 method=swap_current_delta_fallback detail={'delta_swap_current': -4734976, 'swap_saturated': False, 'workingset_refault_anon': 6013} events={'low': 0, 'high': 0, 'max': 41, 'oom': 0, 'oom_kill': 0, 'oom_group_kill': 0}
[container_monitor] pf-test-1: current=923.1MiB swap=77.3MiB max=1157.0MiB cpu.usage_usec=3604158 method=swap_current_delta_fallback detail={'delta_swap_current': -2080768, 'swap_saturated': False, 'workingset_refault_anon': 6114} events={'low': 0, 'high': 0, 'max': 41, 'oom': 0, 'oom_kill': 0, 'oom_group_kill': 0}
[container_monitor] pf-test-1: current=925.1MiB swap=75.3MiB max=1157.0MiB cpu.usage_usec=3609283 method=swap_current_delta_fallback detail={'delta_swap_current': -2183168, 'swap_saturated': False, 'workingset_refault_anon': 6114} events={'low': 0, 'high': 0, 'max': 41, 'oom': 0, 'oom_kill': 0, 'oom_group_kill': 0}
[container_monitor] pf-test-1: current=928.7MiB swap=71.8MiB max=1157.0MiB cpu.usage_usec=3614089 method=swap_current_delta_fallback detail={'delta_swap_current': -3674112, 'swap_saturated': False, 'workingset_refault_anon': 6114} events={'low': 0, 'high': 0, 'max': 41, 'oom': 0, 'oom_kill': 0, 'oom_group_kill': 0}
[container_monitor] pf-test-1: current=930.0MiB swap=70.4MiB max=1157.0MiB cpu.usage_usec=3619144 method=swap_current_delta_fallback detail={'delta_swap_current': -1376256, 'swap_saturated': False, 'workingset_refault_anon': 6114} events={'low': 0, 'high': 0, 'max': 41, 'oom': 0, 'oom_kill': 0, 'oom_group_kill': 0}
[container_monitor] pf-test-1: current=931.3MiB swap=69.3MiB max=1157.0MiB cpu.usage_usec=3624152 method=swap_current_delta_fallback detail={'delta_swap_current': -1241088, 'swap_saturated': False, 'workingset_refault_anon': 6114} events={'low': 0, 'high': 0, 'max': 41, 'oom': 0, 'oom_kill': 0, 'oom_group_kill': 0}
[container_monitor] pf-test-1: current=932.2MiB swap=68.2MiB max=1157.0MiB cpu.usage_usec=3629144 method=swap_current_delta_fallback detail={'delta_swap_current': -1093632, 'swap_saturated': False, 'workingset_refault_anon': 6114} events={'low': 0, 'high': 0, 'max': 41, 'oom': 0, 'oom_kill': 0, 'oom_group_kill': 0}
[container_monitor] pf-test-1: current=933.6MiB swap=66.8MiB max=1157.0MiB cpu.usage_usec=3634078 method=swap_current_delta_fallback detail={'delta_swap_current': -1470464, 'swap_saturated': False, 'workingset_refault_anon': 6114} events={'low': 0, 'high': 0, 'max': 41, 'oom': 0, 'oom_kill': 0, 'oom_group_kill': 0}
[container_monitor] pf-test-1: current=934.7MiB swap=65.8MiB max=1157.0MiB cpu.usage_usec=3639098 method=swap_current_delta_fallback detail={'delta_swap_current': -1044480, 'swap_saturated': False, 'workingset_refault_anon': 6114} events={'low': 0, 'high': 0, 'max': 41, 'oom': 0, 'oom_kill': 0, 'oom_group_kill': 0}
[container_monitor] pf-test-1: current=935.6MiB swap=64.8MiB max=1157.0MiB cpu.usage_usec=3644090 method=swap_current_delta_fallback detail={'delta_swap_current': -1052672, 'swap_saturated': False, 'workingset_refault_anon': 6114} events={'low': 0, 'high': 0, 'max': 41, 'oom': 0, 'oom_kill': 0, 'oom_group_kill': 0}
[container_monitor] pf-test-1: current=936.6MiB swap=64.0MiB max=1157.0MiB cpu.usage_usec=3649196 method=swap_current_delta_fallback detail={'delta_swap_current': -880640, 'swap_saturated': False, 'workingset_refault_anon': 6114} events={'low': 0, 'high': 0, 'max': 41, 'oom': 0, 'oom_kill': 0, 'oom_group_kill': 0}
[container_monitor] pf-test-1: current=937.8MiB swap=64.0MiB max=1157.0MiB cpu.usage_usec=3654219 method=swap_current_delta_fallback detail={'delta_swap_current': 0, 'swap_saturated': False, 'workingset_refault_anon': 6114} events={'low': 0, 'high': 0, 'max': 41, 'oom': 0, 'oom_kill': 0, 'oom_group_kill': 0}
[container_monitor] pf-test-1: current=938.8MiB swap=64.0MiB max=1157.0MiB cpu.usage_usec=3659138 method=swap_current_delta_fallback detail={'delta_swap_current': 0, 'swap_saturated': False, 'workingset_refault_anon': 6114} events={'low': 0, 'high': 0, 'max': 41, 'oom': 0, 'oom_kill': 0, 'oom_group_kill': 0}
[container_monitor] pf-test-1: current=939.9MiB swap=64.0MiB max=1157.0MiB cpu.usage_usec=3664157 method=swap_current_delta_fallback detail={'delta_swap_current': 0, 'swap_saturated': False, 'workingset_refault_anon': 6114} events={'low': 0, 'high': 0, 'max': 41, 'oom': 0, 'oom_kill': 0, 'oom_group_kill': 0}
[container_monitor] pf-test-1: current=940.8MiB swap=64.0MiB max=1157.0MiB cpu.usage_usec=3669164 method=swap_current_delta_fallback detail={'delta_swap_current': 0, 'swap_saturated': False, 'workingset_refault_anon': 6132} events={'low': 0, 'high': 0, 'max': 41, 'oom': 0, 'oom_kill': 0, 'oom_group_kill': 0}
[container_monitor] pf-test-1: current=943.0MiB swap=64.0MiB max=1157.0MiB cpu.usage_usec=3674111 method=swap_current_delta_fallback detail={'delta_swap_current': 0, 'swap_saturated': False, 'workingset_refault_anon': 6132} events={'low': 0, 'high': 0, 'max': 41, 'oom': 0, 'oom_kill': 0, 'oom_group_kill': 0}
[container_monitor] pf-test-1: current=944.8MiB swap=64.0MiB max=1157.0MiB cpu.usage_usec=3679121 method=swap_current_delta_fallback detail={'delta_swap_current': 0, 'swap_saturated': False, 'workingset_refault_anon': 6132} events={'low': 0, 'high': 0, 'max': 41, 'oom': 0, 'oom_kill': 0, 'oom_group_kill': 0}
[container_monitor] pf-test-1: current=946.2MiB swap=64.0MiB max=1157.0MiB cpu.usage_usec=3684078 method=swap_current_delta_fallback detail={'delta_swap_current': 0, 'swap_saturated': False, 'workingset_refault_anon': 6132} events={'low': 0, 'high': 0, 'max': 41, 'oom': 0, 'oom_kill': 0, 'oom_group_kill': 0}
[container_monitor] pf-test-1: current=947.3MiB swap=64.0MiB max=1157.0MiB cpu.usage_usec=3689179 method=swap_current_delta_fallback detail={'delta_swap_current': 0, 'swap_saturated': False, 'workingset_refault_anon': 6132} events={'low': 0, 'high': 0, 'max': 41, 'oom': 0, 'oom_kill': 0, 'oom_group_kill': 0}
[container_monitor] pf-test-1: current=945.9MiB swap=65.8MiB max=1157.0MiB cpu.usage_usec=3694082 method=swap_current_delta_fallback detail={'delta_swap_current': 1912832, 'swap_saturated': False, 'workingset_refault_anon': 6132} events={'low': 0, 'high': 0, 'max': 41, 'oom': 0, 'oom_kill': 0, 'oom_group_kill': 0}
[container_monitor] pf-test-1: current=945.1MiB swap=63.9MiB max=1157.0MiB cpu.usage_usec=3699083 method=swap_current_delta_fallback detail={'delta_swap_current': -1974272, 'swap_saturated': False, 'workingset_refault_anon': 6132} events={'low': 0, 'high': 0, 'max': 41, 'oom': 0, 'oom_kill': 0, 'oom_group_kill': 0}
[container_monitor] pf-test-1: current=946.3MiB swap=63.9MiB max=1157.0MiB cpu.usage_usec=3704074 method=swap_current_delta_fallback detail={'delta_swap_current': 0, 'swap_saturated': False, 'workingset_refault_anon': 6132} events={'low': 0, 'high': 0, 'max': 41, 'oom': 0, 'oom_kill': 0, 'oom_group_kill': 0}
[container_monitor] pf-test-1: current=946.3MiB swap=63.9MiB max=1157.0MiB cpu.usage_usec=3709223 method=swap_current_delta_fallback detail={'delta_swap_current': 0, 'swap_saturated': False, 'workingset_refault_anon': 6132} events={'low': 0, 'high': 0, 'max': 41, 'oom': 0, 'oom_kill': 0, 'oom_group_kill': 0}
[container_monitor] pf-test-1: current=946.3MiB swap=63.9MiB max=1157.0MiB cpu.usage_usec=3714104 method=swap_current_delta_fallback detail={'delta_swap_current': 0, 'swap_saturated': False, 'workingset_refault_anon': 6132} events={'low': 0, 'high': 0, 'max': 41, 'oom': 0, 'oom_kill': 0, 'oom_group_kill': 0}
[container_monitor] pf-test-1: current=947.4MiB swap=63.9MiB max=1157.0MiB cpu.usage_usec=3719087 method=swap_current_delta_fallback detail={'delta_swap_current': 0, 'swap_saturated': False, 'workingset_refault_anon': 6132} events={'low': 0, 'high': 0, 'max': 41, 'oom': 0, 'oom_kill': 0, 'oom_group_kill': 0}
[container_monitor] pf-test-1: current=948.4MiB swap=63.9MiB max=1157.0MiB cpu.usage_usec=3724512 method=swap_current_delta_fallback detail={'delta_swap_current': 0, 'swap_saturated': False, 'workingset_refault_anon': 6132} events={'low': 0, 'high': 0, 'max': 41, 'oom': 0, 'oom_kill': 0, 'oom_group_kill': 0}
[container_monitor] pf-test-1: current=948.4MiB swap=63.9MiB max=1157.0MiB cpu.usage_usec=3730050 method=swap_current_delta_fallback detail={'delta_swap_current': 0, 'swap_saturated': False, 'workingset_refault_anon': 6132} events={'low': 0, 'high': 0, 'max': 41, 'oom': 0, 'oom_kill': 0, 'oom_group_kill': 0}
[container_monitor] pf-test-1: current=949.3MiB swap=63.9MiB max=1157.0MiB cpu.usage_usec=3734099 method=swap_current_delta_fallback detail={'delta_swap_current': 0, 'swap_saturated': False, 'workingset_refault_anon': 6132} events={'low': 0, 'high': 0, 'max': 41, 'oom': 0, 'oom_kill': 0, 'oom_group_kill': 0}
[container_monitor] pf-test-1: current=951.0MiB swap=63.9MiB max=1157.0MiB cpu.usage_usec=3739131 method=swap_current_delta_fallback detail={'delta_swap_current': 0, 'swap_saturated': False, 'workingset_refault_anon': 6132} events={'low': 0, 'high': 0, 'max': 41, 'oom': 0, 'oom_kill': 0, 'oom_group_kill': 0}
[container_monitor] pf-test-1: current=951.2MiB swap=63.9MiB max=1157.0MiB cpu.usage_usec=3744176 method=swap_current_delta_fallback detail={'delta_swap_current': 0, 'swap_saturated': False, 'workingset_refault_anon': 6132} events={'low': 0, 'high': 0, 'max': 41, 'oom': 0, 'oom_kill': 0, 'oom_group_kill': 0}
[container_monitor] pf-test-1: current=951.2MiB swap=63.9MiB max=1157.0MiB cpu.usage_usec=3749972 method=swap_current_delta_fallback detail={'delta_swap_current': 0, 'swap_saturated': False, 'workingset_refault_anon': 6132} events={'low': 0, 'high': 0, 'max': 41, 'oom': 0, 'oom_kill': 0, 'oom_group_kill': 0}
[container_monitor] pf-test-1: current=951.3MiB swap=63.9MiB max=1157.0MiB cpu.usage_usec=3755124 method=swap_current_delta_fallback detail={'delta_swap_current': 0, 'swap_saturated': False, 'workingset_refault_anon': 6132} events={'low': 0, 'high': 0, 'max': 41, 'oom': 0, 'oom_kill': 0, 'oom_group_kill': 0}
[container_monitor] pf-test-1: current=950.9MiB swap=65.9MiB max=1157.0MiB cpu.usage_usec=3759776 method=swap_current_delta_fallback detail={'delta_swap_current': 2048000, 'swap_saturated': False, 'workingset_refault_anon': 6132} events={'low': 0, 'high': 0, 'max': 41, 'oom': 0, 'oom_kill': 0, 'oom_group_kill': 0}
[container_monitor] pf-test-1: current=952.2MiB swap=64.7MiB max=1157.0MiB cpu.usage_usec=3765187 method=swap_current_delta_fallback detail={'delta_swap_current': -1241088, 'swap_saturated': False, 'workingset_refault_anon': 6132} events={'low': 0, 'high': 0, 'max': 41, 'oom': 0, 'oom_kill': 0, 'oom_group_kill': 0}
[container_monitor] pf-test-1: current=953.6MiB swap=63.9MiB max=1157.0MiB cpu.usage_usec=3770164 method=swap_current_delta_fallback detail={'delta_swap_current': -856064, 'swap_saturated': False, 'workingset_refault_anon': 6132} events={'low': 0, 'high': 0, 'max': 41, 'oom': 0, 'oom_kill': 0, 'oom_group_kill': 0}
[container_monitor] pf-test-1: current=954.8MiB swap=63.9MiB max=1157.0MiB cpu.usage_usec=3775075 method=swap_current_delta_fallback detail={'delta_swap_current': 0, 'swap_saturated': False, 'workingset_refault_anon': 6132} events={'low': 0, 'high': 0, 'max': 41, 'oom': 0, 'oom_kill': 0, 'oom_group_kill': 0}
[container_monitor] pf-test-1: current=948.9MiB swap=70.3MiB max=1157.0MiB cpu.usage_usec=3780082 method=swap_current_delta_fallback detail={'delta_swap_current': 6742016, 'swap_saturated': False, 'workingset_refault_anon': 6132} events={'low': 0, 'high': 0, 'max': 41, 'oom': 0, 'oom_kill': 0, 'oom_group_kill': 0}
[container_monitor] pf-test-1: current=950.5MiB swap=68.6MiB max=1157.0MiB cpu.usage_usec=3785106 method=swap_current_delta_fallback detail={'delta_swap_current': -1777664, 'swap_saturated': False, 'workingset_refault_anon': 6132} events={'low': 0, 'high': 0, 'max': 41, 'oom': 0, 'oom_kill': 0, 'oom_group_kill': 0}
[container_monitor] pf-test-1: current=950.6MiB swap=68.4MiB max=1157.0MiB cpu.usage_usec=3790308 method=swap_current_delta_fallback detail={'delta_swap_current': -192512, 'swap_saturated': False, 'workingset_refault_anon': 6132} events={'low': 0, 'high': 0, 'max': 41, 'oom': 0, 'oom_kill': 0, 'oom_group_kill': 0}
[container_monitor] pf-test-1: current=950.6MiB swap=68.4MiB max=1157.0MiB cpu.usage_usec=3795791 method=swap_current_delta_fallback detail={'delta_swap_current': 0, 'swap_saturated': False, 'workingset_refault_anon': 6132} events={'low': 0, 'high': 0, 'max': 41, 'oom': 0, 'oom_kill': 0, 'oom_group_kill': 0}
[container_monitor] pf-test-1: current=945.4MiB swap=73.7MiB max=1157.0MiB cpu.usage_usec=3800405 method=swap_current_delta_fallback detail={'delta_swap_current': 5517312, 'swap_saturated': False, 'workingset_refault_anon': 6132} events={'low': 0, 'high': 0, 'max': 41, 'oom': 0, 'oom_kill': 0, 'oom_group_kill': 0}
[container_monitor] pf-test-1: current=945.4MiB swap=73.7MiB max=1157.0MiB cpu.usage_usec=3806023 method=swap_current_delta_fallback detail={'delta_swap_current': 0, 'swap_saturated': False, 'workingset_refault_anon': 6132} events={'low': 0, 'high': 0, 'max': 41, 'oom': 0, 'oom_kill': 0, 'oom_group_kill': 0}
[container_monitor] pf-test-1: current=945.4MiB swap=73.7MiB max=1157.0MiB cpu.usage_usec=3810461 method=swap_current_delta_fallback detail={'delta_swap_current': 0, 'swap_saturated': False, 'workingset_refault_anon': 6132} events={'low': 0, 'high': 0, 'max': 41, 'oom': 0, 'oom_kill': 0, 'oom_group_kill': 0}
[container_monitor] pf-test-1: current=945.4MiB swap=73.7MiB max=1157.0MiB cpu.usage_usec=3815315 method=swap_current_delta_fallback detail={'delta_swap_current': 0, 'swap_saturated': False, 'workingset_refault_anon': 6132} events={'low': 0, 'high': 0, 'max': 41, 'oom': 0, 'oom_kill': 0, 'oom_group_kill': 0}
[container_monitor] pf-test-1: current=945.4MiB swap=73.7MiB max=1157.0MiB cpu.usage_usec=3821063 method=swap_current_delta_fallback detail={'delta_swap_current': 0, 'swap_saturated': False, 'workingset_refault_anon': 6132} events={'low': 0, 'high': 0, 'max': 41, 'oom': 0, 'oom_kill': 0, 'oom_group_kill': 0}
[container_monitor] pf-test-1: current=945.4MiB swap=73.7MiB max=1157.0MiB cpu.usage_usec=3825073 method=swap_current_delta_fallback detail={'delta_swap_current': 0, 'swap_saturated': False, 'workingset_refault_anon': 6132} events={'low': 0, 'high': 0, 'max': 41, 'oom': 0, 'oom_kill': 0, 'oom_group_kill': 0}
[container_monitor] pf-test-1: current=940.7MiB swap=77.6MiB max=1157.0MiB cpu.usage_usec=3830811 method=swap_current_delta_fallback detail={'delta_swap_current': 4165632, 'swap_saturated': False, 'workingset_refault_anon': 6132} events={'low': 0, 'high': 0, 'max': 41, 'oom': 0, 'oom_kill': 0, 'oom_group_kill': 0}
[container_monitor] pf-test-1: current=940.7MiB swap=77.6MiB max=1157.0MiB cpu.usage_usec=3835179 method=swap_current_delta_fallback detail={'delta_swap_current': 0, 'swap_saturated': False, 'workingset_refault_anon': 6132} events={'low': 0, 'high': 0, 'max': 41, 'oom': 0, 'oom_kill': 0, 'oom_group_kill': 0}
[container_monitor] pf-test-1: current=940.7MiB swap=77.6MiB max=1157.0MiB cpu.usage_usec=3840984 method=swap_current_delta_fallback detail={'delta_swap_current': 0, 'swap_saturated': False, 'workingset_refault_anon': 6132} events={'low': 0, 'high': 0, 'max': 41, 'oom': 0, 'oom_kill': 0, 'oom_group_kill': 0}
[container_monitor] pf-test-1: current=940.7MiB swap=77.6MiB max=1157.0MiB cpu.usage_usec=3845815 method=swap_current_delta_fallback detail={'delta_swap_current': 0, 'swap_saturated': False, 'workingset_refault_anon': 6132} events={'low': 0, 'high': 0, 'max': 41, 'oom': 0, 'oom_kill': 0, 'oom_group_kill': 0}
[container_monitor] pf-test-1: current=940.7MiB swap=77.6MiB max=1157.0MiB cpu.usage_usec=3850082 method=swap_current_delta_fallback detail={'delta_swap_current': 0, 'swap_saturated': False, 'workingset_refault_anon': 6132} events={'low': 0, 'high': 0, 'max': 41, 'oom': 0, 'oom_kill': 0, 'oom_group_kill': 0}
[container_monitor] pf-test-1: current=940.7MiB swap=77.6MiB max=1157.0MiB cpu.usage_usec=3855157 method=swap_current_delta_fallback detail={'delta_swap_current': 0, 'swap_saturated': False, 'workingset_refault_anon': 6132} events={'low': 0, 'high': 0, 'max': 41, 'oom': 0, 'oom_kill': 0, 'oom_group_kill': 0}
[container_monitor] pf-test-1: current=940.7MiB swap=77.6MiB max=1157.0MiB cpu.usage_usec=3860638 method=swap_current_delta_fallback detail={'delta_swap_current': 0, 'swap_saturated': False, 'workingset_refault_anon': 6132} events={'low': 0, 'high': 0, 'max': 41, 'oom': 0, 'oom_kill': 0, 'oom_group_kill': 0}
[container_monitor] pf-test-1: current=940.7MiB swap=77.6MiB max=1157.0MiB cpu.usage_usec=3865876 method=swap_current_delta_fallback detail={'delta_swap_current': 0, 'swap_saturated': False, 'workingset_refault_anon': 6132} events={'low': 0, 'high': 0, 'max': 41, 'oom': 0, 'oom_kill': 0, 'oom_group_kill': 0}
[container_monitor] pf-test-1: current=940.7MiB swap=77.6MiB max=1157.0MiB cpu.usage_usec=3870511 method=swap_current_delta_fallback detail={'delta_swap_current': 0, 'swap_saturated': False, 'workingset_refault_anon': 6132} events={'low': 0, 'high': 0, 'max': 41, 'oom': 0, 'oom_kill': 0, 'oom_group_kill': 0}
[container_monitor] pf-test-1: current=915.2MiB swap=104.6MiB max=1157.0MiB cpu.usage_usec=3875076 method=swap_current_delta_fallback detail={'delta_swap_current': 28262400, 'swap_saturated': False, 'workingset_refault_anon': 6132} events={'low': 0, 'high': 0, 'max': 41, 'oom': 0, 'oom_kill': 0, 'oom_group_kill': 0}
[container_monitor] pf-test-1: current=908.9MiB swap=111.0MiB max=1157.0MiB cpu.usage_usec=3880670 method=swap_current_delta_fallback detail={'delta_swap_current': 6696960, 'swap_saturated': False, 'workingset_refault_anon': 6132} events={'low': 0, 'high': 0, 'max': 41, 'oom': 0, 'oom_kill': 0, 'oom_group_kill': 0}
[container_monitor] pf-test-1: current=908.9MiB swap=111.0MiB max=1157.0MiB cpu.usage_usec=3885546 method=swap_current_delta_fallback detail={'delta_swap_current': 0, 'swap_saturated': False, 'workingset_refault_anon': 6132} events={'low': 0, 'high': 0, 'max': 41, 'oom': 0, 'oom_kill': 0, 'oom_group_kill': 0}
[container_monitor] pf-test-1: current=908.9MiB swap=111.0MiB max=1157.0MiB cpu.usage_usec=3890122 method=swap_current_delta_fallback detail={'delta_swap_current': 0, 'swap_saturated': False, 'workingset_refault_anon': 6132} events={'low': 0, 'high': 0, 'max': 41, 'oom': 0, 'oom_kill': 0, 'oom_group_kill': 0}
[container_monitor] pf-test-1: current=908.9MiB swap=111.0MiB max=1157.0MiB cpu.usage_usec=3895389 method=swap_current_delta_fallback detail={'delta_swap_current': 0, 'swap_saturated': False, 'workingset_refault_anon': 6132} events={'low': 0, 'high': 0, 'max': 41, 'oom': 0, 'oom_kill': 0, 'oom_group_kill': 0}
[container_monitor] pf-test-1: current=908.9MiB swap=111.0MiB max=1157.0MiB cpu.usage_usec=3900128 method=swap_current_delta_fallback detail={'delta_swap_current': 0, 'swap_saturated': False, 'workingset_refault_anon': 6132} events={'low': 0, 'high': 0, 'max': 41, 'oom': 0, 'oom_kill': 0, 'oom_group_kill': 0}
[container_monitor] pf-test-1: current=908.9MiB swap=111.0MiB max=1157.0MiB cpu.usage_usec=3905108 method=swap_current_delta_fallback detail={'delta_swap_current': 0, 'swap_saturated': False, 'workingset_refault_anon': 6132} events={'low': 0, 'high': 0, 'max': 41, 'oom': 0, 'oom_kill': 0, 'oom_group_kill': 0}
[container_monitor] pf-test-1: current=901.4MiB swap=118.2MiB max=1157.0MiB cpu.usage_usec=3910806 method=swap_current_delta_fallback detail={'delta_swap_current': 7532544, 'swap_saturated': False, 'workingset_refault_anon': 6132} events={'low': 0, 'high': 0, 'max': 41, 'oom': 0, 'oom_kill': 0, 'oom_group_kill': 0}
[container_monitor] pf-test-1: current=890.1MiB swap=128.0MiB max=1157.0MiB cpu.usage_usec=3915452 method=swap_current_delta_fallback detail={'delta_swap_current': 10305536, 'swap_saturated': True, 'workingset_refault_anon': 6132} events={'low': 0, 'high': 0, 'max': 41, 'oom': 0, 'oom_kill': 0, 'oom_group_kill': 0}
[container_monitor] pf-test-1: current=890.1MiB swap=128.0MiB max=1157.0MiB cpu.usage_usec=3920382 method=swap_current_delta_fallback detail={'delta_swap_current': 0, 'swap_saturated': True, 'workingset_refault_anon': 6132} events={'low': 0, 'high': 0, 'max': 41, 'oom': 0, 'oom_kill': 0, 'oom_group_kill': 0}
[container_monitor] pf-test-1: current=890.1MiB swap=128.0MiB max=1157.0MiB cpu.usage_usec=3926075 method=swap_current_delta_fallback detail={'delta_swap_current': 0, 'swap_saturated': True, 'workingset_refault_anon': 6132} events={'low': 0, 'high': 0, 'max': 41, 'oom': 0, 'oom_kill': 0, 'oom_group_kill': 0}
[container_monitor] pf-test-1: current=890.1MiB swap=128.0MiB max=1157.0MiB cpu.usage_usec=3930577 method=swap_current_delta_fallback detail={'delta_swap_current': 0, 'swap_saturated': True, 'workingset_refault_anon': 6132} events={'low': 0, 'high': 0, 'max': 41, 'oom': 0, 'oom_kill': 0, 'oom_group_kill': 0}
[container_monitor] pf-test-1: current=890.1MiB swap=128.0MiB max=1157.0MiB cpu.usage_usec=3935581 method=swap_current_delta_fallback detail={'delta_swap_current': 0, 'swap_saturated': True, 'workingset_refault_anon': 6132} events={'low': 0, 'high': 0, 'max': 41, 'oom': 0, 'oom_kill': 0, 'oom_group_kill': 0}
[container_monitor] pf-test-1: current=890.1MiB swap=128.0MiB max=1157.0MiB cpu.usage_usec=3940435 method=swap_current_delta_fallback detail={'delta_swap_current': 0, 'swap_saturated': True, 'workingset_refault_anon': 6132} events={'low': 0, 'high': 0, 'max': 41, 'oom': 0, 'oom_kill': 0, 'oom_group_kill': 0}
[container_monitor] pf-test-1: current=890.1MiB swap=128.0MiB max=1157.0MiB cpu.usage_usec=3945887 method=swap_current_delta_fallback detail={'delta_swap_current': 0, 'swap_saturated': True, 'workingset_refault_anon': 6132} events={'low': 0, 'high': 0, 'max': 41, 'oom': 0, 'oom_kill': 0, 'oom_group_kill': 0}
[container_monitor] pf-test-1: current=890.1MiB swap=128.0MiB max=1157.0MiB cpu.usage_usec=3950331 method=swap_current_delta_fallback detail={'delta_swap_current': 0, 'swap_saturated': True, 'workingset_refault_anon': 6132} events={'low': 0, 'high': 0, 'max': 41, 'oom': 0, 'oom_kill': 0, 'oom_group_kill': 0}
[container_monitor] pf-test-1: current=890.1MiB swap=128.0MiB max=1157.0MiB cpu.usage_usec=3956027 method=swap_current_delta_fallback detail={'delta_swap_current': 0, 'swap_saturated': True, 'workingset_refault_anon': 6132} events={'low': 0, 'high': 0, 'max': 41, 'oom': 0, 'oom_kill': 0, 'oom_group_kill': 0}
[container_monitor] pf-test-1: current=890.1MiB swap=128.0MiB max=1157.0MiB cpu.usage_usec=3961067 method=swap_current_delta_fallback detail={'delta_swap_current': 0, 'swap_saturated': True, 'workingset_refault_anon': 6132} events={'low': 0, 'high': 0, 'max': 41, 'oom': 0, 'oom_kill': 0, 'oom_group_kill': 0}
[container_monitor] pf-test-1: current=890.1MiB swap=128.0MiB max=1157.0MiB cpu.usage_usec=3965673 method=swap_current_delta_fallback detail={'delta_swap_current': 0, 'swap_saturated': True, 'workingset_refault_anon': 6132} events={'low': 0, 'high': 0, 'max': 41, 'oom': 0, 'oom_kill': 0, 'oom_group_kill': 0}
[container_monitor] pf-test-1: current=890.1MiB swap=128.0MiB max=1157.0MiB cpu.usage_usec=3970469 method=swap_current_delta_fallback detail={'delta_swap_current': 0, 'swap_saturated': True, 'workingset_refault_anon': 6132} events={'low': 0, 'high': 0, 'max': 41, 'oom': 0, 'oom_kill': 0, 'oom_group_kill': 0}
[container_monitor] pf-test-1: current=890.1MiB swap=128.0MiB max=1157.0MiB cpu.usage_usec=3975665 method=swap_current_delta_fallback detail={'delta_swap_current': 0, 'swap_saturated': True, 'workingset_refault_anon': 6132} events={'low': 0, 'high': 0, 'max': 41, 'oom': 0, 'oom_kill': 0, 'oom_group_kill': 0}
[container_monitor] pf-test-1: current=890.1MiB swap=128.0MiB max=1157.0MiB cpu.usage_usec=3980806 method=swap_current_delta_fallback detail={'delta_swap_current': 0, 'swap_saturated': True, 'workingset_refault_anon': 6132} events={'low': 0, 'high': 0, 'max': 41, 'oom': 0, 'oom_kill': 0, 'oom_group_kill': 0}
[container_monitor] pf-test-1: current=890.1MiB swap=128.0MiB max=1157.0MiB cpu.usage_usec=3985788 method=swap_current_delta_fallback detail={'delta_swap_current': 0, 'swap_saturated': True, 'workingset_refault_anon': 6132} events={'low': 0, 'high': 0, 'max': 41, 'oom': 0, 'oom_kill': 0, 'oom_group_kill': 0}
[container_monitor] pf-test-1: current=890.4MiB swap=128.0MiB max=1157.0MiB cpu.usage_usec=3990072 method=swap_current_delta_fallback detail={'delta_swap_current': 0, 'swap_saturated': True, 'workingset_refault_anon': 6132} events={'low': 0, 'high': 0, 'max': 41, 'oom': 0, 'oom_kill': 0, 'oom_group_kill': 0}
[container_monitor] pf-test-1: current=890.7MiB swap=127.6MiB max=1157.0MiB cpu.usage_usec=3995929 method=swap_current_delta_fallback detail={'delta_swap_current': -462848, 'swap_saturated': True, 'workingset_refault_anon': 6132} events={'low': 0, 'high': 0, 'max': 41, 'oom': 0, 'oom_kill': 0, 'oom_group_kill': 0}
[container_monitor] pf-test-1: current=890.7MiB swap=127.5MiB max=1157.0MiB cpu.usage_usec=4000288 method=swap_current_delta_fallback detail={'delta_swap_current': -106496, 'swap_saturated': True, 'workingset_refault_anon': 6132} events={'low': 0, 'high': 0, 'max': 41, 'oom': 0, 'oom_kill': 0, 'oom_group_kill': 0}
[container_monitor] pf-test-1: current=890.7MiB swap=127.5MiB max=1157.0MiB cpu.usage_usec=4005623 method=swap_current_delta_fallback detail={'delta_swap_current': 0, 'swap_saturated': True, 'workingset_refault_anon': 6132} events={'low': 0, 'high': 0, 'max': 41, 'oom': 0, 'oom_kill': 0, 'oom_group_kill': 0}
[container_monitor] pf-test-1: current=890.7MiB swap=127.5MiB max=1157.0MiB cpu.usage_usec=4010590 method=swap_current_delta_fallback detail={'delta_swap_current': 0, 'swap_saturated': True, 'workingset_refault_anon': 6132} events={'low': 0, 'high': 0, 'max': 41, 'oom': 0, 'oom_kill': 0, 'oom_group_kill': 0}
[container_monitor] pf-test-1: current=890.7MiB swap=127.5MiB max=1157.0MiB cpu.usage_usec=4015259 method=swap_current_delta_fallback detail={'delta_swap_current': 0, 'swap_saturated': True, 'workingset_refault_anon': 6132} events={'low': 0, 'high': 0, 'max': 41, 'oom': 0, 'oom_kill': 0, 'oom_group_kill': 0}
[container_monitor] pf-test-1: current=890.7MiB swap=127.5MiB max=1157.0MiB cpu.usage_usec=4021081 method=swap_current_delta_fallback detail={'delta_swap_current': 0, 'swap_saturated': True, 'workingset_refault_anon': 6132} events={'low': 0, 'high': 0, 'max': 41, 'oom': 0, 'oom_kill': 0, 'oom_group_kill': 0}
[container_monitor] pf-test-1: current=890.7MiB swap=127.5MiB max=1157.0MiB cpu.usage_usec=4025991 method=swap_current_delta_fallback detail={'delta_swap_current': 0, 'swap_saturated': True, 'workingset_refault_anon': 6132} events={'low': 0, 'high': 0, 'max': 41, 'oom': 0, 'oom_kill': 0, 'oom_group_kill': 0}
[container_monitor] pf-test-1: current=890.7MiB swap=127.5MiB max=1157.0MiB cpu.usage_usec=4030163 method=swap_current_delta_fallback detail={'delta_swap_current': 0, 'swap_saturated': True, 'workingset_refault_anon': 6132} events={'low': 0, 'high': 0, 'max': 41, 'oom': 0, 'oom_kill': 0, 'oom_group_kill': 0}
[container_monitor] pf-test-1: current=890.7MiB swap=127.7MiB max=1157.0MiB cpu.usage_usec=4035772 method=swap_current_delta_fallback detail={'delta_swap_current': 258048, 'swap_saturated': True, 'workingset_refault_anon': 6132} events={'low': 0, 'high': 0, 'max': 41, 'oom': 0, 'oom_kill': 0, 'oom_group_kill': 0}
[container_monitor] pf-test-1: current=890.7MiB swap=127.7MiB max=1157.0MiB cpu.usage_usec=4041017 method=swap_current_delta_fallback detail={'delta_swap_current': 0, 'swap_saturated': True, 'workingset_refault_anon': 6132} events={'low': 0, 'high': 0, 'max': 41, 'oom': 0, 'oom_kill': 0, 'oom_group_kill': 0}
[container_monitor] pf-test-1: current=889.2MiB swap=127.9MiB max=1157.0MiB cpu.usage_usec=4045202 method=swap_current_delta_fallback detail={'delta_swap_current': 188416, 'swap_saturated': True, 'workingset_refault_anon': 6132} events={'low': 0, 'high': 0, 'max': 41, 'oom': 0, 'oom_kill': 0, 'oom_group_kill': 0}
[container_monitor] pf-test-1: current=886.9MiB swap=127.9MiB max=919.0MiB cpu.usage_usec=4051443 method=swap_current_delta_fallback detail={'delta_swap_current': 0, 'swap_saturated': True, 'workingset_refault_anon': 6132} events={'low': 0, 'high': 0, 'max': 41, 'oom': 0, 'oom_kill': 0, 'oom_group_kill': 0}
[container_monitor] pf-test-1: OCM 감지 (method=swap_current_delta_fallback, detail={'delta_swap_current': 0, 'swap_saturated': True, 'workingset_refault_anon': 6132})
[puff_manager] pf-test-1: 호스트 여유 없음 (assigned=3631MiB budget=3119MiB), puff 건너뜀
[container_monitor] pf-test-1: 이미 suspend 상태, 재적용 생략
[container_monitor] pf-test-1: current=885.5MiB swap=127.9MiB max=919.0MiB cpu.usage_usec=4059772 method=swap_current_delta_fallback detail={'delta_swap_current': 0, 'swap_saturated': True, 'workingset_refault_anon': 6132} events={'low': 0, 'high': 0, 'max': 41, 'oom': 0, 'oom_kill': 0, 'oom_group_kill': 0}
[container_monitor] pf-test-1: OCM 감지 (method=swap_current_delta_fallback, detail={'delta_swap_current': 0, 'swap_saturated': True, 'workingset_refault_anon': 6132})
[puff_manager] pf-test-1: 호스트 여유 없음 (assigned=3631MiB budget=3119MiB), puff 건너뜀
[container_monitor] pf-test-1: 이미 suspend 상태, 재적용 생략
[container_monitor] pf-test-1: current=885.5MiB swap=127.9MiB max=919.0MiB cpu.usage_usec=4065509 method=swap_current_delta_fallback detail={'delta_swap_current': 0, 'swap_saturated': True, 'workingset_refault_anon': 6132} events={'low': 0, 'high': 0, 'max': 41, 'oom': 0, 'oom_kill': 0, 'oom_group_kill': 0}
[container_monitor] pf-test-1: OCM 감지 (method=swap_current_delta_fallback, detail={'delta_swap_current': 0, 'swap_saturated': True, 'workingset_refault_anon': 6132})
[puff_manager] pf-test-1: 호스트 여유 없음 (assigned=3631MiB budget=3119MiB), puff 건너뜀
[container_monitor] pf-test-1: 이미 suspend 상태, 재적용 생략
[container_monitor] pf-test-1: current=885.5MiB swap=127.9MiB max=919.0MiB cpu.usage_usec=4071356 method=swap_current_delta_fallback detail={'delta_swap_current': 0, 'swap_saturated': True, 'workingset_refault_anon': 6132} events={'low': 0, 'high': 0, 'max': 41, 'oom': 0, 'oom_kill': 0, 'oom_group_kill': 0}
[container_monitor] pf-test-1: OCM 감지 (method=swap_current_delta_fallback, detail={'delta_swap_current': 0, 'swap_saturated': True, 'workingset_refault_anon': 6132})
[puff_manager] pf-test-1: 호스트 여유 없음 (assigned=3631MiB budget=3119MiB), puff 건너뜀
[container_monitor] pf-test-1: 이미 suspend 상태, 재적용 생략
[container_monitor] pf-test-1: current=885.5MiB swap=127.9MiB max=919.0MiB cpu.usage_usec=4077885 method=swap_current_delta_fallback detail={'delta_swap_current': 0, 'swap_saturated': True, 'workingset_refault_anon': 6133} events={'low': 0, 'high': 0, 'max': 41, 'oom': 0, 'oom_kill': 0, 'oom_group_kill': 0}
[container_monitor] pf-test-1: OCM 감지 (method=swap_current_delta_fallback, detail={'delta_swap_current': 0, 'swap_saturated': True, 'workingset_refault_anon': 6133})
[puff_manager] pf-test-1: 호스트 여유 없음 (assigned=3631MiB budget=3119MiB), puff 건너뜀
[container_monitor] pf-test-1: 이미 suspend 상태, 재적용 생략
[container_monitor] pf-test-1: current=885.5MiB swap=127.9MiB max=919.0MiB cpu.usage_usec=4083137 method=swap_current_delta_fallback detail={'delta_swap_current': 0, 'swap_saturated': True, 'workingset_refault_anon': 6133} events={'low': 0, 'high': 0, 'max': 41, 'oom': 0, 'oom_kill': 0, 'oom_group_kill': 0}
[container_monitor] pf-test-1: OCM 감지 (method=swap_current_delta_fallback, detail={'delta_swap_current': 0, 'swap_saturated': True, 'workingset_refault_anon': 6133})
[puff_manager] pf-test-1: 호스트 여유 없음 (assigned=3631MiB budget=3119MiB), puff 건너뜀
[container_monitor] pf-test-1: 이미 suspend 상태, 재적용 생략
[container_monitor] pf-test-1: current=885.5MiB swap=127.9MiB max=919.0MiB cpu.usage_usec=4090141 method=swap_current_delta_fallback detail={'delta_swap_current': 0, 'swap_saturated': True, 'workingset_refault_anon': 6134} events={'low': 0, 'high': 0, 'max': 41, 'oom': 0, 'oom_kill': 0, 'oom_group_kill': 0}
[container_monitor] pf-test-1: OCM 감지 (method=swap_current_delta_fallback, detail={'delta_swap_current': 0, 'swap_saturated': True, 'workingset_refault_anon': 6134})
[puff_manager] pf-test-1: 호스트 여유 없음 (assigned=3631MiB budget=3119MiB), puff 건너뜀
[container_monitor] pf-test-1: 이미 suspend 상태, 재적용 생략
[container_monitor] pf-test-1: current=885.5MiB swap=127.9MiB max=919.0MiB cpu.usage_usec=4095604 method=swap_current_delta_fallback detail={'delta_swap_current': 0, 'swap_saturated': True, 'workingset_refault_anon': 6134} events={'low': 0, 'high': 0, 'max': 41, 'oom': 0, 'oom_kill': 0, 'oom_group_kill': 0}
[container_monitor] pf-test-1: OCM 감지 (method=swap_current_delta_fallback, detail={'delta_swap_current': 0, 'swap_saturated': True, 'workingset_refault_anon': 6134})
[puff_manager] pf-test-1: 호스트 여유 없음 (assigned=3631MiB budget=3119MiB), puff 건너뜀
[container_monitor] pf-test-1: 이미 suspend 상태, 재적용 생략
[container_monitor] pf-test-1: current=885.5MiB swap=127.9MiB max=919.0MiB cpu.usage_usec=4101850 method=swap_current_delta_fallback detail={'delta_swap_current': 0, 'swap_saturated': True, 'workingset_refault_anon': 6134} events={'low': 0, 'high': 0, 'max': 41, 'oom': 0, 'oom_kill': 0, 'oom_group_kill': 0}
[container_monitor] pf-test-1: OCM 감지 (method=swap_current_delta_fallback, detail={'delta_swap_current': 0, 'swap_saturated': True, 'workingset_refault_anon': 6134})
[puff_manager] pf-test-1: 호스트 여유 없음 (assigned=3631MiB budget=3119MiB), puff 건너뜀
[container_monitor] pf-test-1: 이미 suspend 상태, 재적용 생략
[container_monitor] pf-test-1: current=885.5MiB swap=127.9MiB max=919.0MiB cpu.usage_usec=4107825 method=swap_current_delta_fallback detail={'delta_swap_current': 0, 'swap_saturated': True, 'workingset_refault_anon': 6134} events={'low': 0, 'high': 0, 'max': 41, 'oom': 0, 'oom_kill': 0, 'oom_group_kill': 0}
[container_monitor] pf-test-1: OCM 감지 (method=swap_current_delta_fallback, detail={'delta_swap_current': 0, 'swap_saturated': True, 'workingset_refault_anon': 6134})
[puff_manager] pf-test-1: 호스트 여유 없음 (assigned=3631MiB budget=3119MiB), puff 건너뜀
[container_monitor] pf-test-1: 이미 suspend 상태, 재적용 생략
[container_monitor] pf-test-1: current=885.5MiB swap=127.9MiB max=919.0MiB cpu.usage_usec=4113831 method=swap_current_delta_fallback detail={'delta_swap_current': 0, 'swap_saturated': True, 'workingset_refault_anon': 6134} events={'low': 0, 'high': 0, 'max': 41, 'oom': 0, 'oom_kill': 0, 'oom_group_kill': 0}
[container_monitor] pf-test-1: OCM 감지 (method=swap_current_delta_fallback, detail={'delta_swap_current': 0, 'swap_saturated': True, 'workingset_refault_anon': 6134})
[puff_manager] pf-test-1: 호스트 여유 없음 (assigned=3631MiB budget=3119MiB), puff 건너뜀
[container_monitor] pf-test-1: 이미 suspend 상태, 재적용 생략
[container_monitor] pf-test-1: current=885.5MiB swap=127.9MiB max=919.0MiB cpu.usage_usec=4119305 method=swap_current_delta_fallback detail={'delta_swap_current': 0, 'swap_saturated': True, 'workingset_refault_anon': 6134} events={'low': 0, 'high': 0, 'max': 41, 'oom': 0, 'oom_kill': 0, 'oom_group_kill': 0}
[container_monitor] pf-test-1: OCM 감지 (method=swap_current_delta_fallback, detail={'delta_swap_current': 0, 'swap_saturated': True, 'workingset_refault_anon': 6134})
[puff_manager] pf-test-1: 호스트 여유 없음 (assigned=3631MiB budget=3119MiB), puff 건너뜀
[container_monitor] pf-test-1: 이미 suspend 상태, 재적용 생략
[container_monitor] pf-test-1: current=885.5MiB swap=127.9MiB max=919.0MiB cpu.usage_usec=4125177 method=swap_current_delta_fallback detail={'delta_swap_current': 0, 'swap_saturated': True, 'workingset_refault_anon': 6134} events={'low': 0, 'high': 0, 'max': 41, 'oom': 0, 'oom_kill': 0, 'oom_group_kill': 0}
[container_monitor] pf-test-1: OCM 감지 (method=swap_current_delta_fallback, detail={'delta_swap_current': 0, 'swap_saturated': True, 'workingset_refault_anon': 6134})
[puff_manager] pf-test-1: 호스트 여유 없음 (assigned=3631MiB budget=3119MiB), puff 건너뜀
[container_monitor] pf-test-1: 이미 suspend 상태, 재적용 생략
[container_monitor] pf-test-1: current=885.5MiB swap=127.9MiB max=919.0MiB cpu.usage_usec=4131450 method=swap_current_delta_fallback detail={'delta_swap_current': 0, 'swap_saturated': True, 'workingset_refault_anon': 6134} events={'low': 0, 'high': 0, 'max': 41, 'oom': 0, 'oom_kill': 0, 'oom_group_kill': 0}
[container_monitor] pf-test-1: OCM 감지 (method=swap_current_delta_fallback, detail={'delta_swap_current': 0, 'swap_saturated': True, 'workingset_refault_anon': 6134})
[puff_manager] pf-test-1: 호스트 여유 없음 (assigned=3631MiB budget=3119MiB), puff 건너뜀
[container_monitor] pf-test-1: 이미 suspend 상태, 재적용 생략
[container_monitor] pf-test-1: current=885.5MiB swap=127.9MiB max=919.0MiB cpu.usage_usec=4137330 method=swap_current_delta_fallback detail={'delta_swap_current': 0, 'swap_saturated': True, 'workingset_refault_anon': 6134} events={'low': 0, 'high': 0, 'max': 41, 'oom': 0, 'oom_kill': 0, 'oom_group_kill': 0}
[container_monitor] pf-test-1: OCM 감지 (method=swap_current_delta_fallback, detail={'delta_swap_current': 0, 'swap_saturated': True, 'workingset_refault_anon': 6134})
[puff_manager] pf-test-1: 호스트 여유 없음 (assigned=3631MiB budget=3119MiB), puff 건너뜀
[container_monitor] pf-test-1: 이미 suspend 상태, 재적용 생략
[container_monitor] pf-test-1: current=885.5MiB swap=127.9MiB max=919.0MiB cpu.usage_usec=4142187 method=swap_current_delta_fallback detail={'delta_swap_current': 0, 'swap_saturated': True, 'workingset_refault_anon': 6134} events={'low': 0, 'high': 0, 'max': 41, 'oom': 0, 'oom_kill': 0, 'oom_group_kill': 0}
[container_monitor] pf-test-1: OCM 감지 (method=swap_current_delta_fallback, detail={'delta_swap_current': 0, 'swap_saturated': True, 'workingset_refault_anon': 6134})
[puff_manager] pf-test-1: 호스트 여유 없음 (assigned=3631MiB budget=3119MiB), puff 건너뜀
[container_monitor] pf-test-1: 이미 suspend 상태, 재적용 생략
[container_monitor] pf-test-1: current=885.5MiB swap=127.9MiB max=919.0MiB cpu.usage_usec=4148308 method=swap_current_delta_fallback detail={'delta_swap_current': 0, 'swap_saturated': True, 'workingset_refault_anon': 6134} events={'low': 0, 'high': 0, 'max': 41, 'oom': 0, 'oom_kill': 0, 'oom_group_kill': 0}
[container_monitor] pf-test-1: OCM 감지 (method=swap_current_delta_fallback, detail={'delta_swap_current': 0, 'swap_saturated': True, 'workingset_refault_anon': 6134})
[puff_manager] pf-test-1: 호스트 여유 없음 (assigned=3631MiB budget=3119MiB), puff 건너뜀
[container_monitor] pf-test-1: 이미 suspend 상태, 재적용 생략
[container_monitor] pf-test-1: current=885.5MiB swap=127.9MiB max=919.0MiB cpu.usage_usec=4154347 method=swap_current_delta_fallback detail={'delta_swap_current': 0, 'swap_saturated': True, 'workingset_refault_anon': 6134} events={'low': 0, 'high': 0, 'max': 41, 'oom': 0, 'oom_kill': 0, 'oom_group_kill': 0}
[container_monitor] pf-test-1: OCM 감지 (method=swap_current_delta_fallback, detail={'delta_swap_current': 0, 'swap_saturated': True, 'workingset_refault_anon': 6134})
[puff_manager] pf-test-1: 호스트 여유 없음 (assigned=3631MiB budget=3119MiB), puff 건너뜀
[container_monitor] pf-test-1: 이미 suspend 상태, 재적용 생략
[container_monitor] pf-test-1: current=885.5MiB swap=127.9MiB max=919.0MiB cpu.usage_usec=4160477 method=swap_current_delta_fallback detail={'delta_swap_current': 0, 'swap_saturated': True, 'workingset_refault_anon': 6134} events={'low': 0, 'high': 0, 'max': 41, 'oom': 0, 'oom_kill': 0, 'oom_group_kill': 0}
[container_monitor] pf-test-1: OCM 감지 (method=swap_current_delta_fallback, detail={'delta_swap_current': 0, 'swap_saturated': True, 'workingset_refault_anon': 6134})
[puff_manager] pf-test-1: 호스트 여유 없음 (assigned=3631MiB budget=3119MiB), puff 건너뜀
[container_monitor] pf-test-1: 이미 suspend 상태, 재적용 생략
[container_monitor] pf-test-1: current=885.5MiB swap=127.9MiB max=919.0MiB cpu.usage_usec=4166679 method=swap_current_delta_fallback detail={'delta_swap_current': 0, 'swap_saturated': True, 'workingset_refault_anon': 6134} events={'low': 0, 'high': 0, 'max': 41, 'oom': 0, 'oom_kill': 0, 'oom_group_kill': 0}
[container_monitor] pf-test-1: OCM 감지 (method=swap_current_delta_fallback, detail={'delta_swap_current': 0, 'swap_saturated': True, 'workingset_refault_anon': 6134})
[puff_manager] pf-test-1: 호스트 여유 없음 (assigned=3631MiB budget=3119MiB), puff 건너뜀
[container_monitor] pf-test-1: 이미 suspend 상태, 재적용 생략
[container_monitor] pf-test-1: current=885.5MiB swap=127.9MiB max=919.0MiB cpu.usage_usec=4172686 method=swap_current_delta_fallback detail={'delta_swap_current': 0, 'swap_saturated': True, 'workingset_refault_anon': 6134} events={'low': 0, 'high': 0, 'max': 41, 'oom': 0, 'oom_kill': 0, 'oom_group_kill': 0}
[container_monitor] pf-test-1: OCM 감지 (method=swap_current_delta_fallback, detail={'delta_swap_current': 0, 'swap_saturated': True, 'workingset_refault_anon': 6134})
[puff_manager] pf-test-1: 호스트 여유 없음 (assigned=3631MiB budget=3119MiB), puff 건너뜀
[container_monitor] pf-test-1: 이미 suspend 상태, 재적용 생략
[container_monitor] pf-test-1: current=885.5MiB swap=127.9MiB max=919.0MiB cpu.usage_usec=4177531 method=swap_current_delta_fallback detail={'delta_swap_current': 0, 'swap_saturated': True, 'workingset_refault_anon': 6134} events={'low': 0, 'high': 0, 'max': 41, 'oom': 0, 'oom_kill': 0, 'oom_group_kill': 0}
[container_monitor] pf-test-1: OCM 감지 (method=swap_current_delta_fallback, detail={'delta_swap_current': 0, 'swap_saturated': True, 'workingset_refault_anon': 6134})
[puff_manager] pf-test-1: 호스트 여유 없음 (assigned=3631MiB budget=3119MiB), puff 건너뜀
[container_monitor] pf-test-1: 이미 suspend 상태, 재적용 생략
[container_monitor] pf-test-1: current=885.5MiB swap=127.9MiB max=919.0MiB cpu.usage_usec=4183397 method=swap_current_delta_fallback detail={'delta_swap_current': 0, 'swap_saturated': True, 'workingset_refault_anon': 6134} events={'low': 0, 'high': 0, 'max': 41, 'oom': 0, 'oom_kill': 0, 'oom_group_kill': 0}
[container_monitor] pf-test-1: OCM 감지 (method=swap_current_delta_fallback, detail={'delta_swap_current': 0, 'swap_saturated': True, 'workingset_refault_anon': 6134})
[puff_manager] pf-test-1: 호스트 여유 없음 (assigned=3631MiB budget=3119MiB), puff 건너뜀
[container_monitor] pf-test-1: 이미 suspend 상태, 재적용 생략
[container_monitor] pf-test-1: current=885.5MiB swap=127.9MiB max=919.0MiB cpu.usage_usec=4189130 method=swap_current_delta_fallback detail={'delta_swap_current': 0, 'swap_saturated': True, 'workingset_refault_anon': 6134} events={'low': 0, 'high': 0, 'max': 41, 'oom': 0, 'oom_kill': 0, 'oom_group_kill': 0}
[container_monitor] pf-test-1: OCM 감지 (method=swap_current_delta_fallback, detail={'delta_swap_current': 0, 'swap_saturated': True, 'workingset_refault_anon': 6134})
[puff_manager] pf-test-1: 호스트 여유 없음 (assigned=3631MiB budget=3119MiB), puff 건너뜀
[container_monitor] pf-test-1: 이미 suspend 상태, 재적용 생략
[container_monitor] pf-test-1: current=885.5MiB swap=127.9MiB max=919.0MiB cpu.usage_usec=4195353 method=swap_current_delta_fallback detail={'delta_swap_current': 0, 'swap_saturated': True, 'workingset_refault_anon': 6134} events={'low': 0, 'high': 0, 'max': 41, 'oom': 0, 'oom_kill': 0, 'oom_group_kill': 0}
[container_monitor] pf-test-1: OCM 감지 (method=swap_current_delta_fallback, detail={'delta_swap_current': 0, 'swap_saturated': True, 'workingset_refault_anon': 6134})
[puff_manager] pf-test-1: 호스트 여유 없음 (assigned=3631MiB budget=3119MiB), puff 건너뜀
[container_monitor] pf-test-1: 이미 suspend 상태, 재적용 생략
[container_monitor] pf-test-1: current=885.5MiB swap=127.9MiB max=919.0MiB cpu.usage_usec=4201976 method=swap_current_delta_fallback detail={'delta_swap_current': 0, 'swap_saturated': True, 'workingset_refault_anon': 6134} events={'low': 0, 'high': 0, 'max': 41, 'oom': 0, 'oom_kill': 0, 'oom_group_kill': 0}
[container_monitor] pf-test-1: OCM 감지 (method=swap_current_delta_fallback, detail={'delta_swap_current': 0, 'swap_saturated': True, 'workingset_refault_anon': 6134})
[puff_manager] pf-test-1: 호스트 여유 없음 (assigned=3631MiB budget=3119MiB), puff 건너뜀
[container_monitor] pf-test-1: 이미 suspend 상태, 재적용 생략
[container_monitor] pf-test-1: current=885.5MiB swap=127.9MiB max=919.0MiB cpu.usage_usec=4206825 method=swap_current_delta_fallback detail={'delta_swap_current': 0, 'swap_saturated': True, 'workingset_refault_anon': 6134} events={'low': 0, 'high': 0, 'max': 41, 'oom': 0, 'oom_kill': 0, 'oom_group_kill': 0}
[container_monitor] pf-test-1: OCM 감지 (method=swap_current_delta_fallback, detail={'delta_swap_current': 0, 'swap_saturated': True, 'workingset_refault_anon': 6134})
[puff_manager] pf-test-1: 호스트 여유 없음 (assigned=3631MiB budget=3119MiB), puff 건너뜀
[container_monitor] pf-test-1: 이미 suspend 상태, 재적용 생략
[container_monitor] pf-test-1: current=885.5MiB swap=127.9MiB max=919.0MiB cpu.usage_usec=4212253 method=swap_current_delta_fallback detail={'delta_swap_current': 0, 'swap_saturated': True, 'workingset_refault_anon': 6134} events={'low': 0, 'high': 0, 'max': 41, 'oom': 0, 'oom_kill': 0, 'oom_group_kill': 0}
[container_monitor] pf-test-1: OCM 감지 (method=swap_current_delta_fallback, detail={'delta_swap_current': 0, 'swap_saturated': True, 'workingset_refault_anon': 6134})
[puff_manager] pf-test-1: 호스트 여유 없음 (assigned=3631MiB budget=3119MiB), puff 건너뜀
[container_monitor] pf-test-1: 이미 suspend 상태, 재적용 생략
[container_monitor] pf-test-1: current=885.5MiB swap=127.9MiB max=919.0MiB cpu.usage_usec=4218461 method=swap_current_delta_fallback detail={'delta_swap_current': 0, 'swap_saturated': True, 'workingset_refault_anon': 6134} events={'low': 0, 'high': 0, 'max': 41, 'oom': 0, 'oom_kill': 0, 'oom_group_kill': 0}
[container_monitor] pf-test-1: OCM 감지 (method=swap_current_delta_fallback, detail={'delta_swap_current': 0, 'swap_saturated': True, 'workingset_refault_anon': 6134})
[puff_manager] pf-test-1: 호스트 여유 없음 (assigned=3631MiB budget=3119MiB), puff 건너뜀
[container_monitor] pf-test-1: 이미 suspend 상태, 재적용 생략
[container_monitor] pf-test-1: current=885.5MiB swap=127.9MiB max=919.0MiB cpu.usage_usec=4224737 method=swap_current_delta_fallback detail={'delta_swap_current': 0, 'swap_saturated': True, 'workingset_refault_anon': 6134} events={'low': 0, 'high': 0, 'max': 41, 'oom': 0, 'oom_kill': 0, 'oom_group_kill': 0}
[container_monitor] pf-test-1: OCM 감지 (method=swap_current_delta_fallback, detail={'delta_swap_current': 0, 'swap_saturated': True, 'workingset_refault_anon': 6134})
[puff_manager] pf-test-1: 호스트 여유 없음 (assigned=3631MiB budget=3119MiB), puff 건너뜀
[container_monitor] pf-test-1: 이미 suspend 상태, 재적용 생략
[container_monitor] pf-test-1: current=885.5MiB swap=127.9MiB max=919.0MiB cpu.usage_usec=4230131 method=swap_current_delta_fallback detail={'delta_swap_current': 0, 'swap_saturated': True, 'workingset_refault_anon': 6134} events={'low': 0, 'high': 0, 'max': 41, 'oom': 0, 'oom_kill': 0, 'oom_group_kill': 0}
[container_monitor] pf-test-1: OCM 감지 (method=swap_current_delta_fallback, detail={'delta_swap_current': 0, 'swap_saturated': True, 'workingset_refault_anon': 6134})
[puff_manager] pf-test-1: 호스트 여유 없음 (assigned=3631MiB budget=3119MiB), puff 건너뜀
[container_monitor] pf-test-1: 이미 suspend 상태, 재적용 생략
[container_monitor] pf-test-1: current=885.7MiB swap=127.9MiB max=919.0MiB cpu.usage_usec=4235971 method=swap_current_delta_fallback detail={'delta_swap_current': -16384, 'swap_saturated': True, 'workingset_refault_anon': 6134} events={'low': 0, 'high': 0, 'max': 41, 'oom': 0, 'oom_kill': 0, 'oom_group_kill': 0}
[container_monitor] pf-test-1: OCM 감지 (method=swap_current_delta_fallback, detail={'delta_swap_current': -16384, 'swap_saturated': True, 'workingset_refault_anon': 6134})
[puff_manager] pf-test-1: 호스트 여유 없음 (assigned=3631MiB budget=3119MiB), puff 건너뜀
[container_monitor] pf-test-1: 이미 suspend 상태, 재적용 생략
[container_monitor] pf-test-1: current=885.9MiB swap=127.7MiB max=919.0MiB cpu.usage_usec=4241199 method=swap_current_delta_fallback detail={'delta_swap_current': -180224, 'swap_saturated': True, 'workingset_refault_anon': 6134} events={'low': 0, 'high': 0, 'max': 41, 'oom': 0, 'oom_kill': 0, 'oom_group_kill': 0}
[container_monitor] pf-test-1: OCM 감지 (method=swap_current_delta_fallback, detail={'delta_swap_current': -180224, 'swap_saturated': True, 'workingset_refault_anon': 6134})
[puff_manager] pf-test-1: 호스트 여유 없음 (assigned=3631MiB budget=3119MiB), puff 건너뜀
[container_monitor] pf-test-1: 이미 suspend 상태, 재적용 생략
[container_monitor] pf-test-1: current=888.5MiB swap=125.0MiB max=919.0MiB cpu.usage_usec=4248063 method=swap_current_delta_fallback detail={'delta_swap_current': -2850816, 'swap_saturated': True, 'workingset_refault_anon': 6174} events={'low': 0, 'high': 0, 'max': 41, 'oom': 0, 'oom_kill': 0, 'oom_group_kill': 0}
[container_monitor] pf-test-1: OCM 감지 (method=swap_current_delta_fallback, detail={'delta_swap_current': -2850816, 'swap_saturated': True, 'workingset_refault_anon': 6174})
[puff_manager] pf-test-1: 호스트 여유 없음 (assigned=3631MiB budget=3119MiB), puff 건너뜀
[container_monitor] pf-test-1: 이미 suspend 상태, 재적용 생략
[container_monitor] pf-test-1: current=888.5MiB swap=124.9MiB max=919.0MiB cpu.usage_usec=4253205 method=swap_current_delta_fallback detail={'delta_swap_current': -32768, 'swap_saturated': True, 'workingset_refault_anon': 6174} events={'low': 0, 'high': 0, 'max': 41, 'oom': 0, 'oom_kill': 0, 'oom_group_kill': 0}
[container_monitor] pf-test-1: OCM 감지 (method=swap_current_delta_fallback, detail={'delta_swap_current': -32768, 'swap_saturated': True, 'workingset_refault_anon': 6174})
[puff_manager] pf-test-1: 호스트 여유 없음 (assigned=3631MiB budget=3119MiB), puff 건너뜀
[container_monitor] pf-test-1: 이미 suspend 상태, 재적용 생략
[container_monitor] pf-test-1: current=891.2MiB swap=122.3MiB max=919.0MiB cpu.usage_usec=4259941 method=swap_current_delta_fallback detail={'delta_swap_current': -2748416, 'swap_saturated': True, 'workingset_refault_anon': 6174} events={'low': 0, 'high': 0, 'max': 41, 'oom': 0, 'oom_kill': 0, 'oom_group_kill': 0}
[container_monitor] pf-test-1: OCM 감지 (method=swap_current_delta_fallback, detail={'delta_swap_current': -2748416, 'swap_saturated': True, 'workingset_refault_anon': 6174})
[puff_manager] pf-test-1: 호스트 여유 없음 (assigned=3631MiB budget=3119MiB), puff 건너뜀
[container_monitor] pf-test-1: 이미 suspend 상태, 재적용 생략
[container_monitor] pf-test-1: current=891.2MiB swap=122.1MiB max=919.0MiB cpu.usage_usec=4266003 method=swap_current_delta_fallback detail={'delta_swap_current': -262144, 'swap_saturated': True, 'workingset_refault_anon': 6174} events={'low': 0, 'high': 0, 'max': 41, 'oom': 0, 'oom_kill': 0, 'oom_group_kill': 0}
[container_monitor] pf-test-1: OCM 감지 (method=swap_current_delta_fallback, detail={'delta_swap_current': -262144, 'swap_saturated': True, 'workingset_refault_anon': 6174})
[puff_manager] pf-test-1: 호스트 여유 없음 (assigned=3631MiB budget=3119MiB), puff 건너뜀
[container_monitor] pf-test-1: 이미 suspend 상태, 재적용 생략
[container_monitor] pf-test-1: current=892.3MiB swap=121.0MiB max=919.0MiB cpu.usage_usec=4271731 method=swap_current_delta_fallback detail={'delta_swap_current': -1081344, 'swap_saturated': False, 'workingset_refault_anon': 6174} events={'low': 0, 'high': 0, 'max': 41, 'oom': 0, 'oom_kill': 0, 'oom_group_kill': 0}
[container_monitor] pf-test-1: current=893.3MiB swap=120.1MiB max=919.0MiB cpu.usage_usec=4276309 method=swap_current_delta_fallback detail={'delta_swap_current': -954368, 'swap_saturated': False, 'workingset_refault_anon': 6176} events={'low': 0, 'high': 0, 'max': 41, 'oom': 0, 'oom_kill': 0, 'oom_group_kill': 0}
[container_monitor] pf-test-1: current=893.3MiB swap=120.1MiB max=919.0MiB cpu.usage_usec=4281925 method=swap_current_delta_fallback detail={'delta_swap_current': 0, 'swap_saturated': False, 'workingset_refault_anon': 6176} events={'low': 0, 'high': 0, 'max': 41, 'oom': 0, 'oom_kill': 0, 'oom_group_kill': 0}
[container_monitor] pf-test-1: current=894.9MiB swap=118.6MiB max=919.0MiB cpu.usage_usec=4286132 method=swap_current_delta_fallback detail={'delta_swap_current': -1576960, 'swap_saturated': False, 'workingset_refault_anon': 6176} events={'low': 0, 'high': 0, 'max': 41, 'oom': 0, 'oom_kill': 0, 'oom_group_kill': 0}
[container_monitor] pf-test-1: current=897.5MiB swap=116.0MiB max=919.0MiB cpu.usage_usec=4291138 method=swap_current_delta_fallback detail={'delta_swap_current': -2764800, 'swap_saturated': False, 'workingset_refault_anon': 6176} events={'low': 0, 'high': 0, 'max': 41, 'oom': 0, 'oom_kill': 0, 'oom_group_kill': 0}
[container_monitor] pf-test-1: current=897.5MiB swap=115.8MiB max=919.0MiB cpu.usage_usec=4296163 method=swap_current_delta_fallback detail={'delta_swap_current': -253952, 'swap_saturated': False, 'workingset_refault_anon': 6176} events={'low': 0, 'high': 0, 'max': 41, 'oom': 0, 'oom_kill': 0, 'oom_group_kill': 0}
[container_monitor] pf-test-1: current=897.7MiB swap=115.7MiB max=919.0MiB cpu.usage_usec=4301165 method=swap_current_delta_fallback detail={'delta_swap_current': -65536, 'swap_saturated': False, 'workingset_refault_anon': 6176} events={'low': 0, 'high': 0, 'max': 41, 'oom': 0, 'oom_kill': 0, 'oom_group_kill': 0}
[container_monitor] pf-test-1: current=898.4MiB swap=115.0MiB max=919.0MiB cpu.usage_usec=4306928 method=swap_current_delta_fallback detail={'delta_swap_current': -708608, 'swap_saturated': False, 'workingset_refault_anon': 6176} events={'low': 0, 'high': 0, 'max': 41, 'oom': 0, 'oom_kill': 0, 'oom_group_kill': 0}
[container_monitor] pf-test-1: current=898.4MiB swap=115.0MiB max=919.0MiB cpu.usage_usec=4311158 method=swap_current_delta_fallback detail={'delta_swap_current': 0, 'swap_saturated': False, 'workingset_refault_anon': 6176} events={'low': 0, 'high': 0, 'max': 41, 'oom': 0, 'oom_kill': 0, 'oom_group_kill': 0}
[container_monitor] pf-test-1: current=898.4MiB swap=115.0MiB max=919.0MiB cpu.usage_usec=4316925 method=swap_current_delta_fallback detail={'delta_swap_current': 0, 'swap_saturated': False, 'workingset_refault_anon': 6176} events={'low': 0, 'high': 0, 'max': 41, 'oom': 0, 'oom_kill': 0, 'oom_group_kill': 0}
[container_monitor] pf-test-1: current=889.1MiB swap=124.9MiB max=919.0MiB cpu.usage_usec=4321321 method=swap_current_delta_fallback detail={'delta_swap_current': 10366976, 'swap_saturated': True, 'workingset_refault_anon': 6176} events={'low': 0, 'high': 0, 'max': 41, 'oom': 0, 'oom_kill': 0, 'oom_group_kill': 0}
[container_monitor] pf-test-1: OCM 감지 (method=swap_current_delta_fallback, detail={'delta_swap_current': 10366976, 'swap_saturated': True, 'workingset_refault_anon': 6176})
[puff_manager] pf-test-1: 호스트 여유 없음 (assigned=3631MiB budget=3119MiB), puff 건너뜀
[container_monitor] pf-test-1: 이미 suspend 상태, 재적용 생략
[container_monitor] pf-test-1: current=889.1MiB swap=124.9MiB max=919.0MiB cpu.usage_usec=4327162 method=swap_current_delta_fallback detail={'delta_swap_current': 0, 'swap_saturated': True, 'workingset_refault_anon': 6176} events={'low': 0, 'high': 0, 'max': 41, 'oom': 0, 'oom_kill': 0, 'oom_group_kill': 0}
[container_monitor] pf-test-1: OCM 감지 (method=swap_current_delta_fallback, detail={'delta_swap_current': 0, 'swap_saturated': True, 'workingset_refault_anon': 6176})
[puff_manager] pf-test-1: 호스트 여유 없음 (assigned=3631MiB budget=3119MiB), puff 건너뜀
[container_monitor] pf-test-1: 이미 suspend 상태, 재적용 생략
[container_monitor] pf-test-1: current=885.4MiB swap=128.0MiB max=919.0MiB cpu.usage_usec=4333768 method=swap_current_delta_fallback detail={'delta_swap_current': 3252224, 'swap_saturated': True, 'workingset_refault_anon': 6176} events={'low': 0, 'high': 0, 'max': 41, 'oom': 0, 'oom_kill': 0, 'oom_group_kill': 0}
[container_monitor] pf-test-1: OCM 감지 (method=swap_current_delta_fallback, detail={'delta_swap_current': 3252224, 'swap_saturated': True, 'workingset_refault_anon': 6176})
[puff_manager] pf-test-1: 호스트 여유 없음 (assigned=3631MiB budget=3119MiB), puff 건너뜀
[container_monitor] pf-test-1: 이미 suspend 상태, 재적용 생략
[container_monitor] pf-test-1: current=885.4MiB swap=128.0MiB max=919.0MiB cpu.usage_usec=4339780 method=swap_current_delta_fallback detail={'delta_swap_current': 0, 'swap_saturated': True, 'workingset_refault_anon': 6176} events={'low': 0, 'high': 0, 'max': 41, 'oom': 0, 'oom_kill': 0, 'oom_group_kill': 0}
[container_monitor] pf-test-1: OCM 감지 (method=swap_current_delta_fallback, detail={'delta_swap_current': 0, 'swap_saturated': True, 'workingset_refault_anon': 6176})
[puff_manager] pf-test-1: 호스트 여유 없음 (assigned=3631MiB budget=3119MiB), puff 건너뜀
[container_monitor] pf-test-1: 이미 suspend 상태, 재적용 생략
[container_monitor] pf-test-1: current=885.4MiB swap=128.0MiB max=919.0MiB cpu.usage_usec=4345565 method=swap_current_delta_fallback detail={'delta_swap_current': -40960, 'swap_saturated': True, 'workingset_refault_anon': 6176} events={'low': 0, 'high': 0, 'max': 41, 'oom': 0, 'oom_kill': 0, 'oom_group_kill': 0}
[container_monitor] pf-test-1: OCM 감지 (method=swap_current_delta_fallback, detail={'delta_swap_current': -40960, 'swap_saturated': True, 'workingset_refault_anon': 6176})
[puff_manager] pf-test-1: 호스트 여유 없음 (assigned=3631MiB budget=3119MiB), puff 건너뜀
[container_monitor] pf-test-1: 이미 suspend 상태, 재적용 생략
[container_monitor] pf-test-1: current=885.4MiB swap=127.9MiB max=919.0MiB cpu.usage_usec=4351197 method=swap_current_delta_fallback detail={'delta_swap_current': -16384, 'swap_saturated': True, 'workingset_refault_anon': 6180} events={'low': 0, 'high': 0, 'max': 41, 'oom': 0, 'oom_kill': 0, 'oom_group_kill': 0}
[container_monitor] pf-test-1: OCM 감지 (method=swap_current_delta_fallback, detail={'delta_swap_current': -16384, 'swap_saturated': True, 'workingset_refault_anon': 6180})
[puff_manager] pf-test-1: 호스트 여유 없음 (assigned=3631MiB budget=3119MiB), puff 건너뜀
[container_monitor] pf-test-1: 이미 suspend 상태, 재적용 생략
[container_monitor] pf-test-1: current=885.4MiB swap=127.9MiB max=919.0MiB cpu.usage_usec=4357633 method=swap_current_delta_fallback detail={'delta_swap_current': -8192, 'swap_saturated': True, 'workingset_refault_anon': 6187} events={'low': 0, 'high': 0, 'max': 41, 'oom': 0, 'oom_kill': 0, 'oom_group_kill': 0}
[container_monitor] pf-test-1: OCM 감지 (method=swap_current_delta_fallback, detail={'delta_swap_current': -8192, 'swap_saturated': True, 'workingset_refault_anon': 6187})
[puff_manager] pf-test-1: 호스트 여유 없음 (assigned=3631MiB budget=3119MiB), puff 건너뜀
[container_monitor] pf-test-1: 이미 suspend 상태, 재적용 생략
[container_monitor] pf-test-1: current=885.4MiB swap=127.9MiB max=919.0MiB cpu.usage_usec=4363648 method=swap_current_delta_fallback detail={'delta_swap_current': -12288, 'swap_saturated': True, 'workingset_refault_anon': 6191} events={'low': 0, 'high': 0, 'max': 41, 'oom': 0, 'oom_kill': 0, 'oom_group_kill': 0}
[container_monitor] pf-test-1: OCM 감지 (method=swap_current_delta_fallback, detail={'delta_swap_current': -12288, 'swap_saturated': True, 'workingset_refault_anon': 6191})
[puff_manager] pf-test-1: 호스트 여유 없음 (assigned=3631MiB budget=3119MiB), puff 건너뜀
[container_monitor] pf-test-1: 이미 suspend 상태, 재적용 생략
[container_monitor] pf-test-1: current=885.4MiB swap=127.9MiB max=919.0MiB cpu.usage_usec=4369925 method=swap_current_delta_fallback detail={'delta_swap_current': 0, 'swap_saturated': True, 'workingset_refault_anon': 6191} events={'low': 0, 'high': 0, 'max': 41, 'oom': 0, 'oom_kill': 0, 'oom_group_kill': 0}
[container_monitor] pf-test-1: OCM 감지 (method=swap_current_delta_fallback, detail={'delta_swap_current': 0, 'swap_saturated': True, 'workingset_refault_anon': 6191})
[puff_manager] pf-test-1: 호스트 여유 없음 (assigned=3631MiB budget=3119MiB), puff 건너뜀
[container_monitor] pf-test-1: 이미 suspend 상태, 재적용 생략
[container_monitor] pf-test-1: current=885.4MiB swap=127.9MiB max=919.0MiB cpu.usage_usec=4375452 method=swap_current_delta_fallback detail={'delta_swap_current': 0, 'swap_saturated': True, 'workingset_refault_anon': 6192} events={'low': 0, 'high': 0, 'max': 41, 'oom': 0, 'oom_kill': 0, 'oom_group_kill': 0}
[container_monitor] pf-test-1: OCM 감지 (method=swap_current_delta_fallback, detail={'delta_swap_current': 0, 'swap_saturated': True, 'workingset_refault_anon': 6192})
[puff_manager] pf-test-1: 호스트 여유 없음 (assigned=3631MiB budget=3119MiB), puff 건너뜀
[container_monitor] pf-test-1: 이미 suspend 상태, 재적용 생략
[container_monitor] pf-test-1: current=885.4MiB swap=127.9MiB max=919.0MiB cpu.usage_usec=4382106 method=swap_current_delta_fallback detail={'delta_swap_current': -12288, 'swap_saturated': True, 'workingset_refault_anon': 6193} events={'low': 0, 'high': 0, 'max': 41, 'oom': 0, 'oom_kill': 0, 'oom_group_kill': 0}
[container_monitor] pf-test-1: OCM 감지 (method=swap_current_delta_fallback, detail={'delta_swap_current': -12288, 'swap_saturated': True, 'workingset_refault_anon': 6193})
[puff_manager] pf-test-1: 호스트 여유 없음 (assigned=3631MiB budget=3119MiB), puff 건너뜀
[container_monitor] pf-test-1: 이미 suspend 상태, 재적용 생략
[container_monitor] pf-test-1: current=885.4MiB swap=127.9MiB max=919.0MiB cpu.usage_usec=4386739 method=swap_current_delta_fallback detail={'delta_swap_current': 0, 'swap_saturated': True, 'workingset_refault_anon': 6193} events={'low': 0, 'high': 0, 'max': 41, 'oom': 0, 'oom_kill': 0, 'oom_group_kill': 0}
[container_monitor] pf-test-1: OCM 감지 (method=swap_current_delta_fallback, detail={'delta_swap_current': 0, 'swap_saturated': True, 'workingset_refault_anon': 6193})
[puff_manager] pf-test-1: 호스트 여유 없음 (assigned=3631MiB budget=3119MiB), puff 건너뜀
[container_monitor] pf-test-1: 이미 suspend 상태, 재적용 생략
[container_monitor] pf-test-1: current=885.4MiB swap=127.9MiB max=919.0MiB cpu.usage_usec=4392714 method=swap_current_delta_fallback detail={'delta_swap_current': 0, 'swap_saturated': True, 'workingset_refault_anon': 6193} events={'low': 0, 'high': 0, 'max': 41, 'oom': 0, 'oom_kill': 0, 'oom_group_kill': 0}
[container_monitor] pf-test-1: OCM 감지 (method=swap_current_delta_fallback, detail={'delta_swap_current': 0, 'swap_saturated': True, 'workingset_refault_anon': 6193})
[puff_manager] pf-test-1: 호스트 여유 없음 (assigned=3631MiB budget=3119MiB), puff 건너뜀
[container_monitor] pf-test-1: 이미 suspend 상태, 재적용 생략
[container_monitor] pf-test-1: current=885.5MiB swap=127.9MiB max=919.0MiB cpu.usage_usec=4398152 method=swap_current_delta_fallback detail={'delta_swap_current': 0, 'swap_saturated': True, 'workingset_refault_anon': 6197} events={'low': 0, 'high': 0, 'max': 41, 'oom': 0, 'oom_kill': 0, 'oom_group_kill': 0}
[container_monitor] pf-test-1: OCM 감지 (method=swap_current_delta_fallback, detail={'delta_swap_current': 0, 'swap_saturated': True, 'workingset_refault_anon': 6197})
[puff_manager] pf-test-1: 호스트 여유 없음 (assigned=3631MiB budget=3119MiB), puff 건너뜀
[container_monitor] pf-test-1: 이미 suspend 상태, 재적용 생략
[container_monitor] pf-test-1: current=888.7MiB swap=124.7MiB max=919.0MiB cpu.usage_usec=4404133 method=swap_current_delta_fallback detail={'delta_swap_current': -3330048, 'swap_saturated': True, 'workingset_refault_anon': 6249} events={'low': 0, 'high': 0, 'max': 41, 'oom': 0, 'oom_kill': 0, 'oom_group_kill': 0}
[container_monitor] pf-test-1: OCM 감지 (method=swap_current_delta_fallback, detail={'delta_swap_current': -3330048, 'swap_saturated': True, 'workingset_refault_anon': 6249})
[puff_manager] pf-test-1: 호스트 여유 없음 (assigned=3631MiB budget=3119MiB), puff 건너뜀
[container_monitor] pf-test-1: 이미 suspend 상태, 재적용 생략
[container_monitor] pf-test-1: current=890.6MiB swap=123.0MiB max=919.0MiB cpu.usage_usec=4410245 method=swap_current_delta_fallback detail={'delta_swap_current': -1826816, 'swap_saturated': True, 'workingset_refault_anon': 6302} events={'low': 0, 'high': 0, 'max': 41, 'oom': 0, 'oom_kill': 0, 'oom_group_kill': 0}
[container_monitor] pf-test-1: OCM 감지 (method=swap_current_delta_fallback, detail={'delta_swap_current': -1826816, 'swap_saturated': True, 'workingset_refault_anon': 6302})
[puff_manager] pf-test-1: 호스트 여유 없음 (assigned=3631MiB budget=3119MiB), puff 건너뜀
[container_monitor] pf-test-1: 이미 suspend 상태, 재적용 생략
[container_monitor] pf-test-1: current=893.6MiB swap=120.0MiB max=919.0MiB cpu.usage_usec=4416151 method=swap_current_delta_fallback detail={'delta_swap_current': -3104768, 'swap_saturated': False, 'workingset_refault_anon': 6399} events={'low': 0, 'high': 0, 'max': 41, 'oom': 0, 'oom_kill': 0, 'oom_group_kill': 0}
[container_monitor] pf-test-1: current=897.6MiB swap=116.6MiB max=919.0MiB cpu.usage_usec=4421137 method=swap_current_delta_fallback detail={'delta_swap_current': -3641344, 'swap_saturated': False, 'workingset_refault_anon': 6535} events={'low': 0, 'high': 0, 'max': 41, 'oom': 0, 'oom_kill': 0, 'oom_group_kill': 0}
[container_monitor] pf-test-1: current=900.0MiB swap=114.3MiB max=919.0MiB cpu.usage_usec=4426155 method=swap_current_delta_fallback detail={'delta_swap_current': -2338816, 'swap_saturated': False, 'workingset_refault_anon': 6535} events={'low': 0, 'high': 0, 'max': 41, 'oom': 0, 'oom_kill': 0, 'oom_group_kill': 0}
[container_monitor] pf-test-1: current=902.6MiB swap=111.6MiB max=919.0MiB cpu.usage_usec=4431152 method=swap_current_delta_fallback detail={'delta_swap_current': -2854912, 'swap_saturated': False, 'workingset_refault_anon': 6559} events={'low': 0, 'high': 0, 'max': 41, 'oom': 0, 'oom_kill': 0, 'oom_group_kill': 0}
[container_monitor] pf-test-1: current=903.2MiB swap=111.1MiB max=919.0MiB cpu.usage_usec=4436036 method=swap_current_delta_fallback detail={'delta_swap_current': -524288, 'swap_saturated': False, 'workingset_refault_anon': 6679} events={'low': 0, 'high': 0, 'max': 41, 'oom': 0, 'oom_kill': 0, 'oom_group_kill': 0}
[container_monitor] pf-test-1: current=903.2MiB swap=111.1MiB max=919.0MiB cpu.usage_usec=4436621 method=swap_current_delta_fallback detail={'delta_swap_current': 0, 'swap_saturated': False, 'workingset_refault_anon': 6679} events={'low': 0, 'high': 0, 'max': 41, 'oom': 0, 'oom_kill': 0, 'oom_group_kill': 0}
[container_monitor] pf-test-1: current=903.2MiB swap=111.1MiB max=919.0MiB cpu.usage_usec=4437325 method=swap_current_delta_fallback detail={'delta_swap_current': 0, 'swap_saturated': False, 'workingset_refault_anon': 6679} events={'low': 0, 'high': 0, 'max': 41, 'oom': 0, 'oom_kill': 0, 'oom_group_kill': 0}
[container_monitor] pf-test-1: current=903.2MiB swap=111.1MiB max=919.0MiB cpu.usage_usec=4437871 method=swap_current_delta_fallback detail={'delta_swap_current': 0, 'swap_saturated': False, 'workingset_refault_anon': 6679} events={'low': 0, 'high': 0, 'max': 41, 'oom': 0, 'oom_kill': 0, 'oom_group_kill': 0}
[container_monitor] pf-test-1: current=903.7MiB swap=110.5MiB max=919.0MiB cpu.usage_usec=4440132 method=swap_current_delta_fallback detail={'delta_swap_current': -634880, 'swap_saturated': False, 'workingset_refault_anon': 6679} events={'low': 0, 'high': 0, 'max': 41, 'oom': 0, 'oom_kill': 0, 'oom_group_kill': 0}
[container_monitor] pf-test-1: current=907.9MiB swap=106.5MiB max=919.0MiB cpu.usage_usec=4445176 method=swap_current_delta_fallback detail={'delta_swap_current': -4218880, 'swap_saturated': False, 'workingset_refault_anon': 6680} events={'low': 0, 'high': 0, 'max': 41, 'oom': 0, 'oom_kill': 0, 'oom_group_kill': 0}
[container_monitor] pf-test-1: current=909.0MiB swap=104.9MiB max=919.0MiB cpu.usage_usec=4450276 method=swap_current_delta_fallback detail={'delta_swap_current': -1687552, 'swap_saturated': False, 'workingset_refault_anon': 6731} events={'low': 0, 'high': 0, 'max': 41, 'oom': 0, 'oom_kill': 0, 'oom_group_kill': 0}
[container_monitor] pf-test-1: current=907.6MiB swap=104.9MiB max=919.0MiB cpu.usage_usec=4451271 method=swap_current_delta_fallback detail={'delta_swap_current': -4096, 'swap_saturated': False, 'workingset_refault_anon': 6731} events={'low': 0, 'high': 0, 'max': 41, 'oom': 0, 'oom_kill': 0, 'oom_group_kill': 0}
[container_monitor] pf-test-1: current=905.3MiB swap=106.1MiB max=919.0MiB cpu.usage_usec=4451921 method=swap_current_delta_fallback detail={'delta_swap_current': 1286144, 'swap_saturated': False, 'workingset_refault_anon': 6731} events={'low': 0, 'high': 0, 'max': 41, 'oom': 0, 'oom_kill': 0, 'oom_group_kill': 0}
[container_monitor] pf-test-1: OCM 감지 (method=swap_current_delta_fallback, detail={'delta_swap_current': 1286144, 'swap_saturated': False, 'workingset_refault_anon': 6731})
[puff_manager] pf-test-1: 호스트 여유 없음 (assigned=3631MiB budget=3119MiB), puff 건너뜀
[container_monitor] pf-test-1: 이미 suspend 상태, 재적용 생략
[container_monitor] pf-test-1: current=899.6MiB swap=111.1MiB max=919.0MiB cpu.usage_usec=4452533 method=swap_current_delta_fallback detail={'delta_swap_current': 5292032, 'swap_saturated': False, 'workingset_refault_anon': 6731} events={'low': 0, 'high': 0, 'max': 41, 'oom': 0, 'oom_kill': 0, 'oom_group_kill': 0}
[container_monitor] pf-test-1: OCM 감지 (method=swap_current_delta_fallback, detail={'delta_swap_current': 5292032, 'swap_saturated': False, 'workingset_refault_anon': 6731})
[puff_manager] pf-test-1: 호스트 여유 없음 (assigned=3631MiB budget=3119MiB), puff 건너뜀
[container_monitor] pf-test-1: 이미 suspend 상태, 재적용 생략
[container_monitor] pf-test-1: current=895.9MiB swap=114.1MiB max=919.0MiB cpu.usage_usec=4454156 method=swap_current_delta_fallback detail={'delta_swap_current': 3108864, 'swap_saturated': False, 'workingset_refault_anon': 6731} events={'low': 0, 'high': 0, 'max': 41, 'oom': 0, 'oom_kill': 0, 'oom_group_kill': 0}
[container_monitor] pf-test-1: OCM 감지 (method=swap_current_delta_fallback, detail={'delta_swap_current': 3108864, 'swap_saturated': False, 'workingset_refault_anon': 6731})
[puff_manager] pf-test-1: 호스트 여유 없음 (assigned=3631MiB budget=3119MiB), puff 건너뜀
[container_monitor] pf-test-1: 이미 suspend 상태, 재적용 생략
[container_monitor] pf-test-1: current=900.3MiB swap=109.7MiB max=919.0MiB cpu.usage_usec=4460158 method=swap_current_delta_fallback detail={'delta_swap_current': -4665344, 'swap_saturated': False, 'workingset_refault_anon': 6762} events={'low': 0, 'high': 0, 'max': 41, 'oom': 0, 'oom_kill': 0, 'oom_group_kill': 0}
[container_monitor] pf-test-1: current=903.2MiB swap=106.9MiB max=919.0MiB cpu.usage_usec=4465137 method=swap_current_delta_fallback detail={'delta_swap_current': -2883584, 'swap_saturated': False, 'workingset_refault_anon': 6762} events={'low': 0, 'high': 0, 'max': 41, 'oom': 0, 'oom_kill': 0, 'oom_group_kill': 0}
[container_monitor] pf-test-1: current=903.6MiB swap=106.4MiB max=919.0MiB cpu.usage_usec=4467526 method=swap_current_delta_fallback detail={'delta_swap_current': -524288, 'swap_saturated': False, 'workingset_refault_anon': 6766} events={'low': 0, 'high': 0, 'max': 41, 'oom': 0, 'oom_kill': 0, 'oom_group_kill': 0}
[container_monitor] pf-test-1: current=903.6MiB swap=106.2MiB max=919.0MiB cpu.usage_usec=4468073 method=swap_current_delta_fallback detail={'delta_swap_current': -163840, 'swap_saturated': False, 'workingset_refault_anon': 6766} events={'low': 0, 'high': 0, 'max': 41, 'oom': 0, 'oom_kill': 0, 'oom_group_kill': 0}
[container_monitor] pf-test-1: current=903.6MiB swap=106.2MiB max=919.0MiB cpu.usage_usec=4468494 method=swap_current_delta_fallback detail={'delta_swap_current': 0, 'swap_saturated': False, 'workingset_refault_anon': 6769} events={'low': 0, 'high': 0, 'max': 41, 'oom': 0, 'oom_kill': 0, 'oom_group_kill': 0}
[container_monitor] pf-test-1: current=903.6MiB swap=106.3MiB max=919.0MiB cpu.usage_usec=4468934 method=swap_current_delta_fallback detail={'delta_swap_current': 16384, 'swap_saturated': False, 'workingset_refault_anon': 6769} events={'low': 0, 'high': 0, 'max': 41, 'oom': 0, 'oom_kill': 0, 'oom_group_kill': 0}
[container_monitor] pf-test-1: OCM 감지 (method=swap_current_delta_fallback, detail={'delta_swap_current': 16384, 'swap_saturated': False, 'workingset_refault_anon': 6769})
[puff_manager] pf-test-1: 호스트 여유 없음 (assigned=3631MiB budget=3119MiB), puff 건너뜀
[container_monitor] pf-test-1: 이미 suspend 상태, 재적용 생략
[container_monitor] pf-test-1: current=908.3MiB swap=101.8MiB max=919.0MiB cpu.usage_usec=4474133 method=swap_current_delta_fallback detail={'delta_swap_current': -4665344, 'swap_saturated': False, 'workingset_refault_anon': 6769} events={'low': 0, 'high': 0, 'max': 41, 'oom': 0, 'oom_kill': 0, 'oom_group_kill': 0}
[container_monitor] pf-test-1: current=901.0MiB swap=109.6MiB max=919.0MiB cpu.usage_usec=4479130 method=swap_current_delta_fallback detail={'delta_swap_current': 8163328, 'swap_saturated': False, 'workingset_refault_anon': 6781} events={'low': 0, 'high': 0, 'max': 41, 'oom': 0, 'oom_kill': 0, 'oom_group_kill': 0}
[container_monitor] pf-test-1: OCM 감지 (method=swap_current_delta_fallback, detail={'delta_swap_current': 8163328, 'swap_saturated': False, 'workingset_refault_anon': 6781})
[puff_manager] pf-test-1: 호스트 여유 없음 (assigned=3631MiB budget=3119MiB), puff 건너뜀
[container_monitor] pf-test-1: 이미 suspend 상태, 재적용 생략
[container_monitor] pf-test-1: current=901.3MiB swap=108.6MiB max=919.0MiB cpu.usage_usec=4481135 method=swap_current_delta_fallback detail={'delta_swap_current': -1056768, 'swap_saturated': False, 'workingset_refault_anon': 6781} events={'low': 0, 'high': 0, 'max': 41, 'oom': 0, 'oom_kill': 0, 'oom_group_kill': 0}
[container_monitor] pf-test-1: current=901.3MiB swap=108.6MiB max=919.0MiB cpu.usage_usec=4482234 method=swap_current_delta_fallback detail={'delta_swap_current': 0, 'swap_saturated': False, 'workingset_refault_anon': 6781} events={'low': 0, 'high': 0, 'max': 41, 'oom': 0, 'oom_kill': 0, 'oom_group_kill': 0}
[container_monitor] pf-test-1: current=901.3MiB swap=108.6MiB max=919.0MiB cpu.usage_usec=4482972 method=swap_current_delta_fallback detail={'delta_swap_current': -8192, 'swap_saturated': False, 'workingset_refault_anon': 6781} events={'low': 0, 'high': 0, 'max': 41, 'oom': 0, 'oom_kill': 0, 'oom_group_kill': 0}
[container_monitor] pf-test-1: current=901.2MiB swap=108.6MiB max=919.0MiB cpu.usage_usec=4483559 method=swap_current_delta_fallback detail={'delta_swap_current': 49152, 'swap_saturated': False, 'workingset_refault_anon': 6781} events={'low': 0, 'high': 0, 'max': 41, 'oom': 0, 'oom_kill': 0, 'oom_group_kill': 0}
[container_monitor] pf-test-1: OCM 감지 (method=swap_current_delta_fallback, detail={'delta_swap_current': 49152, 'swap_saturated': False, 'workingset_refault_anon': 6781})
[puff_manager] pf-test-1: 호스트 여유 없음 (assigned=3631MiB budget=3119MiB), puff 건너뜀
[container_monitor] pf-test-1: 이미 suspend 상태, 재적용 생략
[container_monitor] pf-test-1: current=905.3MiB swap=104.6MiB max=919.0MiB cpu.usage_usec=4489164 method=swap_current_delta_fallback detail={'delta_swap_current': -4280320, 'swap_saturated': False, 'workingset_refault_anon': 6781} events={'low': 0, 'high': 0, 'max': 41, 'oom': 0, 'oom_kill': 0, 'oom_group_kill': 0}
[container_monitor] pf-test-1: current=896.9MiB swap=114.5MiB max=919.0MiB cpu.usage_usec=4494177 method=swap_current_delta_fallback detail={'delta_swap_current': 10395648, 'swap_saturated': False, 'workingset_refault_anon': 6786} events={'low': 0, 'high': 0, 'max': 41, 'oom': 0, 'oom_kill': 0, 'oom_group_kill': 0}
[container_monitor] pf-test-1: OCM 감지 (method=swap_current_delta_fallback, detail={'delta_swap_current': 10395648, 'swap_saturated': False, 'workingset_refault_anon': 6786})
[puff_manager] pf-test-1: 호스트 여유 없음 (assigned=3631MiB budget=3119MiB), puff 건너뜀
[container_monitor] pf-test-1: 이미 suspend 상태, 재적용 생략
[container_monitor] pf-test-1: current=882.6MiB swap=127.8MiB max=919.0MiB cpu.usage_usec=4495331 method=swap_current_delta_fallback detail={'delta_swap_current': 13975552, 'swap_saturated': True, 'workingset_refault_anon': 6786} events={'low': 0, 'high': 0, 'max': 41, 'oom': 0, 'oom_kill': 0, 'oom_group_kill': 0}
[container_monitor] pf-test-1: OCM 감지 (method=swap_current_delta_fallback, detail={'delta_swap_current': 13975552, 'swap_saturated': True, 'workingset_refault_anon': 6786})
[puff_manager] pf-test-1: 호스트 여유 없음 (assigned=3631MiB budget=3119MiB), puff 건너뜀
[container_monitor] pf-test-1: 이미 suspend 상태, 재적용 생략
[container_monitor] pf-test-1: current=882.6MiB swap=127.8MiB max=919.0MiB cpu.usage_usec=4495912 method=swap_current_delta_fallback detail={'delta_swap_current': 0, 'swap_saturated': True, 'workingset_refault_anon': 6786} events={'low': 0, 'high': 0, 'max': 41, 'oom': 0, 'oom_kill': 0, 'oom_group_kill': 0}
[container_monitor] pf-test-1: OCM 감지 (method=swap_current_delta_fallback, detail={'delta_swap_current': 0, 'swap_saturated': True, 'workingset_refault_anon': 6786})
[puff_manager] pf-test-1: 호스트 여유 없음 (assigned=3631MiB budget=3119MiB), puff 건너뜀
[container_monitor] pf-test-1: 이미 suspend 상태, 재적용 생략
[container_monitor] pf-test-1: current=882.6MiB swap=127.8MiB max=919.0MiB cpu.usage_usec=4496253 method=swap_current_delta_fallback detail={'delta_swap_current': 0, 'swap_saturated': True, 'workingset_refault_anon': 6786} events={'low': 0, 'high': 0, 'max': 41, 'oom': 0, 'oom_kill': 0, 'oom_group_kill': 0}
[container_monitor] pf-test-1: OCM 감지 (method=swap_current_delta_fallback, detail={'delta_swap_current': 0, 'swap_saturated': True, 'workingset_refault_anon': 6786})
[puff_manager] pf-test-1: 호스트 여유 없음 (assigned=3631MiB budget=3119MiB), puff 건너뜀
[container_monitor] pf-test-1: 이미 suspend 상태, 재적용 생략
[container_monitor] pf-test-1: current=884.0MiB swap=126.7MiB max=919.0MiB cpu.usage_usec=4500172 method=swap_current_delta_fallback detail={'delta_swap_current': -1191936, 'swap_saturated': True, 'workingset_refault_anon': 6786} events={'low': 0, 'high': 0, 'max': 41, 'oom': 0, 'oom_kill': 0, 'oom_group_kill': 0}
[container_monitor] pf-test-1: OCM 감지 (method=swap_current_delta_fallback, detail={'delta_swap_current': -1191936, 'swap_saturated': True, 'workingset_refault_anon': 6786})
[puff_manager] pf-test-1: 호스트 여유 없음 (assigned=3631MiB budget=3119MiB), puff 건너뜀
[container_monitor] pf-test-1: 이미 suspend 상태, 재적용 생략
[container_monitor] pf-test-1: current=889.1MiB swap=121.5MiB max=919.0MiB cpu.usage_usec=4506306 method=swap_current_delta_fallback detail={'delta_swap_current': -5455872, 'swap_saturated': False, 'workingset_refault_anon': 6948} events={'low': 0, 'high': 0, 'max': 41, 'oom': 0, 'oom_kill': 0, 'oom_group_kill': 0}
[container_monitor] pf-test-1: current=888.5MiB swap=121.9MiB max=919.0MiB cpu.usage_usec=4507575 method=swap_current_delta_fallback detail={'delta_swap_current': 438272, 'swap_saturated': True, 'workingset_refault_anon': 6948} events={'low': 0, 'high': 0, 'max': 41, 'oom': 0, 'oom_kill': 0, 'oom_group_kill': 0}
[container_monitor] pf-test-1: OCM 감지 (method=swap_current_delta_fallback, detail={'delta_swap_current': 438272, 'swap_saturated': True, 'workingset_refault_anon': 6948})
[puff_manager] pf-test-1: 호스트 여유 없음 (assigned=3631MiB budget=3119MiB), puff 건너뜀
[container_monitor] pf-test-1: 이미 suspend 상태, 재적용 생략
[container_monitor] pf-test-1: current=878.1MiB swap=128.0MiB max=919.0MiB cpu.usage_usec=4507875 method=swap_current_delta_fallback detail={'delta_swap_current': 6426624, 'swap_saturated': True, 'workingset_refault_anon': 6951} events={'low': 0, 'high': 0, 'max': 41, 'oom': 0, 'oom_kill': 0, 'oom_group_kill': 0}
[container_monitor] pf-test-1: OCM 감지 (method=swap_current_delta_fallback, detail={'delta_swap_current': 6426624, 'swap_saturated': True, 'workingset_refault_anon': 6951})
[puff_manager] pf-test-1: 호스트 여유 없음 (assigned=3631MiB budget=3119MiB), puff 건너뜀
[container_monitor] pf-test-1: 이미 suspend 상태, 재적용 생략
[container_monitor] pf-test-1: current=878.1MiB swap=128.0MiB max=919.0MiB cpu.usage_usec=4508066 method=swap_current_delta_fallback detail={'delta_swap_current': 0, 'swap_saturated': True, 'workingset_refault_anon': 6951} events={'low': 0, 'high': 0, 'max': 41, 'oom': 0, 'oom_kill': 0, 'oom_group_kill': 0}
[container_monitor] pf-test-1: OCM 감지 (method=swap_current_delta_fallback, detail={'delta_swap_current': 0, 'swap_saturated': True, 'workingset_refault_anon': 6951})
[puff_manager] pf-test-1: 호스트 여유 없음 (assigned=3631MiB budget=3119MiB), puff 건너뜀
[container_monitor] pf-test-1: 이미 suspend 상태, 재적용 생략
[container_monitor] pf-test-1: current=878.1MiB swap=128.0MiB max=919.0MiB cpu.usage_usec=4510508 method=swap_current_delta_fallback detail={'delta_swap_current': 0, 'swap_saturated': True, 'workingset_refault_anon': 6952} events={'low': 0, 'high': 0, 'max': 41, 'oom': 0, 'oom_kill': 0, 'oom_group_kill': 0}
[container_monitor] pf-test-1: OCM 감지 (method=swap_current_delta_fallback, detail={'delta_swap_current': 0, 'swap_saturated': True, 'workingset_refault_anon': 6952})
[puff_manager] pf-test-1: 호스트 여유 없음 (assigned=3631MiB budget=3119MiB), puff 건너뜀
[container_monitor] pf-test-1: 이미 suspend 상태, 재적용 생략
[container_monitor] pf-test-1: current=878.3MiB swap=127.8MiB max=919.0MiB cpu.usage_usec=4516180 method=swap_current_delta_fallback detail={'delta_swap_current': -163840, 'swap_saturated': True, 'workingset_refault_anon': 6969} events={'low': 0, 'high': 0, 'max': 41, 'oom': 0, 'oom_kill': 0, 'oom_group_kill': 0}
[container_monitor] pf-test-1: OCM 감지 (method=swap_current_delta_fallback, detail={'delta_swap_current': -163840, 'swap_saturated': True, 'workingset_refault_anon': 6969})
[puff_manager] pf-test-1: 호스트 여유 없음 (assigned=3631MiB budget=3119MiB), puff 건너뜀
[container_monitor] pf-test-1: 이미 suspend 상태, 재적용 생략
[container_monitor] pf-test-1: current=878.3MiB swap=127.8MiB max=919.0MiB cpu.usage_usec=4517019 method=swap_current_delta_fallback detail={'delta_swap_current': -20480, 'swap_saturated': True, 'workingset_refault_anon': 6974} events={'low': 0, 'high': 0, 'max': 41, 'oom': 0, 'oom_kill': 0, 'oom_group_kill': 0}
[container_monitor] pf-test-1: OCM 감지 (method=swap_current_delta_fallback, detail={'delta_swap_current': -20480, 'swap_saturated': True, 'workingset_refault_anon': 6974})
[puff_manager] pf-test-1: 호스트 여유 없음 (assigned=3631MiB budget=3119MiB), puff 건너뜀
[container_monitor] pf-test-1: 이미 suspend 상태, 재적용 생략
[container_monitor] pf-test-1: current=878.3MiB swap=127.8MiB max=919.0MiB cpu.usage_usec=4517357 method=swap_current_delta_fallback detail={'delta_swap_current': 0, 'swap_saturated': True, 'workingset_refault_anon': 6974} events={'low': 0, 'high': 0, 'max': 41, 'oom': 0, 'oom_kill': 0, 'oom_group_kill': 0}
[container_monitor] pf-test-1: OCM 감지 (method=swap_current_delta_fallback, detail={'delta_swap_current': 0, 'swap_saturated': True, 'workingset_refault_anon': 6974})
[puff_manager] pf-test-1: 호스트 여유 없음 (assigned=3631MiB budget=3119MiB), puff 건너뜀
[container_monitor] pf-test-1: 이미 suspend 상태, 재적용 생략
[container_monitor] pf-test-1: current=878.7MiB swap=127.7MiB max=919.0MiB cpu.usage_usec=4519159 method=swap_current_delta_fallback detail={'delta_swap_current': -151552, 'swap_saturated': True, 'workingset_refault_anon': 6974} events={'low': 0, 'high': 0, 'max': 41, 'oom': 0, 'oom_kill': 0, 'oom_group_kill': 0}
[container_monitor] pf-test-1: OCM 감지 (method=swap_current_delta_fallback, detail={'delta_swap_current': -151552, 'swap_saturated': True, 'workingset_refault_anon': 6974})
[puff_manager] pf-test-1: 호스트 여유 없음 (assigned=3631MiB budget=3119MiB), puff 건너뜀
[container_monitor] pf-test-1: 이미 suspend 상태, 재적용 생략
[container_monitor] pf-test-1: current=880.1MiB swap=125.6MiB max=919.0MiB cpu.usage_usec=4525144 method=swap_current_delta_fallback detail={'delta_swap_current': -2195456, 'swap_saturated': True, 'workingset_refault_anon': 7014} events={'low': 0, 'high': 0, 'max': 41, 'oom': 0, 'oom_kill': 0, 'oom_group_kill': 0}
[container_monitor] pf-test-1: OCM 감지 (method=swap_current_delta_fallback, detail={'delta_swap_current': -2195456, 'swap_saturated': True, 'workingset_refault_anon': 7014})
[puff_manager] pf-test-1: 호스트 여유 없음 (assigned=3631MiB budget=3119MiB), puff 건너뜀
[container_monitor] pf-test-1: 이미 suspend 상태, 재적용 생략
[container_monitor] pf-test-1: current=878.6MiB swap=127.0MiB max=919.0MiB cpu.usage_usec=4527771 method=swap_current_delta_fallback detail={'delta_swap_current': 1531904, 'swap_saturated': True, 'workingset_refault_anon': 7017} events={'low': 0, 'high': 0, 'max': 41, 'oom': 0, 'oom_kill': 0, 'oom_group_kill': 0}
[container_monitor] pf-test-1: OCM 감지 (method=swap_current_delta_fallback, detail={'delta_swap_current': 1531904, 'swap_saturated': True, 'workingset_refault_anon': 7017})
[puff_manager] pf-test-1: 호스트 여유 없음 (assigned=3631MiB budget=3119MiB), puff 건너뜀
[container_monitor] pf-test-1: 이미 suspend 상태, 재적용 생략
[container_monitor] pf-test-1: current=878.7MiB swap=127.0MiB max=919.0MiB cpu.usage_usec=4528189 method=swap_current_delta_fallback detail={'delta_swap_current': -98304, 'swap_saturated': True, 'workingset_refault_anon': 7024} events={'low': 0, 'high': 0, 'max': 41, 'oom': 0, 'oom_kill': 0, 'oom_group_kill': 0}
[container_monitor] pf-test-1: OCM 감지 (method=swap_current_delta_fallback, detail={'delta_swap_current': -98304, 'swap_saturated': True, 'workingset_refault_anon': 7024})
[puff_manager] pf-test-1: 호스트 여유 없음 (assigned=3631MiB budget=3119MiB), puff 건너뜀
[container_monitor] pf-test-1: 이미 suspend 상태, 재적용 생략
[container_monitor] pf-test-1: current=878.7MiB swap=127.0MiB max=919.0MiB cpu.usage_usec=4528568 method=swap_current_delta_fallback detail={'delta_swap_current': 0, 'swap_saturated': True, 'workingset_refault_anon': 7024} events={'low': 0, 'high': 0, 'max': 41, 'oom': 0, 'oom_kill': 0, 'oom_group_kill': 0}
[container_monitor] pf-test-1: OCM 감지 (method=swap_current_delta_fallback, detail={'delta_swap_current': 0, 'swap_saturated': True, 'workingset_refault_anon': 7024})
[puff_manager] pf-test-1: 호스트 여유 없음 (assigned=3631MiB budget=3119MiB), puff 건너뜀
[container_monitor] pf-test-1: 이미 suspend 상태, 재적용 생략
[container_monitor] pf-test-1: current=879.8MiB swap=127.0MiB max=919.0MiB cpu.usage_usec=4532156 method=swap_current_delta_fallback detail={'delta_swap_current': 8192, 'swap_saturated': True, 'workingset_refault_anon': 7024} events={'low': 0, 'high': 0, 'max': 41, 'oom': 0, 'oom_kill': 0, 'oom_group_kill': 0}
[container_monitor] pf-test-1: OCM 감지 (method=swap_current_delta_fallback, detail={'delta_swap_current': 8192, 'swap_saturated': True, 'workingset_refault_anon': 7024})
[puff_manager] pf-test-1: 호스트 여유 없음 (assigned=3631MiB budget=3119MiB), puff 건너뜀
[container_monitor] pf-test-1: 이미 suspend 상태, 재적용 생략
[container_monitor] pf-test-1: current=884.2MiB swap=122.7MiB max=919.0MiB cpu.usage_usec=4538165 method=swap_current_delta_fallback detail={'delta_swap_current': -4501504, 'swap_saturated': True, 'workingset_refault_anon': 7034} events={'low': 0, 'high': 0, 'max': 41, 'oom': 0, 'oom_kill': 0, 'oom_group_kill': 0}
[container_monitor] pf-test-1: OCM 감지 (method=swap_current_delta_fallback, detail={'delta_swap_current': -4501504, 'swap_saturated': True, 'workingset_refault_anon': 7034})
[puff_manager] pf-test-1: 호스트 여유 없음 (assigned=3631MiB budget=3119MiB), puff 건너뜀
[container_monitor] pf-test-1: 이미 suspend 상태, 재적용 생략
[container_monitor] pf-test-1: current=880.2MiB swap=125.5MiB max=919.0MiB cpu.usage_usec=4541129 method=swap_current_delta_fallback detail={'delta_swap_current': 2998272, 'swap_saturated': True, 'workingset_refault_anon': 7034} events={'low': 0, 'high': 0, 'max': 41, 'oom': 0, 'oom_kill': 0, 'oom_group_kill': 0}
[container_monitor] pf-test-1: OCM 감지 (method=swap_current_delta_fallback, detail={'delta_swap_current': 2998272, 'swap_saturated': True, 'workingset_refault_anon': 7034})
[puff_manager] pf-test-1: 호스트 여유 없음 (assigned=3631MiB budget=3119MiB), puff 건너뜀
[container_monitor] pf-test-1: 이미 suspend 상태, 재적용 생략
[container_monitor] pf-test-1: current=877.9MiB swap=128.0MiB max=919.0MiB cpu.usage_usec=4541666 method=swap_current_delta_fallback detail={'delta_swap_current': 2592768, 'swap_saturated': True, 'workingset_refault_anon': 7034} events={'low': 0, 'high': 0, 'max': 41, 'oom': 0, 'oom_kill': 0, 'oom_group_kill': 0}
[container_monitor] pf-test-1: OCM 감지 (method=swap_current_delta_fallback, detail={'delta_swap_current': 2592768, 'swap_saturated': True, 'workingset_refault_anon': 7034})
[puff_manager] pf-test-1: 호스트 여유 없음 (assigned=3631MiB budget=3119MiB), puff 건너뜀
[container_monitor] pf-test-1: 이미 suspend 상태, 재적용 생략
[container_monitor] pf-test-1: current=877.9MiB swap=128.0MiB max=919.0MiB cpu.usage_usec=4541984 method=swap_current_delta_fallback detail={'delta_swap_current': 0, 'swap_saturated': True, 'workingset_refault_anon': 7034} events={'low': 0, 'high': 0, 'max': 41, 'oom': 0, 'oom_kill': 0, 'oom_group_kill': 0}
[container_monitor] pf-test-1: OCM 감지 (method=swap_current_delta_fallback, detail={'delta_swap_current': 0, 'swap_saturated': True, 'workingset_refault_anon': 7034})
[puff_manager] pf-test-1: 호스트 여유 없음 (assigned=3631MiB budget=3119MiB), puff 건너뜀
[container_monitor] pf-test-1: 이미 suspend 상태, 재적용 생략
[container_monitor] pf-test-1: current=878.7MiB swap=127.4MiB max=919.0MiB cpu.usage_usec=4544166 method=swap_current_delta_fallback detail={'delta_swap_current': -667648, 'swap_saturated': True, 'workingset_refault_anon': 7034} events={'low': 0, 'high': 0, 'max': 41, 'oom': 0, 'oom_kill': 0, 'oom_group_kill': 0}
[container_monitor] pf-test-1: OCM 감지 (method=swap_current_delta_fallback, detail={'delta_swap_current': -667648, 'swap_saturated': True, 'workingset_refault_anon': 7034})
[puff_manager] pf-test-1: 호스트 여유 없음 (assigned=3631MiB budget=3119MiB), puff 건너뜀
[container_monitor] pf-test-1: 이미 suspend 상태, 재적용 생략
[container_monitor] pf-test-1: current=882.1MiB swap=123.9MiB max=919.0MiB cpu.usage_usec=4550159 method=swap_current_delta_fallback detail={'delta_swap_current': -3584000, 'swap_saturated': True, 'workingset_refault_anon': 7088} events={'low': 0, 'high': 0, 'max': 41, 'oom': 0, 'oom_kill': 0, 'oom_group_kill': 0}
[container_monitor] pf-test-1: OCM 감지 (method=swap_current_delta_fallback, detail={'delta_swap_current': -3584000, 'swap_saturated': True, 'workingset_refault_anon': 7088})
[puff_manager] pf-test-1: 호스트 여유 없음 (assigned=3631MiB budget=3119MiB), puff 건너뜀
[container_monitor] pf-test-1: 이미 suspend 상태, 재적용 생략
[container_monitor] pf-test-1: current=885.9MiB swap=120.2MiB max=919.0MiB cpu.usage_usec=4556216 method=swap_current_delta_fallback detail={'delta_swap_current': -3919872, 'swap_saturated': False, 'workingset_refault_anon': 7091} events={'low': 0, 'high': 0, 'max': 41, 'oom': 0, 'oom_kill': 0, 'oom_group_kill': 0}
[container_monitor] pf-test-1: current=886.1MiB swap=120.0MiB max=919.0MiB cpu.usage_usec=4561362 method=swap_current_delta_fallback detail={'delta_swap_current': -196608, 'swap_saturated': False, 'workingset_refault_anon': 7093} events={'low': 0, 'high': 0, 'max': 41, 'oom': 0, 'oom_kill': 0, 'oom_group_kill': 0}
[container_monitor] pf-test-1: current=886.1MiB swap=120.0MiB max=919.0MiB cpu.usage_usec=4562106 method=swap_current_delta_fallback detail={'delta_swap_current': -16384, 'swap_saturated': False, 'workingset_refault_anon': 7093} events={'low': 0, 'high': 0, 'max': 41, 'oom': 0, 'oom_kill': 0, 'oom_group_kill': 0}
[container_monitor] pf-test-1: current=886.1MiB swap=120.0MiB max=919.0MiB cpu.usage_usec=4562932 method=swap_current_delta_fallback detail={'delta_swap_current': 0, 'swap_saturated': False, 'workingset_refault_anon': 7093} events={'low': 0, 'high': 0, 'max': 41, 'oom': 0, 'oom_kill': 0, 'oom_group_kill': 0}
[container_monitor] pf-test-1: current=880.4MiB swap=126.1MiB max=919.0MiB cpu.usage_usec=4563612 method=swap_current_delta_fallback detail={'delta_swap_current': 6397952, 'swap_saturated': True, 'workingset_refault_anon': 7093} events={'low': 0, 'high': 0, 'max': 41, 'oom': 0, 'oom_kill': 0, 'oom_group_kill': 0}
[container_monitor] pf-test-1: OCM 감지 (method=swap_current_delta_fallback, detail={'delta_swap_current': 6397952, 'swap_saturated': True, 'workingset_refault_anon': 7093})
[puff_manager] pf-test-1: 호스트 여유 없음 (assigned=3631MiB budget=3119MiB), puff 건너뜀
[container_monitor] pf-test-1: 이미 suspend 상태, 재적용 생략
[container_monitor] pf-test-1: current=881.0MiB swap=124.0MiB max=919.0MiB cpu.usage_usec=4568142 method=swap_current_delta_fallback detail={'delta_swap_current': -2240512, 'swap_saturated': True, 'workingset_refault_anon': 7102} events={'low': 0, 'high': 0, 'max': 41, 'oom': 0, 'oom_kill': 0, 'oom_group_kill': 0}
[container_monitor] pf-test-1: OCM 감지 (method=swap_current_delta_fallback, detail={'delta_swap_current': -2240512, 'swap_saturated': True, 'workingset_refault_anon': 7102})
[puff_manager] pf-test-1: 호스트 여유 없음 (assigned=3631MiB budget=3119MiB), puff 건너뜀
[container_monitor] pf-test-1: 이미 suspend 상태, 재적용 생략
[container_monitor] pf-test-1: current=884.6MiB swap=120.2MiB max=919.0MiB cpu.usage_usec=4575116 method=swap_current_delta_fallback detail={'delta_swap_current': -3932160, 'swap_saturated': False, 'workingset_refault_anon': 7102} events={'low': 0, 'high': 0, 'max': 41, 'oom': 0, 'oom_kill': 0, 'oom_group_kill': 0}
[container_monitor] pf-test-1: current=884.6MiB swap=120.2MiB max=919.0MiB cpu.usage_usec=4577260 method=swap_current_delta_fallback detail={'delta_swap_current': 0, 'swap_saturated': False, 'workingset_refault_anon': 7102} events={'low': 0, 'high': 0, 'max': 41, 'oom': 0, 'oom_kill': 0, 'oom_group_kill': 0}
[container_monitor] pf-test-1: current=884.6MiB swap=120.0MiB max=919.0MiB cpu.usage_usec=4578059 method=swap_current_delta_fallback detail={'delta_swap_current': -229376, 'swap_saturated': False, 'workingset_refault_anon': 7102} events={'low': 0, 'high': 0, 'max': 41, 'oom': 0, 'oom_kill': 0, 'oom_group_kill': 0}
[container_monitor] pf-test-1: current=884.6MiB swap=120.0MiB max=919.0MiB cpu.usage_usec=4578491 method=swap_current_delta_fallback detail={'delta_swap_current': 0, 'swap_saturated': False, 'workingset_refault_anon': 7102} events={'low': 0, 'high': 0, 'max': 41, 'oom': 0, 'oom_kill': 0, 'oom_group_kill': 0}
[container_monitor] pf-test-1: current=884.6MiB swap=120.0MiB max=919.0MiB cpu.usage_usec=4579079 method=swap_current_delta_fallback detail={'delta_swap_current': 0, 'swap_saturated': False, 'workingset_refault_anon': 7102} events={'low': 0, 'high': 0, 'max': 41, 'oom': 0, 'oom_kill': 0, 'oom_group_kill': 0}
[container_monitor] pf-test-1: current=880.3MiB swap=127.7MiB max=919.0MiB cpu.usage_usec=4583741 method=swap_current_delta_fallback detail={'delta_swap_current': 8118272, 'swap_saturated': True, 'workingset_refault_anon': 7102} events={'low': 0, 'high': 0, 'max': 41, 'oom': 0, 'oom_kill': 0, 'oom_group_kill': 0}
[container_monitor] pf-test-1: OCM 감지 (method=swap_current_delta_fallback, detail={'delta_swap_current': 8118272, 'swap_saturated': True, 'workingset_refault_anon': 7102})
[puff_manager] pf-test-1: 호스트 여유 없음 (assigned=3631MiB budget=3119MiB), puff 건너뜀
[container_monitor] pf-test-1: 이미 suspend 상태, 재적용 생략
[container_monitor] pf-test-1: current=881.6MiB swap=122.8MiB max=919.0MiB cpu.usage_usec=4589130 method=swap_current_delta_fallback detail={'delta_swap_current': -5230592, 'swap_saturated': True, 'workingset_refault_anon': 7102} events={'low': 0, 'high': 0, 'max': 41, 'oom': 0, 'oom_kill': 0, 'oom_group_kill': 0}
[container_monitor] pf-test-1: OCM 감지 (method=swap_current_delta_fallback, detail={'delta_swap_current': -5230592, 'swap_saturated': True, 'workingset_refault_anon': 7102})
[puff_manager] pf-test-1: 호스트 여유 없음 (assigned=3631MiB budget=3119MiB), puff 건너뜀
[container_monitor] pf-test-1: 이미 suspend 상태, 재적용 생략
[container_monitor] pf-test-1: current=883.2MiB swap=121.0MiB max=919.0MiB cpu.usage_usec=4594612 method=swap_current_delta_fallback detail={'delta_swap_current': -1835008, 'swap_saturated': False, 'workingset_refault_anon': 7102} events={'low': 0, 'high': 0, 'max': 41, 'oom': 0, 'oom_kill': 0, 'oom_group_kill': 0}
[container_monitor] pf-test-1: current=883.2MiB swap=121.0MiB max=919.0MiB cpu.usage_usec=4595537 method=swap_current_delta_fallback detail={'delta_swap_current': -32768, 'swap_saturated': False, 'workingset_refault_anon': 7102} events={'low': 0, 'high': 0, 'max': 41, 'oom': 0, 'oom_kill': 0, 'oom_group_kill': 0}
[container_monitor] pf-test-1: current=883.2MiB swap=121.0MiB max=919.0MiB cpu.usage_usec=4596359 method=swap_current_delta_fallback detail={'delta_swap_current': 0, 'swap_saturated': False, 'workingset_refault_anon': 7102} events={'low': 0, 'high': 0, 'max': 41, 'oom': 0, 'oom_kill': 0, 'oom_group_kill': 0}
[container_monitor] pf-test-1: current=876.8MiB swap=128.0MiB max=919.0MiB cpu.usage_usec=4596856 method=swap_current_delta_fallback detail={'delta_swap_current': 7368704, 'swap_saturated': True, 'workingset_refault_anon': 7106} events={'low': 0, 'high': 0, 'max': 41, 'oom': 0, 'oom_kill': 0, 'oom_group_kill': 0}
[container_monitor] pf-test-1: OCM 감지 (method=swap_current_delta_fallback, detail={'delta_swap_current': 7368704, 'swap_saturated': True, 'workingset_refault_anon': 7106})
[puff_manager] pf-test-1: 호스트 여유 없음 (assigned=3631MiB budget=3119MiB), puff 건너뜀
[container_monitor] pf-test-1: 이미 suspend 상태, 재적용 생략
[container_monitor] pf-test-1: current=877.7MiB swap=127.2MiB max=919.0MiB cpu.usage_usec=4601203 method=swap_current_delta_fallback detail={'delta_swap_current': -802816, 'swap_saturated': True, 'workingset_refault_anon': 7107} events={'low': 0, 'high': 0, 'max': 41, 'oom': 0, 'oom_kill': 0, 'oom_group_kill': 0}
[container_monitor] pf-test-1: OCM 감지 (method=swap_current_delta_fallback, detail={'delta_swap_current': -802816, 'swap_saturated': True, 'workingset_refault_anon': 7107})
[puff_manager] pf-test-1: 호스트 여유 없음 (assigned=3631MiB budget=3119MiB), puff 건너뜀
[container_monitor] pf-test-1: 이미 suspend 상태, 재적용 생략
[container_monitor] pf-test-1: current=881.3MiB swap=123.7MiB max=919.0MiB cpu.usage_usec=4607152 method=swap_current_delta_fallback detail={'delta_swap_current': -3661824, 'swap_saturated': True, 'workingset_refault_anon': 7107} events={'low': 0, 'high': 0, 'max': 41, 'oom': 0, 'oom_kill': 0, 'oom_group_kill': 0}
[container_monitor] pf-test-1: OCM 감지 (method=swap_current_delta_fallback, detail={'delta_swap_current': -3661824, 'swap_saturated': True, 'workingset_refault_anon': 7107})
[puff_manager] pf-test-1: 호스트 여유 없음 (assigned=3631MiB budget=3119MiB), puff 건너뜀
[container_monitor] pf-test-1: 이미 suspend 상태, 재적용 생략
[container_monitor] pf-test-1: current=884.7MiB swap=120.0MiB max=919.0MiB cpu.usage_usec=4613782 method=swap_current_delta_fallback detail={'delta_swap_current': -3907584, 'swap_saturated': False, 'workingset_refault_anon': 7266} events={'low': 0, 'high': 0, 'max': 41, 'oom': 0, 'oom_kill': 0, 'oom_group_kill': 0}
[container_monitor] pf-test-1: current=884.8MiB swap=120.0MiB max=919.0MiB cpu.usage_usec=4616858 method=swap_current_delta_fallback detail={'delta_swap_current': -20480, 'swap_saturated': False, 'workingset_refault_anon': 7266} events={'low': 0, 'high': 0, 'max': 41, 'oom': 0, 'oom_kill': 0, 'oom_group_kill': 0}
[container_monitor] pf-test-1: current=884.8MiB swap=120.0MiB max=919.0MiB cpu.usage_usec=4617793 method=swap_current_delta_fallback detail={'delta_swap_current': 0, 'swap_saturated': False, 'workingset_refault_anon': 7266} events={'low': 0, 'high': 0, 'max': 41, 'oom': 0, 'oom_kill': 0, 'oom_group_kill': 0}
[container_monitor] pf-test-1: current=884.8MiB swap=120.0MiB max=919.0MiB cpu.usage_usec=4618396 method=swap_current_delta_fallback detail={'delta_swap_current': 0, 'swap_saturated': False, 'workingset_refault_anon': 7266} events={'low': 0, 'high': 0, 'max': 41, 'oom': 0, 'oom_kill': 0, 'oom_group_kill': 0}
[container_monitor] pf-test-1: current=884.8MiB swap=120.0MiB max=919.0MiB cpu.usage_usec=4619232 method=swap_current_delta_fallback detail={'delta_swap_current': 0, 'swap_saturated': False, 'workingset_refault_anon': 7266} events={'low': 0, 'high': 0, 'max': 41, 'oom': 0, 'oom_kill': 0, 'oom_group_kill': 0}
[container_monitor] pf-test-1: current=885.3MiB swap=119.5MiB max=919.0MiB cpu.usage_usec=4622180 method=swap_current_delta_fallback detail={'delta_swap_current': -524288, 'swap_saturated': False, 'workingset_refault_anon': 7266} events={'low': 0, 'high': 0, 'max': 41, 'oom': 0, 'oom_kill': 0, 'oom_group_kill': 0}
[container_monitor] pf-test-1: current=886.5MiB swap=118.3MiB max=919.0MiB cpu.usage_usec=4627279 method=swap_current_delta_fallback detail={'delta_swap_current': -1204224, 'swap_saturated': False, 'workingset_refault_anon': 7276} events={'low': 0, 'high': 0, 'max': 41, 'oom': 0, 'oom_kill': 0, 'oom_group_kill': 0}
[container_monitor] pf-test-1: current=887.1MiB swap=117.7MiB max=919.0MiB cpu.usage_usec=4632179 method=swap_current_delta_fallback detail={'delta_swap_current': -638976, 'swap_saturated': False, 'workingset_refault_anon': 7276} events={'low': 0, 'high': 0, 'max': 41, 'oom': 0, 'oom_kill': 0, 'oom_group_kill': 0}
[container_monitor] pf-test-1: current=887.1MiB swap=117.7MiB max=919.0MiB cpu.usage_usec=4637185 method=swap_current_delta_fallback detail={'delta_swap_current': 0, 'swap_saturated': False, 'workingset_refault_anon': 7276} events={'low': 0, 'high': 0, 'max': 41, 'oom': 0, 'oom_kill': 0, 'oom_group_kill': 0}
[container_monitor] pf-test-1: current=887.1MiB swap=117.7MiB max=919.0MiB cpu.usage_usec=4638803 method=swap_current_delta_fallback detail={'delta_swap_current': 0, 'swap_saturated': False, 'workingset_refault_anon': 7276} events={'low': 0, 'high': 0, 'max': 41, 'oom': 0, 'oom_kill': 0, 'oom_group_kill': 0}
[container_monitor] pf-test-1: current=887.1MiB swap=117.7MiB max=919.0MiB cpu.usage_usec=4639323 method=swap_current_delta_fallback detail={'delta_swap_current': 0, 'swap_saturated': False, 'workingset_refault_anon': 7276} events={'low': 0, 'high': 0, 'max': 41, 'oom': 0, 'oom_kill': 0, 'oom_group_kill': 0}
[container_monitor] pf-test-1: current=886.3MiB swap=118.7MiB max=919.0MiB cpu.usage_usec=4640056 method=swap_current_delta_fallback detail={'delta_swap_current': 1015808, 'swap_saturated': False, 'workingset_refault_anon': 7276} events={'low': 0, 'high': 0, 'max': 41, 'oom': 0, 'oom_kill': 0, 'oom_group_kill': 0}
[container_monitor] pf-test-1: OCM 감지 (method=swap_current_delta_fallback, detail={'delta_swap_current': 1015808, 'swap_saturated': False, 'workingset_refault_anon': 7276})
[puff_manager] pf-test-1: 호스트 여유 없음 (assigned=3631MiB budget=3119MiB), puff 건너뜀
[container_monitor] pf-test-1: 이미 suspend 상태, 재적용 생략
[container_monitor] pf-test-1: current=887.3MiB swap=117.7MiB max=919.0MiB cpu.usage_usec=4643440 method=swap_current_delta_fallback detail={'delta_swap_current': -1093632, 'swap_saturated': False, 'workingset_refault_anon': 7280} events={'low': 0, 'high': 0, 'max': 41, 'oom': 0, 'oom_kill': 0, 'oom_group_kill': 0}
[container_monitor] pf-test-1: current=887.5MiB swap=117.6MiB max=919.0MiB cpu.usage_usec=4648280 method=swap_current_delta_fallback detail={'delta_swap_current': -57344, 'swap_saturated': False, 'workingset_refault_anon': 7292} events={'low': 0, 'high': 0, 'max': 41, 'oom': 0, 'oom_kill': 0, 'oom_group_kill': 0}
[container_monitor] pf-test-1: current=887.5MiB swap=117.6MiB max=919.0MiB cpu.usage_usec=4649059 method=swap_current_delta_fallback detail={'delta_swap_current': 0, 'swap_saturated': False, 'workingset_refault_anon': 7292} events={'low': 0, 'high': 0, 'max': 41, 'oom': 0, 'oom_kill': 0, 'oom_group_kill': 0}
[container_monitor] pf-test-1: current=879.4MiB swap=127.7MiB max=919.0MiB cpu.usage_usec=4649458 method=swap_current_delta_fallback detail={'delta_swap_current': 10600448, 'swap_saturated': True, 'workingset_refault_anon': 7293} events={'low': 0, 'high': 0, 'max': 41, 'oom': 0, 'oom_kill': 0, 'oom_group_kill': 0}
[container_monitor] pf-test-1: OCM 감지 (method=swap_current_delta_fallback, detail={'delta_swap_current': 10600448, 'swap_saturated': True, 'workingset_refault_anon': 7293})
[puff_manager] pf-test-1: 호스트 여유 없음 (assigned=3631MiB budget=3119MiB), puff 건너뜀
[container_monitor] pf-test-1: 이미 suspend 상태, 재적용 생략
[container_monitor] pf-test-1: current=879.4MiB swap=127.7MiB max=919.0MiB cpu.usage_usec=4650253 method=swap_current_delta_fallback detail={'delta_swap_current': 0, 'swap_saturated': True, 'workingset_refault_anon': 7293} events={'low': 0, 'high': 0, 'max': 41, 'oom': 0, 'oom_kill': 0, 'oom_group_kill': 0}
[container_monitor] pf-test-1: OCM 감지 (method=swap_current_delta_fallback, detail={'delta_swap_current': 0, 'swap_saturated': True, 'workingset_refault_anon': 7293})
[puff_manager] pf-test-1: 호스트 여유 없음 (assigned=3631MiB budget=3119MiB), puff 건너뜀
[container_monitor] pf-test-1: 이미 suspend 상태, 재적용 생략
[container_monitor] pf-test-1: current=879.5MiB swap=127.7MiB max=919.0MiB cpu.usage_usec=4653442 method=swap_current_delta_fallback detail={'delta_swap_current': -20480, 'swap_saturated': True, 'workingset_refault_anon': 7296} events={'low': 0, 'high': 0, 'max': 41, 'oom': 0, 'oom_kill': 0, 'oom_group_kill': 0}
[container_monitor] pf-test-1: OCM 감지 (method=swap_current_delta_fallback, detail={'delta_swap_current': -20480, 'swap_saturated': True, 'workingset_refault_anon': 7296})
[puff_manager] pf-test-1: 호스트 여유 없음 (assigned=3631MiB budget=3119MiB), puff 건너뜀
[container_monitor] pf-test-1: 이미 suspend 상태, 재적용 생략
[container_monitor] pf-test-1: current=879.5MiB swap=127.7MiB max=919.0MiB cpu.usage_usec=4653774 method=swap_current_delta_fallback detail={'delta_swap_current': 0, 'swap_saturated': True, 'workingset_refault_anon': 7296} events={'low': 0, 'high': 0, 'max': 41, 'oom': 0, 'oom_kill': 0, 'oom_group_kill': 0}
[container_monitor] pf-test-1: OCM 감지 (method=swap_current_delta_fallback, detail={'delta_swap_current': 0, 'swap_saturated': True, 'workingset_refault_anon': 7296})
[puff_manager] pf-test-1: 호스트 여유 없음 (assigned=3631MiB budget=3119MiB), puff 건너뜀
[container_monitor] pf-test-1: 이미 suspend 상태, 재적용 생략
[container_monitor] pf-test-1: current=879.5MiB swap=127.7MiB max=919.0MiB cpu.usage_usec=4654260 method=swap_current_delta_fallback detail={'delta_swap_current': 0, 'swap_saturated': True, 'workingset_refault_anon': 7296} events={'low': 0, 'high': 0, 'max': 41, 'oom': 0, 'oom_kill': 0, 'oom_group_kill': 0}
[container_monitor] pf-test-1: OCM 감지 (method=swap_current_delta_fallback, detail={'delta_swap_current': 0, 'swap_saturated': True, 'workingset_refault_anon': 7296})
[puff_manager] pf-test-1: 호스트 여유 없음 (assigned=3631MiB budget=3119MiB), puff 건너뜀
[container_monitor] pf-test-1: 이미 suspend 상태, 재적용 생략
[container_monitor] pf-test-1: current=881.8MiB swap=125.5MiB max=919.0MiB cpu.usage_usec=4657135 method=swap_current_delta_fallback detail={'delta_swap_current': -2289664, 'swap_saturated': True, 'workingset_refault_anon': 7296} events={'low': 0, 'high': 0, 'max': 41, 'oom': 0, 'oom_kill': 0, 'oom_group_kill': 0}
[container_monitor] pf-test-1: OCM 감지 (method=swap_current_delta_fallback, detail={'delta_swap_current': -2289664, 'swap_saturated': True, 'workingset_refault_anon': 7296})
[puff_manager] pf-test-1: 호스트 여유 없음 (assigned=3631MiB budget=3119MiB), puff 건너뜀
[container_monitor] pf-test-1: 이미 suspend 상태, 재적용 생략
[container_monitor] pf-test-1: current=885.1MiB swap=122.2MiB max=919.0MiB cpu.usage_usec=4662474 method=swap_current_delta_fallback detail={'delta_swap_current': -3506176, 'swap_saturated': True, 'workingset_refault_anon': 7296} events={'low': 0, 'high': 0, 'max': 41, 'oom': 0, 'oom_kill': 0, 'oom_group_kill': 0}
[container_monitor] pf-test-1: OCM 감지 (method=swap_current_delta_fallback, detail={'delta_swap_current': -3506176, 'swap_saturated': True, 'workingset_refault_anon': 7296})
[puff_manager] pf-test-1: 호스트 여유 없음 (assigned=3631MiB budget=3119MiB), puff 건너뜀
[container_monitor] pf-test-1: 이미 suspend 상태, 재적용 생략
[container_monitor] pf-test-1: current=877.3MiB swap=128.0MiB max=919.0MiB cpu.usage_usec=4663212 method=swap_current_delta_fallback detail={'delta_swap_current': 6111232, 'swap_saturated': True, 'workingset_refault_anon': 7296} events={'low': 0, 'high': 0, 'max': 41, 'oom': 0, 'oom_kill': 0, 'oom_group_kill': 0}
[container_monitor] pf-test-1: OCM 감지 (method=swap_current_delta_fallback, detail={'delta_swap_current': 6111232, 'swap_saturated': True, 'workingset_refault_anon': 7296})
[puff_manager] pf-test-1: 호스트 여유 없음 (assigned=3631MiB budget=3119MiB), puff 건너뜀
[container_monitor] pf-test-1: 이미 suspend 상태, 재적용 생략
[container_monitor] pf-test-1: current=877.3MiB swap=128.0MiB max=919.0MiB cpu.usage_usec=4663728 method=swap_current_delta_fallback detail={'delta_swap_current': 0, 'swap_saturated': True, 'workingset_refault_anon': 7296} events={'low': 0, 'high': 0, 'max': 41, 'oom': 0, 'oom_kill': 0, 'oom_group_kill': 0}
[container_monitor] pf-test-1: OCM 감지 (method=swap_current_delta_fallback, detail={'delta_swap_current': 0, 'swap_saturated': True, 'workingset_refault_anon': 7296})
[puff_manager] pf-test-1: 호스트 여유 없음 (assigned=3631MiB budget=3119MiB), puff 건너뜀
[container_monitor] pf-test-1: 이미 suspend 상태, 재적용 생략
[container_monitor] pf-test-1: current=877.3MiB swap=128.0MiB max=919.0MiB cpu.usage_usec=4664493 method=swap_current_delta_fallback detail={'delta_swap_current': 0, 'swap_saturated': True, 'workingset_refault_anon': 7296} events={'low': 0, 'high': 0, 'max': 41, 'oom': 0, 'oom_kill': 0, 'oom_group_kill': 0}
[container_monitor] pf-test-1: OCM 감지 (method=swap_current_delta_fallback, detail={'delta_swap_current': 0, 'swap_saturated': True, 'workingset_refault_anon': 7296})
[puff_manager] pf-test-1: 호스트 여유 없음 (assigned=3631MiB budget=3119MiB), puff 건너뜀
[container_monitor] pf-test-1: 이미 suspend 상태, 재적용 생략
[container_monitor] pf-test-1: current=879.3MiB swap=125.6MiB max=919.0MiB cpu.usage_usec=4671015 method=swap_current_delta_fallback detail={'delta_swap_current': -2547712, 'swap_saturated': True, 'workingset_refault_anon': 7309} events={'low': 0, 'high': 0, 'max': 41, 'oom': 0, 'oom_kill': 0, 'oom_group_kill': 0}
[container_monitor] pf-test-1: OCM 감지 (method=swap_current_delta_fallback, detail={'delta_swap_current': -2547712, 'swap_saturated': True, 'workingset_refault_anon': 7309})
[puff_manager] pf-test-1: 호스트 여유 없음 (assigned=3631MiB budget=3119MiB), puff 건너뜀
[container_monitor] pf-test-1: 이미 suspend 상태, 재적용 생략
[container_monitor] pf-test-1: current=880.2MiB swap=125.1MiB max=919.0MiB cpu.usage_usec=4676150 method=swap_current_delta_fallback detail={'delta_swap_current': -479232, 'swap_saturated': True, 'workingset_refault_anon': 7318} events={'low': 0, 'high': 0, 'max': 41, 'oom': 0, 'oom_kill': 0, 'oom_group_kill': 0}
[container_monitor] pf-test-1: OCM 감지 (method=swap_current_delta_fallback, detail={'delta_swap_current': -479232, 'swap_saturated': True, 'workingset_refault_anon': 7318})
[puff_manager] pf-test-1: 호스트 여유 없음 (assigned=3631MiB budget=3119MiB), puff 건너뜀
[container_monitor] pf-test-1: 이미 suspend 상태, 재적용 생략
[container_monitor] pf-test-1: current=880.5MiB swap=124.8MiB max=919.0MiB cpu.usage_usec=4677957 method=swap_current_delta_fallback detail={'delta_swap_current': -315392, 'swap_saturated': True, 'workingset_refault_anon': 7327} events={'low': 0, 'high': 0, 'max': 41, 'oom': 0, 'oom_kill': 0, 'oom_group_kill': 0}
[container_monitor] pf-test-1: OCM 감지 (method=swap_current_delta_fallback, detail={'delta_swap_current': -315392, 'swap_saturated': True, 'workingset_refault_anon': 7327})
[puff_manager] pf-test-1: 호스트 여유 없음 (assigned=3631MiB budget=3119MiB), puff 건너뜀
[container_monitor] pf-test-1: 이미 suspend 상태, 재적용 생략
[container_monitor] pf-test-1: current=880.5MiB swap=124.8MiB max=919.0MiB cpu.usage_usec=4678553 method=swap_current_delta_fallback detail={'delta_swap_current': 0, 'swap_saturated': True, 'workingset_refault_anon': 7327} events={'low': 0, 'high': 0, 'max': 41, 'oom': 0, 'oom_kill': 0, 'oom_group_kill': 0}
[container_monitor] pf-test-1: OCM 감지 (method=swap_current_delta_fallback, detail={'delta_swap_current': 0, 'swap_saturated': True, 'workingset_refault_anon': 7327})
[puff_manager] pf-test-1: 호스트 여유 없음 (assigned=3631MiB budget=3119MiB), puff 건너뜀
[container_monitor] pf-test-1: 이미 suspend 상태, 재적용 생략
[container_monitor] pf-test-1: current=880.5MiB swap=124.8MiB max=919.0MiB cpu.usage_usec=4681656 method=swap_current_delta_fallback detail={'delta_swap_current': 0, 'swap_saturated': True, 'workingset_refault_anon': 7327} events={'low': 0, 'high': 0, 'max': 41, 'oom': 0, 'oom_kill': 0, 'oom_group_kill': 0}
[container_monitor] pf-test-1: OCM 감지 (method=swap_current_delta_fallback, detail={'delta_swap_current': 0, 'swap_saturated': True, 'workingset_refault_anon': 7327})
[puff_manager] pf-test-1: 호스트 여유 없음 (assigned=3631MiB budget=3119MiB), puff 건너뜀
[container_monitor] pf-test-1: 이미 suspend 상태, 재적용 생략
[container_monitor] pf-test-1: current=880.5MiB swap=124.6MiB max=919.0MiB cpu.usage_usec=4684528 method=swap_current_delta_fallback detail={'delta_swap_current': -188416, 'swap_saturated': True, 'workingset_refault_anon': 7328} events={'low': 0, 'high': 0, 'max': 41, 'oom': 0, 'oom_kill': 0, 'oom_group_kill': 0}
[container_monitor] pf-test-1: OCM 감지 (method=swap_current_delta_fallback, detail={'delta_swap_current': -188416, 'swap_saturated': True, 'workingset_refault_anon': 7328})
[puff_manager] pf-test-1: 호스트 여유 없음 (assigned=3631MiB budget=3119MiB), puff 건너뜀
[container_monitor] pf-test-1: 이미 suspend 상태, 재적용 생략
[container_monitor] pf-test-1: current=880.5MiB swap=124.6MiB max=919.0MiB cpu.usage_usec=4685135 method=swap_current_delta_fallback detail={'delta_swap_current': 0, 'swap_saturated': True, 'workingset_refault_anon': 7328} events={'low': 0, 'high': 0, 'max': 41, 'oom': 0, 'oom_kill': 0, 'oom_group_kill': 0}
[container_monitor] pf-test-1: OCM 감지 (method=swap_current_delta_fallback, detail={'delta_swap_current': 0, 'swap_saturated': True, 'workingset_refault_anon': 7328})
[puff_manager] pf-test-1: 호스트 여유 없음 (assigned=3631MiB budget=3119MiB), puff 건너뜀
[container_monitor] pf-test-1: 이미 suspend 상태, 재적용 생략
[container_monitor] pf-test-1: current=880.5MiB swap=124.6MiB max=919.0MiB cpu.usage_usec=4685533 method=swap_current_delta_fallback detail={'delta_swap_current': 0, 'swap_saturated': True, 'workingset_refault_anon': 7328} events={'low': 0, 'high': 0, 'max': 41, 'oom': 0, 'oom_kill': 0, 'oom_group_kill': 0}
[container_monitor] pf-test-1: OCM 감지 (method=swap_current_delta_fallback, detail={'delta_swap_current': 0, 'swap_saturated': True, 'workingset_refault_anon': 7328})
[puff_manager] pf-test-1: 호스트 여유 없음 (assigned=3631MiB budget=3119MiB), puff 건너뜀
[container_monitor] pf-test-1: 이미 suspend 상태, 재적용 생략
[container_monitor] pf-test-1: current=880.5MiB swap=124.6MiB max=919.0MiB cpu.usage_usec=4686145 method=swap_current_delta_fallback detail={'delta_swap_current': 0, 'swap_saturated': True, 'workingset_refault_anon': 7328} events={'low': 0, 'high': 0, 'max': 41, 'oom': 0, 'oom_kill': 0, 'oom_group_kill': 0}
[container_monitor] pf-test-1: OCM 감지 (method=swap_current_delta_fallback, detail={'delta_swap_current': 0, 'swap_saturated': True, 'workingset_refault_anon': 7328})
[puff_manager] pf-test-1: 호스트 여유 없음 (assigned=3631MiB budget=3119MiB), puff 건너뜀
[container_monitor] pf-test-1: 이미 suspend 상태, 재적용 생략
[container_monitor] pf-test-1: current=880.5MiB swap=124.6MiB max=919.0MiB cpu.usage_usec=4692128 method=swap_current_delta_fallback detail={'delta_swap_current': -8192, 'swap_saturated': True, 'workingset_refault_anon': 7332} events={'low': 0, 'high': 0, 'max': 41, 'oom': 0, 'oom_kill': 0, 'oom_group_kill': 0}
[container_monitor] pf-test-1: OCM 감지 (method=swap_current_delta_fallback, detail={'delta_swap_current': -8192, 'swap_saturated': True, 'workingset_refault_anon': 7332})
[puff_manager] pf-test-1: 호스트 여유 없음 (assigned=3631MiB budget=3119MiB), puff 건너뜀
[container_monitor] pf-test-1: 이미 suspend 상태, 재적용 생략
[container_monitor] pf-test-1: current=880.5MiB swap=124.6MiB max=919.0MiB cpu.usage_usec=4692476 method=swap_current_delta_fallback detail={'delta_swap_current': 0, 'swap_saturated': True, 'workingset_refault_anon': 7332} events={'low': 0, 'high': 0, 'max': 41, 'oom': 0, 'oom_kill': 0, 'oom_group_kill': 0}
[container_monitor] pf-test-1: OCM 감지 (method=swap_current_delta_fallback, detail={'delta_swap_current': 0, 'swap_saturated': True, 'workingset_refault_anon': 7332})
[puff_manager] pf-test-1: 호스트 여유 없음 (assigned=3631MiB budget=3119MiB), puff 건너뜀
[container_monitor] pf-test-1: 이미 suspend 상태, 재적용 생략
[container_monitor] pf-test-1: current=880.5MiB swap=124.6MiB max=919.0MiB cpu.usage_usec=4693072 method=swap_current_delta_fallback detail={'delta_swap_current': 0, 'swap_saturated': True, 'workingset_refault_anon': 7332} events={'low': 0, 'high': 0, 'max': 41, 'oom': 0, 'oom_kill': 0, 'oom_group_kill': 0}
[container_monitor] pf-test-1: OCM 감지 (method=swap_current_delta_fallback, detail={'delta_swap_current': 0, 'swap_saturated': True, 'workingset_refault_anon': 7332})
[puff_manager] pf-test-1: 호스트 여유 없음 (assigned=3631MiB budget=3119MiB), puff 건너뜀
[container_monitor] pf-test-1: 이미 suspend 상태, 재적용 생략
[container_monitor] pf-test-1: current=880.5MiB swap=124.6MiB max=919.0MiB cpu.usage_usec=4696892 method=swap_current_delta_fallback detail={'delta_swap_current': 0, 'swap_saturated': True, 'workingset_refault_anon': 7332} events={'low': 0, 'high': 0, 'max': 41, 'oom': 0, 'oom_kill': 0, 'oom_group_kill': 0}
[container_monitor] pf-test-1: OCM 감지 (method=swap_current_delta_fallback, detail={'delta_swap_current': 0, 'swap_saturated': True, 'workingset_refault_anon': 7332})
[puff_manager] pf-test-1: 호스트 여유 없음 (assigned=3631MiB budget=3119MiB), puff 건너뜀
[container_monitor] pf-test-1: 이미 suspend 상태, 재적용 생략
[container_monitor] pf-test-1: current=880.5MiB swap=124.6MiB max=919.0MiB cpu.usage_usec=4700200 method=swap_current_delta_fallback detail={'delta_swap_current': -4096, 'swap_saturated': True, 'workingset_refault_anon': 7334} events={'low': 0, 'high': 0, 'max': 41, 'oom': 0, 'oom_kill': 0, 'oom_group_kill': 0}
[container_monitor] pf-test-1: OCM 감지 (method=swap_current_delta_fallback, detail={'delta_swap_current': -4096, 'swap_saturated': True, 'workingset_refault_anon': 7334})
[puff_manager] pf-test-1: 호스트 여유 없음 (assigned=3631MiB budget=3119MiB), puff 건너뜀
[container_monitor] pf-test-1: 이미 suspend 상태, 재적용 생략
[container_monitor] pf-test-1: current=880.6MiB swap=124.6MiB max=919.0MiB cpu.usage_usec=4700901 method=swap_current_delta_fallback detail={'delta_swap_current': -61440, 'swap_saturated': True, 'workingset_refault_anon': 7341} events={'low': 0, 'high': 0, 'max': 41, 'oom': 0, 'oom_kill': 0, 'oom_group_kill': 0}
[container_monitor] pf-test-1: OCM 감지 (method=swap_current_delta_fallback, detail={'delta_swap_current': -61440, 'swap_saturated': True, 'workingset_refault_anon': 7341})
[puff_manager] pf-test-1: 호스트 여유 없음 (assigned=3631MiB budget=3119MiB), puff 건너뜀
[container_monitor] pf-test-1: 이미 suspend 상태, 재적용 생략
[container_monitor] pf-test-1: current=880.6MiB swap=124.6MiB max=919.0MiB cpu.usage_usec=4701205 method=swap_current_delta_fallback detail={'delta_swap_current': 0, 'swap_saturated': True, 'workingset_refault_anon': 7341} events={'low': 0, 'high': 0, 'max': 41, 'oom': 0, 'oom_kill': 0, 'oom_group_kill': 0}
[container_monitor] pf-test-1: OCM 감지 (method=swap_current_delta_fallback, detail={'delta_swap_current': 0, 'swap_saturated': True, 'workingset_refault_anon': 7341})
[puff_manager] pf-test-1: 호스트 여유 없음 (assigned=3631MiB budget=3119MiB), puff 건너뜀
[container_monitor] pf-test-1: 이미 suspend 상태, 재적용 생략
[container_monitor] pf-test-1: current=880.6MiB swap=124.6MiB max=919.0MiB cpu.usage_usec=4701412 method=swap_current_delta_fallback detail={'delta_swap_current': 0, 'swap_saturated': True, 'workingset_refault_anon': 7341} events={'low': 0, 'high': 0, 'max': 41, 'oom': 0, 'oom_kill': 0, 'oom_group_kill': 0}
[container_monitor] pf-test-1: OCM 감지 (method=swap_current_delta_fallback, detail={'delta_swap_current': 0, 'swap_saturated': True, 'workingset_refault_anon': 7341})
[puff_manager] pf-test-1: 호스트 여유 없음 (assigned=3631MiB budget=3119MiB), puff 건너뜀
[container_monitor] pf-test-1: 이미 suspend 상태, 재적용 생략
[container_monitor] pf-test-1: current=877.4MiB swap=128.0MiB max=919.0MiB cpu.usage_usec=4705054 method=swap_current_delta_fallback detail={'delta_swap_current': 3604480, 'swap_saturated': True, 'workingset_refault_anon': 7342} events={'low': 0, 'high': 0, 'max': 41, 'oom': 0, 'oom_kill': 0, 'oom_group_kill': 0}
[container_monitor] pf-test-1: OCM 감지 (method=swap_current_delta_fallback, detail={'delta_swap_current': 3604480, 'swap_saturated': True, 'workingset_refault_anon': 7342})
[puff_manager] pf-test-1: 호스트 여유 없음 (assigned=3631MiB budget=3119MiB), puff 건너뜀
[container_monitor] pf-test-1: 이미 suspend 상태, 재적용 생략
[container_monitor] pf-test-1: current=877.4MiB swap=128.0MiB max=919.0MiB cpu.usage_usec=4705577 method=swap_current_delta_fallback detail={'delta_swap_current': -4096, 'swap_saturated': True, 'workingset_refault_anon': 7342} events={'low': 0, 'high': 0, 'max': 41, 'oom': 0, 'oom_kill': 0, 'oom_group_kill': 0}
[container_monitor] pf-test-1: OCM 감지 (method=swap_current_delta_fallback, detail={'delta_swap_current': -4096, 'swap_saturated': True, 'workingset_refault_anon': 7342})
[puff_manager] pf-test-1: 호스트 여유 없음 (assigned=3631MiB budget=3119MiB), puff 건너뜀
[container_monitor] pf-test-1: 이미 suspend 상태, 재적용 생략
[container_monitor] pf-test-1: current=877.4MiB swap=128.0MiB max=919.0MiB cpu.usage_usec=4706043 method=swap_current_delta_fallback detail={'delta_swap_current': 0, 'swap_saturated': True, 'workingset_refault_anon': 7342} events={'low': 0, 'high': 0, 'max': 41, 'oom': 0, 'oom_kill': 0, 'oom_group_kill': 0}
[container_monitor] pf-test-1: OCM 감지 (method=swap_current_delta_fallback, detail={'delta_swap_current': 0, 'swap_saturated': True, 'workingset_refault_anon': 7342})
[puff_manager] pf-test-1: 호스트 여유 없음 (assigned=3631MiB budget=3119MiB), puff 건너뜀
[container_monitor] pf-test-1: 이미 suspend 상태, 재적용 생략
[container_monitor] pf-test-1: current=877.4MiB swap=128.0MiB max=919.0MiB cpu.usage_usec=4706683 method=swap_current_delta_fallback detail={'delta_swap_current': 0, 'swap_saturated': True, 'workingset_refault_anon': 7342} events={'low': 0, 'high': 0, 'max': 41, 'oom': 0, 'oom_kill': 0, 'oom_group_kill': 0}
[container_monitor] pf-test-1: OCM 감지 (method=swap_current_delta_fallback, detail={'delta_swap_current': 0, 'swap_saturated': True, 'workingset_refault_anon': 7342})
[puff_manager] pf-test-1: 호스트 여유 없음 (assigned=3631MiB budget=3119MiB), puff 건너뜀
[container_monitor] pf-test-1: 이미 suspend 상태, 재적용 생략
[container_monitor] pf-test-1: current=879.2MiB swap=128.0MiB max=919.0MiB cpu.usage_usec=4714622 method=swap_current_delta_fallback detail={'delta_swap_current': 0, 'swap_saturated': True, 'workingset_refault_anon': 7345} events={'low': 0, 'high': 0, 'max': 41, 'oom': 0, 'oom_kill': 0, 'oom_group_kill': 0}
[container_monitor] pf-test-1: OCM 감지 (method=swap_current_delta_fallback, detail={'delta_swap_current': 0, 'swap_saturated': True, 'workingset_refault_anon': 7345})
[puff_manager] pf-test-1: 호스트 여유 없음 (assigned=3631MiB budget=3119MiB), puff 건너뜀
[container_monitor] pf-test-1: 이미 suspend 상태, 재적용 생략
[container_monitor] pf-test-1: current=879.5MiB swap=127.9MiB max=919.0MiB cpu.usage_usec=4717246 method=swap_current_delta_fallback detail={'delta_swap_current': -86016, 'swap_saturated': True, 'workingset_refault_anon': 7354} events={'low': 0, 'high': 0, 'max': 41, 'oom': 0, 'oom_kill': 0, 'oom_group_kill': 0}
[container_monitor] pf-test-1: OCM 감지 (method=swap_current_delta_fallback, detail={'delta_swap_current': -86016, 'swap_saturated': True, 'workingset_refault_anon': 7354})
[puff_manager] pf-test-1: 호스트 여유 없음 (assigned=3631MiB budget=3119MiB), puff 건너뜀
[container_monitor] pf-test-1: 이미 suspend 상태, 재적용 생략
[container_monitor] pf-test-1: current=879.6MiB swap=127.9MiB max=919.0MiB cpu.usage_usec=4717773 method=swap_current_delta_fallback detail={'delta_swap_current': 0, 'swap_saturated': True, 'workingset_refault_anon': 7354} events={'low': 0, 'high': 0, 'max': 41, 'oom': 0, 'oom_kill': 0, 'oom_group_kill': 0}
[container_monitor] pf-test-1: OCM 감지 (method=swap_current_delta_fallback, detail={'delta_swap_current': 0, 'swap_saturated': True, 'workingset_refault_anon': 7354})
[puff_manager] pf-test-1: 호스트 여유 없음 (assigned=3631MiB budget=3119MiB), puff 건너뜀
[container_monitor] pf-test-1: 이미 suspend 상태, 재적용 생략
[container_monitor] pf-test-1: current=879.6MiB swap=127.9MiB max=919.0MiB cpu.usage_usec=4718183 method=swap_current_delta_fallback detail={'delta_swap_current': 0, 'swap_saturated': True, 'workingset_refault_anon': 7354} events={'low': 0, 'high': 0, 'max': 41, 'oom': 0, 'oom_kill': 0, 'oom_group_kill': 0}
[container_monitor] pf-test-1: OCM 감지 (method=swap_current_delta_fallback, detail={'delta_swap_current': 0, 'swap_saturated': True, 'workingset_refault_anon': 7354})
[puff_manager] pf-test-1: 호스트 여유 없음 (assigned=3631MiB budget=3119MiB), puff 건너뜀
[container_monitor] pf-test-1: 이미 suspend 상태, 재적용 생략
[container_monitor] pf-test-1: current=879.6MiB swap=127.9MiB max=919.0MiB cpu.usage_usec=4723739 method=swap_current_delta_fallback detail={'delta_swap_current': 0, 'swap_saturated': True, 'workingset_refault_anon': 7354} events={'low': 0, 'high': 0, 'max': 41, 'oom': 0, 'oom_kill': 0, 'oom_group_kill': 0}
[container_monitor] pf-test-1: OCM 감지 (method=swap_current_delta_fallback, detail={'delta_swap_current': 0, 'swap_saturated': True, 'workingset_refault_anon': 7354})
[puff_manager] pf-test-1: 호스트 여유 없음 (assigned=3631MiB budget=3119MiB), puff 건너뜀
[container_monitor] pf-test-1: 이미 suspend 상태, 재적용 생략
[container_monitor] pf-test-1: current=879.6MiB swap=127.9MiB max=919.0MiB cpu.usage_usec=4726476 method=swap_current_delta_fallback detail={'delta_swap_current': -8192, 'swap_saturated': True, 'workingset_refault_anon': 7354} events={'low': 0, 'high': 0, 'max': 41, 'oom': 0, 'oom_kill': 0, 'oom_group_kill': 0}
[container_monitor] pf-test-1: OCM 감지 (method=swap_current_delta_fallback, detail={'delta_swap_current': -8192, 'swap_saturated': True, 'workingset_refault_anon': 7354})
[puff_manager] pf-test-1: 호스트 여유 없음 (assigned=3631MiB budget=3119MiB), puff 건너뜀
[container_monitor] pf-test-1: 이미 suspend 상태, 재적용 생략
[container_monitor] pf-test-1: current=879.6MiB swap=127.9MiB max=919.0MiB cpu.usage_usec=4727031 method=swap_current_delta_fallback detail={'delta_swap_current': 0, 'swap_saturated': True, 'workingset_refault_anon': 7354} events={'low': 0, 'high': 0, 'max': 41, 'oom': 0, 'oom_kill': 0, 'oom_group_kill': 0}
[container_monitor] pf-test-1: OCM 감지 (method=swap_current_delta_fallback, detail={'delta_swap_current': 0, 'swap_saturated': True, 'workingset_refault_anon': 7354})
[puff_manager] pf-test-1: 호스트 여유 없음 (assigned=3631MiB budget=3119MiB), puff 건너뜀
[container_monitor] pf-test-1: 이미 suspend 상태, 재적용 생략
[container_monitor] pf-test-1: current=879.6MiB swap=127.9MiB max=919.0MiB cpu.usage_usec=4727585 method=swap_current_delta_fallback detail={'delta_swap_current': 0, 'swap_saturated': True, 'workingset_refault_anon': 7354} events={'low': 0, 'high': 0, 'max': 41, 'oom': 0, 'oom_kill': 0, 'oom_group_kill': 0}
[container_monitor] pf-test-1: OCM 감지 (method=swap_current_delta_fallback, detail={'delta_swap_current': 0, 'swap_saturated': True, 'workingset_refault_anon': 7354})
[puff_manager] pf-test-1: 호스트 여유 없음 (assigned=3631MiB budget=3119MiB), puff 건너뜀
[container_monitor] pf-test-1: 이미 suspend 상태, 재적용 생략
[container_monitor] pf-test-1: current=879.6MiB swap=127.9MiB max=919.0MiB cpu.usage_usec=4730574 method=swap_current_delta_fallback detail={'delta_swap_current': 0, 'swap_saturated': True, 'workingset_refault_anon': 7354} events={'low': 0, 'high': 0, 'max': 41, 'oom': 0, 'oom_kill': 0, 'oom_group_kill': 0}
[container_monitor] pf-test-1: OCM 감지 (method=swap_current_delta_fallback, detail={'delta_swap_current': 0, 'swap_saturated': True, 'workingset_refault_anon': 7354})
[puff_manager] pf-test-1: 호스트 여유 없음 (assigned=3631MiB budget=3119MiB), puff 건너뜀
[container_monitor] pf-test-1: 이미 suspend 상태, 재적용 생략
[container_monitor] pf-test-1: current=879.6MiB swap=127.9MiB max=919.0MiB cpu.usage_usec=4735646 method=swap_current_delta_fallback detail={'delta_swap_current': 0, 'swap_saturated': True, 'workingset_refault_anon': 7354} events={'low': 0, 'high': 0, 'max': 41, 'oom': 0, 'oom_kill': 0, 'oom_group_kill': 0}
[container_monitor] pf-test-1: OCM 감지 (method=swap_current_delta_fallback, detail={'delta_swap_current': 0, 'swap_saturated': True, 'workingset_refault_anon': 7354})
[puff_manager] pf-test-1: 호스트 여유 없음 (assigned=3631MiB budget=3119MiB), puff 건너뜀
[container_monitor] pf-test-1: 이미 suspend 상태, 재적용 생략
[container_monitor] pf-test-1: current=879.6MiB swap=127.9MiB max=919.0MiB cpu.usage_usec=4736312 method=swap_current_delta_fallback detail={'delta_swap_current': 0, 'swap_saturated': True, 'workingset_refault_anon': 7354} events={'low': 0, 'high': 0, 'max': 41, 'oom': 0, 'oom_kill': 0, 'oom_group_kill': 0}
[container_monitor] pf-test-1: OCM 감지 (method=swap_current_delta_fallback, detail={'delta_swap_current': 0, 'swap_saturated': True, 'workingset_refault_anon': 7354})
[puff_manager] pf-test-1: 호스트 여유 없음 (assigned=3631MiB budget=3119MiB), puff 건너뜀
[container_monitor] pf-test-1: 이미 suspend 상태, 재적용 생략
[container_monitor] pf-test-1: current=879.6MiB swap=127.9MiB max=919.0MiB cpu.usage_usec=4736919 method=swap_current_delta_fallback detail={'delta_swap_current': -4096, 'swap_saturated': True, 'workingset_refault_anon': 7354} events={'low': 0, 'high': 0, 'max': 41, 'oom': 0, 'oom_kill': 0, 'oom_group_kill': 0}
[container_monitor] pf-test-1: OCM 감지 (method=swap_current_delta_fallback, detail={'delta_swap_current': -4096, 'swap_saturated': True, 'workingset_refault_anon': 7354})
[puff_manager] pf-test-1: 호스트 여유 없음 (assigned=3631MiB budget=3119MiB), puff 건너뜀
[container_monitor] pf-test-1: 이미 suspend 상태, 재적용 생략
[container_monitor] pf-test-1: current=879.6MiB swap=127.9MiB max=919.0MiB cpu.usage_usec=4737965 method=swap_current_delta_fallback detail={'delta_swap_current': 0, 'swap_saturated': True, 'workingset_refault_anon': 7354} events={'low': 0, 'high': 0, 'max': 41, 'oom': 0, 'oom_kill': 0, 'oom_group_kill': 0}
[container_monitor] pf-test-1: OCM 감지 (method=swap_current_delta_fallback, detail={'delta_swap_current': 0, 'swap_saturated': True, 'workingset_refault_anon': 7354})
[puff_manager] pf-test-1: 호스트 여유 없음 (assigned=3631MiB budget=3119MiB), puff 건너뜀
[container_monitor] pf-test-1: 이미 suspend 상태, 재적용 생략
[container_monitor] pf-test-1: current=881.7MiB swap=127.9MiB max=919.0MiB cpu.usage_usec=4740984 method=swap_current_delta_fallback detail={'delta_swap_current': 0, 'swap_saturated': True, 'workingset_refault_anon': 7354} events={'low': 0, 'high': 0, 'max': 41, 'oom': 0, 'oom_kill': 0, 'oom_group_kill': 0}
[container_monitor] pf-test-1: OCM 감지 (method=swap_current_delta_fallback, detail={'delta_swap_current': 0, 'swap_saturated': True, 'workingset_refault_anon': 7354})
[puff_manager] pf-test-1: 호스트 여유 없음 (assigned=3631MiB budget=3119MiB), puff 건너뜀
[container_monitor] pf-test-1: 이미 suspend 상태, 재적용 생략
[container_monitor] pf-test-1: current=881.7MiB swap=127.9MiB max=919.0MiB cpu.usage_usec=4741720 method=swap_current_delta_fallback detail={'delta_swap_current': 0, 'swap_saturated': True, 'workingset_refault_anon': 7354} events={'low': 0, 'high': 0, 'max': 41, 'oom': 0, 'oom_kill': 0, 'oom_group_kill': 0}
[container_monitor] pf-test-1: OCM 감지 (method=swap_current_delta_fallback, detail={'delta_swap_current': 0, 'swap_saturated': True, 'workingset_refault_anon': 7354})
[puff_manager] pf-test-1: 호스트 여유 없음 (assigned=3631MiB budget=3119MiB), puff 건너뜀
[container_monitor] pf-test-1: 이미 suspend 상태, 재적용 생략
[container_monitor] pf-test-1: current=881.7MiB swap=127.9MiB max=919.0MiB cpu.usage_usec=4742333 method=swap_current_delta_fallback detail={'delta_swap_current': 0, 'swap_saturated': True, 'workingset_refault_anon': 7354} events={'low': 0, 'high': 0, 'max': 41, 'oom': 0, 'oom_kill': 0, 'oom_group_kill': 0}
[container_monitor] pf-test-1: OCM 감지 (method=swap_current_delta_fallback, detail={'delta_swap_current': 0, 'swap_saturated': True, 'workingset_refault_anon': 7354})
[puff_manager] pf-test-1: 호스트 여유 없음 (assigned=3631MiB budget=3119MiB), puff 건너뜀
[container_monitor] pf-test-1: 이미 suspend 상태, 재적용 생략
[container_monitor] pf-test-1: current=881.7MiB swap=127.9MiB max=919.0MiB cpu.usage_usec=4744452 method=swap_current_delta_fallback detail={'delta_swap_current': 0, 'swap_saturated': True, 'workingset_refault_anon': 7354} events={'low': 0, 'high': 0, 'max': 41, 'oom': 0, 'oom_kill': 0, 'oom_group_kill': 0}
[container_monitor] pf-test-1: OCM 감지 (method=swap_current_delta_fallback, detail={'delta_swap_current': 0, 'swap_saturated': True, 'workingset_refault_anon': 7354})
[puff_manager] pf-test-1: 호스트 여유 없음 (assigned=3631MiB budget=3119MiB), puff 건너뜀
[container_monitor] pf-test-1: 이미 suspend 상태, 재적용 생략
[container_monitor] pf-test-1: current=881.8MiB swap=127.9MiB max=919.0MiB cpu.usage_usec=4748171 method=swap_current_delta_fallback detail={'delta_swap_current': 0, 'swap_saturated': True, 'workingset_refault_anon': 7354} events={'low': 0, 'high': 0, 'max': 41, 'oom': 0, 'oom_kill': 0, 'oom_group_kill': 0}
[container_monitor] pf-test-1: OCM 감지 (method=swap_current_delta_fallback, detail={'delta_swap_current': 0, 'swap_saturated': True, 'workingset_refault_anon': 7354})
[puff_manager] pf-test-1: 호스트 여유 없음 (assigned=3631MiB budget=3119MiB), puff 건너뜀
[container_monitor] pf-test-1: 이미 suspend 상태, 재적용 생략
[container_monitor] pf-test-1: current=881.8MiB swap=127.9MiB max=919.0MiB cpu.usage_usec=4748662 method=swap_current_delta_fallback detail={'delta_swap_current': 0, 'swap_saturated': True, 'workingset_refault_anon': 7354} events={'low': 0, 'high': 0, 'max': 41, 'oom': 0, 'oom_kill': 0, 'oom_group_kill': 0}
[container_monitor] pf-test-1: OCM 감지 (method=swap_current_delta_fallback, detail={'delta_swap_current': 0, 'swap_saturated': True, 'workingset_refault_anon': 7354})
[puff_manager] pf-test-1: 호스트 여유 없음 (assigned=3631MiB budget=3119MiB), puff 건너뜀
[container_monitor] pf-test-1: 이미 suspend 상태, 재적용 생략
[container_monitor] pf-test-1: current=881.8MiB swap=127.9MiB max=919.0MiB cpu.usage_usec=4749281 method=swap_current_delta_fallback detail={'delta_swap_current': 0, 'swap_saturated': True, 'workingset_refault_anon': 7354} events={'low': 0, 'high': 0, 'max': 41, 'oom': 0, 'oom_kill': 0, 'oom_group_kill': 0}
[container_monitor] pf-test-1: OCM 감지 (method=swap_current_delta_fallback, detail={'delta_swap_current': 0, 'swap_saturated': True, 'workingset_refault_anon': 7354})
[puff_manager] pf-test-1: 호스트 여유 없음 (assigned=3631MiB budget=3119MiB), puff 건너뜀
[container_monitor] pf-test-1: 이미 suspend 상태, 재적용 생략
[container_monitor] pf-test-1: current=881.7MiB swap=127.9MiB max=919.0MiB cpu.usage_usec=4750078 method=swap_current_delta_fallback detail={'delta_swap_current': 0, 'swap_saturated': True, 'workingset_refault_anon': 7354} events={'low': 0, 'high': 0, 'max': 41, 'oom': 0, 'oom_kill': 0, 'oom_group_kill': 0}
[container_monitor] pf-test-1: OCM 감지 (method=swap_current_delta_fallback, detail={'delta_swap_current': 0, 'swap_saturated': True, 'workingset_refault_anon': 7354})
[puff_manager] pf-test-1: 호스트 여유 없음 (assigned=3631MiB budget=3119MiB), puff 건너뜀
[container_monitor] pf-test-1: 이미 suspend 상태, 재적용 생략
[container_monitor] pf-test-1: current=881.7MiB swap=127.9MiB max=919.0MiB cpu.usage_usec=4753554 method=swap_current_delta_fallback detail={'delta_swap_current': 0, 'swap_saturated': True, 'workingset_refault_anon': 7354} events={'low': 0, 'high': 0, 'max': 41, 'oom': 0, 'oom_kill': 0, 'oom_group_kill': 0}
[container_monitor] pf-test-1: OCM 감지 (method=swap_current_delta_fallback, detail={'delta_swap_current': 0, 'swap_saturated': True, 'workingset_refault_anon': 7354})
[puff_manager] pf-test-1: 호스트 여유 없음 (assigned=3631MiB budget=3119MiB), puff 건너뜀
[container_monitor] pf-test-1: 이미 suspend 상태, 재적용 생략
[container_monitor] pf-test-1: current=881.7MiB swap=127.9MiB max=919.0MiB cpu.usage_usec=4754108 method=swap_current_delta_fallback detail={'delta_swap_current': -8192, 'swap_saturated': True, 'workingset_refault_anon': 7354} events={'low': 0, 'high': 0, 'max': 41, 'oom': 0, 'oom_kill': 0, 'oom_group_kill': 0}
[container_monitor] pf-test-1: OCM 감지 (method=swap_current_delta_fallback, detail={'delta_swap_current': -8192, 'swap_saturated': True, 'workingset_refault_anon': 7354})
[puff_manager] pf-test-1: 호스트 여유 없음 (assigned=3631MiB budget=3119MiB), puff 건너뜀
[container_monitor] pf-test-1: 이미 suspend 상태, 재적용 생략
[container_monitor] pf-test-1: current=881.7MiB swap=127.9MiB max=919.0MiB cpu.usage_usec=4754579 method=swap_current_delta_fallback detail={'delta_swap_current': 0, 'swap_saturated': True, 'workingset_refault_anon': 7354} events={'low': 0, 'high': 0, 'max': 41, 'oom': 0, 'oom_kill': 0, 'oom_group_kill': 0}
[container_monitor] pf-test-1: OCM 감지 (method=swap_current_delta_fallback, detail={'delta_swap_current': 0, 'swap_saturated': True, 'workingset_refault_anon': 7354})
[puff_manager] pf-test-1: 호스트 여유 없음 (assigned=3631MiB budget=3119MiB), puff 건너뜀
[container_monitor] pf-test-1: 이미 suspend 상태, 재적용 생략
[container_monitor] pf-test-1: current=881.7MiB swap=127.9MiB max=919.0MiB cpu.usage_usec=4757330 method=swap_current_delta_fallback detail={'delta_swap_current': 0, 'swap_saturated': True, 'workingset_refault_anon': 7354} events={'low': 0, 'high': 0, 'max': 41, 'oom': 0, 'oom_kill': 0, 'oom_group_kill': 0}
[container_monitor] pf-test-1: OCM 감지 (method=swap_current_delta_fallback, detail={'delta_swap_current': 0, 'swap_saturated': True, 'workingset_refault_anon': 7354})
[puff_manager] pf-test-1: 호스트 여유 없음 (assigned=3631MiB budget=3119MiB), puff 건너뜀
[container_monitor] pf-test-1: 이미 suspend 상태, 재적용 생략
[container_monitor] pf-test-1: current=885.9MiB swap=127.9MiB max=919.0MiB cpu.usage_usec=4760859 method=swap_current_delta_fallback detail={'delta_swap_current': 0, 'swap_saturated': True, 'workingset_refault_anon': 7354} events={'low': 0, 'high': 0, 'max': 41, 'oom': 0, 'oom_kill': 0, 'oom_group_kill': 0}
[container_monitor] pf-test-1: OCM 감지 (method=swap_current_delta_fallback, detail={'delta_swap_current': 0, 'swap_saturated': True, 'workingset_refault_anon': 7354})
[puff_manager] pf-test-1: 호스트 여유 없음 (assigned=3631MiB budget=3119MiB), puff 건너뜀
[container_monitor] pf-test-1: 이미 suspend 상태, 재적용 생략
[container_monitor] pf-test-1: current=885.9MiB swap=127.9MiB max=919.0MiB cpu.usage_usec=4761394 method=swap_current_delta_fallback detail={'delta_swap_current': -4096, 'swap_saturated': True, 'workingset_refault_anon': 7354} events={'low': 0, 'high': 0, 'max': 41, 'oom': 0, 'oom_kill': 0, 'oom_group_kill': 0}
[container_monitor] pf-test-1: OCM 감지 (method=swap_current_delta_fallback, detail={'delta_swap_current': -4096, 'swap_saturated': True, 'workingset_refault_anon': 7354})
[puff_manager] pf-test-1: 호스트 여유 없음 (assigned=3631MiB budget=3119MiB), puff 건너뜀
[container_monitor] pf-test-1: 이미 suspend 상태, 재적용 생략
[container_monitor] pf-test-1: current=885.9MiB swap=127.9MiB max=919.0MiB cpu.usage_usec=4762464 method=swap_current_delta_fallback detail={'delta_swap_current': 0, 'swap_saturated': True, 'workingset_refault_anon': 7354} events={'low': 0, 'high': 0, 'max': 41, 'oom': 0, 'oom_kill': 0, 'oom_group_kill': 0}
[container_monitor] pf-test-1: OCM 감지 (method=swap_current_delta_fallback, detail={'delta_swap_current': 0, 'swap_saturated': True, 'workingset_refault_anon': 7354})
[puff_manager] pf-test-1: 호스트 여유 없음 (assigned=3631MiB budget=3119MiB), puff 건너뜀
[container_monitor] pf-test-1: 이미 suspend 상태, 재적용 생략
[container_monitor] pf-test-1: current=889.2MiB swap=127.9MiB max=919.0MiB cpu.usage_usec=4765200 method=swap_current_delta_fallback detail={'delta_swap_current': 0, 'swap_saturated': True, 'workingset_refault_anon': 7354} events={'low': 0, 'high': 0, 'max': 41, 'oom': 0, 'oom_kill': 0, 'oom_group_kill': 0}
[container_monitor] pf-test-1: OCM 감지 (method=swap_current_delta_fallback, detail={'delta_swap_current': 0, 'swap_saturated': True, 'workingset_refault_anon': 7354})
[puff_manager] pf-test-1: 호스트 여유 없음 (assigned=3631MiB budget=3119MiB), puff 건너뜀
[container_monitor] pf-test-1: 이미 suspend 상태, 재적용 생략
[container_monitor] pf-test-1: current=894.1MiB swap=127.9MiB max=919.0MiB cpu.usage_usec=4770185 method=swap_current_delta_fallback detail={'delta_swap_current': -8192, 'swap_saturated': True, 'workingset_refault_anon': 7363} events={'low': 0, 'high': 0, 'max': 41, 'oom': 0, 'oom_kill': 0, 'oom_group_kill': 0}
[container_monitor] pf-test-1: OCM 감지 (method=swap_current_delta_fallback, detail={'delta_swap_current': -8192, 'swap_saturated': True, 'workingset_refault_anon': 7363})
[puff_manager] pf-test-1: 호스트 여유 없음 (assigned=3631MiB budget=3119MiB), puff 건너뜀
[container_monitor] pf-test-1: 이미 suspend 상태, 재적용 생략
[container_monitor] pf-test-1: current=894.1MiB swap=127.9MiB max=919.0MiB cpu.usage_usec=4770424 method=swap_current_delta_fallback detail={'delta_swap_current': 0, 'swap_saturated': True, 'workingset_refault_anon': 7363} events={'low': 0, 'high': 0, 'max': 41, 'oom': 0, 'oom_kill': 0, 'oom_group_kill': 0}
[container_monitor] pf-test-1: OCM 감지 (method=swap_current_delta_fallback, detail={'delta_swap_current': 0, 'swap_saturated': True, 'workingset_refault_anon': 7363})
[puff_manager] pf-test-1: 호스트 여유 없음 (assigned=3631MiB budget=3119MiB), puff 건너뜀
[container_monitor] pf-test-1: 이미 suspend 상태, 재적용 생략
[container_monitor] pf-test-1: current=894.1MiB swap=127.9MiB max=919.0MiB cpu.usage_usec=4770615 method=swap_current_delta_fallback detail={'delta_swap_current': 0, 'swap_saturated': True, 'workingset_refault_anon': 7370} events={'low': 0, 'high': 0, 'max': 41, 'oom': 0, 'oom_kill': 0, 'oom_group_kill': 0}
[container_monitor] pf-test-1: OCM 감지 (method=swap_current_delta_fallback, detail={'delta_swap_current': 0, 'swap_saturated': True, 'workingset_refault_anon': 7370})
[puff_manager] pf-test-1: 호스트 여유 없음 (assigned=3631MiB budget=3119MiB), puff 건너뜀
[container_monitor] pf-test-1: 이미 suspend 상태, 재적용 생략
[container_monitor] pf-test-1: current=898.9MiB swap=127.9MiB max=919.0MiB cpu.usage_usec=4774178 method=swap_current_delta_fallback detail={'delta_swap_current': 0, 'swap_saturated': True, 'workingset_refault_anon': 7371} events={'low': 0, 'high': 0, 'max': 41, 'oom': 0, 'oom_kill': 0, 'oom_group_kill': 0}
[container_monitor] pf-test-1: OCM 감지 (method=swap_current_delta_fallback, detail={'delta_swap_current': 0, 'swap_saturated': True, 'workingset_refault_anon': 7371})
[puff_manager] pf-test-1: 호스트 여유 없음 (assigned=3631MiB budget=3119MiB), puff 건너뜀
[container_monitor] pf-test-1: 이미 suspend 상태, 재적용 생략
[container_monitor] pf-test-1: current=902.4MiB swap=127.9MiB max=919.0MiB cpu.usage_usec=4779459 method=swap_current_delta_fallback detail={'delta_swap_current': 0, 'swap_saturated': True, 'workingset_refault_anon': 7372} events={'low': 0, 'high': 0, 'max': 41, 'oom': 0, 'oom_kill': 0, 'oom_group_kill': 0}
[container_monitor] pf-test-1: OCM 감지 (method=swap_current_delta_fallback, detail={'delta_swap_current': 0, 'swap_saturated': True, 'workingset_refault_anon': 7372})
[puff_manager] pf-test-1: 호스트 여유 없음 (assigned=3631MiB budget=3119MiB), puff 건너뜀
[container_monitor] pf-test-1: 이미 suspend 상태, 재적용 생략
[container_monitor] pf-test-1: current=902.4MiB swap=127.9MiB max=919.0MiB cpu.usage_usec=4780645 method=swap_current_delta_fallback detail={'delta_swap_current': 0, 'swap_saturated': True, 'workingset_refault_anon': 7372} events={'low': 0, 'high': 0, 'max': 41, 'oom': 0, 'oom_kill': 0, 'oom_group_kill': 0}
[container_monitor] pf-test-1: OCM 감지 (method=swap_current_delta_fallback, detail={'delta_swap_current': 0, 'swap_saturated': True, 'workingset_refault_anon': 7372})
[puff_manager] pf-test-1: 호스트 여유 없음 (assigned=3631MiB budget=3119MiB), puff 건너뜀
[container_monitor] pf-test-1: 이미 suspend 상태, 재적용 생략
[container_monitor] pf-test-1: current=902.4MiB swap=127.9MiB max=919.0MiB cpu.usage_usec=4781126 method=swap_current_delta_fallback detail={'delta_swap_current': -8192, 'swap_saturated': True, 'workingset_refault_anon': 7372} events={'low': 0, 'high': 0, 'max': 41, 'oom': 0, 'oom_kill': 0, 'oom_group_kill': 0}
[container_monitor] pf-test-1: OCM 감지 (method=swap_current_delta_fallback, detail={'delta_swap_current': -8192, 'swap_saturated': True, 'workingset_refault_anon': 7372})
[puff_manager] pf-test-1: 호스트 여유 없음 (assigned=3631MiB budget=3119MiB), puff 건너뜀
[container_monitor] pf-test-1: 이미 suspend 상태, 재적용 생략
[container_monitor] pf-test-1: current=902.4MiB swap=127.9MiB max=919.0MiB cpu.usage_usec=4781662 method=swap_current_delta_fallback detail={'delta_swap_current': 0, 'swap_saturated': True, 'workingset_refault_anon': 7372} events={'low': 0, 'high': 0, 'max': 41, 'oom': 0, 'oom_kill': 0, 'oom_group_kill': 0}
[container_monitor] pf-test-1: OCM 감지 (method=swap_current_delta_fallback, detail={'delta_swap_current': 0, 'swap_saturated': True, 'workingset_refault_anon': 7372})
[puff_manager] pf-test-1: 호스트 여유 없음 (assigned=3631MiB budget=3119MiB), puff 건너뜀
[container_monitor] pf-test-1: 이미 suspend 상태, 재적용 생략
[container_monitor] pf-test-1: current=910.6MiB swap=127.9MiB max=919.0MiB cpu.usage_usec=4785837 method=swap_current_delta_fallback detail={'delta_swap_current': -4096, 'swap_saturated': True, 'workingset_refault_anon': 7372} events={'low': 0, 'high': 0, 'max': 41, 'oom': 0, 'oom_kill': 0, 'oom_group_kill': 0}
[container_monitor] pf-test-1: OCM 감지 (method=swap_current_delta_fallback, detail={'delta_swap_current': -4096, 'swap_saturated': True, 'workingset_refault_anon': 7372})
[puff_manager] pf-test-1: 호스트 여유 없음 (assigned=3631MiB budget=3119MiB), puff 건너뜀
[container_monitor] pf-test-1: 이미 suspend 상태, 재적용 생략
[container_monitor] pf-test-1: current=910.6MiB swap=127.9MiB max=919.0MiB cpu.usage_usec=4786112 method=swap_current_delta_fallback detail={'delta_swap_current': 0, 'swap_saturated': True, 'workingset_refault_anon': 7372} events={'low': 0, 'high': 0, 'max': 41, 'oom': 0, 'oom_kill': 0, 'oom_group_kill': 0}
[container_monitor] pf-test-1: OCM 감지 (method=swap_current_delta_fallback, detail={'delta_swap_current': 0, 'swap_saturated': True, 'workingset_refault_anon': 7372})
[puff_manager] pf-test-1: 호스트 여유 없음 (assigned=3631MiB budget=3119MiB), puff 건너뜀
[container_monitor] pf-test-1: 이미 suspend 상태, 재적용 생략
[container_monitor] pf-test-1: current=910.6MiB swap=127.9MiB max=919.0MiB cpu.usage_usec=4786358 method=swap_current_delta_fallback detail={'delta_swap_current': 0, 'swap_saturated': True, 'workingset_refault_anon': 7372} events={'low': 0, 'high': 0, 'max': 41, 'oom': 0, 'oom_kill': 0, 'oom_group_kill': 0}
[container_monitor] pf-test-1: OCM 감지 (method=swap_current_delta_fallback, detail={'delta_swap_current': 0, 'swap_saturated': True, 'workingset_refault_anon': 7372})
[puff_manager] pf-test-1: 호스트 여유 없음 (assigned=3631MiB budget=3119MiB), puff 건너뜀
[container_monitor] pf-test-1: 이미 suspend 상태, 재적용 생략
[container_monitor] pf-test-1: current=918.5MiB swap=127.9MiB max=919.0MiB cpu.usage_usec=4788852 method=swap_current_delta_fallback detail={'delta_swap_current': 0, 'swap_saturated': True, 'workingset_refault_anon': 7372} events={'low': 0, 'high': 0, 'max': 41, 'oom': 0, 'oom_kill': 0, 'oom_group_kill': 0}
[container_monitor] pf-test-1: OCM 감지 (method=swap_current_delta_fallback, detail={'delta_swap_current': 0, 'swap_saturated': True, 'workingset_refault_anon': 7372})
[puff_manager] pf-test-1: 호스트 여유 없음 (assigned=3631MiB budget=3119MiB), puff 건너뜀
[container_monitor] pf-test-1: 이미 suspend 상태, 재적용 생략
[container_monitor] pf-test-1: current=918.1MiB swap=127.9MiB max=919.0MiB cpu.usage_usec=4789173 method=swap_current_delta_fallback detail={'delta_swap_current': -4096, 'swap_saturated': True, 'workingset_refault_anon': 7372} events={'low': 0, 'high': 0, 'max': 41, 'oom': 0, 'oom_kill': 0, 'oom_group_kill': 0}
[container_monitor] pf-test-1: OCM 감지 (method=swap_current_delta_fallback, detail={'delta_swap_current': -4096, 'swap_saturated': True, 'workingset_refault_anon': 7372})
[puff_manager] pf-test-1: 호스트 여유 없음 (assigned=3631MiB budget=3119MiB), puff 건너뜀
[container_monitor] pf-test-1: 이미 suspend 상태, 재적용 생략
[container_monitor] pf-test-1: current=918.1MiB swap=127.9MiB max=919.0MiB cpu.usage_usec=4789574 method=swap_current_delta_fallback detail={'delta_swap_current': 0, 'swap_saturated': True, 'workingset_refault_anon': 7372} events={'low': 0, 'high': 0, 'max': 41, 'oom': 0, 'oom_kill': 0, 'oom_group_kill': 0}
[container_monitor] pf-test-1: OCM 감지 (method=swap_current_delta_fallback, detail={'delta_swap_current': 0, 'swap_saturated': True, 'workingset_refault_anon': 7372})
[puff_manager] pf-test-1: 호스트 여유 없음 (assigned=3631MiB budget=3119MiB), puff 건너뜀
[container_monitor] pf-test-1: 이미 suspend 상태, 재적용 생략
[container_monitor] pf-test-1: current=918.1MiB swap=127.9MiB max=919.0MiB cpu.usage_usec=4790048 method=swap_current_delta_fallback detail={'delta_swap_current': 0, 'swap_saturated': True, 'workingset_refault_anon': 7372} events={'low': 0, 'high': 0, 'max': 41, 'oom': 0, 'oom_kill': 0, 'oom_group_kill': 0}
[container_monitor] pf-test-1: OCM 감지 (method=swap_current_delta_fallback, detail={'delta_swap_current': 0, 'swap_saturated': True, 'workingset_refault_anon': 7372})
[puff_manager] pf-test-1: 호스트 여유 없음 (assigned=3631MiB budget=3119MiB), puff 건너뜀
[container_monitor] pf-test-1: 이미 suspend 상태, 재적용 생략
[container_monitor] pf-test-1: current=852.4MiB swap=113.6MiB max=919.0MiB cpu.usage_usec=4795161 method=swap_current_delta_fallback detail={'delta_swap_current': -14921728, 'swap_saturated': False, 'workingset_refault_anon': 7377} events={'low': 0, 'high': 0, 'max': 64, 'oom': 1, 'oom_kill': 1, 'oom_group_kill': 0}
[container_monitor] pf-test-1: current=804.6MiB swap=113.4MiB max=919.0MiB cpu.usage_usec=4800436 method=swap_current_delta_fallback detail={'delta_swap_current': -249856, 'swap_saturated': False, 'workingset_refault_anon': 7377} events={'low': 0, 'high': 0, 'max': 64, 'oom': 1, 'oom_kill': 1, 'oom_group_kill': 0}
[container_monitor] pf-test-1: current=730.8MiB swap=113.4MiB max=919.0MiB cpu.usage_usec=4805695 method=swap_current_delta_fallback detail={'delta_swap_current': 0, 'swap_saturated': False, 'workingset_refault_anon': 7377} events={'low': 0, 'high': 0, 'max': 64, 'oom': 1, 'oom_kill': 1, 'oom_group_kill': 0}
[container_monitor] pf-test-1: current=659.0MiB swap=113.4MiB max=919.0MiB cpu.usage_usec=4810493 method=swap_current_delta_fallback detail={'delta_swap_current': 0, 'swap_saturated': False, 'workingset_refault_anon': 7377} events={'low': 0, 'high': 0, 'max': 64, 'oom': 1, 'oom_kill': 1, 'oom_group_kill': 0}
[container_monitor] pf-test-1: cgroup을 더 이상 읽을 수 없습니다 (컨테이너 종료 또는 OOM-kill로 추정) — 모니터링을 종료합니다. `docker inspect pf-test-1 --format 'OOMKilled={{.State.OOMKilled}} ExitCode={{.State.ExitCode}}'`로 확인해보세요.
